title,link,source,published_str,pub_date,doi,last_author,abstract,abstract_source,must_have_abstract
Publisher Correction: A ubiquitin chain-feeding mechanism for BRCA1-A.,https://www.nature.com/articles/s41467-026-77841-1,Nature Communications,2026-09-21 00:00:00 UTC,2026-09-21 00:00:00+00:00,10.1038/s41467-026-77841-1,Titia K. Sixma,"In the version of this article initially published, the Supplementary Information file was incomplete and is now amended in the HTML version of the article.",openalex,1
Phase-change materials for thermal management,https://www.nature.com/articles/s41578-026-00959-7,Nature Reviews Materials,2026-09-21 00:00:00 UTC,2026-09-21 00:00:00+00:00,10.1038/s41578-026-00959-7,Tingxian Li,"Phase-change materials (PCMs) offer a pathway for thermal management in next-generation electronic devices, renewable energy systems and sustainable buildings, owing to their high capacity to store latent heat within nearly isothermal phase transitions. However, their transition from laboratory breakthroughs to real-world deployment remains hindered by inadequate thermal conductivity, shape instability and inherent trade-offs between competing thermal metrics. In this Review, we present a multiscale design framework that spans molecular-level engineering, material-level synthesis, module-level architecture, device-level design and system-level integration, bridging fundamental science with advanced applications. We first review classifications of PCMs and the thermodynamic and kinetic criteria that govern their thermal behaviours, arguing how first-order PCMs possess an ideal thermal management capacity. Subsequently, we define the key thermal metrics that describe first-order PCMs: the phase-change temperature, energy density and power density. By examining strategies for tailoring these thermal metrics, we demonstrate how coordinated multiscale design pushes PCM-based solutions towards their theoretical limits. Then, we assess scalable strategies that merge device innovation with system integration, ensuring functional stability, safety, cost-effectiveness and ecological sustainability. We conclude by outlining promising directions, emphasizing design strategies that can accelerate next-generation PCM-based materials and devices towards net-zero energy consumption.",nature_html,0
Advances and technical challenges in mono-material plastics design for sustainability,https://www.nature.com/articles/s41578-026-00961-z,Nature Reviews Materials,2026-09-21 00:00:00 UTC,2026-09-21 00:00:00+00:00,10.1038/s41578-026-00961-z,Eugene Y.-X. Chen,"The chemical complexity of multimaterial plastic products, which are traditionally manufactured with many polymer types of different chemical composition to deliver desired lifetime performance, requires demanding processing conditions and potentially complicates end-of-life (EoL) recycling. Emerging mono-material product design, which we define as the engineering (by processing, molecular, or physical approaches, or a combination of these approaches) of a polymer derived from a single monomer or comonomer combination to achieve the performance of diverse polymer types without altering its chemical composition or speciation, drastically reduces the chemical complexity of plastics and has the potential to improve the EoL recycling of some materials. Here, we identify methods that can be applied to design mono-material polymers, including processing (orientation and crystallization), physical (homologous blending) and molecular (stereomicrostructure, topology and architecture engineering as well as monomer design) methods, all of which can be used to create mono-material products. We discuss the application of these methods to existing multimaterial products (such as multilayer films) using conventional plastics such as polyolefins, current industrial examples of mono-material products as well as emerging polymeric materials, their potential use and laboratory-scale mono-material prototypes. Overall, this Review aims to demonstrate how innovations in material design can be leveraged to achieve mono-materialization and provide insights into how this approach can improve EoL processing of plastic waste.",nature_html,0
HapTWAS: a haplotype-resolved transcriptome-wide association study framework,https://academic.oup.com/nsr/advance-article/doi/10.1093/nsr/nwag605/8824256?rss=1,National Science Review Advance Access,2026-09-21 00:00:00 UTC,2026-09-21 00:00:00+00:00,10.1093/nsr/nwag605,Qishan Wang,"Transcriptome-wide association studies (TWAS) link genetic loci to gene regulation, yet traditional SNP-based models overlook the concerted action of inter-variants and fragment cis-regulatory signals. We present HapTWAS, a haplotype-resolved transcriptome-wide association study framework, that models genetically regulated expression employing haplotypes and supports both individual-level and summary-statistic inputs. Leveraging multi-species FarmGTEx resources, HapTWAS constructs tissue-specific haplotype prediction models and provides a user-friendly server, achieving superior gene expression prediction and gene-trait association with fine-mapping. In balanced simulations, HapTWAS improved expression prediction accuracy by 17.50% (from 0.080 to 0.094) and gene-identified F1-score by 9.02% (from 0.399 to 0.435) while maintaining lower false discovery rate. Applied to six complex traits across four species, HapTWAS detected 20.64% additional genes and prioritized biologically meaningful candidates missed by SNP-based approaches. Our perturbation experiment confirmed MRPL45 as a regulator of porcine skeletal muscle cell proliferation. HapTWAS provides a scalable haplotype‑based strategy that directly encodes linkage phase and local LD into the predictor space, accelerating candidate gene discovery and delivering insights into human health and animal production.",rss_oup,0
Author Correction: Foot-and-mouth disease virus antigenic landscape and reduced immunogenicity elucidated in atomic detail,https://www.nature.com/articles/s41467-026-77852-y,Nature Communications,2026-09-21 00:00:00 UTC,2026-09-21 00:00:00+00:00,10.1038/s41467-026-77852-y,Shiqi Sun,"In the original version of this Article, a copy-and-paste error occurred during the preparation of the Source Data for Figure 1a. Although the Figure itself is unaffected, as the correct values were used to generate the Figure, the raw data for the “M3F + 146S” control condition were inadvertently duplicated and included under the “M3F + 12S” control condition in the Source Data file.",openalex,1
Daily briefing: The first new cat species described by science in a century,https://www.nature.com/articles/d41586-026-03008-z,Nature,2026-09-21 00:00:00 UTC,2026-09-21 00:00:00+00:00,10.1038/d41586-026-03008-z,Flora Graham,,,0
Chemist-aligned retrosynthesis by ensembling diverse inductive bias models,https://www.nature.com/articles/s41586-026-11160-9,Nature,2026-09-21 00:00:00 UTC,2026-09-21 00:00:00+00:00,10.1038/s41586-026-11160-9,Marwin H. S. Segler,"Chemical synthesis remains a critical bottleneck in the discovery and manufacture of functional small molecules1−3. While AI-assisted synthesis planning has proliferated in recent years, a detailed understanding of its failure modes has not been achieved, and models still struggle with predicting less frequent, yet strategically critical reactions, as well as hallucinated, incorrect predictions misaligned with chemists’ expectations4−12. In this work, we analyze the failure modes of current AI models and propose RetroChimera: a frontier retrosynthesis model, built upon two newly developed components with complementary inductive biases, integrated via a novel, learning-based ensembling strategy. Through experiments across several orders of magnitude in data scale, we show RetroChimera outperforms leading baselines, demonstrating robustness outside the training data, as well as the ability to learn from very small numbers of examples per reaction class. Using both pairwise and pointwise setups, we find that organic chemists prefer predictions from RetroChimera over published reference reactions and over other AI models. Finally, we demonstrate zero-shot transfer and fine-tuning on internal datasets from two major pharmaceutical companies, showing robust generalization under distribution shift. Our work demonstrates the viability of deep learning for accurate synthesis prediction in increasingly challenging regimes.",nature_html,0
"Sodium metal anodes: Fundamental insights, stabilization concepts, and prospects",https://www.cell.com/matter/fulltext/S2590-2385(26)00357-7?rss=yes,Matter,2026-09-21 00:00:00 UTC,2026-09-21 00:00:00+00:00,10.1016/j.matt.2026.102994,Shaokun Chong,"As an ideal candidate for the next-generation energy storage technology, sodium metal batteries (NMBs) featuring sodium metal anodes have received extensive attention due to their high energy density, abundant reserves, and low cost. This review establishes a rigorous and integrated theoretical framework for research on sodium metal anodes, covering key scientific issues, modification strategies, advanced technologies, and energy application fields. It discusses the differences, shortcomings, and application prospects of the existing modification strategies and research methods in detail. By bridging foundational principles and optimization methods with practical application, this work aims to serve as a systematic guide for advancing practical development of sodium metal electrodes.",rss_cell,0
Author Correction: Vitamin B12 induces memory of predation through vitellogenin provisioning,https://www.nature.com/articles/s41467-026-77839-9,Nature Communications,2026-09-21 00:00:00 UTC,2026-09-21 00:00:00+00:00,10.1038/s41467-026-77839-9,Ralf J. Sommer,"In the version of this Article initially published, Fig. 1b contained two errors. The genus name “Pristionchus” was misspelled, and the y-axis label was incorrectly given as “% Predatory worms” instead of “Predatory worm counts”. The figure is now updated in the HTML and PDF versions of the article.",openalex,1
Author Correction: Interfacial design strategies for stable and high-performance perovskite/silicon tandem solar cells on industrial silicon cells,https://www.nature.com/articles/s41467-026-77840-2,Nature Communications,2026-09-21 00:00:00 UTC,2026-09-21 00:00:00+00:00,10.1038/s41467-026-77840-2,Ulrich W. Paetzold,"In the version of this article, there were an error in the ﬁ fth paragraph of the “ Experimental veri ﬁ cation of bilayer passivation strategy ” section, where in the text now reading “ Speci ﬁ cally, the pristine perovskite ﬁ lm exhibits a bulk loss of 108 mV and an HTL interface loss of 27mV, whereas the AlO x /PDAI 2 -treated ﬁ lm demonstrates a bulk loss of 112mV and an HTL interface loss of 26 mV, ” 27mV and 26 mV originally read “ 4 mV ” and “ 5mV ” ; and an error in the ﬁ rst paragraph of the “ Photovoltaic performance of tandem solar cells ” section, where in the text now reading “ In comparison, the PDAI 2 -based TSC achieves a PCE of 29.6%, with a J SC of 19.48mAcm – 2 , ” 29.6% and 19.48 mA cm originally read “ 30.2% ” and “ 19.89mA cm – 2 . ” There were errors in the Source Data for Supplementary Fig. 18 and associated ﬁ gure plot; there were errors in Supplementary Tables 2, 3. The text, Source Data and Supplementary Information are now updated in the HTML and PDF versions of the article. Open Access This article is licensed under a Creative Commons Attribution 4.0 International License, which permits use, sharing, adaptation, distribution and reproduction in any medium or format, as long as you give appropriate credit to the original author(s) and the source, provide a link to the Creative Commons licence, and indicate if changes were made. The images or other third party material in this article are included in the article ’ s Creative Commons licence, unless indicated otherwise in a credit line to the material. If material is not",semanticscholar,1
Author Correction: Iceberg-like pyramids in industrially textured silicon enabled 33% efficient perovskite-silicon tandem solar cells,https://www.nature.com/articles/s41467-026-77843-z,Nature Communications,2026-09-21 00:00:00 UTC,2026-09-21 00:00:00+00:00,10.1038/s41467-026-77843-z,Xuegong Yu,"In the version of this article initially published, there were errors where in the Results “Improved photoelectric coupling of tandem solar cells” section, in the text now reading “Significantly, ITS(SiO X ) tandem devices demonstrate a 32.09% average PCE,” the text, now reporting the mean, previously listed the median “32.2%”; in the “Improved stability of tandem solar cells” section, there was a typographical error where in the text now reading “The sealed adhesive and glass reduce the absorbed light, causing a device JSC loss of about 7%,” 7% originally read “20%.” In the Fig. 3c Source Data and associated figure plot, there were data entry errors for 9 of 180 values; in the Fig. 3g Source Data, there were inconsistencies in decimal formatting; in the Fig. 4b Source Data, in the final row of PEC (Average), ITS(SiO X ) data, 24.9999 now replaces the original 25.32889, while the figure plot remains unaffected. The text, figure and Source Data are now amended in the HTML and PDF versions of the article. For comparison, the original Fig. 3 is available as Supplementary Information accompanying this amendment.",openalex,1
Navigating continuous two-dimensional Mw–Ð space for deterministic inverse design of molecular weight distribution,https://www.cell.com/matter/fulltext/S2590-2385(26)00392-9?rss=yes,Matter,2026-09-21 00:00:00 UTC,2026-09-21 00:00:00+00:00,10.1016/j.matt.2026.103029,Changduk Yang,"Molecular weight and dispersity strongly influence semiconducting-polymer performance but are difficult to tune independently through synthesis. A two-dimensional Mw–Ð design space is established by mixing three polymer batches with distinct molecular-weight distributions. Machine-learning performance mapping and inverse design then translate selected Mw–Ð coordinates into experimentally realizable mixing compositions, enabling predictive optimization of organic solar-cell performance within the batch-defined feasible region.",rss_cell,0
Real-world mileage and survival of electric vehicles in Britain and implications for lifecycle emissions,https://www.nature.com/articles/s41467-026-77892-4,Nature Communications,2026-09-21 00:00:00 UTC,2026-09-21 00:00:00+00:00,10.1038/s41467-026-77892-4,Iain Staffell,"Battery electric vehicles (BEVs) are typically estimated to have lower attributional lifecycle greenhouse gas emissions than conventional internal combustion engine vehicles. These estimates rely upon lower usage emissions outweighing higher manufacturing emissions, but limited data on electric vehicle mileage, and how long they last, casts uncertainty over comparisons. Here we use data for every electric vehicle in Britain to assess mileage and lifetime compared to conventional and hybrid vehicles, and the implications for attributional lifecycle emissions. We find that first-generation BEVs were driven less and have not lasted as long as conventional vehicles, yet still had lower lifecycle emissions. The annual mileage and lifetime of BEVs purchased in 2026 will equal conventional vehicles if recent trends continue. Training a transformer neural network on this data, we estimate that current BEVs have projected attributional lifecycle emissions of 88 g CO2e per kilometre, less than half the 254-270 g for conventional vehicles and 190 g for hybrid vehicles, based on real-world usage.",nature_html,0
Sequential Unlocking of an RNS/ROS Storm via a Four‐Layer Logic‑Gated Ruthenium Nanocomposite for Hypoxia‐Tolerant Photodynamic Cancer Immunotherapy,https://advanced.onlinelibrary.wiley.com/doi/10.1002/adma.75092?af=R,Wiley: Advanced Materials: Table of Contents,2026-09-21 04:47:36 UTC,2026-09-21 04:47:36+00:00,10.1002/adma.75092,Cai‐Ping Tan,"ABSTRACT
                  
                    Tumor hypoxia, an immunosuppressive microenvironment, and the lack of spatiotemporally precise therapeutic activation collectively limit current cancer treatments. Here, we report a smart nanocomposite (
                    G&amp;Ru@CuS
                    ) that produces a localized reactive nitrogen species (RNS)/reactive oxygen species (ROS) storm controlled by four sequential logic gates. (i) Intracellular ROS degrade a thioketal‐crosslinked polymer gatekeeper, exposing the hollow CuS core. (ii) Acidic tumor pH (6.5–6.8) and high glutathione (GSH) trigger release of Cu
                    2+
                    , the NO donor S‐Nitrosoglutathione (GSNO), and a NO‐responsive mitochondria‐targeted prodrug photosensitizer
                    Ru1
                    from the a degradable CuS scaffold. (iii) Cu
                    2+
                    catalyzes NO generation from GSNO. (iv) NO reacts with
                    Ru1
                    to form
                    Ru2
                    .
                    Ru2
                    is an NO‐responsive prodrug photosensitizer that, upon activation, displays dual Type I/II photodynamic activity. It retains efficacy under hypoxia, rapidly depletes GSH, oxidizes NADH, and shows photocatalytic peroxidase activity, making it a powerful agent for triggering an RNS/ROS storm that drives tumor cell mitochondrial damage, necroptosis and ferroptosis, resulting in immunogenic cell death that promotes dendritic cell maturation and systemic antitumor immunity. In murine models, intravenous
                    G&amp;Ru@CuS
                    achieves potent tumor inhibition with excellent immunotherapy and no systemic toxicity. This work is the first quadruple logic‐gated nanoplatform that overcomes hypoxia, enables spatiotemporal precision, and minimizes off‐target effects.",crossref,0
Spin Transport Across Interfaces With the Non‐Collinear Antiferromagnet Mn3Sn,https://advanced.onlinelibrary.wiley.com/doi/10.1002/adma.75024?af=R,Wiley: Advanced Materials: Table of Contents,2026-09-21 04:49:43 UTC,2026-09-21 04:49:43+00:00,10.1002/adma.75024,Georg Woltersdorf,"ABSTRACT
                  
                    Non‐collinear antiferromagnets such as  are promising materials for ultrafast spintronic applications due to their peculiar electronic structure and efficient spin‐dependent transport phenomena. Here, we investigate magnetic ordering and ultrafast spin transport in
                    c
                    ‐axis oriented  thin films and ‐based heterostructures with Pt and . Temperature‐dependent magneto‐optical Kerr effect measurements confirm thermally activated switching of the  cluster octupole moment near the Néel temperature, while preserving predominantly in‐plane magnetic order. In  heterostructures, however, pronounced room‐temperature ferromagnetic signatures are observed, including enhanced Kerr rotation and out‐of‐plane magnetization. Systematic magnetometry studies reveal the formation of an intermixed  interfacial phase upon annealing. Ultrafast transport measurements using a sample with optimized interfaces show that optical excitation of  generates predominantly anomalous Nernst currents, with no detectable evidence of efficient spin–current injection into Pt. In contrast,  exhibits a significant inverse spin Hall conversion when driven by spin currents injected from , reaching approximately  of the efficiency of Pt‐based reference structures. The conversion efficiency is found to be independent of the relative orientation between ferromagnetic magnetization and antiferromagnetic octupole moment. Our results emphasize the importance of interface engineering for spintronic devices.",crossref,0
Bias‐Responsive S‐Scheme Heterojunctions Reconfigure Interfacial Water for Efficient Seawater Hydrogen Evolution,https://advanced.onlinelibrary.wiley.com/doi/10.1002/adma.75083?af=R,Wiley: Advanced Materials: Table of Contents,2026-09-21 04:50:30 UTC,2026-09-21 04:50:30+00:00,10.1002/adma.75083,Panyong Kuang,"ABSTRACT
                  Electrocatalytic seawater hydrogen evolution is fundamentally limited by the rigidity of interfacial water structures and static electron distributions at catalyst surfaces. Here, we report a bias‐responsive S‐scheme heterojunction that dynamically couples nonequilibrium electron redistribution with interfacial water activation during operation. Using a MoN/NiCoN model system, in situ x‐ray absorption spectroscopy (XAS) reveals a cathodic‐bias‐induced reversal of interfacial electron transfer relative to the equilibrium state, leading to progressive electron enrichment at the catalytic interface. In situ infrared spectroscopy reveals potential‐dependent restructuring of the interfacial water environment associated with this electronic redistribution, transforming strongly and intermediately hydrogen‐bonded water into catalytically active free or weakly hydrogen‐bonded species. Ab initio molecular dynamics simulations further reveal accelerated hydrogen‐bond exchange kinetics, shortened hydrogen‐bond lifetimes, and a more adaptive dipole orientation at the MoN/NiCoN interface, providing molecular‐level evidence for dynamic water‐network reorganization. Ionic‐liquid‐based experiments further demonstrate that this restructuring originates from electronically driven interfacial activation rather than bulk water availability. Consequently, water dissociation and hydrogen evolution kinetics are synergistically accelerated, enabling ultralow overpotentials in real seawater and high solar‐to‐hydrogen (STH) conversion efficiency. This work establishes dynamic S‐scheme heterojunctions as a general strategy for electronically programmable interfacial reaction environments in electrocatalysis.",crossref,0
Electrostimulus Phase‐Transition Mediated Robust Adhesive Hydrogels,https://advanced.onlinelibrary.wiley.com/doi/10.1002/adma.75100?af=R,Wiley: Advanced Materials: Table of Contents,2026-09-21 04:52:01 UTC,2026-09-21 04:52:01+00:00,10.1002/adma.75100,Xueqing Qiu,"ABSTRACT
                  
                    Adhesive hydrogels are crucial for interfacing wearable electronics with substrates, yet the inherent trade‐off between interfacial adhesion and cohesive strength always limits their application performance. Here, we present an adhesive hydrogel based on lignin‐mediated catechol chemistry and salt hydrate phase‐transition, which achieves synergistic enhancement of interfacial adhesion and cohesive strength upon 1 V electrostimulated crystallization. The hydrogel is soft and exhibits mild adhesion to various substrates in amorphous state. Electrostimulus‐induced phase‐transition realizes a significant increment of cohesive strength and boosts interfacial adhesion by up to 8–40 times (exceeding 3000 J m
                    −2
                    ) on skin. The adhesion‐enhancement mechanisms on different substrates are elucidated via multi‐scale experimental designs and molecular simulations. When the hydrogel is applied as the adhesive layer, the assembled elastomer sensing devices inherit the electrostimulus adhesion‐enhancement and shape‐memory properties, significantly improving signal transmission stability and motion‐interference resistance. This study offers a simple and versatile strategy for stimuli‐enhanced adhesives, deepens the understanding of phase‐transition regulated adhesion behaviors, and supports the development of large‐area flexible devices for intelligent robotics and human‐computer interactions.",crossref,0
Unlocking d–p Orbital Coupling via Built‐in Electric Fields for High‐Performance Hydrazine Hydrate Fuel Cell,https://advanced.onlinelibrary.wiley.com/doi/10.1002/adma.75109?af=R,Wiley: Advanced Materials: Table of Contents,2026-09-21 04:53:26 UTC,2026-09-21 04:53:26+00:00,10.1002/adma.75109,Chundong Wang,"ABSTRACT
                  
                    Direct hydrazine fuel cells (DHzFCs) offer a promising carbon‐free liquid‐fuel route for power generation, yet progress is limited by sluggish hydrazine oxidation reaction (HzOR) kinetics and the high cost of Pt catalysts. In this work, we tune the built‐in electric field (BIEF) at the Pt@MOF interface via linker‐directed defect engineering. Partial substitution of 1,1′‐ferrocenedicarboxylic acid (Fc) with ferrocene–carboxylic acid (Fc') generates graded ligand‐defect and undercoordinated Ni─O environments, thereby regulating Pt anchoring and interfacial charge redistribution. The optimized Pt@NiFc
                    0.95
                    Fc'
                    0.05
                    ‐MOF delivers 1000 mA cm–2 for HER (180 mV, overpotential) and 2000 mA cm–2 for HzOR (346 mV, working potential), outperforming Pt/C while achieving 99% hydrazine conversion. The assembled direct hydrazine hydrate–hydrogen peroxide fuel cell (DHHPFC) delivers a peak power density of 441 mW cm
                    −2
                    at 80°C. Density functional theory (DFT) calculations and experimental analyses reveal that the oxygen‐mediated Pt─O─Ni interfacial electronic pathway, enhanced apparent BIEF, and accelerated interfacial charge transfer in Pt@NiFc
                    0.95
                    Fc'
                    0.05
                    ‐MOF, accounts for the improved catalytic and fuel‐cell performance. This work establishes a linker‐defect strategy for constructing Pt‐utilization‐efficient interfaces for hydrazine energy conversion.",crossref,0
Self‐Passivated Metal Oxides Composite Buffer Stabilizing Efficient Perovskite Solar Modules,https://advanced.onlinelibrary.wiley.com/doi/10.1002/adma.75068?af=R,Wiley: Advanced Materials: Table of Contents,2026-09-21 04:54:58 UTC,2026-09-21 04:54:58+00:00,10.1002/adma.75068,Yanbo Wang,"ABSTRACT
                  
                    Narrowing the device‐to‐module gap of perovskite photovoltaic is a crucial issue at this stage. Current limitations include the lack of efficient, stable, and low‐cost buffer layers that are compatible with scalable production. Here, a composite of self‐passivating metals is reported that overcomes the Volmer–Weber growth on the C
                    60
                    surface in thermal evaporation, ultimately forming an ultrathin, compact, and robust self‐passivated metal oxide buffer, which demonstrates reduced non‐radiative recombination and a strong barrier against component migration in devices. Besides, the adverse crystallization of C
                    60
                    under damp and heat is suppressed. Implementing this approach, the blade‐coated perovskite solar module (PSM) achieved a certified steady‐state power conversion efficiency (PCE) of 23.72% over an aperture area of 20.3 cm
                    2
                    . The outdoor stability analysis of PSM was conducted following ISOS‐O‐1 protocol, which exhibited negligible PCE loss throughout 6 months, suggesting reliable durability under real conditions.",crossref,0
Continuous Transformation in Spatially Coregulated Hollow Filaments for Water‐Powered Energy,https://advanced.onlinelibrary.wiley.com/doi/10.1002/adma.75088?af=R,Wiley: Advanced Materials: Table of Contents,2026-09-21 04:57:37 UTC,2026-09-21 04:57:37+00:00,10.1002/adma.75088,Ghim Wei Ho,"ABSTRACT
                  The growing demand for efficient water energy and resource management presents critical challenges to address pollution, energy, and resource extraction, as current methods suffer from high energy consumption, inefficiencies and environmental impact. The key lies in the development of coregulated materials structure and associated physical‐chemical properties, enabling efficient fluid management and molecular interactions crucial for advancing water‐power technologies. Herein, we develop hydrogel hollow filaments using a sustainable continuous‐assembly metamorphic (CAM) approach that achieves nonequilibrium hierarchical assembly, delivering control over conformational structure and attributes for integral water‐power innovations. This design principle of self‐organization transformation underpins collective properties and addresses prevalent fluidic perturbation and breakup issues in filament manufacturing. CAM hollow filaments demonstrate auto‐pumping differentiated ionic interaction, with key advancements including ∼1000% improvement in thermopower for energy harvesting, ∼90% efficiency in trace‐lithium ions collection. This work marks a new methodology of clean energy transition and resource sustainability, while aligning with the broader goals of clean energy and economic sustainability.",crossref,0
Geometry‐Mediated Microgel Structure‐Mechanics for Intestinal Region‐Specific Probiotic Delivery,https://advanced.onlinelibrary.wiley.com/doi/10.1002/adma.75011?af=R,Wiley: Advanced Materials: Table of Contents,2026-09-21 04:58:25 UTC,2026-09-21 04:58:25+00:00,10.1002/adma.75011,Yuan Li,"ABSTRACT
                  
                    The physiological efficacy of functional food ingredients, particularly probiotics is highly dependent on their spatial localization within the intestine. The non‐specific delivery of probiotics severely restricts their therapeutic efficacy. Herein, we developed a sustainable, food‐grade microgel delivery platform assembled from corncob nanocellulose building blocks with distinct geometries for programmable intestinal probiotic release. Owing to their distinct topological structures and mechanical properties, spherical nanocellulose‐based microgels (CNSM) were found to disintegrate in the ileum, while rod‐like nanocellulose‐based microgels (CNRM) retained intact until reaching the colon, where they subsequently ruptured. Molecular dynamics simulations supported the superior structural stability of CNRM against osmotic swelling, revealing a structure‐mechanics driven mechanism for the controlled release pattern. Both microgels significantly enhanced probiotic survival, as well as nanocoating‐mediated mucoadhesion and colonization. To maximize functionality, bile salt hydrolase‐producing
                    L. plantarum
                    WCFS1 and immunomodulatory
                    L. rhamnosus
                    GG were embedded into CNSM and CNRM, respectively. Consequently, ileum‐targeted WCFS1@CNSM significantly ameliorated hypercholesterolemia, accompanied by increased fecal cholesterol excretion and potential modulation of the gut‐liver signaling axis whereas colon‐targeted LGG@CNRM profoundly alleviated DSS‐induced colitis through epithelial barrier restoration and inflammation suppression. This work provides a region‐specific delivery strategy for next‐generation probiotic therapeutics.",crossref,0
Unlocking Efficient Near‐Infrared CO2 Photoreduction Over Metallic Photocatalysts Through Charge Polarization,https://advanced.onlinelibrary.wiley.com/doi/10.1002/adma.75065?af=R,Wiley: Advanced Materials: Table of Contents,2026-09-21 05:03:25 UTC,2026-09-21 05:03:25+00:00,10.1002/adma.75065,Bining Tian,"ABSTRACT
                  
                    Metallic photocatalysts provide a promising route for utilizing low‐energy near‐infrared (NIR) photons in CO
                    2
                    conversion because they bypass the bandgap constraints of conventional semiconductors. However, their intrinsically uniform electrostatic potential limits charge separation and CO
                    2
                    adsorption/activation, thereby restricting their photocatalytic performance. Here, we report a charge polarization strategy that addresses this bottleneck through the synergistic incorporation of sulfur vacancies (
                    
                      S
                      v
                    
                    ) and Au single atoms (Au SAs) in metallic NiCo
                    2
                    S
                    4
                    . The optimized Au
                    SA
                    /
                    
                      S
                      v
                    
                    ‐NiCo
                    2
                    S
                    4
                    photocatalyst exhibits a 64‐fold enhancement in activity relative to pristine NiCo
                    2
                    S
                    4
                    under NIR irradiation without sacrificial agents, delivering CO and CH
                    4
                    production rates of 1020 and 150 µmol g
                    −1
                     h
                    −1
                    , respectively. Notably, it achieves a benchmark apparent quantum efficiency (AQE) of 1.24% at 800 nm and a solar‐to‐chemical energy conversion (STC) efficiency of 0.86% at room temperature. Mechanistic investigations reveal that charge redistribution reshapes the photocatalytic behavior of the metallic system in two complementary ways: it induces local polarization that suppresses charge recombination, and favors the formation of bimetallic Co
                    3+
                    ⋯Ni
                    2+
                    frustrated Lewis pair (FLP) sites for CO
                    2
                    adsorption, activation, and *COOH generation. This work demonstrates charge polarization as an effective strategy for designing metallic photocatalysts, opening new opportunities for efficient solar‐driven CO
                    2
                    valorization.",crossref,0
Bioinspired Molecular Screening of Zwitterionic Dipeptides for Stable Ah‐Level Zinc–Iodine Batteries,https://advanced.onlinelibrary.wiley.com/doi/10.1002/adma.75095?af=R,Wiley: Advanced Materials: Table of Contents,2026-09-21 06:20:25 UTC,2026-09-21 06:20:25+00:00,10.1002/adma.75095,Xuefeng Zhang,"ABSTRACT
                  
                    Aqueous zinc–iodine (Zn─I
                    2
                    ) batteries are attractive for large‐scale energy storage yet remain limited by two coupled failure mechanisms: unstable zinc interface at the anode and polyiodide shuttling at the cathode. To address both challenges with a single additive, we systematically screened 44 amino acids and dipeptides using molecular dipole moment and LUMO energy as key descriptors. L‐Carnosine (LC) emerged as a unique candidate exhibiting both the highest dipole moment and a moderate LUMO energy across the screened library. Experimentally, LC's zwitterionic, multicenter charge distribution drives persistent multidentate adsorption at the zinc interface, suppressing HER, directing (101)‐oriented crystallographic deposition through facet‐selective passivation, and enabling formation of a vertically graded organic‐inorganic hybrid solid electrolyte interphase. Concurrently, the electron‐rich imidazole group rapidly quenches polyiodide intermediates through a rapid redox reaction. This synergistic regulation enables Zn||Zn symmetric cells to operate stably for 4980 h, Zn||Cu cells to achieve 99.76% average Coulombic efficiency (CE) over 1400 cycles, and Zn||I
                    2
                    full cells to sustain over 18 000 cycles with nearly 100% capacity retention. Furthermore, the practical viability is demonstrated in Ah‐level pouch cells with 85% capacity retention after 500 cycles. This work establishes a unique molecular transformation strategy for stabilizing high‐energy aqueous energy systems.",crossref,0
Injectable Bioadhesive Ultrasonic Sensor for Continuous and Wireless On‐Demand Pressure Monitoring in Acute Compartment Syndrome,https://advanced.onlinelibrary.wiley.com/doi/10.1002/adma.75097?af=R,Wiley: Advanced Materials: Table of Contents,2026-09-21 06:22:46 UTC,2026-09-21 06:22:46+00:00,10.1002/adma.75097,Jianfeng Zang,"ABSTRACT
                  Acute compartment syndrome (ACS) is a severe orthopedic emergency caused by limb injuries and elevated intra‐compartmental pressure (ICP), which can lead to permanent disability. Clinical practice has long pursued continuous and on‐demand ICP monitoring across the risk window for accurate ACS management. Existing probe manometry imposes pain and infection risk, particularly during prolonged wired indwelling or repeated punctures. Implantable electronic sensors enable wireless monitoring, but face biocompatibility and stability challenges from the mismatched human‐machine interface. Here, we present an injectable, bioadhesive ultrasonic sensor (metagel sensor) that enables continuous and wireless on‐demand monitoring of intracompartmental pressure across the post‐njury clinical window. The ultrasonic modulation properties of the metastructural hydrogel encode pressure signals into reflected ultrasonic waves as measurable bandgap shifts, enabling fully passive wireless readout. The metagel exhibited substantial biodegradation over 14 weeks in rats. In a porcine model, we demonstrated the capability of the metagel sensor in continuous acute‐phase ICP monitoring and repeated wireless on‐demand interrogation over 10 days. Simultaneously decoupled signals related to respiration and pulse offer additional physiological information relevant to ACS assessment.",crossref,0
Reconstruction‐Induced Bilayered Amorphous–Crystalline Hybrid NiOOH‐Based Anode for Ultrastable Seawater Electrolysis,https://advanced.onlinelibrary.wiley.com/doi/10.1002/adma.75084?af=R,Wiley: Advanced Materials: Table of Contents,2026-09-21 06:23:26 UTC,2026-09-21 06:23:26+00:00,10.1002/adma.75084,Xiang Gao,"ABSTRACT
                  
                    Direct seawater electrolysis represents a critical pathway for large‐scale utilization of renewable energy in coastal and island regions without potential impacts on freshwater supply, yet being severely hindered by the corrosion of electrode materials in seawater. Conventional anion‐based protection strategies often suffer from lattice degradation during activation or anion desorption in operation. Herein, we report a facile electrodeposition‐anodization synthesized amorphous–crystalline hybrid NiFeCoCr anode featuring a vertically bilayered architecture, enabling ultrastable seawater oxidation for over 15 000 h at 500 mA cm
                    −2
                    . During anodization, the partial sacrificial leaching of Cr forms an amorphous β‐NiOOH phase surface layer, exposing abundant active sites to enhance OER activity. Concurrently, in situ generated CrO
                    4
                    2–
                    anions stably adsorb and intercalate within the dense crystalline Fe/Co‐doped γ‐NiOOH underneath layer. The electrolyzer assembled with the NiFeCoCr anode delivers stable operation for over 2500 h in alkaline natural seawater and for 240 h in alkaline saturated NaCl electrolyte at 80°C.",crossref,0
A Memristor‐Based Saturation‐Constrained Information Capacity Framework for Temporal Information Processing,https://advanced.onlinelibrary.wiley.com/doi/10.1002/adma.75096?af=R,Wiley: Advanced Materials: Table of Contents,2026-09-21 06:24:32 UTC,2026-09-21 06:24:32+00:00,10.1002/adma.75096,Xumeng Zhang,"ABSTRACT
                  Physical reservoir computing (PRC) has emerged as a highly energy‐efficient paradigm for processing high‐dimensional spatiotemporal data in edge‐intelligent systems. However, the deployment of PRC is often limited by the quantization mismatch between continuous input signals and the finite dynamic range of hardware substrates. Conventional binary time‐multiplexing ensures high noise immunity but necessitates protracted pulse sequences that induce high latency and premature physical saturation. Conversely, multi‐valued analog encoding enhances information density but frequently induces state overlap, operating devoid of physical quantization boundaries. To resolve this physical‐information trade‐off, we propose a saturation‐constrained information capacity (SCIC) framework. This framework considers task‐specific encoding variables and substrate‐intrinsic constraints, enabling device‐informed optimization of input mapping. We experimentally demonstrate this framework on a highly uniform, selector‐free 32 × 32 crossbar array, utilizing the volatile dynamics of memristors. Under the experimentally selected encoding conditions, the SCIC‐guided RC achieves exceptional performance in temporal prediction (NRMSE of 0.019), speech recognition (free‐spoken digit dataset (FSDD) subset accuracy of ∼94.5%), and real‐time obstacle avoidance. Our approach links encoding constraints to solid‐state device physics, providing a device‐informed method for PRC parameterization at the edge.",crossref,0
A Micromesh‐At‐Grid Integrated Cotton (MAGIC) Gauze with Pressure‐Responsive Pore Gating Enables Sustainable Hemostasis via Spatiotemporally Coordinated Coagulation,https://advanced.onlinelibrary.wiley.com/doi/10.1002/adma.75091?af=R,Wiley: Advanced Materials: Table of Contents,2026-09-21 06:25:20 UTC,2026-09-21 06:25:20+00:00,10.1002/adma.75091,Hongjing Dou,"ABSTRACT
                  
                    Achieving effective and economical hemostats requires a robust clot‐wound interface constructed by spatiotemporally coordinated coagulation. However, accumulated interfacial blood causes delayed clotting in adhesion‐reliant dense hemostats, and rapid but off‐site coagulation in absorptive porous materials. Here, we present MAGIC (Micromesh‐At‐Grid Integrated Cotton) gauze, which leverages a reversible transition between dense and porous states to precisely coordinate the spatial and temporal dynamics of coagulation. This transition is achieved by a pressure‐responsive micromesh composed of supramolecular procoagulant microparticles. Spatially, blood‐derived ions trigger the gelation of these procoagulant particles on the gauze surface, laterally repelling interfacial blood to ensure on‐site coagulation. Temporally, applied pressure induces micromesh dissociation to re‐expose the gauze macropores for wicking residual fluid, followed by the rapid co‐assembly of sol‐state procoagulant particles with blood components. This tightly synchronized process seals the cleared wound with a robust clot. Consequently, a single MAGIC pad arrested lethal porcine femoral artery hemorrhage within 30 s. Compared to standard gauze, it reduced blood loss by 98%, cotton consumption by 96%, treatment costs by 83%, and lifecycle CO
                    2
                    emissions by 84%. Collectively, MAGIC gauze delivers exceptional preclinical first aid efficacy while pioneering a viable pathway for the decarbonization of surgical consumables.",crossref,0
Phase‐Transfer Catalysis Toward Surface‐Reconstructed Perovskite Nanocrystals Enabling Efficient Perovskite LEDs and Micropatterns,https://advanced.onlinelibrary.wiley.com/doi/10.1002/adma.75122?af=R,Wiley: Advanced Materials: Table of Contents,2026-09-21 06:26:07 UTC,2026-09-21 06:26:07+00:00,10.1002/adma.75122,Jianjun Tian,"ABSTRACT
                  
                    Metal halide perovskite nanocrystals (NCs) are promising materials for next‐generation ultrahigh‐definition displays through achieving efficient micropattern light‐emitting diodes (LEDs). However, the micro‐devices exhibited inferior electroluminescent (EL) efficiency, which likely arose from the fact that effective surface reconstruction of the NCs is often impeded by challenges in defect management. In this work, we developed a phase‐transfer catalytic (PTC) strategy for the surface reconstruction of CsPbI
                    3
                    NCs, utilizing tetrabutylammonium iodide (TBAI) as a catalyst to mediate the incorporation of the solid‐phase ligand guanidinium iodide (GuI). The mechanism is rooted in a specific molecular interaction between TBAI and GuI, which disrupts the strong hydrogen‐bonding network of GuI molecules, effectively inhibits excessive GuI accumulation, and prevents micelle formation. As a result, the LEDs achieved peak external quantum efficiency (EQE) of 26.5% and exhibited more than a tenfold increase in operational lifetime. Furthermore, this methodology enabled the fabrication of high‐resolution micro‐LEDs with 1588 pixels per inch (PPI) and an EQE of 20.6%, which exhibiting bright and stable electroluminescence, further highlighting the versatility and scalability of the approach for advanced display technologies.",crossref,0
Chemical Bonding Interface Enables Lithium Batteries to Operate Under Near‐Vacuum Conditions,https://advanced.onlinelibrary.wiley.com/doi/10.1002/aenm.71584?af=R,Wiley: Advanced Energy Materials: Table of Contents,2026-09-21 06:54:09 UTC,2026-09-21 06:54:09+00:00,10.1002/aenm.71584,Xiangbiao Liao,"ABSTRACT
                  
                    The reliance on high stack pressure in lithium metal batteries (LMBs) conflicts with the requirements of lightweight design and low‐pressure operating environments, motivating the development of pressure‐independent battery designs. Here, a chemical bonding interfacial prototype is proposed to substitute the physical contact interface, thereby liberating LMBs from high stacking pressures. This chemical bonding interface is constructed via strong interactions between the carbonyl groups of poly(ε‐caprolactone) segments and Li metal, manifesting as Li─O bonding interfaces. Benefiting from Li─O bonding, the PPE electrolyte exhibits a high adhesion energy of 22.44 J m
                    −2
                    and a high lap shear strength of 0.31 MPa, sustaining intimate electrode–electrolyte contact without external stack pressure. In addition, the Li─O bonding interface significantly reduces the thickness of the electric double layer, achieving a 120% increase in capacitance (0.20 µF cm
                    −2
                    ), thus promoting efficient transport (t
                    Li+
                     = 0.7) and uniform deposition of Li
                    +
                    . As a result, the Li||Cu half‐cell equipped with PPE electrolyte achieves a superior coulombic efficiency of 99.78%. A pouch cell equipped with PPE electrolyte and NCM cathode demonstrates high capacity retention of 90.12% after 40 cycles at −0.1 MPa (relative to standard atmospheric pressure). This discovery offers novel insights into material and structural design for pressure‐insensitive batteries intended for high‐altitude aerospace applications.",crossref,0
Thermoradiative Diodes Using Black Phosphorus van der Waals Materials,https://advanced.onlinelibrary.wiley.com/doi/10.1002/aenm.71599?af=R,Wiley: Advanced Energy Materials: Table of Contents,2026-09-21 06:56:14 UTC,2026-09-21 06:56:14+00:00,10.1002/aenm.71599,James Bullock,"ABSTRACT
                  The high radiative efficiencies and strong absorption coefficients of van der Waals materials position them well for optoelectronic power generation via radiative exchange. These materials have been investigated for use in solar cells, however, their use in thermoradiative and thermophotovoltaic applications in the mid‐infrared remains unexplored. We fabricate a black phosphorus ()/molybdenum disulfide () van der Waals heterojunction diode and use it in both thermoradiative and thermophotovoltaic operation modes. Open circuit voltage and short circuit current measurements taken as a function of temperature difference  between the device and its environment, show the device can effectively generate power in both regimes. A net power density of  is achieved at  (thermoradiative), and  at  (thermophotovoltaic). This represents the first demonstration of thermoradiative power generation using van der Waals materials. Optoelectronic modeling further indicates that the performance is primarily limited by optical out‐coupling and external quantum efficiency. By addressing these, the short circuit current density could be increased by up to three orders of magnitude, corresponding to an approximate six orders of magnitude increase in power density.",crossref,0
Inside‐Out Joule Heating Enables Coke‐Resistant Dry Reforming of Methane to Near‐Stoichiometric Syngas Over LDH‐Derived NiCo Catalysts,https://advanced.onlinelibrary.wiley.com/doi/10.1002/aenm.71598?af=R,Wiley: Advanced Energy Materials: Table of Contents,2026-09-21 06:57:32 UTC,2026-09-21 06:57:32+00:00,10.1002/aenm.71598,Song Li,"ABSTRACT
                  
                    Electrifying endothermic reactions offers a promising route toward sustainable chemical manufacturing, yet its practical implementation is constrained by inefficient outside‐in heat delivery. Herein, we report a Joule‐heating catalyst, NiCo/(Ni,Co)O‐AlO
                    x
                    /Ti, derived from layered double hydroxides (LDHs) rooted onto a Ti scaffold. This monolithic architecture establishes intimate electrical‐thermal coupling and creates an inside‑out thermal field that generates heat directly at the catalytic interface, shortening the heat‐transfer pathway and mitigating reaction‐induced catalyst‐surface cooling. Experimentally validated multiphysics simulations resolve the resulting inverted temperature field and reduced source‐to‐surface temperature drop compared with outside‐in furnace heating. Guided by this thermal design principle, the optimized Ni:Co = 2:1 catalyst achieves a high rate of 6.65 mmol·g
                    Ni(Co)
                    −1
                    ·s
                    −1
                    with a near‐unity H
                    2
                    /CO ratio, together with stable operation over 200 h and markedly suppressed carbon accumulation. Co‐incorporation enriches vacancy‐associated defect sites in the oxide lattice, promoting CO
                    2
                    activation through carbonate intermediates and reducing the energy barrier for carbonate‐mediated carbon removal. These findings demonstrate how interfacial heat‐delivery engineering can be coupled with defect‐modulated catalyst design to advance electrified endothermic catalysis.",crossref,0
Li─P─F─O Bonding Topology Governs Oxygen Redox and Interfacial Stability in High‐Rate LRMO‐Based All‐Solid‐State Lithium Batteries,https://advanced.onlinelibrary.wiley.com/doi/10.1002/aenm.71568?af=R,Wiley: Advanced Energy Materials: Table of Contents,2026-09-21 06:59:54 UTC,2026-09-21 06:59:54+00:00,10.1002/aenm.71568,Zhaoyin Wen,"ABSTRACT
                  
                    Lithium‐rich manganese‐based oxides (LRMO) derive high capacity from lattice‐oxygen redox, but oxygen release at high voltage oxidizes solid electrolytes and drives rapid interfacial resistance growth. Nanosizing improves solid‐state kinetics yet exposes more under‐coordinated surface oxygen, aggravating interfacial degradation. Here, density functional theory screening identifies phosphate as the most effective oxyanion motif for stabilizing surface oxygen. Guided by this insight, a Li─P─F─O bonding topology is constructed through a one‐step mechanochemical reaction between LRMO and LiPO
                    2
                    F
                    2
                    . This process simultaneously refines the particles, introduces near‐surface fluorine, and forms a conformal amorphous interphase featuring P─O, P─F, and Li─F bonding environments. P–O coordination stabilizes surface oxygen, delocalizes oxidation holes, and suppresses O─O coupling, while near‐surface fluorine widens the Li layers and facilitates Li
                    +
                    transport. Together, these effects suppress oxygen loss, electrolyte oxidation, impedance growth, and interfacial contact failure. The modified cathode delivers 248.5 mAh g
                    −1
                    at 25°C and 268 mAh g
                    −1
                    at 60°C (0.1 C), retains 85% capacity after 2000 cycles at 10 C, and operates up to 16 000 cycles. A high‐loading lithium‐metal pouch cell achieves 212 mAh g
                    −1
                    with specific energy of 277 Wh kg
                    −1
                    . This work demonstrates bonding‐topology regulation as an effective strategy for stabilizing oxygen redox in solid‐state batteries.",crossref,0
Water‐Mediated Proton Facilitation for Stable Acidic CO2 Electrocatalysis,https://advanced.onlinelibrary.wiley.com/doi/10.1002/aenm.71609?af=R,Wiley: Advanced Energy Materials: Table of Contents,2026-09-21 07:02:11 UTC,2026-09-21 07:02:11+00:00,10.1002/aenm.71609,Jong Hyeok Park,"ABSTRACT
                  
                    Electrochemical CO
                    2
                    conversion in acid can, in principle, maximize carbon efficiency but is typically undermined by facile hydrogen evolution. Moreover, operating at high current density often triggers a sharp local pH increase that propagates into the bulk electrolyte, causing an overall pH shift that erodes nominally “acidic CO
                    2
                    reduction” toward neutral/alkaline conditions. To address these limitations, we incorporated Ce species with high proton affinity into the surface of porous Cu nanosheet, constructing proton‐mitigating Cu─O─Ce active sites. Beyond conventional C─C coupling driven by local
                    *
                    CO accumulation, Cu─O─Ce motifs accelerate
                    *
                    CO formation and its protonation, thereby enabling downhill proton‐coupled electron transfer (PCET) toward and beyond
                    *
                    CO─
                    *
                    CHO dimerization. This strategy demonstrates efficient multi‐carbon generation under retentive pH conditions minimizing the collateral deficiencies of acidic CO
                    2
                    reduction. Facilitating kinetically suppressed C─C coupling at a relatively low current density offers a strategic catalyst design that maintains a stable bulk pH compared to high current density operations, thereby maximizing the in situ generation of CO
                    2
                    within the acidic media.",crossref,0
Siloxane‐Mediated Dual Cross‐Linking for Thermally Resilient and Efficient Perovskite Solar Cells,https://advanced.onlinelibrary.wiley.com/doi/10.1002/aenm.71607?af=R,Wiley: Advanced Energy Materials: Table of Contents,2026-09-21 07:02:15 UTC,2026-09-21 07:02:15+00:00,10.1002/aenm.71607,Zhan'ao Tan,"ABSTRACT
                  
                    The practical application of perovskite solar cells (PerSCs) is still limited by their intrinsic instability, particularly under dynamic temperature fluctuations in outdoor conditions. In this study, we present a series of dual cross‐linking agents to improve the efficiency and temperature endurance of PerSCs. Specifically, 3‐(trichlorosilyl)propyl methacrylate (MPTCl) with multiple functional groups is applied to modify the upper interface of the perovskite. The ─C═O group exhibits strong interactions with the undercoordinated Pb
                    2+
                    on the perovskite surface, helping to stabilize structures and reduce interfacial charge recombination. The C═C bond of the methacrylate group undergoes in situ polymerization/cross‐linking, while the trichlorosilyl group undergoes hydrolysis and subsequent condensation under humid conditions, enabling MPTCl to form a Si─O─Si cross‐linked network. This cross‐linked interfacial layer improves interfacial structural stability and enhances resistance to moisture‐ and heat‐induced degradation. Consequently, the optimal PerSCs achieved a high power conversion efficiency of 26.22% and demonstrated enhanced thermal durability under simulated thermal cycling conditions, retaining 82.4% of their initial efficiency after 250 cycles. This work proposes a dual cross‐linking strategy that provides an effective route for simultaneously improving the efficiency and thermal resilience of PerSCs, offering valuable insights into the development of durable perovskite photovoltaic technologies.",crossref,0
Hybrid Two‐Step Inkjet Printing and Dip‐Coating Enable Scalable 30%‐Efficient Perovskite/Silicon Tandem Solar Cells,https://advanced.onlinelibrary.wiley.com/doi/10.1002/aenm.71579?af=R,Wiley: Advanced Energy Materials: Table of Contents,2026-09-21 07:03:17 UTC,2026-09-21 07:03:17+00:00,10.1002/aenm.71579,Ulrich W. Paetzold,"ABSTRACT
                  
                    Fully scalable fabrication routes are one cornerstone required for commercial deployment of monolithic perovskite/silicon tandem solar cells. However, to date industrially viable deposition processes delivering high performance, uniform thin films, and compatibility with established silicon manufacturing remain limited. Here, we present a fully scalable deposition strategy for the entire perovskite top‑cell, including a dip‐coated self‑assembled monolayer hole‑transport layer, a hybrid two‐step inkjet‐printed wide‐bandgap perovskite absorber, and a dip‐coated interfacial passivation. The process shows excellent reproducibility and high device performance. When integrated with textured silicon bottom cells, the tandem solar cells achieve power conversion efficiencies exceeding 30%, highlighting the technological potential of this fabrication route. Scaling the perovskite active area by a factor of &gt;120 results in a single‐junction module with an area of 12.96 cm
                    2
                    and an efficiency of 17.8%, corresponding to a loss of only 0.53%
                    abs.
                    per decade of area scaling. This highlights that our process not only delivers high performance tandem devices, but also offers excellent prospects for upscaling the device area. Extensive material analysis and device analysis substantiate the scalability, film quality, and interfacial control achieved. Importantly, this work provides the first demonstration of perovskite/silicon tandem solar cells surpassing 30% efficiency using an inkjet‑printing‐based perovskite absorber deposition.",crossref,0
Design Strategy for Influencing Hot Carrier Cooling Dynamics in Low‐Dimensional Perovskites,https://advanced.onlinelibrary.wiley.com/doi/10.1002/aenm.71597?af=R,Wiley: Advanced Energy Materials: Table of Contents,2026-09-21 07:08:30 UTC,2026-09-21 07:08:30+00:00,10.1002/aenm.71597,Sachin R. Rondiya,"ABSTRACT
                  The structural landscape of low‐dimensional perovskites, modulated by the organic spacer cation, governs the relaxation of hot carriers. Using transient absorption spectroscopy and molecular dynamics simulations, we show that spacer‐induced octahedral distortions and lattice rigidity define the balance between polaronic screening and phonon‐driven relaxation. We found that the phenethylammonium spacer induces significant distortions and stronger exciton‐phonon coupling, favoring polaron formation and delayed carrier cooling. In contrast, a rigid bithiophenethylammonium spacer suppresses distortions, stabilizes coherent phonons, and accelerates thermalization, while thiopheneethylammonium represents intermediate behavior. The structure‐phonon‐carrier interplay reconciles conflicting views on hot‐carrier dynamics, revealing that soft lattices stabilize polarons, whereas rigid heteroatom‐containing conjugated spacers activate efficient phonon relaxation pathways. This structural picture operates alongside a coupled electronic contribution from spacer‐derived electronic states within the conduction manifold, which provides an additional relaxation pathway, indicating that lattice rigidity and electronic coupling are intrinsically coupled rather than acting independently. These insights provide molecular design principles for tailoring carrier relaxation, guiding perovskite engineering toward optoelectronic devices and the efficient harnessing of hot carriers.",crossref,0
Interfacial Electronic Modulation of Vacancy‐Stabilized Pt Sites in Mo‐NiSeO4/NiSe2 Heterostructures for Industrial Alkaline Water Electrolysis,https://advanced.onlinelibrary.wiley.com/doi/10.1002/aenm.71614?af=R,Wiley: Advanced Energy Materials: Table of Contents,2026-09-21 07:15:59 UTC,2026-09-21 07:15:59+00:00,10.1002/aenm.71614,Joong Hee Lee,"ABSTRACT
                  
                    Developing bifunctional electrocatalysts that combine high activity, long‐term durability, and practical device compatibility remains a major challenge for alkaline water electrolysis. Herein, we report a heterostructure catalyst of a conductive Co
                    2
                    P nanowire scaffold integrated with a Mo‐regulated NiSeO
                    4
                    /NiSe
                    2
                    heterophase shell, and atomically dispersed Pt species stabilized at O/Se‐coordinated vacancy sites (Pt,Mo‐NiSeO
                    4
                    /NiSe
                    2
                    @Co
                    2
                    P) grown on nickel foam via sequential electrodeposition, controlled selenization, and galvanic replacement. Benefiting from synergistic electronic modulation and heterointerface engineering, the catalyst requires only 24 and 98 mV to deliver 10 and 100 mA cm
                    −2
                    for the hydrogen evolution reaction, and 242 and 330 mV for the oxygen evolution reaction, in 1.0 M KOH, with excellent durability. Operando Raman spectroscopy and X‐ray absorption spectroscopy reveal dynamic surface evolution during electrocatalysis and confirm the atomic dispersion of Pt. When assembled in a two‐electrode electrolyzer, the catalyst achieves cell voltages of 1.47 V at 10 mA cm
                    −2
                    and 1.65 V at 100 mA cm
                    −2
                    in 30 wt.% KOH. Furthermore, an anion exchange membrane water electrolyzer delivers 1.55 V at 0.3 A cm
                    −2
                    and 1.76 V at 1.0 A cm
                    −2
                    at 70 °C, demonstrating its promise for practical alkaline hydrogen production.",crossref,0
In Situ Single‐Atom Decoration of Transition Metal Dichalcogenides by Millisecond Flash Thermal Synthesis Toward High Performance Room Temperature Chemiresistors,https://advanced.onlinelibrary.wiley.com/doi/10.1002/adma.75106?af=R,Wiley: Advanced Materials: Table of Contents,2026-09-21 07:23:05 UTC,2026-09-21 07:23:05+00:00,10.1002/adma.75106,Il‐Doo Kim,"ABSTRACT
                  
                    Transition metal dichalcogenides (TMD) are attractive for adsorption‐driven reactions, yet their activity is strongly site‐dependent. Activity is concentrated at edge motifs, whereas most exposed area resides on inert basal planes. Dual‐site designs that enrich edges while activating basal planes with catalysts remain challenging to realize without coarsening and metal aggregation during thermal processing. Here, an intense pulsed light‐driven flash thermal synthesis route is demonstrated that directly converts ammonium tetrathiomolybdate ((NH
                    4
                    )
                    2
                    MoS
                    4
                    ) into few‐layer, edge‐rich MoS
                    2
                    nanoflakes (FTS‐MoS
                    2
                    ) within 10 ms pulse in ambient‐air. Ultrafast photothermal shock (1192–1811°C; ∼10
                    5
                    /10
                    4
                    °C s
                    −
                    1
                    heating/cooling rates) suppresses in‐plane coarsening and out‐of‐plane stacking, while Pt, Ir, or Au single atoms are uniformly anchored on MoS
                    2
                    via rapid metal‐sulfur coordination without aggregation. As a proof‐of‐concept, FTS‐MoS
                    2
                    exhibits a 23.6‐fold higher NO
                    2
                    response at 5 ppm than solvothermally synthesized MoS
                    2
                    . Pt single atom functionalization (FTS‐Pt
                    SA
                    ‐MoS
                    2
                    , 1.2 wt%) further boosts the response by 22.8‐fold versus pristine FTS‐MoS
                    2
                    and achieves 100.8% response toward 400 ppb NO
                    2
                    at room temperature. Density functional theory supports enhanced NO
                    2
                    adsorption and charge transfer on FTS‐Pt
                    SA
                    ‐MoS
                    2
                    . With a low electrical energy input (8.6 kJ g
                    −1
                    ) and scalable irradiation, ultrafast FTS enables industrially relevant active‐site and single‐atom engineering in TMDs for high‐performance gas sensors.",crossref,0
Electronic‐State Continuity Across a Heterointerphase of High‐Capacity Ni‐Rich Cathode for Stable Sulfide‐Based All‐Solid‐State Lithium Batteries,https://advanced.onlinelibrary.wiley.com/doi/10.1002/adma.75070?af=R,Wiley: Advanced Materials: Table of Contents,2026-09-21 07:24:10 UTC,2026-09-21 07:24:10+00:00,10.1002/adma.75070,Jun Lu,"ABSTRACT
                  
                    Sulfide‐based all‐solid‐state lithium batteries are severely constrained by the intertwined challenges of interfacial instability and sluggish lithium‐ion kinetics at the nickel‐rich layered oxide cathode interface. Herein, we report a design principle centered on electronic‐state continuity across a cathode heterointerphase to simultaneously address these issues. By co‐doping single‐crystal LiNi
                    0.94
                    Co
                    0.04
                    Mn
                    0.02
                    O
                    2
                    with selected period‐5 elements (Y, Zr, Nb, and Mo), a self‐assembled heterointerphase with spatially differentiated functions is achieved. Thermodynamically driven segregation yields a LiNbO
                    3
                    /Li
                    2
                    MoO
                    4
                    outer passivation layer that suppresses side reactions, which remains coherent with a subsurface Y/Zr‐enriched rocksalt interlayer that anchors lattice oxygen. Crucially, the energetically continuous distribution of unoccupied 4
                    d
                    orbital‐derived electronic states across the heterointerphase establishes an efficient charge redistribution channel and induces a well‐oriented built‐in electric field that screens the space‐charge barrier, thereby driving accelerated interfacial Li
                    +
                    transport. Consequently, the optimized cathode delivers a high specific capacity of 204.4 mAh g
                    −1
                    at 0.1 C and maintains 86.7% capacity retention over 1000 cycles at 0.5 C when paired with a Li
                    6
                    PS
                    5
                    Cl solid‐state electrolyte. This orbital‐level electronic engineering strategy provides a promising design principle for integrating chemical passivity and ionic transport kinetics in high‐capacity all‐solid‐state energy storage systems.",crossref,0
Efficient Hole Transport Layer‐Free Mixed Sn–Pb Perovskite Solar Cells and Photodetectors via In Situ Dipole Engineering,https://advanced.onlinelibrary.wiley.com/doi/10.1002/adma.75076?af=R,Wiley: Advanced Materials: Table of Contents,2026-09-21 07:26:49 UTC,2026-09-21 07:26:49+00:00,10.1002/adma.75076,Hin‐Lap Yip,"ABSTRACT
                  
                    Mixed tin‐lead (Sn–Pb) perovskite solar cells (PSCs) have great potential for photovoltaics and infrared photodetector (PD) applications. However, their performance and reliability are severely limited by non‐radiative recombination, both within the perovskite bulk and at the interface between the perovskite and hole transporting layer (HTL). In HTL‐free architectures, the buried perovskite/ITO interface becomes the dominant extraction and recombination bottleneck, yet remains insufficiently engineered. Herein, we report an efficient HTL‐free mixed Sn–Pb optoelectronic device by introducing isoniazid (INH) into the perovskite film (FA
                    0.6
                    MA
                    0.3
                    Cs
                    0.1
                    Pb
                    0.5
                    Sn
                    0.5
                    I
                    3
                    ) to in situ form a dipole interface and establish a built‐in electric field, thereby suppressing the interface/bulk non‐radiative recombination and promoting hole extraction. The INH molecule can coordinate with Sn
                    2+
                    to modulate film crystallization, and the hydrazide group acts as a potent reducing agent, mitigating the Sn
                    2+
                    oxidation and passivating the defects. As a result, the optimized HTL‐free Sn–Pb PSCs achieved a champion power conversion efficiency (PCE) of 23.71%, with improved stability that retained 80% of their initial efficiency after 2250 h in an N
                    2
                    glovebox. Additionally, this strategy enabled high‐performance HTL‐free PDs with a remarkable specific detectivity beyond 10
                    14
                    Jones at 920 nm. This work provides a strategic pathway for developing efficient HTL‐free Sn–Pb perovskite optoelectronic devices.",crossref,0
Beyond Physical Protection Paradigm: Surface‐bonded Molecular Integration for Durable High‐voltage LiCoO2,https://onlinelibrary.wiley.com/doi/10.1002/anie.5600863?af=R,Wiley: Angewandte Chemie International Edition: Table of Contents,2026-09-21 07:29:05 UTC,2026-09-21 07:29:05+00:00,10.1002/anie.5600863,Quanfeng Dong,"ABSTRACT
                  
                    High‐voltage LiCoO
                    2
                    (LCO) is promising for high‐energy lithium metal batteries, yet raising charge cut‐off voltage above 4.5 V is essential to fully unlocking its high‐specific‐energy potential. However, deep delithiation triggers irreversible phase transitions and detrimental interfacial side reactions that originate from intrinsically vulnerable LCO surface. Herein, we propose the surface‐bonded molecular integration (SMI) paradigm to reconstruct LCO surface through multi‐site interactions, endowing it with exceptional electrochemical activity and structural robustness. A rational optimization scheme identifies mono‐lithiated creatinol phosphate (CPLi) as the optimal molecule. Driven by Lewis acid‐base interactions, CPLi precisely anchors onto coordinatively unsaturated Co
                    3+
                    sites through phosphate O and guanidine N, forming a chemically bonded, structurally dense interfacial integration featuring Co−O−P and Co−N linkages. Unique spatial configuration and modulated electronic structure of surface‐bonded CPLi ensure rapid Li
                    +
                    transport and desirable cathode electrolyte interphase. Consequently, Li||LCO‐CPLi cells deliver outstanding durability and reversibility at 4.6 V, retaining 84.5% capacity after 1000 cycles (2 C), with 85.6% capacity recovery upon switching back to 0.2 C following 2000 cycles (2 C). Encouragingly, ∼100 mAh g
                    −1
                    is sustained after 2800 cycles (2 C) and 2500 cycles (10 C), underscoring superior cycling longevity. Collectively, SMI‐paradigm provides fresh insights for advanced interfacial engineering of high‐voltage cathodes.",crossref,0
Electrostatic Potential Site Effect of the Third Component Enables High‐Performance Organic Solar Cells with Low Energy Loss,https://onlinelibrary.wiley.com/doi/10.1002/anie.8983584?af=R,Wiley: Angewandte Chemie International Edition: Table of Contents,2026-09-21 07:32:12 UTC,2026-09-21 07:32:12+00:00,10.1002/anie.8983584,Yiwang Chen,"ABSTRACT
                  
                    Organic solar cells (OSCs) are typically plagued by substantial non‐radiative energy loss (Δ
                    E
                    3
                    ) during the photoelectric conversion process, which limits further performance improvement. While incorporating a third component can effectively optimize active layer morphology and suppress non‑radiative recombination, the selection of such components currently lacks precise theoretical guidance. To address this challenge, we propose a new concept of electrostatic potential (ESP) site effect, which enables modulation of local ESP distribution by precisely adjusting terminal substituent positions without altering average molecular ESP, energy levels, or absorption. Guided by this concept, two asymmetric acceptors, ZY‐SCF
                    3
                    ‐N2F and ZY‐SCF
                    3
                    ‐B2F, were rationally designed and incorporated as the third component into the PM6/BTP‐eC9 system. Combining theoretical and experimental results reveal that both acceptors possess large dipole moments that favor Δ
                    E
                    3
                    suppression. Notably, ZY‐SCF
                    3
                    ‐B2F, featuring a larger ESP difference at terminal carbon atoms, induces more ordered molecular packing and favorable phase separation morphology in the ternary blend. This leads to synergistic enhancements in open‑circuit voltage, short‑circuit current density, and fill factor, ultimately delivering an outstanding efficiency of 20.53%. This work elucidates the critical role of local ESP distribution in determining material properties and provides a simple yet effective theoretical guideline for developing highly efficient ternary OSCs.",crossref,0
Electron‐Donating Aminosilane Bridging Enables General Access to Full‐Color Aqueous Phosphorescent Nanospheres,https://onlinelibrary.wiley.com/doi/10.1002/anie.7868412?af=R,Wiley: Angewandte Chemie International Edition: Table of Contents,2026-09-21 07:34:13 UTC,2026-09-21 07:34:13+00:00,10.1002/anie.7868412,Jing Wang,"ABSTRACT
                  
                    The pursuit of a universal and efficient strategy for converting organic molecules into aqueous‐phase phosphorescent nanoparticles (PNPs) exhibiting prolonged afterglow and uniform morphology represents a persistent challenge in materials chemistry. In this study, we report a general in situ silanization platform that enables the integration of organic precursors into silica‐based matrices via an aminosilane‐mediated “bridge”, yielding monodisperse, size‐tunable (10∼320 nm) full‐color PNPs with emission spanning blue‐purple to red. Aminosilanes with electron‐donating characteristics not only promote an intramolecular charge transfer (ICT) state to enhance intersystem crossing (ISC) efficiency but also facilitate the encapsulation of silanized anhydride within silica frameworks (ASLs@SiO
                    2
                    ), effectively shielding the emitters from aqueous and oxygen quenching. Orthogonal screening across 14 anhydrides and 12 aminosilanes validated the strategy's universality, achieving full‐color afterglow with a maximum lifetime of 1128.07 ms and a quantum yield of 24.04%. Furthermore, to precisely control dispersion and size, two distinct ASLs@SiO
                    2
                    architectures were engineered: one embedding silanized anhydride within a concentric silica interlayer, and another infusing it into dendritic porous silica spheres. This scalable, low‐cost synthesis (∼$1 per 150 g) underscores the commercial viability of the approach and establishes a new approach for designing high‐performance aqueous‐phase PNPs.",crossref,0
"Methoxy‐Directed, Lithium‐Free One‐Shot Borylation for Tetraboron‐, Pyridinic and Amino Nitrogen‐Integrated PAHs With Ultra‐Narrowband Thermally Activated Delayed Fluorescence",https://onlinelibrary.wiley.com/doi/10.1002/anie.8471593?af=R,Wiley: Angewandte Chemie International Edition: Table of Contents,2026-09-21 07:34:18 UTC,2026-09-21 07:34:18+00:00,10.1002/anie.8471593,Xiao‐Hong Zhang,"ABSTRACT
                  Doping multiple boron and other heteroatoms into polycyclic aromatic hydrocarbons (PAHs) could induce the multiresonance effect and thus highly promising narrowband emitters, but their development is hindered by tricky synthesis. Here, we report the design and facile synthesis of a novel tetraboron–oxygen covalent bonds, nitrogen‐integrated PAH (QBO‐1) and its derivative with an additional pyridinic nitrogen doping (QBO‐Py) using the same methoxy‐directed, lithium‐free one‐shot borylation route on a gram scale. Both QBO‐1 and QBO‐Py emitters exhibit ultra‐narrowband violet emission with full width at half‐maximum (FWHM) values of 7.4 and 8.6 nm in toluene and 9.5 and 11.2 nm in organic light‐emitting diodes (OLEDs), respectively. The electroluminescent results of QBO‐1 represents the narrowest reported for organic systems in terms of in nanometers. Moreover, the strategically replacing the benzene‐core in QBO‐1 with a pyridine in QBO‐Py substantially reduced singlet‐triplet energy gap, thereby enabling QBO‐Py with evident thermally activated delayed fluorescence properties and leading to high external quantum efficiency of 14.5% in OLEDs. This work pioneers the integration of pyridinic nitrogen in multi‐boron PAHs, demonstrating its key role in simultaneously tuning the energy gap and suppressing spectral broadening, thus providing a new design route for high‐purity, high‐efficiency OLED emitters.",crossref,0
Synthesis of Large‐ and Medium‐Sized Heterobiaryl Atropisomeric Rings and Atropopeptides by Catalytic Intramolecular SNAr,https://onlinelibrary.wiley.com/doi/10.1002/anie.8290035?af=R,Wiley: Angewandte Chemie International Edition: Table of Contents,2026-09-21 07:35:20 UTC,2026-09-21 07:35:20+00:00,10.1002/anie.8290035,Paulo H. S. Paioti,"ABSTRACT
                  
                    We report the first examples of catalytic, intramolecular N‐heterocycle arylation by nucleophilic aromatic substitution (S
                    N
                    Ar), a general method for synthesis of highly strained macrocycles and medium‐sized heterobiaryl atropisomeric rings. Key to the approach is the ability to generate a strong base catalytically, as the desired cyclizations can be problematic under non‐catalytic conditions. Substitution reactions catalyzed by Brønsted bases often suffer from poor turnover because leaving groups are poorly basic. We put forth a process in which base regeneration does not depend on p
                    K
                    a
                    considerations, but on reaction of a fluoride catalyst (Lewis base) with an organosilane (base‐embedding electrophile). Our protocol is amenable to an unprecedented broad range of heterocycles and highly functionalized and sterically hindered fluoroarenes. Despite ring strain, direct formation of C─N stereogenic axis can be carried out with linear substrates unbiased for cyclization and with tryptophan‐containing peptides. We provide synthesis of drug‐like cyclic and atropisomeric molecules which are elusive in medicinal chemistry screenings, as well as a direct macrocyclization route toward stereochemically and structurally diverse atropopeptides, molecules inspired by bioactive and naturally occurring ribosomally synthesized post‐translationally modified peptides (RiPPs). This work establishes a unique disconnection toward cyclic heterobiaryl molecules and catalysis that is to unlock other transformations.",crossref,0
Pressure‐Induced Single‐Molecule Deformation Enables 208‐Fold Photoluminescence‐Intensity Enhancement in Zero‐Dimensional Copper Iodide Hybrids,https://onlinelibrary.wiley.com/doi/10.1002/anie.1615351?af=R,Wiley: Angewandte Chemie International Edition: Table of Contents,2026-09-21 07:38:52 UTC,2026-09-21 07:38:52+00:00,10.1002/anie.1615351,Hui Xu,"ABSTRACT
                  
                    Hybrid metal halides exhibit diverse excited‐state behaviors, yet the molecular‐level origin of pressure‐induced emission enhancement (PIEE) remains elusive. Here, we develop a rational molecular design strategy to isolate pressure‐induced single‐molecule deformation as the key factor of PIEE in 0D copper iodide hybrids. By systematically tuning the alkyl‐chain length of quaternary phosphonium cations, we construct a series of single crystals, (EtPPh
                    3
                    )
                    2
                    Cu
                    2
                    I
                    4
                    , (PrPPh
                    3
                    )
                    2
                    Cu
                    2
                    I
                    4
                    , and (BuPPh
                    3
                    )
                    2
                    Cu
                    2
                    I
                    4
                    , which exhibit distinct crystal‐packing modes and distortions while preserving a [Cu
                    2
                    I
                    4
                    ] emissive core. In this work, “single‐molecule deformation” refers to the pressure‐induced geometric evolution of an individual discrete [Cu
                    2
                    I
                    4
                    ]
                    2−
                    emissive unit within the crystal lattice. Pressure‐dependent structural, spectroscopic, kinetic, and theoretical analyses show that crystal packing and intermolecular interactions govern pressure transmission and suppress nonradiative relaxation, while deformation of the initially pre‐distorted [Cu
                    2
                    I
                    4
                    ]
                    2−
                    unit in (PrPPh
                    3
                    )
                    2
                    Cu
                    2
                    I
                    4
                    drives excited‐state reconfiguration and activates radiative decay. Consequently, its photoluminescence (PL) intensity reaches 208‐fold the ambient‐pressure value at 2.6 GPa, and the absolute photoluminescence quantum yield (PLQY) rises from 0.68% to 84.59%. These results identify single‐molecule deformation as the predominant structural origin of its high PIEE. Moreover, we demonstrate a power‐free preload‐sensing gasket and multilevel pressure‐encoded optical encryption, underscoring the application potential of pressure‐responsive luminescence.",crossref,0
Electrically Tunable Heliconical Smectic Superstructure in Polar Fluids (Adv. Mater. 53/2026),https://advanced.onlinelibrary.wiley.com/doi/10.1002/adma.74970?af=R,Wiley: Advanced Materials: Table of Contents,2026-09-21 10:42:27 UTC,2026-09-21 10:42:27+00:00,10.1002/adma.74970,Fumito Araoka,"Electrically Tunable Heliconical Smectic Superstructure In their Research Article (DOI: 10.1002/adma.74025), Hiroya Nishikawa, Fumito Araoka, and co-workers report a newly designed single-component achiral molecule exhibiting a hierarchical polar phase sequence. Three spiraling dragons embody the red, green, and blue reflective states of an electrically tunable polar heliconical smectic superstructure. An ultralow electric field reversibly tunes the helical pitch across the visible spectral range, while the central glow represents enhanced 532 nm second-harmonic generation. The work establishes polar heliconical smectics as a platform for ultralow-field control of photonic responses.",openalex,0
Design and Manufacturing Principles of Smart Fibers (Adv. Mater. 53/2026),https://advanced.onlinelibrary.wiley.com/doi/10.1002/adma.74968?af=R,Wiley: Advanced Materials: Table of Contents,2026-09-21 10:42:27 UTC,2026-09-21 10:42:27+00:00,10.1002/adma.74968,Kevin Kit Parker,"Design and Manufacturing Principles of Smart Fibers The cover illustrates smart fibers moving beyond passive structural roles toward responsive and intelligent systems. In this digital painting by Michael Rosnach, disorganized fiber strands evolve upward into increasingly organized, multifunctional fibers. In their Review (DOI: 10.1002/adma.73959), Kevin Kit Parker and co-workers present a fit-to-purpose framework connecting desired functions with structures and fabrication routes for smart fiber systems.",openalex,0
Biomimetic Surface Nanoengineering of Biodegradable Zn‐Based Membranes Enables Phase‐Specific Metal Ion Delivery for Synergistic Anti‐Infection and Bone Regeneration (Adv. Mater. 53/2026),https://advanced.onlinelibrary.wiley.com/doi/10.1002/adma.74969?af=R,Wiley: Advanced Materials: Table of Contents,2026-09-21 10:42:27 UTC,2026-09-21 10:42:27+00:00,10.1002/adma.74969,Yufeng Zheng,"Biomimetic Surface Nanoengineering of Biodegradable Zn-Based Membranes The cover depicts a biomimetic polydopamine nanohybrid coating on a biodegradable zinc membrane, enabling controlled phase specific release of zinc and copper ions. This synergistic action disrupts bacterial membranes, inhibits biofilm formation, and achieves potent antibacterial effects. The released ions also promote osteogenic differentiation and angiogenesis, matching the three-stage healing of alveolar bone defects for guided bone regeneration. More details can be found in the Research Article by Xuenan Gu, Lingtong Kong, Wenjie Hu, Yufeng Zheng, and co-workers (DOI: 10.1002/adma.202523183).",openalex,0
Angstrom‐Scale Confined Ion Sieve and Accelerator for Efficient Aqueous Zinc Batteries (Adv. Mater. 53/2026),https://advanced.onlinelibrary.wiley.com/doi/10.1002/adma.74972?af=R,Wiley: Advanced Materials: Table of Contents,2026-09-21 10:42:27 UTC,2026-09-21 10:42:27+00:00,10.1002/adma.74972,Junwu Zhu,"Angstrom-Scale Confined Ion Sieve and Accelerator The cover illustrates an angstrom-scale ion sieve and accelerator formed by stacked Ti0.87O2 nanosheets. Atomic Ti vacancies and confined interlayer free spacing create dual transport pathways that selectively accelerate desolvated Zn2+ while excluding H2O and SO42−. This precisely regulated Zn2+ flux suppresses parasitic reactions and dendrite growth, enabling highly reversible aqueous zinc-metal batteries. More details can be found in the Research Article by Pan Xiong, Guoxiu Wang, Junwu Zhu, and co-workers (DOI: 10.1002/adma.74289).",openalex,0
Heterogeneous Integration: Design Principles for Advanced Liquid Crystal Elastomers With Spatially Programmable Properties and Functionalities,https://advanced.onlinelibrary.wiley.com/doi/10.1002/adma.75020?af=R,Wiley: Advanced Materials: Table of Contents,2026-09-21 10:44:51 UTC,2026-09-21 10:44:51+00:00,10.1002/adma.75020,Yan Ji,"ABSTRACT
                  Liquid crystal elastomers (LCEs) uniquely merge liquid crystal anisotropy with rubbery elasticity, positioning them as cornerstone materials for soft actuators. As the field is progressing from laboratory demonstrations toward practical applications in soft robotics and biomedical devices, it is moving beyond the simple, uniform deformations toward advanced spatially programmable properties and integrated functionalities. The design principles underlying these advances lie in heterogeneous integration, defined as the intentional spatial design of chemical, structural, or orientational differences across a unified LCE system, permitting precise programming of differentiated actuation directions, mechanical gradients, and sequential responsiveness unattainable in homogeneous LCEs. Heterogeneous integration pervades almost all advances in alignment techniques, network engineering, and device assembly. This review categorizes the diverse achievements into three hierarchical strategies: heterogeneity in orientation, heterogeneity in polymer network architecture, and heterogeneous modular assembly. We systematically summarize the mechanistic origins, achievable precision, and functional outputs of each approach. Furthermore, we outline future directions from discrete patterning to continuous gradients, from single‐dimensional to multidimensional integration, and from static programming to adaptive evolution. This review establishes a coherent conceptual blueprint to guide the rational design of next‐generation intelligent LCE systems.",crossref,0
A Single Quasi‐Vertical van der Waals Heterostructure Memristor as Opto‐Reconfigurable Artificial Intelligence Hardware,https://advanced.onlinelibrary.wiley.com/doi/10.1002/adma.75098?af=R,Wiley: Advanced Materials: Table of Contents,2026-09-21 10:47:18 UTC,2026-09-21 10:47:18+00:00,10.1002/adma.75098,Jun He,"ABSTRACT
                  The explosive advancement of artificial intelligence (AI) has driven vast amounts of unstructured data that directly emerges at sensory interaction interfaces. Memristors with superior computing ability are among the most promising computing blocks. However, conventional vertical Metal/Resistive layer/Metal (V‐MRM) memristors tend to generate intense electric fields, suffer from limited sensory response, inflexible, and rigid functional modes, as well as long‐standing variability and overshoot issues. Here, we present an unconventional two‐terminal quasi‐vertical (QV) van der Waals heterostructure (vdWH) memristor as opto‐reconfigurable hardware. Unlike the V‐MRM memristor with a strong, rigid vertical electric field, this QV‐vdWH memristor realizes a significantly softened, tunable electric field, enabling parametric configurable and wavelength‐dependent reconfigurable modes across nonvolatile/volatile memory, neurons, synapses, and optical perception. Moreover, the light‐memristive switching‐vdWH coupling triggers a super‐additive synergistic enhancement of memristive performance (&gt; 100‐fold) and photoresponse (&gt; 3000‐fold). Meanwhile, the long‐standing variability and overshoot issues are overcome, yielding ultra‐uniform memristive behavior with even a single‐valued distribution. Leveraging the opto‐reconfigurability, high‐accuracy object tracking, and human motion recognition (∼96.8%) are successfully performed. Breaking through the inherent functional limitation of the conventional V‐MRM memristive structure, the QV‐vdWH memristor provides a flexible, opto‐reconfigurable hardware platform for emerging computing paradigms, and AI applications.",crossref,0
Electrolyte Microenvironment and Alloy Interface Synergy Enables Wide‐Temperature Aqueous Aluminum‐Ion Batteries From −30 to 50°C,https://advanced.onlinelibrary.wiley.com/doi/10.1002/aenm.71616?af=R,Wiley: Advanced Energy Materials: Table of Contents,2026-09-21 11:31:03 UTC,2026-09-21 11:31:03+00:00,10.1002/aenm.71616,Jia Hong Pan,"ABSTRACT
                  
                    Aqueous aluminum‐ion batteries (AAIBs) have attracted interest due to the high abundance, low cost, and high theoretical capacity of aluminum. However, their development is hindered by limited electrolyte stability, severe corrosion and passivation of the Al anode, and sluggish Al
                    3+
                    diffusion kinetics, particularly under temperature extremes. Herein, an electrolyte–anode coupled strategy is developed by combining a hydrated eutectic electrolyte with an electrodeposited Al‐Zn alloy anode. The optimized electrolyte, denoted as AETH30, is composed of Al(ClO
                    4
                    )
                    3
                    ·9H
                    2
                    O, ethylene glycol (EG), triethyl phosphate (TEP), and H
                    2
                    O at a molar ratio of 1:6:4:30. EG and TEP reorganize the hydrogen‐bond network and establish a dynamic mixed Al
                    3+
                    solvation environment, reducing water‐dominated coordination and suppressing parasitic reactions. Electrolyte‐derived interfacial species improve surface stability, while the Al‐Zn alloy lowers interfacial resistance and facilitates reversible plating/stripping. Benefiting from the complementary regulation of the electrolyte microenvironment and alloy‐anode interface, the Al‐Zn || AETH30 || PANI full cell retains 88.81 mAh g
                    −1
                    after 1700 cycles at 25°C. It also maintains capacities of 53.96 and 81.47 mAh g
                    −1
                    after 850 cycles at −30°C and 1000 cycles at 50°C, respectively. This work demonstrates an electrolyte microenvironment and alloy interface synergy strategy for durable AAIBs capable of wide‐temperature operation.",crossref,0
Complex Makes It Powerful: From Unidirectional to Bidirectional via Synergistic Volatile Solid Additives Enabling 20.16% Efficient and Stable Organic Solar Cells,https://advanced.onlinelibrary.wiley.com/doi/10.1002/aenm.71615?af=R,Wiley: Advanced Energy Materials: Table of Contents,2026-09-21 11:32:18 UTC,2026-09-21 11:32:18+00:00,10.1002/aenm.71615,Chuanlang Zhan,"ABSTRACT
                  Traditional volatile solid additives (VSAs) often regulate only the donor or acceptor phase, limiting synergistic microstructure optimization. Here, we report two halogenated nitrobenzene‐based additives, 3,5‐dichloronitrobenzene (DCNB) and 3,5‐dibromonitrobenzene (DBNB), that enable bidirectional regulation of both components. Owing to their anisotropic electrostatic potential and large dipole moments, they simultaneously promote ordered crystallization of donor D18 and enhanced packing of acceptor L8‐BO. Characterizations confirm improved molecular ordering and optimized phase separation, forming a favorable interpenetrating network. Consequently, D18:L8‐BO devices with DCNB and DBNB achieve power conversion efficiencies of 20.16% and 19.80%, respectively, versus 17.87% for the control. The 20.16% efficiency ranks among the highest for binary OSCs processed with volatile solid additives. Charge dynamics and transient absorption spectroscopy reveal enhanced exciton dissociation, suppressed recombination, and accelerated interfacial hole transfer. This strategy also shows broad universality across multiple D‐A systems, retaining &gt;90% initial efficiency after 1000 h. This work unveils a bidirectional synergistic regulation mechanism and offers new insights into morphology engineering for stable, high‐efficiency OSCs.",crossref,0
Intermolecular Hydrogen Bonds Inducing Paramagnetism for Nondestructive CEST Imaging of Nitric Oxide,https://advanced.onlinelibrary.wiley.com/doi/10.1002/adma.75063?af=R,Wiley: Advanced Materials: Table of Contents,2026-09-21 13:37:26 UTC,2026-09-21 13:37:26+00:00,10.1002/adma.75063,Xiangming Fang,"ABSTRACT
                  
                    Nondestructive monitoring of nitric oxide (NO) generation is crucial for understanding its biological functions and therapeutic effects in vivo, but most existing NO probes interfere with its physiological activity. Here, we propose a novel strategy of intermolecular hydrogen bonds inducing paramagnetism (HIP), which facilitates nondestructive detection of exogenous NO using chemical exchange saturation transfer (CEST) imaging in vivo. Arg–Cu (II) assembles into a copper (II)‐carboxylate complex that propagates magnetic dipole–dipole interactions through intermolecular hydrogen bonds, thereby shifting the chemical exchange saturation transfer (CEST) signal of arginine to 34.0 ppm. Upon arginine metabolism and NO release, the intermolecular hydrogen bonds between Arg–Cu (II) units are cleaved. This results in an increase in electron density around Cu
                    2+
                    (from 0.96 to 1.10), shortening of the T
                    1
                    relaxation time (from 2684.30 to 1975.70 ms), and a subsequent decrease in proton exchange rate (from 1230.89 to 410.85 s
                    −1
                    ). This approach facilitates nondestructive detection of exogenous NO concentrations as low as 1.02 µM in vitro and 1.24 µM in vivo. A significant correlation between CEST signals and NO‐associated
                    Ccnd2
                    expression further supports its NO‐responsive imaging capability. By minimizing interference with physiological processes, this strategy offers a reliable platform for dynamic, nondestructive NO monitoring, advancing precision molecular imaging.",crossref,0
Perovskite Photodetectors With Customizable Frequency Response,https://advanced.onlinelibrary.wiley.com/doi/10.1002/adma.75093?af=R,Wiley: Advanced Materials: Table of Contents,2026-09-21 13:42:14 UTC,2026-09-21 13:42:14+00:00,10.1002/adma.75093,Liang Li,"ABSTRACT
                  
                    Photodetectors in emerging optoelectronic systems are increasingly required to deliver application‐defined transfer characteristics rather than merely high responsivity or fast response. Existing response‐engineering strategies mainly operate in the wavelength or intensity domains, but often increase source‐side complexity, power consumption, and sensitivity to optical‐path fluctuations. Here we introduce a frequency‐centric strategy for response modulation. By combining a time‐integrated‐charge‐based alternating‐current‐to‐direct‐current (AC–DC) mapping with continuous tuning of the built‐in electric fields across heterojunction regions with antagonistic photoresponses, the transfer function becomes customizable in the frequency domain. Using lead‐halide perovskites as a model platform, we demonstrate bipolar responses for image‐processing, nonlinear responses for neuromorphic activation‐function emulation, and selective responses for anti‐interference free‐space optical communication. The selective‐response device suppresses stray illumination by more than three orders of magnitude, while the transmitter can be implemented using a conventional laser diode driven by a function generator. The extension of this strategy to PbS and PbI
                    2
                    ‐based systems supports its material generality, indicating a general route to photodetectors with application‐defined response characteristics.",crossref,0
Selective Laser Sintering and Graphitization for Mono‐Matrix Unibody Fabrication of Integrated Stereo‐Circuit and Stereo‐Fluidic Wearable Electronics,https://advanced.onlinelibrary.wiley.com/doi/10.1002/adma.75075?af=R,Wiley: Advanced Materials: Table of Contents,2026-09-21 13:46:25 UTC,2026-09-21 13:46:25+00:00,10.1002/adma.75075,Wing Cheung Mak,"ABSTRACT
                  Wearable integrated electronic devices for biomedical, robotics, and sensing applications require greater compactness and functional complexity while maintaining wearability. However, seamlessly integrating electronic and microfluidic components remain challenging due to fabrication heterogeneity, material mismatches, and complex assembly requirements. In this study, we present an innovative selective laser sintering and graphitization (SLSG) 3D printing technology that enables seamless integration of 3D circuits (stereo‐circuits) and 3D fluidic channels (stereo‐fluidics). SLSG achieves unibody, autonomous mono‐matrix fabrication through adaptive photonic modulation of carbon‐rich precursors (e.g., polyetheretherketone (PEEK) powder), simultaneously creating insulating sintered structures and conductive graphitized patterns with conductivity up to 1,895 S/m, yielding 7.64‐fold higher electrochemical performance than classic glassy carbon electrodes (GCEs). Using SLSG, we fabricated a watch‐type wearable unibody multimodal microfluidic biosensor (UMMB) with integrated electrochemical biosensors for on‐body sweat metabolite monitoring. UMMB incorporates stereo‐circuits for sensing and signal routing, plus stereo‐fluidic channels for sweat respiration, achieving effective lactate and glucose sensing. The device demonstrates excellent sensitivities of 29.43 and 16.86 µA/mM for detecting lactate and glucose, respectively, while exhibiting nondetectable interference or circuit‐fluidic crosstalk. This novel SLSG 3D printing technology introduces a transformative unibody approach to fabricate multifunctional bioelectronic‐fluidic platform for integrated point‐of‐care devices, wearable sensors/biosensors, actuators, advanced theranostics, and personalized biomedical devices.",crossref,0
Fine Tuning of Catalyst Active Sites to Access Advanced Ultrahigh‐Melting Polyolefins,https://onlinelibrary.wiley.com/doi/10.1002/anie.9519061?af=R,Wiley: Angewandte Chemie International Edition: Table of Contents,2026-09-21 15:22:04 UTC,2026-09-21 15:22:04+00:00,10.1002/anie.9519061,Claudio De Rosa,"ABSTRACT
                  Polyolefins with melting temperatures above 200°C are rare, as their synthesis typically relies on the polymerization of highly sterically congested α‐olefins, which is challenging for both industrial Ziegler–Natta and homogeneous catalysts. Pyridylamido‐Hf complexes are molecular catalysts known for their high activity and ability to incorporate sterically demanding monomers, for example, allyltrimethylsilane (ATMS) giving isotactic poly(allyltrimethylsilane) with a melting temperature of 310°C and high turnover frequency. However, they are unable to polymerize efficiently monomers such as vinylcyclohexane (VCH) or 4,4‐dimethyl‐1‐pentene (44DMP). In this study, we report a novel synthetic strategy that enables the polymerization of such sterically challenging monomers, based on a pre‐activation of the Hf catalyst by using ATMS as ligand modifier in situ. We show that ATMS acts as an effective pre‐activator of the Hf complex, enabling controlled formation of highly active species and unlocking the polymerization of sterically demanding α‐olefins. This afforded the first synthesis of isotactic poly(4,4‐dimethyl‐1‐pentene) with an unprecedented melting temperature of 420°C, and efficient polymerization of VCH and 3‐methyl‐1‐butene. These findings demonstrate how the tuning of the pyridylamido‐Hf active species through rational choice of the activating monomer can be leveraged to expand the access to ultrahigh melting temperature polyolefins.",crossref,0
Unlocking High‐Performance Te‐Free p‐Type Thermoelectrics via Cu Doping in Entropy‐Engineered Cd0.5Zn0.5Sb Zintl,https://onlinelibrary.wiley.com/doi/10.1002/anie.7271276?af=R,Wiley: Angewandte Chemie International Edition: Table of Contents,2026-09-21 15:23:27 UTC,2026-09-21 15:23:27+00:00,10.1002/anie.7271276,Liangwei Fu,"ABSTRACT
                  
                    Zintl phases are crucial for Te‐free power generation and electrical cooling modules, which are considered next‐generation thermoelectric (TE) technology. While n‐type Zintl materials, such as Mg
                    3
                    Sb
                    2
                    , have achieved remarkable performance, their p‐type counterparts are restricted by electron‐phonon coupling. This work demonstrates a cost‐effective p‐type CdSb‐based Zintl material with high TE performance. We find that applying entropy engineering can sharply enhance the solid solubility of Cu in CdSb. Cu doping in entropy‐engineered Cd
                    0.5
                    Zn
                    0.5
                    Sb raises carrier concentration. More importantly, Cu boosts carrier mobility to about 222 cm
                    2
                    V
                    −1
                    s
                    −1
                    by screening ionized impurity scattering and enhancing covalent bonding across the cleavage plane along the [1 0 0] direction. Additionally, Cu doping induces dislocation scattering and lattice softening, significantly reducing lattice thermal conductivity. As a result, the Cd
                    0.46
                    Cu
                    0.04
                    Zn
                    0.5
                    Sb material achieves a high
                    ZT
                    of 1.5 at 573 K. Its high performance is verified by integrated TE devices. This work validates Cd
                    1−
                    
                      x
                    
                    Zn
                    
                      x
                    
                    Sb Zintl phases as highly efficient p‐type TE materials for practical applications.",crossref,0
From Stable Radicals to Radical‑Trapping Antioxidants: Blatter Radicals Potently Inhibit Autoxidation and Suppress Ferroptosis,https://onlinelibrary.wiley.com/doi/10.1002/anie.1404527?af=R,Wiley: Angewandte Chemie International Edition: Table of Contents,2026-09-21 15:26:04 UTC,2026-09-21 15:26:04+00:00,10.1002/anie.1404527,Zijun Wu,"ABSTRACT
                  Ferroptosis is a clinically important form of regulated cell death implicated in numerous degenerative pathologies, making the discovery of novel ferroptosis inhibitors of great translational interest. Radical‑trapping antioxidants (RTAs) effectively prevent lipid peroxidation (LPO) and constitute the largest and most important class of ferroptosis inhibitors. However, current approaches for compound discovery and mechanistic studies rely almost exclusively on phenolic or aromatic amine scaffolds, which are typically identified via labor‑intensive high‑throughput screening or adapted from classical antioxidants. Here, we demonstrate that Blatter radicals potently inhibit autoxidation and suppress ferroptosis. Beyond their intrinsic potent radical‑trapping capability, these compounds exhibit super‑stoichiometric activity in inhibiting (phospho)lipid peroxidation through an unusual catalytic cross‑dismutation of lipid peroxyl radicals (LOO•) and hydroperoxyl radicals (HOO•). Importantly, this potent chemical reactivity translates effectively into biological systems: Blatter radicals confer broad anti‑ferroptotic cytoprotection at low nanomolar concentrations, effectively protect against oxygen‑glucose deprivation/reperfusion (OGD/R) injury, and exert strong anti‑inflammatory effects in lipopolysaccharide (LPS)‑stimulated BV2 microglial cells. Collectively, our results highlight the unprecedented versatility of Blatter radicals—extending from stable radicals to RTAs—and validate a rational design strategy for potent ferroptosis inhibitors.",crossref,0
Glutaredoxins Rapidly Reduce Glutathione Hydroper‐ and Polysulfides,https://onlinelibrary.wiley.com/doi/10.1002/anie.1222129?af=R,Wiley: Angewandte Chemie International Edition: Table of Contents,2026-09-21 15:27:32 UTC,2026-09-21 15:27:32+00:00,10.1002/anie.1222129,Marcel Deponte,"ABSTRACT
                  
                    Hydropersulfides have gained attention as excellent biochemical nucleophiles and membrane‐protective radical scavengers. They form perthiyl radicals, which terminate radical chain reactions through self‐recombination, yielding polysulfides. It is currently unknown exactly how polysulfides are subsequently reduced. Using stopped–flow kinetic measurements in combination with mass spectrometry, we show that the model class I glutaredoxin from
                    Plasmodium falciparum
                    (PfGrx) rapidly reduces the polysulfides glutathione trisulfide (GS
                    3
                    G) and tetrasulfide (GS
                    4
                    G), yielding glutathionylated PfGrx and the corresponding glutathione hydropersulfide (GSSH) and hydrotrisulfide (GS
                    3
                    H). The second‐order rate constants of these reductions ≥10
                    7
                    M
                    −1
                    s
                    −1
                    are even slightly higher than for glutathione disulfide (GSSG). In contrast, PfGrx was inactive or only moderately active toward cystine or cysteine trisulfide. GSSH and GS
                    3
                    H are further reduced by PfGrx with second‐order rate constants on the order of 10
                    6−
                    10
                    7
                    M
                    −1
                    s
                    −1
                    , yielding glutathionylated PfGrx and hydrogen sulfide (H
                    2
                    S) or hydrogen disulfide (H
                    2
                    S
                    2
                    ), respectively. Thus, glutaredoxins specifically recognize the glutathione moiety of glutathione (hydro)per/polysulfides. Since reduced glutathione (GSH) rapidly reduces glutathionylated glutaredoxins, glutathione (hydro)per/polysulfides are efficiently converted to GSSG and H
                    2
                    S or the corresponding hydrogen polysulfides. As a consequence, the steady‐state concentration of glutathione (hydro)per/polysulfides should be tightly controlled in subcellular compartments containing active glutaredoxins and high GSH concentrations.",crossref,0
Tailoring and Unraveling Surface Functionalization of Nanomaterials via Self‐Reporting NIR‐Induced Upconversion Energy Transfer Process,https://onlinelibrary.wiley.com/doi/10.1002/anie.4453766?af=R,Wiley: Angewandte Chemie International Edition: Table of Contents,2026-09-21 15:32:24 UTC,2026-09-21 15:32:24+00:00,10.1002/anie.4453766,Xinchang Pang,"ABSTRACT
                  The surface functionalization chemistry of nanomaterials remains a black box, where the dynamic modification process is conventionally imperceptible, which severely limits the rational design of advanced nanohybrids. Herein, a holistic strategy that transforms upconversion nanorods (UCNR) surface functionalization from an empirically treated outcome into an optically self‐reporting process via near‐infrared (NIR)‐mediated photoinduced electron/energy transfer‐reversible addition‐fragmentation chain transfer (PET‐RAFT) polymerization is present. This three‐in‐one design, where the UCNR concurrently acts as a NIR‐harvesting antenna, polymerization substrate, and optical signaling unit, enables the precise, temporally controlled growth and monitoring of polymer shells with tunable thickness and grafting density. Critically, a linear correlation between the evolving polymer shell architecture and the upconversion luminescence intensity was unraveled, thereby turning the optical signal into a real‐time, nondestructive probe that reveals the invisible surface modification process. Building upon this self‐monitoring capability, the polymer brushes were further engineered to template the in situ growth of gold nanoparticles, establishing a cascaded energy transfer pathway for efficient photothermal conversion. Using the nanohybrids as a built‐in ratiometric fluorescent nanothermometer, the nanohybrid enables real‐time temperature feedback during NIR irradiation as precise nanothermometry. This work establishes a new paradigm for creating intelligent, self‐sensing nanoplatforms with profound implications for precision theranostics and adaptive photonic materials.",crossref,0
Gain‐of‐Function Engineering of the NifEN Scaffold Into a Self‐Assembling Nitrogenase,https://onlinelibrary.wiley.com/doi/10.1002/anie.8683437?af=R,Wiley: Angewandte Chemie International Edition: Table of Contents,2026-09-21 15:33:32 UTC,2026-09-21 15:33:32+00:00,10.1002/anie.8683437,Yilin Hu,"ABSTRACT
                  
                    Biological nitrogen fixation by Mo‐nitrogenase is a complex process requiring coordinated electron transfer through specialized metal clusters. NifEN, an α
                    2
                    β
                    2
                    heterotetrameric homolog of the nitrogenase catalytic component NifDK, naturally serves as a maturation scaffold but exhibits only trace catalytic activity due to its “imperfect” cluster environments. In this study, we systematically engineered NifEN to reconstruct the structural features of NifDK, specifically targeting the P→M cluster electron relay and the active‐site M‐cluster environment. Specifically, we developed a series of variants, culminating in NifEN
                    P/M_S2B
                    , which incorporates a restored P‐cluster species and a refined M‐cluster coordination site and S2B‐associated belt region. Spectroscopic analysis confirmed the successful installation of the target clusters. Moreover, activity assays and nanoSIMS analysis demonstrated that NifEN
                    P/M_S2B
                    supported ATP‐dependent N
                    2
                    reduction both in vitro and in vivo. Structural modeling further identified remaining catalytic bottlenecks, particularly those in the S3A and S5A regions, highlighting the importance of precise cofactor belt organization for substrate reduction. Together, these findings establish NifEN as a self‐assembling, catalytically competent nitrogenase scaffold that bypasses the need for complex cofactor transfer steps, providing a streamlined platform for mechanistic studies and engineering efforts of biological nitrogen fixation.",crossref,0
Bidentate Phosphonate Bridges Enable Buried Interface Reconstruction for Thermomechanically Robust Sn–Pb Perovskite Solar Cells,https://onlinelibrary.wiley.com/doi/10.1002/anie.7907592?af=R,Wiley: Angewandte Chemie International Edition: Table of Contents,2026-09-21 15:34:20 UTC,2026-09-21 15:34:20+00:00,10.1002/anie.7907592,Zhongmin Zhou,"ABSTRACT
                  Tin–lead (Sn–Pb) mixed perovskite solar cells (PSCs) are promising for high‐efficiency tandem photovoltaics. However, substantial temperature fluctuations during device operation generate mechanical stresses that, coupled with insufficient adhesion at the perovskite/hole transport layer (HTL) interface, induce perovskite cracking and interfacial delamination. These structural degradations hinder efficient hole extraction and compromise long‐term device stability. In this study, we introduce 1,2‐ethylenediphosphonic acid (EDPA) as an interfacial molecular bridge to reconstruct the contact interface between the perovskite and HTL. The terminal phosphonic acid groups of EDPA simultaneously anchored to poly(3,4‐ethylenedioxythiophene)(styrenesulfonate) (PEDOT:PSS) and coordinated with B‐site metal ions in the perovskite, enhancing interfacial adhesion and generating pre‐compressive stress during film formation, effectively counteracting thermally induced tensile stress during device operation. Concurrently, EDPA disrupts the intrinsic electrostatic interactions within HTL via hydrogen‐bonding interactions, facilitating the segregation of insulating PSS chains, exposing the conductive PEDOT network, and reconstructing a more efficient hole‑extraction interface. Given these synergistic mechanical and electrical enhancements, the optimized PSC achieves a 23.96% power conversion efficiency (PCE), retaining 90.4% of its initial efficiency after 1200 h of thermal cycling (25°C–85°C). This study establishes a buried‐interface reconstruction strategy for realizing thermomechanically robust Sn–Pb perovskite photovoltaics under practical operating conditions.",crossref,0
Two‐Dimensional SnS2 Interlayers Enable Vacancy‐Guided Ion Migration for Stable Diffusive Memristors and Bioinspired Nociception,https://onlinelibrary.wiley.com/doi/10.1002/anie.6605459?af=R,Wiley: Angewandte Chemie International Edition: Table of Contents,2026-09-21 15:38:12 UTC,2026-09-21 15:38:12+00:00,10.1002/anie.6605459,Jinshi Zhao,"ABSTRACT
                  
                    The realization of sophisticated autonomous interaction in humanoid robots is currently constrained by the complexity and stochasticity of conventional sensory hardware. Volatile memristors provide a promising biomimetic alternative; however, their performance is often limited by uncontrolled ionic dynamics in disordered oxides. Here, we report two‐dimensional SnS
                    2
                    interlayers as an effective platform for vacancy‐guided ion migration in oxide‐based diffusive memristors. A solution‐processed SnS
                    2
                    layer with tunable sulfur vacancy density is introduced into an Ag/TaO
                    
                      x
                    
                    /SnS
                    2
                    /ITO heterostructure to regulate filament formation. Under electrical bias, sulfur vacancies of SnS
                    2
                    layer locally enhance the electric field and provide deterministic pathways for Ag
                    +
                    migration. This enables atomic‐scale confinement of conductive filaments, resulting in highly uniform threshold switching (variability ≈ 10.9%), ultralow switching energy (∼ 10.9 pJ), and stable operation over 5,000 cycles. Furthermore, modulation of the vacancy landscape allows dynamic reconfiguration of switching polarity, enabling a transition from unidirectional to bidirectional volatile switching. Beyond improved electrical performance, the devices reproduce key nociceptive behaviors and can be integrated into an 8 × 8 crossbar array to achieve spatially resolved perception of mechanical stimuli.",crossref,0
A Ruthenium(CAAC‐5) Olefin Metathesis Catalyst for Bioconjugation,https://onlinelibrary.wiley.com/doi/10.1002/anie.3685338?af=R,Wiley: Angewandte Chemie International Edition: Table of Contents,2026-09-21 15:41:13 UTC,2026-09-21 15:41:13+00:00,10.1002/anie.3685338,Thomas R. Ward,"ABSTRACT
                  Olefin metathesis is a powerful transformation for carbon–carbon bond formation, yet its application in biological settings is challenged by the instability of most ruthenium catalysts in aqueous media. Herein, we report a Ru(CAAC‐5) olefin metathesis catalyst bearing a functional handle for bioconjugation. The resulting hybrid catalyst catalyzes ring‐closing metathesis (RCM) and displays extended lifetimes in aqueous media. Functionalized CAAC‐5 ligands bearing a protected aniline linker were prepared via enamine alkylation and coordinated to ruthenium to afford the corresponding Ru(CAAC‐5) complex. In a benchmark RCM reaction under biologically relevant conditions, the ruthenium complex exhibits enhanced catalytic robustness and reaches turnover numbers of up to 600. Deprotection of an amine‐functionalized handle enables the bioconjugation to proteins and peptides. Using this platform, the catalyst was anchored to biomolecules through supramolecular anchoring to human carbonic anhydrase II (hCA II), click conjugation to peptides (SS01), and covalent attachment to ubiquitin (Ubi). To the best of our knowledge, this aniline‐functionalized Ru(CAAC‐5) complex is the first CAAC‐bearing metathesis catalyst amenable to bioconjugation, while retaining the prolonged catalytic activity characteristic of CAAC‐based systems in aqueous media.",crossref,0
Role of Graphene Oxide in the Nucleation and Growth of Gold Nanoparticles Revealed by Operando Time‐Resolved Studies,https://onlinelibrary.wiley.com/doi/10.1002/anie.6455772?af=R,Wiley: Angewandte Chemie International Edition: Table of Contents,2026-09-21 15:48:15 UTC,2026-09-21 15:48:15+00:00,10.1002/anie.6455772,Samy Remita,"ABSTRACT
                  
                    Understanding nanoparticle growth in complex composite systems remains a central challenge in materials chemistry. Herein, we elucidate the stepwise formation mechanism of gold nanoparticles (AuNPs) in graphene oxide (GO) aqueous systems under well‐defined reductive conditions. Pulse radiolysis reveals that GO significantly accelerates AuCl
                    4
                    −
                    reduction by hydrated electrons (
                    e
                    aq
                    −
                    ), thereby altering early‐stage kinetics. Operando synchrotron small‐angle x‐ray scattering (SAXS) and time‐resolved UV–vis absorption spectroscopy enable direct observation of AuNP nucleation and growth. Au(III) reduction precedes GO reduction, and nascent Au clusters preferentially anchor at GO edges through interactions with carboxyl groups, resulting in anisotropic, size‐constrained growth. As GO becomes progressively reduced, depletion of oxygen‐containing functional groups weakens interfacial stabilization and promotes nanoparticle coalescence. This stepwise mechanism integrates kinetic, spectroscopic, structural, and theoretical evidence, identifying GO as both a kinetic modulator and a spatial growth regulator. The insights provide general design principles for size‐controlled nanoparticle growth in graphene‐based composite systems.",crossref,0
Regeneration‐Optimized Chemisorbents: Evaluating Hybrid Coordination Networks for Atmospheric Water Harvesting,https://onlinelibrary.wiley.com/doi/10.1002/anie.6095254?af=R,Wiley: Angewandte Chemie International Edition: Table of Contents,2026-09-21 15:54:48 UTC,2026-09-21 15:54:48+00:00,10.1002/anie.6095254,Michael J. Zaworotko,"ABSTRACT
                  
                    Atmospheric water harvesting (AWH) can be enabled by solid desiccants that exhibit S‐shaped adsorption isotherms with one or more steps at low relative humidity (RH, &lt;30%) and mild regeneration temperatures (&lt;60°C). There remains a dearth of such regeneration‐optimized sorbents (ROSs), which thus far are limited exclusively to physisorbents mainly because chemisorbents typically require elevated temperatures for water recovery. Herein, the first comprehensive water sorption study of the
                    SIFSIX‐3‐Ni
                    family of hybrid coordination networks (HCNs) and a new, related family of HCNs, reveals a shared cooperative chemisorption mechanism with markedly different RH thresholds and regeneration requirements. Whereas the
                    SIFSIX‐3‐Ni
                    family operates outside the RH and regeneration limits of ROSs, four
                    M′FSIX‐25‐M
                    analogues (M = Co
                    2+
                    , Ni
                    2+
                    ; M' = Si
                    4+
                    , Ti
                    4+
                    ,
                    25
                    = 1,4‐bis(imidazol‐1‐yl)naphthalene) exhibit both low‐RH chemisorption and regeneration from 34‐44°C. The lead regeneration optimized chemisorbent,
                    ROC‐1
                    (
                    TIFSIX‐25‐Ni
                    ), has a projected water‐harvesting productivity of ca. 3.5  L
                    sorbent
                    −1
                    d
                    −1
                    . Density functional theory calculations provide insight into the energetics and mechanism of hydration/dehydration in these first‐generation ROCs. This work establishes ROCs as a new class of desiccants that offers reversible chemisorption within the low‐RH and mild‐regeneration conditions relevant to AWH in arid environments.",crossref,0
Small Molecule Modulation of TERRA RNA Quadruplex Reprograms ALT‐Telomere Maintenance,https://onlinelibrary.wiley.com/doi/10.1002/anie.2898522?af=R,Wiley: Angewandte Chemie International Edition: Table of Contents,2026-09-21 15:58:55 UTC,2026-09-21 15:58:55+00:00,10.1002/anie.2898522,Jyotirmayee Dash,"ABSTRACT
                  Telomeric repeat–containing RNA (TERRA) plays a central role in telomere maintenance in telomerase‐negative cancers that employ the alternative lengthening of telomeres (ALT) pathway; however, its RNA G‐quadruplex (rG4) structures remain underexplored as chemical targets. Here, we report a structure‐guided approach to selectively modulate TERRA rG4 using an indoloquinoxaline‐based small‐molecule scaffold. Biophysical analyses confirm high‐affinity and selective binding, while NMR and computational studies identify terminal tetrad stacking as the dominant binding mode of the ligand to the TERRA rG4. Ligand engagement disrupts the TERRA–Telomeric Repeat‐Binding Factor 2 (TRF2) interaction (ELISA, EMSA) and alters TERRA abundance (qRT‐PCR). Transcriptomic (RNA‐seq) analysis reveals ligand‐induced differential expression of ALT‐associated genes and DNA metabolism pathways. In ALT‐positive U2OS cells, the ligand localizes to the nucleus, induces telomere‐associated DNA damage, and triggers S‐phase arrest and apoptosis. These findings establish TERRA rG4 as a chemically addressable structural element in ALT biology and demonstrate the potential of small molecules to probe and modulate long non‐coding RNA (lncRNA)‐mediated genome maintenance.",crossref,0
"Corrigendum to “Marginal curtailment of wind and solar PV: Transmission constraints, pricing and access regimes for efficient investment” [Energy Pol. 191 (2024) 114206]",https://www.sciencedirect.com/science/article/pii/S0301421526005379?dgcid=rss_sd_all,ScienceDirect Publication: Energy Policy,2026-09-22 00:00:00 UTC,2026-09-22 00:00:00+00:00,,Darryl R. Biggar,,,0
"Does geopolitical risk shape green hydrogen innovation? Policy ecosystem, governance, energy poverty, and global heterogeneity in an age of fragmentation",https://www.sciencedirect.com/science/article/pii/S0301421526005331?dgcid=rss_sd_all,ScienceDirect Publication: Energy Policy,2026-09-22 00:00:00 UTC,2026-09-22 00:00:00+00:00,,Brahim Bergougui,,,0
Club convergence in energy poverty of Belt and Road Initiative countries: The role of China's outward foreign direct investment,https://www.sciencedirect.com/science/article/pii/S0301421526005513?dgcid=rss_sd_all,ScienceDirect Publication: Energy Policy,2026-09-22 00:00:00 UTC,2026-09-22 00:00:00+00:00,,Dan Yang,,,0
Urban energy and transport impacts of autonomous robotaxi deployment,https://www.nature.com/articles/s41893-026-01944-2,Nature Sustainability,2026-09-22 00:00:00 UTC,2026-09-22 00:00:00+00:00,10.1038/s41893-026-01944-2,Zhiyuan Liu,"Autonomous mobility is increasingly entering commercial urban transport services through robotaxi fleets, while its impacts on urban transport and energy sustainability remain uncertain. Here, using more than 4 million order records from human-driven taxis and robotaxis in Wuhan, we examine how fully driverless ride-hailing interacts with existing mobility systems and shapes operational energy demand. Robotaxi activity spatially overlaps with human-driven taxi demand, indicating potential competition within on-demand mobility markets. Compared with human-driven taxis, robotaxi trips exhibit lower station-to-station ratios within metro- and bus-station catchments (46.9% and 61.6%, respectively), suggesting a more complementary relationship to public transit. Robotaxi operations concentrate on less complex street networks, and incorporating network complexity into the demand model improves predictive performance. Under an upper-bound dispatch and ride-sharing optimization scenario, the required fleet size could be reduced by 62.5% and daily energy consumption by 44.8%. These empirical findings provide support for aligning robotaxi deployment with urban sustainability goals.",nature_html,0
Author Correction: Increased shallower tropical cyclones under extreme warm climates,https://www.nature.com/articles/s41467-026-78084-w,Nature Communications,2026-09-22 00:00:00 UTC,2026-09-22 00:00:00+00:00,10.1038/s41467-026-78084-w,Zikun Ren,"In the version of this article initially published, there was a typographical error in the legend to Fig. 3, where in the text now reading “Cyclone-related environments are calculated as averages within a 12° radius of the cyclone center,” 12° appeared originally as “12 km.” The errors are corrected in the HTML and PDF versions of the article.",openalex,0
Retraction Note: Global energy use and carbon emissions from irrigated agriculture,https://www.nature.com/articles/s41467-026-77951-w,Nature Communications,2026-09-22 00:00:00 UTC,2026-09-22 00:00:00+00:00,10.1038/s41467-026-77951-w,Lorenzo Rosa,,,0
Author Correction: Self-referencing ultrafast wide-field pump-probe microscopy,https://www.nature.com/articles/s41467-026-78086-8,Nature Communications,2026-09-22 00:00:00 UTC,2026-09-22 00:00:00+00:00,10.1038/s41467-026-78086-8,Elad Harel,"Following publication of this article, the authors became aware of a related study by Hörmann, M. et al. (Self-referencing for quasi shot-noise-limited widefield transient microscopy, Optics Express 32 , 21230–21242 (2024), https://doi.org/10.1364/OE.525581 ) describing a self-referencing approach for wide-field transient microscopy. That work focuses on flat-field referencing of signal-free regions to suppress probe-intensity fluctuations and achieve quasi shot-noise-limited detection. Our paper extends the broader concept of self-referencing to a correlation-based, pixel-resolved denoising and hyperspectral reconstruction framework that enables real-time ultrafast imaging of both electronic and vibrational dynamics. We thank Hörmann et al. for bringing their publication to our attention.",openalex,0
Magnetic memory accelerates combinatorial optimization,https://www.nature.com/articles/s41928-026-01713-1,Nature Electronics,2026-09-22 00:00:00 UTC,2026-09-22 00:00:00+00:00,10.1038/s41928-026-01713-1,Mark D. Stiles,,,0
Geopolitical risk exposure and innovation in the new energy vehicle industry: Policy implications for transport electrification,https://www.sciencedirect.com/science/article/pii/S0301421526005380?dgcid=rss_sd_all,ScienceDirect Publication: Energy Policy,2026-09-22 00:00:00 UTC,2026-09-22 00:00:00+00:00,,Boqiang Lin,,,0
A socio-techno-economic optimization model with behavioral participation for on-site PV and workplace V2G under capacity-payment peak shaving in the Russian electricity market,https://www.sciencedirect.com/science/article/pii/S0306261926015230?dgcid=rss_sd_all,ScienceDirect Publication: Applied Energy,2026-09-22 00:00:00 UTC,2026-09-22 00:00:00+00:00,,Marina Dolmatova,,,0
Sequential electronic reconstruction enables durable oxygen redox in water electrolysis,https://www.nature.com/articles/s41893-026-01940-6,Nature Sustainability,2026-09-22 00:00:00 UTC,2026-09-22 00:00:00+00:00,10.1038/s41893-026-01940-6,Junmin Xue,"Electrocatalytic water oxidation is central to green hydrogen production, but its efficiency is constrained by rigid scaling relationships governing conventional metal catalysts. Activating lattice-oxygen redox breaks these barriers, yet it often destabilizes the material, causing rapid degradation under demanding electrolysis conditions. Here we report a sequential reconstruction activation paradigm that enables sustained oxygen redox through electronically ordered lattice restructuring. Under anodic polarization, initial Se leaching from a Cr2O3/NiSe2 precursor broadens the eg&#x2217;"" role=""presentation"">eg∗{e}_{{\rm{g}}}^{* } band and accelerates *OH deprotonation, strengthening metal–oxygen covalency. Subsequent Cr leaching selectively depletes Ni-co-ordinated oxygen, generating spatially confined oxygen non-bonding states. This sequential electronic reconstruction yields a modified NiOOH phase that promotes lattice-oxygen participation while suppressing destructive redox delocalization, thereby establishing a durable oxygen-redox window at high current densities. Consequently, the catalyst enables anion-exchange-membrane water electrolysis at 4.1 A cm−2 at 1.8 V in 1 M KOH at 80 °C and sustains stable operation for nearly 3,500 h under accelerated ageing at 60 °C. These findings establish sequential electronic reconstruction as a strategy to decouple oxygen-redox activity from lattice instability, providing a design framework for durable, high-rate catalysts for water electrolysis.",nature_html,0
Peak demand estimation in distribution systems: impacts of plug-in electric vehicle charging on load coincidence,https://www.sciencedirect.com/science/article/pii/S0306261926014935?dgcid=rss_sd_all,ScienceDirect Publication: Applied Energy,2026-09-22 00:00:00 UTC,2026-09-22 00:00:00+00:00,,Björn Laumert,,,0
Revealing polarization characteristics and voltage inconsistency of fuel cells in stack via micro-current excitation method,https://www.sciencedirect.com/science/article/pii/S0306261926015217?dgcid=rss_sd_all,ScienceDirect Publication: Applied Energy,2026-09-22 00:00:00 UTC,2026-09-22 00:00:00+00:00,,Zhezheng Wang,,,0
High-yield hydrogen production from plastic pyrolysis oil by microwave-induced plasma steam reforming,https://www.sciencedirect.com/science/article/pii/S0306261926015369?dgcid=rss_sd_all,ScienceDirect Publication: Applied Energy,2026-09-22 00:00:00 UTC,2026-09-22 00:00:00+00:00,,Xia Jiang,,,0
More than price: Assessing the system-wide impacts of renewable energy information on EV charging behavior,https://www.sciencedirect.com/science/article/pii/S0306261926015424?dgcid=rss_sd_all,ScienceDirect Publication: Applied Energy,2026-09-22 00:00:00 UTC,2026-09-22 00:00:00+00:00,,JongRoul Woo,,,0
Distributed energy system design including unbalanced AC power flow for large LV networks with ADMM,https://www.sciencedirect.com/science/article/pii/S0306261926015084?dgcid=rss_sd_all,ScienceDirect Publication: Applied Energy,2026-09-22 00:00:00 UTC,2026-09-22 00:00:00+00:00,,Michael Short,,,0
Computer vision-enabled multi-level analysis and prediction of physical field distribution for PEMFCs,https://www.sciencedirect.com/science/article/pii/S0306261926015680?dgcid=rss_sd_all,ScienceDirect Publication: Applied Energy,2026-09-22 00:00:00 UTC,2026-09-22 00:00:00+00:00,,Guolong Lu,,,0
Battery early fault detection method adaptable to multi-condition operations and capable of multi-type identification,https://www.sciencedirect.com/science/article/pii/S0306261926015461?dgcid=rss_sd_all,ScienceDirect Publication: Applied Energy,2026-09-22 00:00:00 UTC,2026-09-22 00:00:00+00:00,,Siyan Chen,,,0
Machine learning-genetic algorithm coupled optimization of heteroatom-doped carbon electrodes for vanadium redox flow batteries,https://www.sciencedirect.com/science/article/pii/S0306261926015837?dgcid=rss_sd_all,ScienceDirect Publication: Applied Energy,2026-09-22 00:00:00 UTC,2026-09-22 00:00:00+00:00,,Ya Ji,,,0
"Toward wind-resilient cable-supported photovoltaic system: nonlinear stiffness, dynamic identification, and parametric instability",https://www.sciencedirect.com/science/article/pii/S0306261926015151?dgcid=rss_sd_all,ScienceDirect Publication: Applied Energy,2026-09-22 00:00:00 UTC,2026-09-22 00:00:00+00:00,,Mingshui Li,,,0
Spatially decoupled design and AI-driven optimization for thermal uniformity and nitridation resistance in NH3-fueled micro-tubular SOFCs,https://www.sciencedirect.com/science/article/pii/S030626192601514X?dgcid=rss_sd_all,ScienceDirect Publication: Applied Energy,2026-09-22 00:00:00 UTC,2026-09-22 00:00:00+00:00,,Liming Dai,,,0
"Grid-interactive data centers for sustainable and resilient energy systems: Evolution, trends, and future directions",https://www.sciencedirect.com/science/article/pii/S0306261926014984?dgcid=rss_sd_all,ScienceDirect Publication: Applied Energy,2026-09-22 00:00:00 UTC,2026-09-22 00:00:00+00:00,,Li Li,,,0
Cloud-ground mapping matching for enhanced regional distributed PV power forecasting,https://www.sciencedirect.com/science/article/pii/S0306261926014467?dgcid=rss_sd_all,ScienceDirect Publication: Applied Energy,2026-09-22 00:00:00 UTC,2026-09-22 00:00:00+00:00,,Chen Zhang,,,0
Cost comparison of low- and zero-emission heavy-duty vehicles: a case route analysis,https://www.sciencedirect.com/science/article/pii/S0306261926014728?dgcid=rss_sd_all,ScienceDirect Publication: Applied Energy,2026-09-22 00:00:00 UTC,2026-09-22 00:00:00+00:00,,Jero Ahola,,,0
Artificial intelligence-enabled energy optimization in electric and hybrid vehicles: towards sustainable and smart transportation systems,https://www.sciencedirect.com/science/article/pii/S0306261926014522?dgcid=rss_sd_all,ScienceDirect Publication: Applied Energy,2026-09-22 00:00:00 UTC,2026-09-22 00:00:00+00:00,,Gadisa Sufe,,,0
Who leads the global gas market? Geopolitics and price transmission between the U.S. and Europe,https://www.sciencedirect.com/science/article/pii/S0301421526005276?dgcid=rss_sd_all,ScienceDirect Publication: Energy Policy,2026-09-22 00:00:00 UTC,2026-09-22 00:00:00+00:00,,Cosimo Magazzino,,,0
Reducing substructure CAPEX in floating offshore wind: An automated co-design framework for tension leg platform wind turbines,https://www.sciencedirect.com/science/article/pii/S0306261926015576?dgcid=rss_sd_all,ScienceDirect Publication: Applied Energy,2026-09-22 00:00:00 UTC,2026-09-22 00:00:00+00:00,,Xujie Pan,,,0
Building retrofit for energy and carbon reduction: identifying future research priorities and trends from a critical analysis and systematic mapping review of the global literature,https://www.sciencedirect.com/science/article/pii/S0306261926015515?dgcid=rss_sd_all,ScienceDirect Publication: Applied Energy,2026-09-22 00:00:00 UTC,2026-09-22 00:00:00+00:00,,Alice Moncaster,,,0
An Ising machine for combinatorial optimization based on sub-nanosecond CMOS-integrated magnetoresistive random-access memory,https://www.nature.com/articles/s41928-026-01700-6,Nature Electronics,2026-09-22 00:00:00 UTC,2026-09-22 00:00:00+00:00,10.1038/s41928-026-01700-6,Weisheng Zhao,"Physics-inspired Ising machines are a hardware alternative to traditional von Neumann architectures for solving computationally intensive combinatorial optimization problems. They can be implemented using quantum, optical and electronic platforms, but speed and scalability are fundamentally limited by the physical mechanisms governing their spin dynamics. Here we report a complementary-metal–oxide–semiconductor-integrated spintronic Ising machine with sub-nanosecond probabilistic spin updates. We use the voltage-controlled magnetic anisotropy effect in a magnetoresistive random-access memory with 96,000 spins to achieve low write currents and tunable (from 0% to 100%) single-pulse switching probability via pulse-width control. The approach offers a spin update speed of 0.3 to 1 ns and an energy efficiency of less than 40 fJ per spin. We illustrate the generality of this on-chip all-to-all Ising machine by solving industry-relevant combinatorial optimization problems in electronic design automation: global routing and layer assignment. Tested with Max-cut benchmark problems, our Ising machine can provide high-quality solutions with a system energy efficiency of 1.92 × 105 solutions per second per watt.",nature_html,0
On-chip nanoplasma switches for ultrafast spintronics,https://www.nature.com/articles/s41928-026-01711-3,Nature Electronics,2026-09-22 00:00:00 UTC,2026-09-22 00:00:00+00:00,10.1038/s41928-026-01711-3,Eva Díaz,,,0
Biosecurity must protect human functional capacity,https://www.nature.com/articles/d41586-026-02996-2,Nature,2026-09-22 00:00:00 UTC,2026-09-22 00:00:00+00:00,10.1038/d41586-026-02996-2,Nicolas Paccini,,,0
Secondary-sphere hydrogen bonding promotes catalytic nitrate reduction at iron,https://www.nature.com/articles/s41557-026-02235-1,Nature Chemistry,2026-09-22 00:00:00 UTC,2026-09-22 00:00:00+00:00,10.1038/s41557-026-02235-1,Nathaniel K. Szymczak,"Nitrate (NO3&#x2212;"" role=""presentation"">NO3−{{\rm{NO}}}_{3}^{-}) is a groundwater pollutant that is challenging to remediate. Here we report a bioinspired strategy to enhance nitrate binding and reduction through a network of secondary-sphere hydrogen-bonding interactions within a ligand scaffold. Using a series of redox-inactive Zn(II) complexes based on the tris(2-pyridylmethyl)amine ligand, we demonstrate that ligand variants bearing appended aniline hydrogen-bond donors exhibit up to seven orders of magnitude higher binding affinity for NO3&#x2212;"" role=""presentation"">NO3−{{\rm{NO}}}_{3}^{-} compared to analogues lacking such interactions. These hydrogen bonds induce substantial charge redistribution within NO3&#x2212;"" role=""presentation"">NO3−{{\rm{NO}}}_{3}^{-}, thereby activating it for reduction. Replacing Zn with a redox-active metal such as Fe results in nitrate deoxygenation. Stoichiometric experiments provide mechanistic insights into the role of dimeric intermediates and their conversion into more reactive monomeric species. Guided by these mechanistic insights, we achieve catalytic nitrate reduction under both thermal and photochemical conditions, producing NO and NH3, respectively, with high turnover numbers.",nature_html,0
Interface-guided twisted stacking of two-dimensional organic molecular crystals for polarization-reoriented emission,https://academic.oup.com/nsr/advance-article/doi/10.1093/nsr/nwag606/8827794?rss=1,National Science Review Advance Access,2026-09-22 00:00:00 UTC,2026-09-22 00:00:00+00:00,10.1093/nsr/nwag606,Xue-Dong Wang,"The controlled vertical assembly of organic molecular crystals remains challenging because weak intermolecular interactions often lead to random nucleation and unpredictable stacking orientations. Here we report an interface-guided vapor-phase assembly strategy for constructing stacked two-dimensional organic molecular crystals with controlled stacking geometry and layer thickness. This approach enables two distinct stacking modes: lattice-matched parallel heterostacking in DPQ-DPFQ crystals (P-OCs) and energetically favored 80° twisted homostacking in DPFQ bilayers (T-OCs), with T-OCs accounting for 54.3 ± 3.8% of the counted crystals across six independent substrates under optimized growth conditions. The fixed-angle twisted stacking couples misaligned optical axes from adjacent layers, producing lateral and vertical waveguide resonance coupling and thickness-programmed polarization reorientation. By increasing the upper layer thickness from 530 to 935 nm, the output polarization angle is continuously shifted from 45° to 74°. This work establishes molecular interface-guided twisting as a structural strategy for encoding passive polarization outputs in organic crystalline photonic materials.",rss_oup,0
Funding the new,https://www.nature.com/articles/s41563-026-02746-9,Nature Materials,2026-09-22 00:00:00 UTC,2026-09-22 00:00:00+00:00,10.1038/s41563-026-02746-9,Stephen Shevlin,,,0
Will AI really kill us all? The science behind the hype,https://www.nature.com/articles/d41586-026-02941-3,Nature,2026-09-22 00:00:00 UTC,2026-09-22 00:00:00+00:00,10.1038/d41586-026-02941-3,Elizabeth Gibney,,,0
The worst El Niño in recorded history is brewing — here’s how governments must prepare,https://www.nature.com/articles/d41586-026-02939-x,Nature,2026-09-22 00:00:00 UTC,2026-09-22 00:00:00+00:00,10.1038/d41586-026-02939-x,Zeke Hausfather,,,0
Nepal floods pose biggest test yet for UN climate loss and damage fund,https://www.nature.com/articles/d41586-026-03000-7,Nature,2026-09-22 00:00:00 UTC,2026-09-22 00:00:00+00:00,10.1038/d41586-026-03000-7,,,,0
All the ways a cell can die — and why the variety matters,https://www.nature.com/articles/d41586-026-02929-z,Nature,2026-09-22 00:00:00 UTC,2026-09-22 00:00:00+00:00,10.1038/d41586-026-02929-z,Amber Dance,,,0
Hundreds of ‘free’ academic journals have started charging fees,https://www.nature.com/articles/d41586-026-02818-5,Nature,2026-09-22 00:00:00 UTC,2026-09-22 00:00:00+00:00,10.1038/d41586-026-02818-5,Dalmeet Singh Chawla,,,0
Why AI companies can’t be trusted to self-regulate,https://www.nature.com/articles/d41586-026-03014-1,Nature,2026-09-22 00:00:00 UTC,2026-09-22 00:00:00+00:00,10.1038/d41586-026-03014-1,Heidy Khlaaf,,,0
This super-cold microscope could spur a quantum revolution,https://www.nature.com/articles/d41586-026-02942-2,Nature,2026-09-22 00:00:00 UTC,2026-09-22 00:00:00+00:00,10.1038/d41586-026-02942-2,Isabel Gil,,,0
Watch scientists decipher burnt scrolls without unrolling them,https://www.nature.com/articles/d41586-026-02920-8,Nature,2026-09-22 00:00:00 UTC,2026-09-22 00:00:00+00:00,10.1038/d41586-026-02920-8,Chris Simms,,,0
About to give your first lecture? Read this first,https://www.nature.com/articles/d41586-026-02369-9,Nature,2026-09-22 00:00:00 UTC,2026-09-22 00:00:00+00:00,10.1038/d41586-026-02369-9,Hannah Docter-Loeb,,,0
Dust in the wind is on the decline,https://www.nature.com/articles/d41586-026-02979-3,Nature,2026-09-22 00:00:00 UTC,2026-09-22 00:00:00+00:00,10.1038/d41586-026-02979-3,,,,0
What happens in Vegas: one lecturer’s hunt for a projector,https://www.nature.com/articles/d41586-026-02724-w,Nature,2026-09-22 00:00:00 UTC,2026-09-22 00:00:00+00:00,10.1038/d41586-026-02724-w,,,,0
A global safety net for climate-risk intelligence is urgently needed,https://www.nature.com/articles/d41586-026-02995-3,Nature,2026-09-22 00:00:00 UTC,2026-09-22 00:00:00+00:00,10.1038/d41586-026-02995-3,Muhammad Adil,,,0
Why insects need their own protected areas,https://www.nature.com/articles/d41586-026-02997-1,Nature,2026-09-22 00:00:00 UTC,2026-09-22 00:00:00+00:00,10.1038/d41586-026-02997-1,Jiangwei Zhu,,,0
Temperature and reproducibility in photocatalysis,https://www.nature.com/articles/s41557-026-02244-0,Nature Chemistry,2026-09-22 00:00:00 UTC,2026-09-22 00:00:00+00:00,10.1038/s41557-026-02244-0,Kaid Harper,,,0
De novo synthesis of threofuranoses via a triple-carbonylation cascade of aldehydes,https://www.nature.com/articles/s41557-026-02258-8,Nature Chemistry,2026-09-22 00:00:00 UTC,2026-09-22 00:00:00+00:00,10.1038/s41557-026-02258-8,Suhua Li,"Carbohydrate synthesis is fundamental for developing therapeutics and probing biological systems, yet constructing complex sugars directly from simple aldehydes remains a formidable challenge. Iterative carbonylation strategies for establishing a synthetic blueprint toward stereochemically defined sugars have remained elusive due to cumulative catalyst deactivation and stereochemical drift. Here we report a rhodium-catalysed triple-carbonylation cascade that overcomes this limitation, converting diverse aldehydes into structurally defined 4-carbothreofuranoses in one step. Precise silane stoichiometry and ligand selection enforce kinetic synchronization of three CO insertions, terminated by silicon-directed cyclization. A chelation-relay mechanism propagates stereochemistry across three contiguous centres with good diastereocontrol. The method accommodates diverse substrates spanning aromatics to steroidal aldehydes. Synthetic utility is demonstrated through transformations enabling rapid access to N-/C-glycosides, nitrogen heterocycles and polyol motifs relevant to pharmaceutical applications. This work establishes carbonylative cascades as a platform for oxygen-rich scaffold assembly, bypassing classical protection–deprotection sequences in carbohydrate synthesis.",nature_html,0
A Ni(OH)2 symmetric battery cell for hydroxide exchange membrane-based direct air capture of CO2,https://www.nature.com/articles/s41560-026-02129-z,Nature Energy,2026-09-22 00:00:00 UTC,2026-09-22 00:00:00+00:00,10.1038/s41560-026-02129-z,Yushan Yan,"Electrochemical carbon capture is a promising low-energy-cost solution for direct air capture (DAC) by using renewable electricity and avoiding traditional, energy intensive thermal swing sorption. While several electrochemical devices have been proposed, few have achieved promised low energy costs while maintaining high durability and full purification of CO2; moreover, scale-up and pressure drop are rarely considered for these devices. Here we show a symmetric nickel hydroxide battery design with a hydroxide exchange membrane durably tested in a laboratory-sized 25-cm2 device for 5,000 h. Over a 48-h test, a scaled-up 9 × 300 cm2 electrochemical stack achieved an energy cost of 132 kJ molCO2−1 and flux of 0.19 molCO2 m−2 h−1 equivalent to 0.83 MWh tCO2−1 and 75 kgCO2 m2 yr−1. In addition, the pilot-scale stack meets the 300 Pa pressure drop requirements for DAC. A pathway to below US$100 tCO2−1 is presented on the basis of energy technology learning rates, showcasing electrochemical DAC as a potential climate change solution.",nature_html,0
Reconfigurable non-Abelian braiding of nematic bits,https://www.nature.com/articles/s41563-026-02728-x,Nature Materials,2026-09-22 00:00:00 UTC,2026-09-22 00:00:00+00:00,10.1038/s41563-026-02728-x,Chenhui Peng,"Non-Abelian braiding offers a route to information processing that is robust against local perturbations, yet its programmable realization in real space remains challenging. Here we present a room-temperature soft-matter platform for reconfigurable non-Abelian braiding based on the light-driven transformations of disclination lines in a nematic liquid crystal. By photonically manipulating the entangled colloids, we weave the lines into chiral double-helix entanglements and encode their topological states as nematic bits. We implement a complete set of braid operations and demonstrate their non-commutativity in three-line networks, a defining signature of non-Abelian behaviour. Repositioning colloidal gates enables in situ reprogramming, whereas the method extends to multiline architectures. Building on the scalability of this approach, we establish a predictive inverse-design framework that algebraically compiles target topological transformations into prescribed spatial routing and layer-by-layer phase corrections. These results establish a programmable classical platform for robust topological transformations and connect soft-matter physics with topological information processing.",nature_html,0
Cyclodextrin‐Directed Assembly of Dynamic Polyoxometalate Pseudo‐Rotaxanes,https://onlinelibrary.wiley.com/doi/10.1002/anie.9362433?af=R,Wiley: Angewandte Chemie International Edition: Table of Contents,2026-09-22 04:40:48 UTC,2026-09-22 04:40:48+00:00,10.1002/anie.9362433,Yu‐Fei Song,"ABSTRACT
                  
                    Cyclodextrins (CDs) are widely used as host molecules in supramolecular chemistry, yet their capacity to actively direct structural reorganization of inorganic clusters remains largely unexplored. Here, we demonstrate that
                    α
                    ‐CD can direct inorganic cluster reorganization during self‐assembly, enabling the synthesis of previously inaccessible azobenzene‐functionalized polyoxometalate (POM) pseudo‐rotaxanes, in which the macrocycle not only encapsulates the organic axle but also governs the structural evolution of the inorganic core. Upon complexation with
                    α
                    ‐CD, a flat arsonate‐functionalized {Mo
                    6
                    } cluster reorganizes into a bent analogue, yielding a dynamic
                    pseudo
                    ‐rotaxane assembly (
                    1a
                    @
                    α
                    ‐CD). Fine pH modulation subsequently induces a CD‐mediated transformation into an inverted‐Keggin {Mo
                    12
                    }
                    pseudo
                    ‐rotaxane threaded by four
                    α
                    ‐CD units. NMR/ITC titration, DOSY/NOESY analyses, and single‐crystal x‐ray diffraction collectively reveal dual threading pathways and delineate the dynamic {Mo
                    6
                    } to {Mo
                    12
                    } reorganization process. Crucially,
                    α
                    ‐CD suppresses precipitation of hydrophobic ligands under strongly acidic conditions and stabilizes transient coordination states, thereby enabling cluster growth pathways inaccessible under identical synthetic conditions in the absence of
                    α
                    ‐CD. These findings demonstrate that CDs can actively direct inorganic self‐assembly through host‐guest interactions, providing a supramolecular route to previously inaccessible POM
                    pseudo
                    ‐rotaxanes and opening new opportunities for adaptive hybrid architectures.",crossref,0
Hydrogen‐Bond Encoding in a Structurally Minimal Cyclochiral Monomer Enables Assembly of Large Cavities Displaying Supramolecular Isomerism,https://onlinelibrary.wiley.com/doi/10.1002/anie.1587126?af=R,Wiley: Angewandte Chemie International Edition: Table of Contents,2026-09-22 04:43:57 UTC,2026-09-22 04:43:57+00:00,10.1002/anie.1587126,Edvinas Orentas,"ABSTRACT
                  Large, well‐defined molecular cavities are typically constructed from rigid covalent scaffolds, which can limit structural adaptability and increase synthetic complexity. Here, we introduce a hydrogen‐bond encoded supramolecular strategy that enables structurally minimal, flexible monomers to assemble into discrete fullerene‐binding capsules. The monomer combines intra‐ and intermolecular hydrogen‐bonding motifs that restrict conformational freedom, induce cyclochirality, and guide controlled self‐assembly into oligomeric or cyclic aggregates. Spectroscopic and crystallographic analyses show that guest‐induced self‐sorting with fullerenes drives the formation of homochiral tetrameric capsules with high binding affinity and distinct structural isomerism. X‐ray structures confirm compact host–guest complexes stabilized by cooperative hydrogen bonding and C─H···π interactions. This work demonstrates that minimal monomer design can encode complex supramolecular behaviour, providing an adaptive platform for molecular recognition, catalysis, and materials science.",crossref,0
Single‐Atom O/S/Se Substitution at the Glycosidic Linkage in Glycopeptide Cancer Vaccines Reveals Divergent Performance,https://onlinelibrary.wiley.com/doi/10.1002/anie.8540595?af=R,Wiley: Angewandte Chemie International Edition: Table of Contents,2026-09-22 04:49:55 UTC,2026-09-22 04:49:55+00:00,10.1002/anie.8540595,Francisco Corzana,"ABSTRACT
                  
                    Single‐atom substitution provides an exceptionally subtle means of editing molecular structure, yet how such minimal atom‐level modifications propagate into biological function remains poorly understood. Here, we report streamlined access to
                    Se
                    ‐linked Tn glycopeptides which, together with their
                    O
                    ‐ and
                    S
                    ‐linked counterparts, enable systematic atom‐level editing at the glycosidic linkage of MUC1 glycopeptide antigens. Surface plasmon resonance established a clear hierarchy of antigen recognition that was rationalized by molecular dynamics simulations and independently validated by STD‐NMR epitope mapping, revealing that O→S→Se substitution subtly remodels glycopeptide presentation while preserving the overall 5E5 recognition epitope. Translation of these structurally defined antigens into CRM
                    197
                    glycoconjugate vaccines with comparable antigen loading showed that neither antigen‐binding affinity nor antibody levels alone predict therapeutic efficacy. Instead, the results demonstrate that minimal atom‐level editing propagates from molecular recognition to biological function through a nonlinear structure–function relationship, highlighting that therapeutic efficacy cannot be inferred directly from antigen affinity alone.",crossref,0
Janus Covalent Organic Framework Films With Macroscopic Directional Carrier Migration for Switchable Gas Sensing,https://onlinelibrary.wiley.com/doi/10.1002/anie.2808034?af=R,Wiley: Angewandte Chemie International Edition: Table of Contents,2026-09-22 04:54:35 UTC,2026-09-22 04:54:35+00:00,10.1002/anie.2808034,Gang Xu,"ABSTRACT
                  
                    Macroscopic directional migration of photogenerated carriers in covalent organic framework (COF)‐based heterojunction films is typically hindered by random carrier diffusion and interfacial structural disorder. In this study, we report for the first time the construction of sequence‐controlled Janus COF films from lattice‐matched isoreticular COFs (COF‐366/COF‐366‐OH). The intimate interfacial assembly and the energy‐level offset induce a built‐in electric field that drives electrons and holes to migrate directionally toward opposite sides across the entire film. This asymmetric charge distribution endows the two sides of the film with distinct redox activities, enabling switchable and highly sensitive detection of both oxidizing and reducing gases by simply flipping the film. Such a unique feature is unprecedented for a single film. Moreover, the response of Janus COF film surpasses that of single‐component counterparts by 5.2‐fold for NO
                    2
                    and 5.3‐fold for NH
                    3
                    . This work offers a general strategy for macroscopic directional carrier migration in COF films and paves a new route for advanced sensing materials.",crossref,0
Tailoring Local Anion Chemistry Affinity Enables Stable Halide–Sulfide Interfaces and Fast Ion Transport in Dual‐Electrolyte all‐Solid‐State Batteries,https://onlinelibrary.wiley.com/doi/10.1002/anie.5372994?af=R,Wiley: Angewandte Chemie International Edition: Table of Contents,2026-09-22 04:57:14 UTC,2026-09-22 04:57:14+00:00,10.1002/anie.5372994,Xiaona Li,"ABSTRACT
                  
                    All‐solid‐state batteries (ASSBs) employing halide/sulfide bilayer electrolytes offer a promising route toward high energy density by combining the high oxidative stability of halides with the superior reductive stability of sulfides. However, severe halide–sulfide interfacial incompatibility induces continuous interfacial degradation and undermines Li
                    +
                    transport. Unlike conventional interfacial engineering approaches that rely on coatings or artificial buffer layers, we report a local chemistry–driven intrinsic compatibility strategy that fundamentally stabilizes halide–sulfide interfaces. By sulfurizing amorphous halide electrolytes Li
                    2
                    O–TaCl
                    5
                    , the short‐range coordination chemistry and medium‐range topology are simultaneously reconstructed, in which sulfur‐rich local motifs become thermodynamically more resistant to further sulfur substitution, whereas sulfur‐containing medium‐range networks exhibit stronger binding with PS
                    4
                    units in Li
                    6
                    PS
                    5
                    Cl, thereby intrinsically stabilizing the halide–sulfide interface and suppressing interfacial decomposition. Simultaneously, the sulfurized framework exhibits enhanced structural heterogeneity and interconnected Li
                    +
                    migration pathways, achieving an ultrahigh ionic conductivity of 14.2 mS cm
                    −1
                    . As a result, the assembled NCM89|8S‐LTOC|LPSC|Li‐In ASSBs exhibit outstanding electrochemical performance from −50°C to 100°C, including 131 mAh g
                    −1
                    at −50°C, 2000‐cycle stability at 15 C, and high areal capacities up to 21.7 mAh cm
                    −2
                    . This work highlights local anion chemistry regulation as an effective strategy for developing robust halide–sulfide ASSBs.",crossref,0
Light‐Gated Control of Brownian Rotation by a Molecular Motor,https://onlinelibrary.wiley.com/doi/10.1002/anie.7061287?af=R,Wiley: Angewandte Chemie International Edition: Table of Contents,2026-09-22 05:01:53 UTC,2026-09-22 05:01:53+00:00,10.1002/anie.7061287,Jiří Kaleta,"ABSTRACT
                  
                    Controlling stochastic molecular motion in a predictable manner remains a major challenge in the development of functional molecular systems. Here we demonstrate that a light‐driven molecular motor can reversibly regulate Brownian rotation through remote steric interactions. We integrate an overcrowded alkene motor within a rigid triptycene scaffold, where it acts as a reversible steric gate for an alkynyl‐linked anthracene rotor. Photoisomerization modulates the steric environment around the rotor axis, switching the system between fast Brownian rotation and a sterically hindered regime. Variable‐temperature NMR spectroscopy reveals that one thermodynamically stable motor state exhibits rapid Brownian rotation of the anthracene unit about the alkynyl C─C≡C─C axis, whereas the other stable state displays hindered rotation, giving rise to two distinct rotameric states at low temperature. Density functional theory (DFT) calculations reproduce this behavior and show that the rotational barrier changes by 31 kJ mol
                    −1
                    between the two states, corresponding to an approximately five‐order‐of‐magnitude difference in the calculated rotational rates at 20 °C. These results demonstrate that light‐driven molecular motors can reversibly regulate stochastic molecular motion through steric control, providing a general strategy for coupling directional and Brownian dynamics within a single molecular system.",crossref,0
Strong Second‐Order Nonlinear Optical Activities in Chiral Hybrid Copper(I) Bromide Microplates,https://onlinelibrary.wiley.com/doi/10.1002/anie.4724561?af=R,Wiley: Angewandte Chemie International Edition: Table of Contents,2026-09-22 05:37:23 UTC,2026-09-22 05:37:23+00:00,10.1002/anie.4724561,Tingchao He,"ABSTRACT
                  
                    Organic–inorganic chiral hybrid metal halides (HMHs) with efficient second‐order nonlinear optical responses are promising for various photonic applications. However, chiral HMHs that simultaneously deliver strong second‐harmonic generation (SHG) and pronounced nonlinear chiroptical responses remain limited. Herein, we report a pair of chiral hybrid copper(I) bromide microplates, (
                    R
                    ‐ and
                    S
                    ‐MPZ)Cu
                    2
                    Br
                    4
                    (MPZ = 2‐methylpiperazinediium), which crystallize in the noncentrosymmetric space group
                    P
                    2
                    1
                    2
                    1
                    2
                    1
                    and feature distinctive one‐dimensional zigzag chains constructed from three‐coordinate trigonal–planar CuBr
                    3
                    units. Benefiting from the highly distorted Cu─Br frameworks, the microplates exhibit an SHG intensity approximately 376 times that of Y‐cut quartz at 870 nm, together with a high laser damage threshold of up to 11.14 mJ cm
                    −2
                    . More importantly, the (
                    R
                    ‐ and
                    S
                    ‐MPZ)Cu
                    2
                    Br
                    4
                    microplates display effective SHG circular dichroism (SHG‐CD) and circularly polarized SHG responses, enabling a conceptual chirality‐encoded SHG tagging and decoding protocol. This work highlights chiral hybrid copper(I) halides as a versatile lead‐free platform for integrating efficient frequency conversion, nonlinear chiroptical functionality, and information encryption capabilities.",crossref,0
Vacuum‐Induced Surface Reconstruction of Mn–Ce Oxides for Low‐Temperature Coupled Redox Catalysis,https://onlinelibrary.wiley.com/doi/10.1002/anie.2739215?af=R,Wiley: Angewandte Chemie International Edition: Table of Contents,2026-09-22 05:49:59 UTC,2026-09-22 05:49:59+00:00,10.1002/anie.2739215,Yifei Sun,"ABSTRACT
                  
                    Low‐temperature redox catalysis over mixed oxides is typically optimized by tuning bulk composition, yet the decisive chemistry occurs at the surface and subsurface interface. Here, we show that this interface can be deliberately reconstructed to enhance Mn–Ce oxide catalysis. Sequential vacuum annealing followed by reduced‐pressure O
                    2
                    treatment induces near‐surface Mn enrichment in an as‐prepared Mn–Ce oxide while largely preserving the fluorite CeO
                    2
                    framework. This reconstruction increases the near‐surface abundance of Mn‐containing species, modifies the Mn–Ce–O interfacial electronic and redox environment, and facilitates oxygen activation and redox cycling. Under coupled conditions, R‐MnCe achieved 95.5% NO
                    
                      x
                    
                    conversion at 100°C and complete chlorobenzene conversion at 200°C. In situ spectroscopy and DFT calculations reveal that interfacial electron redistribution lowers the oxygen activation barrier and sustains activated oxygen species that connect NH
                    3
                    ‐SCR and chlorobenzene oxidation through a shared oxygen‐mediated pathway. These results highlight near‐surface reconstruction as a promising postsynthetic strategy for improving noble‐metal‐free mixed‐oxide catalysts.",crossref,0
Single‐Crystal Zn Anodes Affording Full‐Dimensional Crystallographic Coherence Enabled by Monolayer Graphene‐Skinned Cu(111) Substrate,https://advanced.onlinelibrary.wiley.com/doi/10.1002/adma.75114?af=R,Wiley: Advanced Materials: Table of Contents,2026-09-22 06:24:41 UTC,2026-09-22 06:24:41+00:00,10.1002/adma.75114,Jingyu Sun,"ABSTRACT
                  Aqueous Zn metal batteries are promising candidates for large‐scale energy storage, yet their practical deployment is hindered by poor Zn reversibility. Although crystallographic engineering can improve Zn electrochemistry, the precise fabrication of single‐crystal Zn electrodes with full‐dimensional crystallographic coherence remains elusive. Here we report a remote electro‐epitaxy (REE) strategy to render high‐quality single‐crystal Zn electrodes. Using monolayer graphene‐skinned Cu(111) substrate as the epitaxial current collector, REE manages to preserve perfect crystallographic inheritance through substrate‐potential transmission and accommodate lattice mismatch via interfacial strain relaxation, which is evidenced by theoretical and instrumental characterizations. As a result, the Zn(002) deposits with uniform out‐of‐plane crystallographic orientation, in‐plane crystallographic coherence, and through‐thickness crystallographic continuity are achieved on both centimeter‐scale foils and 4‐inch wafer substrates. The resulting electrodes warrant reversible Zn plating/stripping behavior, enhanced stability under elevated depth‐of‐discharge conditions, and successful implementation in Ah‐scale pouch cells competing the state‐of‐the‐art. Beyond Zn, our strategy is extendable to a multitude of metals, offering a scalable pathway toward single‐crystal electrode fabrication for emerging energy storage.",crossref,0
Mechanistic Origin of Capacity Limitation in Sidorenkite‐Type Na3‐xFe(PO4)(CO3) Carbonophosphate Cathodes for Na‐Ion Batteries,https://advanced.onlinelibrary.wiley.com/doi/10.1002/aenm.71604?af=R,Wiley: Advanced Energy Materials: Table of Contents,2026-09-22 06:26:54 UTC,2026-09-22 06:26:54+00:00,10.1002/aenm.71604,Sigita Trabesinger,"ABSTRACT
                  
                    New classes of materials are required for sodium ion batteries (SIBs) to compete with their Li‐counterpart. Sidorenkite‐type carbonate‐phosphate cathodes, such as Na
                    3‐
                    
                      x
                    
                    Fe(PO
                    4
                    )(CO
                    3
                    ), were predicted to deliver high capacities based on two electron reactions. However, experiments consistently only access one of the predicted two equivalents of Na, leaving the origin of this limitation unresolved. Here, we establish the mechanistic basis for this discrepancy. We show that carbonate stability and Na
                    +
                    mobility are not performance limiting bottlenecks. Instead, the rigid polyanionic framework destabilizes d
                    4
                    ‐configured transition metal centers (e.g., Fe
                    4+
                    ), generating lattice strain and suppressing electronic conductivity at high states of charge. Validation through isostructural Mn substitution (d
                    4
                    Mn
                    3+
                    ) confirms this instability as the root cause for the limited capacity. These insights convert theoretical predictions into actionable design rules: maintain crystallinity to protect carbonate integrity and avoid electron configurations prone to Jahn–Teller distortion (d
                    4
                    ) via multi‐element substitution. This work provides a clear pathway for advancing high‐energy sodium‐ion cathodes based on carbonophosphate chemistry.",crossref,0
Multi‐modal Operando Analysis of Lithium–Sulfur Batteries: A Comparative Study on the Influence of Electrolyte Composition,https://advanced.onlinelibrary.wiley.com/doi/10.1002/aenm.71554?af=R,Wiley: Advanced Energy Materials: Table of Contents,2026-09-22 06:29:01 UTC,2026-09-22 06:29:01+00:00,10.1002/aenm.71554,Sebastian Risse,"ABSTRACT
                  The effect of electrolytes on battery cell performance is multifaceted, and it is difficult to isolate their impact on individual processes. Operando analysis of batteries is a powerful tool to investigate battery degradation mechanisms. By combining different techniques on the same cell a wider perspective can be opened and enables easier cross‐correlation. Here, we introduce a fully laboratory‐based multimodal operando platform that synchronizes EIS/DRT, Raman spectroscopy, UV–vis reflectance spectroscopy, temperature monitoring, and galvanostatic cycling in one sealed Li–S cell. The platform is demonstrated over an extended observation window of up to 20 cycles to compare electrolyte‐dependent polysulfide speciation, transport limitations, and resistance evolution. The experimental design is optimized for reproducible mechanistic characterization and is not intended as a benchmark of practical cell performance or long‐term cycle life.",crossref,0
Materials‐Property Classification of Interlayers for Stabilizing Lithium Metal Interfaces in Sulfide‐Based All‐Solid‐State Batteries,https://advanced.onlinelibrary.wiley.com/doi/10.1002/aenm.71612?af=R,Wiley: Advanced Energy Materials: Table of Contents,2026-09-22 06:30:47 UTC,2026-09-22 06:30:47+00:00,10.1002/aenm.71612,Jaekyung Sung,"ABSTRACT
                  Sulfide‐based all‐solid‐state lithium metal batteries (ASSLMBs) promise high energy density by using lithium metal anodes, but their practical implementation is limited by severe interfacial instability. At the lithium metal/sulfide electrolyte interface, coupled chemical, electrochemical, and mechanical degradation accelerates impedance growth and cell failure. Interlayer strategies are promising for stabilizing sulfide‐based all‐solid‐state batteries because they can mitigate interfacial degradation, improve contact stability, and regulate ion/electron transport at critical electrode–electrolyte interfaces. However, their mechanisms have largely been interpreted based on phenomenological observations and empirical performance improvements, rather than through intrinsic material property–mechanism relationships, highlighting the need for a material property‐driven design framework. Here, we categorize interlayer strategies into metal, polymer, ceramic, and composite systems and reinterpret their functions from an electro‐chemo‐mechanical perspective. We discuss how stiffness, ductility, fracture toughness, electronic conductivity, electrochemical stability, chemical stability, lithiophilicity, and Li‐ion transport govern interfacial behavior during assembly, plating, stripping, and long‐term cycling. By correlating representative interlayer systems with their electro‐chemo‐mechanical properties, this perspective clarifies the relationship between material characteristics and interfacial stabilization behavior in sulfide‐based ASSLMBs. This property‐driven framework is expected to provide practical criteria for screening unexplored interlayer materials and guiding the rational design of stable lithium metal/sulfide electrolyte interfaces.",crossref,0
CO2‐Free Formaldehyde Electro‐Reforming Fuel Cell,https://advanced.onlinelibrary.wiley.com/doi/10.1002/aenm.71611?af=R,Wiley: Advanced Energy Materials: Table of Contents,2026-09-22 06:32:36 UTC,2026-09-22 06:32:36+00:00,10.1002/aenm.71611,Zhenhai Wen,"ABSTRACT
                  
                    Conventional electrochemical synthesis is often hampered by steep energy demands and catalyst degradation, limiting both efficiency and durability. Here we introduce a hybrid alkali/acid formaldehyde‐to‐hydrogen fuel cell (h‐A/AFHFC) that transcends these limitations by coupling alkaline formaldehyde oxidation conversion with acidic oxygen reduction. A columnar branched AgCu catalyst drives the h‐A/AFHFC to a striking 2.0 V output and peak power density of 482 mW cm
                    −2
                    , maintaining robust operation for over 110 h. Beyond electricity, the device leverages the exceptionally low oxidation potential of formaldehyde and its single‐electron dehydrogenation pathway to co‐produce hydrogen and formate in a *CO‐free, CO
                    2
                    ‐free electrochemical process, reformulating the role of fuel cells. Each kilogram of hydrogen is inherently paired with 46.0 kg of formate and 33.2 kWh of electricity, offering a rare convergence of clean energy and high‐value chemical synthesis. This strategy extends to gaseous formaldehyde and diverse aldehydes, enabling integrated energy‐chemical platforms for sustainability.",crossref,0
Resolving the Electro‐Mechanical Trade‐Off at the Buried Interface of Perovskite Solar Cells,https://advanced.onlinelibrary.wiley.com/doi/10.1002/aenm.71638?af=R,Wiley: Advanced Energy Materials: Table of Contents,2026-09-22 06:38:37 UTC,2026-09-22 06:38:37+00:00,10.1002/aenm.71638,Guichuan Xing,"ABSTRACT
                  Carbazole‐based self‐assembled monolayers (SAMs) are essential in inverted perovskite solar cells (PSCs) due to superior electrical properties, yet their inherent rigidity imposes severe mechanical stress on the perovskite layer. Herein, we construct an interfacial architecture featuring discontinuous metal‐oxide islands to circumvent this fundamental electro‐mechanical trade‐off at the buried contact. Specifically, this discontinuous topography imparts macroscopic structural flexibility to the interface by functioning as localized strain‑relaxation zones, enabling strain‐relaxed perovskite films with reduced defect density. Meanwhile, the modified interface maintains unimpeded hole‐selective pathways and optimal energy level alignment. Consequently, the corresponding PSC yields a champion power conversion efficiency (PCE) of 26.92% (certified 26.60%) with enhanced long‐term stability. This strategy establishes a rational design principle for synergistic electro‐mechanical management, paving the way for high‐efficiency and stable photovoltaic devices.",crossref,0
"Characterizing Biopolymer Electrolytes in Zinc–Air Batteries: Challenges, Best Practices, and a Robust Workflow Guiding Future Research Paths",https://advanced.onlinelibrary.wiley.com/doi/10.1002/aenm.71394?af=R,Wiley: Advanced Energy Materials: Table of Contents,2026-09-22 06:39:37 UTC,2026-09-22 06:39:37+00:00,10.1002/aenm.71394,Nagore Ortiz‐Vitoriano,"ABSTRACT
                  Bio‐based gel polymer electrolytes (GPEs) are emerging as promising components for rechargeable zinc–air batteries (ZABs), combining electrochemical functionality, mechanical adaptability, and sustainability. Yet, progress in this area is increasingly limited not only by materials design, but also by the lack of rigorous and application‐relevant characterization workflows. This critical, practice‐oriented review assesses the characterization strategies used for bio‐based GPEs in ZABs, focusing on relevant, recent studies reported between 2021 and 2026. Methods are grouped into six categories: mechanical and rheological characterization, electrochemical analysis and cell‐level testing, spectroscopic techniques, microscopy and nanoscale imaging, thermal analysis, and bulk physicochemical characterization. Rather than merely cataloguing methods, the review examines what each technique can reliably reveal, the key parameters controlling data quality, and the limitations imposed by conditions specific to ZAB operation, including highly alkaline environments, dynamic electrode interfaces, and the soft, heterogeneous nature of biopolymer networks. Recurring inconsistencies in experimental practice and reporting are highlighted, and best‐practice recommendations, methodological adaptations, and emerging approaches are discussed. Overall, the review provides a workflow‐oriented framework linking formulation, structure, interfacial behavior, and electrochemical performance, underscoring that better electrolytes require better characterization to enable more rigorous evaluation and accelerate the rational development of next‐generation sustainable GPEs for ZABs.",crossref,0
Tunneling‐Gated Metalized Plastic Current Collectors Enabling Autonomous and Reversible Thermal Shutdown in Lithium‐Ion Batteries,https://advanced.onlinelibrary.wiley.com/doi/10.1002/aenm.71617?af=R,Wiley: Advanced Energy Materials: Table of Contents,2026-09-22 06:45:28 UTC,2026-09-22 06:45:28+00:00,10.1002/aenm.71617,Henghui Xu,"ABSTRACT
                  
                    Thermal runaway has constrained the application of high‑energy‑density batteries. Metalized plastic current collectors (MPCCs) offer a promising approach to reducing inactive mass and improving mechanical safety, yet they remain intrinsically passive and provide no active response to thermal abuse. Here, we propose tunneling‑gated thermoresponsive MPCCs (TTMP), which transforms conventional MPCCs from passive conductors into autonomous, self‑protecting components. The TTMP integrates a polyethylene matrix and embedded spiky carbon conductive particles, sandwiched between ultrathin aluminum layers on both surfaces. Upon heating above 100°C, thermal expansion of the polymer disrupts electron tunneling between adjacent spiky carbon particles, sharply suppressing electrical conduction through the TTMP, thereby interrupting current flow and delaying thermally accelerated electrochemical reactions under abuse conditions. When returns to room temperature, electron transport is fully restored, and the battery resumes normal operation. During thermal triggering, the resistance of the TTMP increases from 6.3 Ω to 2.1 × 10
                    5
                     Ω within a response time of 4 s. Cells equipped with this collector show a reversible reduction in discharge current of up to 92.5%. Furthermore, 1 Ah pouch cells achieve up to 6 cycles of reversible thermal shutdown with complete performance recovery, while the onset of thermal runaway is delayed by up to 30°C.",crossref,0
"A Tightly Interlayer Bonded, Synchronously In Situ Co‐Injectable, Wet‐Adhesive, Hierarchically Biofunctionalized Bilayer Hydrogel for Functional Attachment and Orderly Periodontal Regeneration",https://advanced.onlinelibrary.wiley.com/doi/10.1002/adma.75042?af=R,Wiley: Advanced Materials: Table of Contents,2026-09-22 07:07:11 UTC,2026-09-22 07:07:11+00:00,10.1002/adma.75042,Xiaoyan Wang,"ABSTRACT
                  Periodontitis, the sixth most prevalent global disease, causes tooth loss and systemic disorders, imposing a significant global burden. Functional regeneration of the periodontium remains a major challenge due to the hierarchical soft‐hard tissue interface and complex spatiotemporal functional demands. In this study, a synchronously in situ co‐injectable, interlayer‐bonding, and wet‐adhesive bilayer hydrogel (Bio‐Fun bilayer) consisting of PCAC and PCMC layers is developed. An anti‐delamination interface is engineered via polymer chain topological entanglement and dynamic boronate ester and ionic networks, while precise complex viscosity matching enables synchronized microscale laminar co‐extrusion. Concurrently, the hydrogel maintains wet adhesion, especially to moist root and bone surfaces. Spatiotemporal biofunctionalization is achieved by loading microRNA‐26a liposomes in the PCAC layer to activate Wnt/β‐catenin signaling for osteogenesis, and covalently tethering a PDGF‐BB mimetic peptide within the PCMC layer to trigger PI3K/Akt‐LOX signaling for fibroblast recruitment and functional collagen formation. In vivo, the Bio‐Fun bilayer hydrogel achieves integrated regeneration of alveolar bone and aligned periodontal ligament fibers, forming Sharpey's fiber‐like structures with firm bone‐ligament attachment. Meanwhile, the modular and injectable design might provide broad reference for the reconstruction of periodontal, osteochondral, and other soft‐hard tissue interfaces.",crossref,0
Triple‐Phase Synergistic Bulk‐Surface Engineering Enables High‐Rate and Long‐Cycling P2/O3‐Based Cathode for Na‐Ion Batteries,https://advanced.onlinelibrary.wiley.com/doi/10.1002/adma.74956?af=R,Wiley: Advanced Materials: Table of Contents,2026-09-22 07:09:02 UTC,2026-09-22 07:09:02+00:00,10.1002/adma.74956,Zhongtao Li,"ABSTRACT
                  
                    Layered oxide cathodes hold great promise for Na‐ion batteries (NIBs) but suffer from rapid performance degradation under high voltage, primarily arising from severe lattice strain, transition metal migration, and detrimental surface degradation. Here, we report a triple‐phase synergistic bulk‐surface engineering (TP‐SBSE) strategy that integrates a P2 phase, an O3 phase, and a surface disordered phase to address these challenges. In the bulk, guided by cationic potential control, we employ multielement composition modulation to construct a P2/O3 biphasic structure. The interlocking effect at the biphasic interfaces effectively suppresses structural strain and mitigates volume variations under high voltage. Meanwhile, surface reconstruction yields a protective disordered phase that not only suppresses electrode–electrolyte reactions but also alleviates anisotropic lattice strain, effectively inhibiting particle microcrack initiation and preserving bulk structural integrity. Owing to the TP‐SBSE strategy, the resulting P2/O3‐Na
                    0.75
                    Zn
                    0.05
                    Ni
                    0.23
                    Fe
                    0.18
                    Mn
                    0.49
                    Ti
                    0.05
                    O
                    2
                    (P2/O3‐NZNFMTO) cathode exhibits exceptional electrochemical performance. It delivers 80% capacity retention after 600 cycles at 1C and over 75% after 1000 cycles at 3C within 2.0 to 4.3 V, demonstrating a high rate capability and long‐term cycling stability. Moreover, this material exhibits enhanced thermal and air stability. This work presents a TP‐SBSE strategy and provides fundamental insights into developing high‐voltage, long‐life layered oxide cathodes for NIBs.",crossref,0
"Persistent Chiral Diradicals via SUMO–LUMO Inversion: Modular Synthesis, Electronic Structures, and Redox‐Switching Properties",https://onlinelibrary.wiley.com/doi/10.1002/anie.6564456?af=R,Wiley: Angewandte Chemie International Edition: Table of Contents,2026-09-22 08:07:58 UTC,2026-09-22 08:07:58+00:00,10.1002/anie.6564456,Zexin Jin,"ABSTRACT
                  
                    Integrating chirality into organic open‐shell architectures holds immense promise for molecular spintronics and advanced optoelectronics. However, achieving simultaneous chemical persistence, configurational stability, and practical synthetic accessibility remains a formidable challenge. Here, we report a modular strategy for persistent singlet chiral diradicals based on a C
                    2
                    ‐symmetric bibenzo[
                    g
                    ]quinoline scaffold. Enantiopure π‐extended precursors were efficiently synthesized via a one‐pot multicomponent Povarov cyclization from commercially available BINAM, bypassing chiral HPLC resolution. Upon reduction, the monoradical intermediates exhibit a rare singly unoccupied molecular orbital SUMO–LUMO inversion (SLI) electronic configuration. Strategic N‐protonation and steric shielding at high spin‐density sites dramatically enhance stability while preserving the SLI character, enabling unambiguous assignment of a singlet ground state of the reduced chiral diradicals. The resulting diradicals can serve as robust chiral redox switches, enabling highly reversible, fatigue‐free electrochemical cycles between the closed‐shell dication and neutral diradical states with full retention of the embedded chiroptical information. This work demonstrates successful implementation of the SLI pathway for persistent chiral diradicals and provides a practical platform for the rational design of configurationally stable, redox‐tunable open‐shell materials with tailored electronic and chiroptical properties.",crossref,0
