title,link,source,published_str,pub_date,doi,last_author,abstract,abstract_source,must_have_abstract
A family of small proteins links c-di-GMP riboswitch signaling with sporulation in Clostridioides difficile,https://www.nature.com/articles/s41467-026-78452-6,Nature Communications,2026-10-04 00:00:00 UTC,2026-10-04 00:00:00+00:00,10.1038/s41467-026-78452-6,Johann Peltier,"Cyclic diguanosine monophosphate (c-di-GMP) is a second messenger that coordinates lifestyle transitions, virulence, and developmental processes in bacteria. In Clostridioides difficile, elevated c-di-GMP levels inhibit sporulation, but the underlying mechanism remained unclear. Here, we identified a conserved family of small, membrane-associated proteins encoded by c-di-GMP riboswitch-regulated genes. Transcriptomic analyses revealed that c-di-GMP represses these genes, and reporter assays demonstrated riboswitch-dependent transcriptional regulation via premature termination mechanism. Overexpression of a single gene, CD1980.2, was sufficient to trigger the transcriptional activation of sporulation genes, including sigma factors and their regulons, and to increase spore formation. Conversely, sporulation efficiency decreased proportionally with the number of deleted small-protein genes, and the strain lacking all seven genes displayed a severe sporulation defect, underscoring their cumulative and functionally redundant roles. Elevating c-di-GMP levels in the deletion mutant did not further reduce sporulation, supporting a model in which c-di-GMP inhibits spore formation by repressing the expression of this small-protein family. Thus, our work establishes these small proteins, encoded by c-di-GMP riboswitch-regulated genes, as important regulators of spore formation in C. difficile, a process essential for pathogen persistence and transmission.",nature_html,0
A CCL21 gene-modified dendritic cell vaccine combined with pembrolizumab in advanced non-small cell lung cancer: a phase I trial,https://www.nature.com/articles/s41467-026-78130-7,Nature Communications,2026-10-04 00:00:00 UTC,2026-10-04 00:00:00+00:00,10.1038/s41467-026-78130-7,Steven M. Dubinett,"Immune checkpoint inhibitors (ICIs) have transformed treatment for non-small cell lung cancer (NSCLC), but resistance to these therapies is common. We report here results from a phase I trial combining intratumoral injection of a CCL21-expressing dendritic cell (CCL21-DC) vaccine with pembrolizumab in patients with advanced non-small cell lung cancer (ClinicalTrials.gov identifier: NCT03546361). The primary objectives were to determine the maximum administered dose (MAD) in the dose escalation phase and the objective response rate (ORR) in the dose expansion. Eleven patients were enrolled in the dose escalation cohort, and 12 patients were treated in the dose expansion cohort at the MAD of 3 ×107 cells/injection. The trial did not meet its primary endpoint for ORR as no objective responses were observed, though 36.8% of patients achieved a best response of stable disease. The combination therapy was well tolerated. Post-hoc analyses of longitudinal biopsies revealed that the therapy increased tumor infiltration by CD4+ T cells and novel T cell clones. Disease stability was associated with increased T cell receptor diversity and greater expansion of novel clones following therapy. However, many novel clones failed to persist over time, and immunosuppressive myeloid signaling signatures were identified across time points. Our findings overall demonstrated that CCL21-DC vaccination combined with pembrolizumab can promote T cell infiltration, but this did not translate into meaningful clinical efficacy, potentially due to limited tumor specificity of the T cell response and an inability to fully reprogram the tumor microenvironment.",nature_html,0
Multivalent antiviral conjugates enhance activity against Influenza via cross-linking viruses,https://www.nature.com/articles/s41467-026-78126-3,Nature Communications,2026-10-04 00:00:00 UTC,2026-10-04 00:00:00+00:00,10.1038/s41467-026-78126-3,Song Li,"Long-acting drug–Fc conjugate (CD388) has emerged as a new class of antivirals against influenza A and B, yet the mechanisms governing how Fc conjugation reshapes small-molecule function remain undefined. Here we establish a programmable multivalent antiviral conjugates (AVCs) platform by click chemistry that enables flexible combination of valencies and conjugated drugs, allowing systematic interrogation of valency-dependent antiviral mechanisms. Using zanamivir as a model, mono-, di-, and trivalent zanamivir are conjugated with Fc, with trivalent zanamivir-Fc conjugates (AVC-Z3) exhibiting higher activity than lower-valent AVCs. AVC-Z3 induces inter-virion aggregation, thereby coupling blockade of viral entry with restriction of viral release. This cross-linking–mediated dual-stage inhibition represents a mechanistic shift from neuraminidase suppression to physical viral immobilization. Furthermore, trivalent peramivir-Fc conjugate (AVC-P3) is synthesised and exhibits stronger antiviral activity than AVC-Z3 in vitro, with much longer half-life in vivo than AVC-Z3, and CD388 with YTE mutation. The in vivo antivirus efficacy of AVC-P3 surpasses other AVCs, baloxavir, and CD388 in H1N1-, H3N2-, H5N1-, and influenza B-infection mice models. Together, our findings define ligand valency as a determinant of antiviral mechanism.",nature_html,0
Stabilizing Water Molecules in Hydrogel Electrolytes Enables 2.8 V‐Class Purely Aqueous Zn–Li Hybrid Batteries,https://onlinelibrary.wiley.com/doi/10.1002/adma.75221?af=R,Wiley: Advanced Materials: Table of Contents,2026-10-04 07:50:24 UTC,2026-10-04 07:50:24+00:00,10.1002/adma.75221,Xuting Jin,"ABSTRACT
                  
                    Currently, reported high‐voltage aqueous zinc batteries generally operate below 2.0 V. Achieving a discharge plateau/average operating voltage exceeding 2.0 V typically requires charging voltages above 2.5 V; however, the limited electrochemical stability of water molecules in has thus far prevented purely aqueous zinc batteries from reaching this threshold. Here, we report an extreme water‐confinement strategy that elevates the oxygen evolution potential of water in a poly(acrylamide‐co‐hydroxypropyl acrylate) hydrogel electrolyte to 2.85 V versus Zn/Zn
                    2+
                    , far beyond the theoretical value (∼1.58 V versus Zn/Zn
                    2+
                    ). This remarkable enhancement originates from the synergistic effects of strong cation–water coordination, TFSI
                    −
                    ‐induced water segregation, and extensive hydrogen bonding within the polymer network, which collectively suppress water activity. When coupled with a lithium nickel manganese oxide cathode, the hydrogel electrolyte enables a 2.8 V‐class Zn–Li hybrid battery that delivers a record‐breaking average operating voltage/discharge plateau of 2.35 V, far exceeding all previously reported purely aqueous zinc batteries. The battery further exhibits excellent mechanical robustness and directly powers a multifunctional wireless sensing monitoring of dynamic pressure, finger movement, muscle activity, speech, and full‐body motion. This work provides a viable pathway toward ultrahigh‐voltage aqueous zinc batteries for next‐generation wearable and intelligent electronic systems.",crossref,0
Nano‐Stabilizer Engineering of Rare‐Earth Metal Single‐Atom Site for Boosted Oxygen Electroreduction and Metal‐Air Batteries,https://onlinelibrary.wiley.com/doi/10.1002/adma.75283?af=R,Wiley: Advanced Materials: Table of Contents,2026-10-04 07:52:26 UTC,2026-10-04 07:52:26+00:00,10.1002/adma.75283,Yuxiang Hu,"ABSTRACT
                  
                    Stabilizing the coordination structure of highly active catalytic sites is an effective strategy for enhancing catalytic performance. Herein, rare‐earth metal Pr‐based single‐atom nano‐stabilizer engineering is reported for stabilizing highly active Fe‐N
                    4
                    O sites, thereby achieving enhanced activity toward the oxygen reduction reaction and in metal‐air batteries. In situ x‐ray absorption spectroscopy reveals that the axial O coordination atom of the Fe‐N
                    4
                    O site is stabilized by the Pr single‐atom nano‐stabilizer, which downshifts the d‐band center of Fe, facilitates the reduction and desorption of the *OH intermediate, and thus lowers the energy barrier of the rate‐determining step—verified via density functional theory calculations. The FePr‐ISAS/CN catalyst with the nano‐stabilizer exhibits a half‐wave potential of 0.921 V versus RHE, 45 and 72 mV higher than those of Fe‐ISAS/CN and the commercial Pt/C catalyst. Furthermore, the FePr‐ISAS/CN‐based Al‐air battery achieves a high peak power density of 360 mW cm
                    −2
                    , superior to most reported metal single‐atom catalyst‐based Al‐air batteries. This work reveals the potential of rare‐earth metal‐based nano‐stabilizer engineering for stabilizing the coordination structure of highly active sites and thereby boosting activity in both electrocatalytic ORR and metal‐air battery devices.",crossref,0
Engineered IFN‐γ‐Expressing Platelet‐Like Microparticles Trigger Macrophage‐Targeted Immunity to Eradicate Liver Metastases,https://onlinelibrary.wiley.com/doi/10.1002/adma.75242?af=R,Wiley: Advanced Materials: Table of Contents,2026-10-04 07:55:17 UTC,2026-10-04 07:55:17+00:00,10.1002/adma.75242,Zhihong Zhang,"ABSTRACT
                  
                    Immunotherapy for colorectal cancer liver metastasis is often compromised by a highly immunosuppressive hepatic microenvironment characterized by tolerogenic macrophages that act as a systemic immune sink. Here, given the potent but systemically toxic antitumor profile of interferon‐γ (IFN‐γ), we engineered hepatic macrophage‐targeted cytokine‐expressing platelet‐like microparticles (HM‐CPMP) for the local delivery of IFN‐γ, thereby reprogramming the immune status of the liver. Mechanistically, HM‐CPMP treatment drove extensive M1‐like macrophage polarization and a CXCL9/10 chemotactic axis, which together shifted the liver from a tolerogenic to a pro‐inflammatory state. Therefore, systemic administration of HM‐CPMP facilitated the clearance of established liver metastases and conferred a marked survival benefit while strictly preserving systemic homeostasis. Intravital imaging revealed that this localized innate immune reprogramming broke the immunosuppressive tumor niche and recruited polyfunctional CXCR6
                    +
                    and CD8
                    +
                    T cells to eradicate metastatic cells. Collectively, by enabling precise hepatic immune modulation, the cytokine‐expressing platelet‐like microparticle delivery platform unleashes a potent localized antitumor response while preserving systemic homeostasis. Our findings provide a highly translational clinical strategy for biosynthetic cytokine‐based immunotherapy against liver metastases.",crossref,0
Vacancy‐Mediated Sulfur Exchange Between Catalysts and Polysulfides Accelerates Sulfur Redox Kinetics in Lithium‐Sulfur Batteries,https://onlinelibrary.wiley.com/doi/10.1002/adma.75210?af=R,Wiley: Advanced Materials: Table of Contents,2026-10-04 07:56:18 UTC,2026-10-04 07:56:18+00:00,10.1002/adma.75210,Jun Lu,"ABSTRACT
                  
                    Metal sulfides are promising sulfur electrocatalysts for lithium‐sulfur (Li–S) batteries, yet their rational design is limited by an incomplete understanding of interfacial sulfur redox processes. Here, we reveal a vacancy‐mediated sulfur‐exchange mechanism that accelerates sulfur redox kinetics. Using Bi
                    2
                    S
                    3
                    as a model catalyst,
                    34
                    S isotope‐labeling reveals dynamic sulfur exchange between external polysulfides and vacancy‐associated Bi–S lattice environments during cycling. Accessible sulfur vacancies act as exchange centers, enabling sulfur incorporation, migration, and local reconstruction. By tuning vacancy concentration, we establish a direct correlation between sulfur‐vacancy density, sulfur‐exchange extent, and catalytic sulfur conversion. Vacancy‐rich Bi
                    2
                    S
                    3
                    nearly doubles the electrochemically accessible interfacial area, with double‐layer capacitance increasing from 1.04 to 2.18 mF cm
                    −2
                    , and raises sulfur exchange from 0.71% to 1.05%. Consequently, Li
                    2
                    S nucleation and precipitation are accelerated; the apparent Li
                    2
                    S formation barrier decreases from 0.352 to 0.179 eV, and polarization and impedance growth are suppressed. A 2.5 Ah Li–S pouch cell delivers an energy density of ∼504 Wh kg
                    −1
                    . These findings identify vacancy‐mediated sulfur exchange as a mechanistic basis for designing high‐performance metal sulfide catalysts for practical sulfur batteries.",crossref,0
An Oral Nanozyme Microsupplement Converts Pathological ROS Into a Colon‐Adhesive Shield for Long‐Term Neutrophil‐Directed Remission of Ulcerative Colitis,https://onlinelibrary.wiley.com/doi/10.1002/adma.75234?af=R,Wiley: Advanced Materials: Table of Contents,2026-10-04 07:58:30 UTC,2026-10-04 07:58:30+00:00,10.1002/adma.75234,Yunlu Dai,"ABSTRACT
                  Neutrophil extracellular traps (NETs) perpetuate chronic inflammation in ulcerative colitis (UC), yet current neutrophil‐targeting therapies focus on acute intervention rather than sustained daily control. Here, we propose an oral microsupplement for long‐term UC management that concurrently scavenges reactive oxygen species (ROS) and suppresses NET formation. The microsupplement integrates a catalase‐mimetic CoAl‐layered double hydroxide (LDH) nanozyme intercalated with the autophagy inhibitor chloroquine (CQ), together with dopamine (DOPA). The LDH nanozyme catalytically converts pathological ROS into oxygen, driving in situ polymerization of DOPA into polydopamine (PDA), a mucoadhesive polymer that prolongs colonic retention of CQ@LDH and promotes mucosal healing. RNA sequencing reveals that internalized CQ@LDH inhibits autophagic flux in neutrophils, thereby upregulating catalase expression and peroxisomal function to prevent NET formation. Consequently, NET‐driven M1 macrophage polarization is reduced from 29.5% to 17.9%, and Th17 differentiation is markedly suppressed, accompanied by a decrease in colonic Th17/Treg ratio from 8.68 to 1.31. In a murine UC model, this microsupplement restores colonic mucosal integrity, rebalances the gut microbiota, and outperforms the clinical drug 5‐aminosalicylic acid in both immune regulation and epithelial restitution. This neutrophil‐regulating, colon‐adhesive platform offers a promising strategy for routine daily UC management.",crossref,0
Vertical Quasi‐2D Perovskite on ZnMgO Enables High‐Performance Pure‐Red PeLEDs,https://onlinelibrary.wiley.com/doi/10.1002/adma.75251?af=R,Wiley: Advanced Materials: Table of Contents,2026-10-04 07:58:33 UTC,2026-10-04 07:58:33+00:00,10.1002/adma.75251,Hong‐Bin Yao,"ABSTRACT
                  
                    Quasi‐two‐dimensional (quasi‐2D) perovskites, featuring a large‐cation‐intercalated quantum‐well structure, are efficient emitters for pure‐red perovskite light‐emitting diodes (PeLEDs); however, their electroluminescence is limited by poor carrier injection because all current quasi‐2D emitters are horizontally aligned on low‐mobility organic electron transport layers. Therefore, a PeLED with a quasi‐2D perovskite vertically stacked on a high‐mobility inorganic electron‐transport layer is highly anticipated but has yet to be achieved. Here, we introduce branched guanidinium cations (GA
                    +
                    ) and non‐protonic phosphonium, (2‐aminoethyl) triphenyl‐ cations (PAT
                    +
                    ) to direct the vertical growth of quasi‐2D emitters on a high‐conductivity electron‐transport layer, ZnMgO, enabling high‐performance pure‐red PeLEDs that exhibit a maximum luminance of 65 875 cd m
                    −2
                    and an external quantum efficiency of 14.63% even at a high brightness of 49 080 cd m
                    −2
                    . Impressively, the low driving voltage, enabled by efficient carrier transport, also yields an operational half‐lifetime of 5528 h at an initial luminance of 100 cd m
                    −2
                    , which represents the most stable pure‐red PeLED reported to date.",crossref,0
Electron Pumping Overcomes Spin‐Crossover Barrier to Lock High‐Spin Single‐Atom Sites for Sustained Oxygen Reduction,https://onlinelibrary.wiley.com/doi/10.1002/adma.75270?af=R,Wiley: Advanced Materials: Table of Contents,2026-10-04 08:02:08 UTC,2026-10-04 08:02:08+00:00,10.1002/adma.75270,Xuanhua Li,"ABSTRACT
                  
                    The oxygen reduction reaction (ORR) is kinetically limited by spin‐dependent adsorption of O
                    2
                    and intermediates at catalytic sites, yet the high‐spin configuration that promotes O
                    2
                    activation is inherently metastable and suffers from uncontrolled spin evolution. Herein, we propose an electron‐pumping strategy to overcome the spin‐forbidden energy barrier, which is achieved by the continuous and unidirectional electron extraction from Fe centers invariably to stabilize the active sites in high‐spin state. The sustained high‐spin state of Fe
                    III
                    (d
                    5
                    ,
                    S
                    = 5/2) activates the
                    e
                    g
                    orbitals to govern orbital hybridization and electronic coupling with intermediates, while simultaneously overcoming spin‐crossover barrier to continuously drive O
                    2
                    activation, thereby accelerating reaction onset and subsequent catalytic steps. Moreover, it reinforces O─O bond scission and eases *OH removal, synergistically enhancing the complete ORR dynamics. Consequently, the designed electrocatalyst delivers an outstanding half‐wave potential of 0.93 V with only 7 mV decay after 10 000 cycles. The assembled anion exchange membrane fuel cell achieves a peak power density of 966 mW cm
                    −2
                    and retains 97% of its initial voltage after 50 h at 0.5 A cm
                    −2
                    . This work establishes the electron‐pumping regulation as a paradigm for achieving intrinsic and sustained high‐spin stabilization, breaking the activity–stability trade‐off in oxygen electrocatalysis.",crossref,0
Bio‐Based Solution for Polyolefin Synthesis Enabled by Carbonate Solvent and Comonomer,https://onlinelibrary.wiley.com/doi/10.1002/anie.3998761?af=R,Wiley: Angewandte Chemie International Edition: Table of Contents,2026-10-04 10:00:45 UTC,2026-10-04 10:00:45+00:00,10.1002/anie.3998761,Fei Lin,"ABSTRACT
                  Polyolefins, the dominant class of synthetic polymers, remain entirely dependent on fossil fuels throughout their lifecycle. Developing green manufacturing solutions is the long‐sought aspiration to reduce the carbon footprint of polyolefins and alleviate dependence on petroleum resources. Herein, electron‐rich phosphinephenolato nickel(II) complexes render bio‐based dimethyl carbonate (DMC) the desirable medium for the practically efficient production of high‐density polyethylene (HDPE) with comparable activity to metallocene catalysts. Mechanistic investigation identified that DMC could facilitate pyridine dissociation yet avoid overly strong coordination to nickel, enabling smooth ethylene substitution and consequently polymerization. Incorporation of carbonate‐containing comonomer afforded polar polyethylene with robust activity, which could be further tailored through microstructural refinement to customized functionalities. This work illustrated the harmonious interaction of carbonate with a polymerization catalyst that contributes a bio‐based solution toward sustainable manufacturing and functionalization of polyolefins.",crossref,0
The tRNA‐Modification Geranyl‐2‐Thiouridine Enables RNA‐Lipid Association,https://onlinelibrary.wiley.com/doi/10.1002/anie.9140489?af=R,Wiley: Angewandte Chemie International Edition: Table of Contents,2026-10-04 10:05:01 UTC,2026-10-04 10:05:01+00:00,10.1002/anie.9140489,Thomas Carell,"ABSTRACT
                  The packaging of RNA in lipid nanoparticles for protection and delivery was key for the development of mRNA vaccines and therapeutics. Formulation requires the addition of a variety of lipids (including cationic) in high amounts to form complexes with the negatively charged RNA. While this approach was successful for the development of RNA vaccines, it represents a major challenge for future developments. Increasing the lipophilicity of RNA is one possible approach to reducing the amount of lipid required. In nature, geranyl‐2‐thiouridine occurs at the “Wobble” position 34 of certain bacterial tRNAs. This work details investigations into geranylated oligonucleotides and their interactions with lipids. We developed an efficient post‐synthetic procedure for oligonucleotide geranylation in aqueous solutions using a geranyl‐sulfonium salt. We discovered that the geranyl‐modification can be replaced by thiol‐nucleophiles, enabling a reversible switch of the hydrophobic character of the oligonucleotides. We show that the geranyl‐modified oligonucleotides anchor onto neutral membrane structures and oil droplets. Oligonucleotides bound to the outer surface of neutral liposomes can flip to the inner membrane surface by freeze‐thaw cycles, leading to a protective effect against enzymatic or chemical degradation. Our work expands the scope of oligonucleotide lipidation strategies, which are of great interest in RNA delivery systems.",crossref,0
Microstructured Metal Electrodeposition at a Micellar Brush‐Decorated Interface,https://onlinelibrary.wiley.com/doi/10.1002/anie.5308557?af=R,Wiley: Angewandte Chemie International Edition: Table of Contents,2026-10-04 10:08:00 UTC,2026-10-04 10:08:00+00:00,10.1002/anie.5308557,Huibin Qiu,"ABSTRACT
                  
                    Metal electrodeposition is usually interfered by stochastic ion arrival, local field amplification, and uncontrolled crystal growth, rendering it difficult to translate molecular‐level interfacial design into prescribed mesoscale architectures. Here, we report that surface‐emanated micellar brush with a forest‐like soft architecture can finely modulate the orientation and microstructure of metal electrodeposition. The poly(
                    l
                    ‐lactic acid)‐b‐poly(2‐vinylpyridine) micellar brush provides a hierarchically open nanoarray platform for continuous accumulation of metal ions through dynamical coordination with the pyridyl‐rich corona and sustained deposition of reduced metal at the inter‐micellar voids. Unlike conventional homopolymer coatings that mainly lead to flat deposition of Zn, such micellar‐brush layer promotes vertically aligned zinc blades through coupled ion funneling and oriented nanoconfinement. The resulting zinc anode reveals a low nucleation overpotential of ∼21 mV, a high Zn
                    2+
                    transference number of 0.79, a rapid rate of ∼24.2 µm h
                    −1
                    at 10 mA cm
                    −2
                    , and a polarization of only 18 mV upon reversible plating/stripping over 3000 h. The full cells integrated by vertically microstructured Zn anode with V
                    2
                    O
                    5
                    cathode retain 89.6% capacity after 1000 cycles at 1 A g
                    −1
                    . This work establishes a general route to tailored metal microstructures through softly confined electrodeposition across a spatially directing and chemically associating polymer self‐assembly interfaces.",crossref,0
Radical Markovnikov Hydroboration of Unactivated Terminal Alkenes With HBaza‐Type Hydroborane via a Triple Catalysis,https://onlinelibrary.wiley.com/doi/10.1002/anie.5679433?af=R,Wiley: Angewandte Chemie International Edition: Table of Contents,2026-10-04 10:10:53 UTC,2026-10-04 10:10:53+00:00,10.1002/anie.5679433,Qiuling Song,"ABSTRACT
                  Organoboron compounds are versatile building blocks for C─C and C–heteroatom bond formation, with broad applications in drug discovery and materials science. Hydroboration of alkenes with hydroboranes is a reliable route to access organoboron compoundsssssss, yet the Markovnikov‐selective hydroboration of unactivated terminal alkenes remains challenging. In this study, we report a triple catalysis strategy for the highly Markovnikov‐selective hydroboration of unactivated terminal alkenes with HBaza‐type hydroborane (HBaza: 1,3,2‐benzodiazaborolane). The reaction exhibits a broad substrate scope and good functional group compatibility, and has been successfully applied to the Markovnikov hydroboration of alkene derivatives from complex molecules. Further derivatizations of the resulting alkyl boron products, as well as the synthesis of biologically relevant molecules or intermediates, highlight the synthetic value of this method. Mechanistic studies support that this reaction proceeds via sequential metal‐hydride hydrogen atom transfer (MHAT)‐mediated radical generation and HBaza‐involved radical borylation process under a triple photoredox, cobalt, and Brønsted acid catalysis.",crossref,0
Aromaticity Engineering of Hybrid Cyanine Dyes for Metabolic Labeling and Bioorthogonal NIR‐II Imaging of Gut Microbiota,https://onlinelibrary.wiley.com/doi/10.1002/anie.7816959?af=R,Wiley: Angewandte Chemie International Edition: Table of Contents,2026-10-04 10:14:38 UTC,2026-10-04 10:14:38+00:00,10.1002/anie.7816959,Kun Li,"ABSTRACT
                  In the context of diabetes, host immune dysfunction and microcirculation damage significantly increase the susceptibility to bacterial infection. Therefore, the development of high‐performance molecular imaging tools to dynamically track the migration and colonization of bacteria in deep living tissues is crucial to distinguish pathology‐associated behavioral changes. In this study, we removed heteroatoms from the classical xanthene structure and effectively integrated the more planar and conjugated aminofluorene with the cyanine dye skeleton, enhancing the molecular aromaticity in the excited state, successfully constructing novel hybrid cyanine dyes IF with NIR‐II emission, excellent photostability, and high brightness. Among them, the quantum yield of IFPy is 49 times higher than that of IFQ. Based on this, we developed a new NIR‐II bioorthogonal probe to achieve specific imaging of intestinal bacteria and explored the influence of host environment of diabetes on the spatial distribution of intestinal bacteria. This work provides new insights into the design of fluorescent dyes and imaging of gut microbiota.",crossref,0
Yulian He,https://onlinelibrary.wiley.com/doi/10.1002/anie.7110968?af=R,Wiley: Angewandte Chemie International Edition: Table of Contents,2026-10-04 10:17:24 UTC,2026-10-04 10:17:24+00:00,10.1002/anie.7110968,Yulian He,"""I chose chemistry as a career because I love chemistry. … The most important future application of my research is human-AI discovery of functional molecules and materials…"" Find out more about Yulian He in her Introducing… Profile.",pubmed,0
Raman Self‐Tracking Copper Metal‐Organic Framework‐Based Nanoplatform for Cuproptosis Cancer Therapy,https://onlinelibrary.wiley.com/doi/10.1002/anie.9809366?af=R,Wiley: Angewandte Chemie International Edition: Table of Contents,2026-10-04 10:19:30 UTC,2026-10-04 10:19:30+00:00,10.1002/anie.9809366,Xuesi Chen,"ABSTRACT
                  
                    Cuproptosis represents a promising strategy for cancer therapy, yet its clinical translation is hampered by unexpected deactivation and off‐target toxicity of copper ions during their delivery to tumors. We developed a copper metal‐organic framework‐based nanoplatform (CuF) with H
                    2
                    O
                    2
                    responsiveness and Raman self‐tracking capability for cuproptosis‐mediated antitumor therapy. CuF was prepared by coordinating Cu
                    2+
                    with an alkyne‐bearing ligand, followed by PEGylation and incorporation of an iron‐based catalyst. CuF undergoes catalyst‐mediated oxidative cleavage of alkynyl bonds under tumor‐associated elevated H
                    2
                    O
                    2
                    levels, causing CuF degradation and Cu
                    2+
                    release. Released Cu
                    2+
                    causes copper overload in tumor cells, thereby inducing potent cuproptosis. Meanwhile, the resultant aldehydes and acids generated by the oxidative cleavage of alkynes can further synergistically potentiate cuproptosis. Consequently, CuF demonstrated high antitumor efficacy in a 4T1 tumor‐bearing mouse model (with a tumor inhibition rate of 91%). Moreover, alkynes in the metal‐organic framework (MOF) backbone provided an intrinsically enhanced Raman signal, enabling label‐free self‐tracking of CuF distribution and degradation in cells and tissue sections through Raman imaging. Overall, this work not only provides a new paradigm for cuproptosis‐based anticancer agents, but also offers a versatile strategy for engineering H
                    2
                    O
                    2
                    responsive materials and Raman imaging nanoplatforms.",crossref,0
Photo‐Enhanced Electronic Metal–Support Interaction Boosts Low‐Temperature Water–Gas Shift Reaction via Niδ+–OV–Ce3+ Interfacial Redox Cycling,https://onlinelibrary.wiley.com/doi/10.1002/anie.6374020?af=R,Wiley: Angewandte Chemie International Edition: Table of Contents,2026-10-04 10:20:35 UTC,2026-10-04 10:20:35+00:00,10.1002/anie.6374020,Jia Hong Pan,"ABSTRACT
                  
                    Nickel (Ni) is an attractive non‐noble‐metal catalyst for the water‐gas shift reaction (WGSR), yet strong CO adsorption and competing methanation severely limit its activity and selectivity. Herein, we develop a series of NiCe layered double hydroxide‐derived catalysts (NCO‐
                    T
                    ) through reduction‐induced Ni exsolution. The optimized NCO‐450 catalyst achieves 92.53% CO conversion and an H
                    2
                    production rate of 103.24 µmol·g
                    cat
                    −1
                    ·s
                    −1
                    at ambient pressure and a catalyst temperature of 83°C. In situ spectroscopic analyses and theoretical calculations reveal that isolated interfacial oxygen vacancies (O
                    V
                    s) stabilize the active Ni
                    δ+
                    ─O
                    V
                    ─Ce
                    3+
                    motif responsible for the superior WGSR performance. Photoexcitation‐induced directional interfacial charge transfer from Ni to CeO
                    2‐
                    
                      x
                    
                    enhances the electronic metal–support interaction and continuously regenerates this active interfacial state, thereby moderating CO adsorption, promoting H
                    2
                    O activation, and suppressing competing methanation. This work offers a rational design strategy for developing low‐cost transition‐metal catalysts with superior low‐temperature activity and high selectivity.",crossref,0
Click‐to‐Release Reactivity of Quaternary Anilinium Tetrazines Enables Cascade Assembly of Multifunctional Biomolecular Scaffolds,https://onlinelibrary.wiley.com/doi/10.1002/anie.8598826?af=R,Wiley: Angewandte Chemie International Edition: Table of Contents,2026-10-04 10:22:24 UTC,2026-10-04 10:22:24+00:00,10.1002/anie.8598826,Matthias M. Herth,"ABSTRACT
                  
                    Click chemistry has evolved from its origins in forming covalent connections to also include breaking bonds, cleaving linkers, and liberating cargo, creating broad applications in chemical biology and biomedicine. The reaction sequences that drive these tools are complex, and thus prone to an array of dead‐end intermediates that reduce their release/cleavage efficiency. Here, we redirect that complexity to explore yet another aspect of tetrazine (Tz)/
                    trans
                    ‐cyclooctene (TCO) click‐to‐release. By exchanging the carbamate linkage of established release Tzs for an anilinium leaving group, post‐click tautomerization is accelerated and temporally synchronized, generating an intermediate capable of trapping thiols rapidly and in high yields. Further integration of an orthogonal azide into the Tz hub enables a one‐pot multi‐component reaction that allows straightforward combinatorial synthesis of densely functionalized architectures. Leveraging both click and release, the resulting process converts a Tz/TCO pair into a ternary scaffold on demand, readily incorporating fluorophores, chelators, cleavable drugs, proteins, oligonucleotides, and more. This modular cascade assembly offers a rapid and versatile platform for functionalization of biomolecules and small molecule targeting vectors, with immediate potential in imaging, theranostics, and multivalent bioconjugate design.",crossref,0
"Interface‐Induced Growth of Macroscopic, Free‐Standing, and Flexible Monolithic Pure MOF Membrane With Adaptive Porosity",https://onlinelibrary.wiley.com/doi/10.1002/anie.4290539?af=R,Wiley: Angewandte Chemie International Edition: Table of Contents,2026-10-04 10:24:24 UTC,2026-10-04 10:24:24+00:00,10.1002/anie.4290539,Bo Liu,"ABSTRACT
                  
                    Membrane‐based separation technologies have emerged as energy‐efficient and environmentally sustainable alternatives to traditional industrial separation processes. However, the development of high‐performance separation membranes faces fundamental material challenges, as amorphous polymeric materials typically exhibit poorly controlled pore size distributions while crystalline porous materials encounter intrinsic difficulties in forming continuous, defect‐free membranes at the macroscopic scale owing to inevitable crystal boundaries. Despite their exceptional structural tunability and separation potential, MOF membranes face fundamental challenges in defect‐free fabrication due to intrinsic crystallinity constraints. Integrating the structural precision of crystalline MOFs with the adaptivity of polymers, we successfully fabricated a macroscopic, free‐standing, and flexible monolithic pure MOF membrane through interface‐induced coordination of Co
                    2+
                    with the flexible multidentate amino acid ligand 2,6‐diaminopimelic acid (DAP). The flexible alkyl‐chain backbone suppresses long‐range crystallization and reduces interfacial strain during continuous membrane growth. Locally defined Co–amino‐acid coordination units preserve a framework scaffold, while conformationally flexible alkyl segments impart guest‐responsive latent free volume. The flexible Co‐DAP membrane exhibits guest‐responsive dynamic porosity, in which hydration generates water‐accessible transport pathways that regulate hydrated‐state molecular and ionic transport, enabling osmotically driven water/ion separation through coupled transport and interfacial electrostatic effects under conditions relevant to forward osmosis.",crossref,0
Iterative Optimization of Photoactivatable BRD4 Degraders for Aging‐Amplified Immunotherapy in Patient‐Derived Lung Cancer Organoids,https://onlinelibrary.wiley.com/doi/10.1002/anie.2645239?af=R,Wiley: Angewandte Chemie International Edition: Table of Contents,2026-10-04 10:25:25 UTC,2026-10-04 10:25:25+00:00,10.1002/anie.2645239,Hui Chao,"ABSTRACT
                  
                    Cancer remains a major global health threat. Targeted protein degradation (TPD) has revolutionized the modulation of protein function in therapeutic development. Nevertheless, the design of current TPD agents continues to face challenges, including hook effects and, more critically, the frequent lack of spatial and temporal precision required for in vivo applications. Herein, we report a photoactivatable targeted degradation (PATD) strategy and describe the iterative optimization of compound
                    9
                    , the first two‐photon‐excited BRD4 photodegrader, achieved through molecular engineering of the photosensitizer core, auxiliary ligands, and linkers. Notably, BRD4 degradation downregulates GPX4 transcription, promoting lipid peroxidation and thereby inducing ferro‐aging, while simultaneously triggering chemo‐aging via histone H3 cleavage, which leads to DNA damage and cell cycle arrest. This dual‐aging mechanism accelerates tumor cell senescence, enabling synergistic seno‐immunotherapy. Beyond conventional photosensitizers that primarily elicit immunogenic cell death (ICD) alone, complex
                    9
                    integrates senescence‐driven immunity with ICD‐mediated antitumor immunity. This combined immunostimulatory strategy elicits robust systemic antitumor responses and achieves amplified therapeutic efficacy in patient‐derived organoids (PDOs), presenting a new paradigm for precision targeted protein degradation in therapy‐resistant tumors.",crossref,0
Unsaturated Carboxylates as Electrophilic Synthons for Transition‐Metal‐Catalyst‐Free Electroreductive Deoxygenative Coupling,https://onlinelibrary.wiley.com/doi/10.1002/anie.6256116?af=R,Wiley: Angewandte Chemie International Edition: Table of Contents,2026-10-04 10:29:40 UTC,2026-10-04 10:29:40+00:00,10.1002/anie.6256116,Zhong‐Quan Liu,"ABSTRACT
                  
                    The use of ester‐derived electrophiles in transition‐metal‐free electroreductive C(sp
                    3
                    )─C(sp
                    3
                    ) bond formation remains largely unexplored. Herein, we report a sacrificial‐anode‐enabled electroreductive cross‐coupling of simple unsaturated carboxylates with unactivated alkyl halides. Aryl, alkenyl, and alkynyl carboxylates are readily incorporated, affording methylene‐bridged alkylarenes together with allylic and propargylic C(sp
                    3
                    )‐rich frameworks under mild conditions. Mechanistic studies support independent single‐electron reduction of both electrophilic partners, followed by radical‐radical coupling, alkoxide elimination, and cathodic deoxygenation via a Clemmensen‐like reduction pathway. This work establishes unsaturated carboxylates as a new class of alkylating reagents for electroreductive C(sp
                    3
                    )─C(sp
                    3
                    ) bond formation.",crossref,0
A comprehensive review on accurate numerical simulation of proton exchange membrane fuel cell,https://www.sciencedirect.com/science/article/pii/S0306261926015825?dgcid=rss_sd_all,ScienceDirect Publication: Applied Energy,2026-10-05 00:00:00 UTC,2026-10-05 00:00:00+00:00,,Chun-Yu Zheng,,,0
More-efficient water splitting utilizing heated-cooled active pure water with reduced hydrogen bonds,https://www.sciencedirect.com/science/article/pii/S0306261926015850?dgcid=rss_sd_all,ScienceDirect Publication: Applied Energy,2026-10-05 00:00:00 UTC,2026-10-05 00:00:00+00:00,,Yu-Chuan Liu,,,0
Spatial-temporal feature extraction and residual correction for robust battery state-of-charge estimation under real-world operating conditions,https://www.sciencedirect.com/science/article/pii/S0306261926016284?dgcid=rss_sd_all,ScienceDirect Publication: Applied Energy,2026-10-05 00:00:00 UTC,2026-10-05 00:00:00+00:00,,Sijia Yang,,,0
Incorporating extreme scenarios into multi-stage planning of multi-timescale energy storage,https://www.sciencedirect.com/science/article/pii/S0306261926015898?dgcid=rss_sd_all,ScienceDirect Publication: Applied Energy,2026-10-05 00:00:00 UTC,2026-10-05 00:00:00+00:00,,Guangsheng Pan,,,0
A comprehensive review of machine learning in proton-exchange membrane fuel cells: From materials to intelligent systems,https://www.sciencedirect.com/science/article/pii/S0306261926015710?dgcid=rss_sd_all,ScienceDirect Publication: Applied Energy,2026-10-05 00:00:00 UTC,2026-10-05 00:00:00+00:00,,Marc Secanell,,,0
Computational design of water splitting electrocatalysts: From d-band center to machine learning descriptors,https://www.sciencedirect.com/science/article/pii/S0306261926015953?dgcid=rss_sd_all,ScienceDirect Publication: Applied Energy,2026-10-05 00:00:00 UTC,2026-10-05 00:00:00+00:00,,Xin-Zheng Yue,,,0
Stereochemical origin of potential hysteresis in lithium metal batteries with lithium-rich cation-disordered rocksalt positive electrodes,https://www.nature.com/articles/s41565-026-02301-2,Nature Nanotechnology,2026-10-05 00:00:00 UTC,2026-10-05 00:00:00+00:00,10.1038/s41565-026-02301-2,Xiaobo Ji,"Li-rich cation-disordered rocksalts (DRXs) are promising active materials for designing high-capacity positive electrodes for non-aqueous lithium-based batteries. However, the use of DRX-based positive electrodes results in pronounced cell potential hysteresis and low energy efficiency. The reasons for these detrimental behaviours remain unclear owing to the complex structural evolution of DRXs during battery operation. Here, via extensive physicochemical and electrochemical characterizations, we show that multiscale stereochemistry, particularly structure distortion at the atomic scale and short-range ordering in nanoscale domains, can thermodynamically and kinetically affect the potential hysteresis of Li||DRX cells. By using DRX models, we show that redox-inactive d0 transition metals (d0 TMs) influence the regulation of localized nanostructures. In particular, the out-of-centre distortion of d0 TMO6 octahedra, driven by the pseudo Jahn–Teller effect, decreases cation short-range order, thereby facilitating a high-rate Li+ percolation pathway. Moreover, the pseudo Jahn–Teller effect of d0 TMs is found to weaken the ligand-to-metal charge transfer process of Ni–O and thermodynamically enhance the reversibility of the lattice oxygen redox. As a result, the kinetic and thermodynamic factors contributing to the potential hysteresis of Li metal cells with Nb-containing DRX at the positive electrode are effectively mitigated.",nature_html,0
"Advances in self-reconstructing stainless-steel electrocatalysts for water splitting: surface activation, alloy engineering, stability, and DFT insights",https://www.sciencedirect.com/science/article/pii/S0306261926016181?dgcid=rss_sd_all,ScienceDirect Publication: Applied Energy,2026-10-05 00:00:00 UTC,2026-10-05 00:00:00+00:00,,Sung Jin Kim,,,0
"Intercell nonuniformity and dominant mechanisms analysis in industrial-scale water electrolyzer stacks: a unified comparative multiphysics modeling across AWE, AEM and PEM",https://www.sciencedirect.com/science/article/pii/S0306261926015400?dgcid=rss_sd_all,ScienceDirect Publication: Applied Energy,2026-10-05 00:00:00 UTC,2026-10-05 00:00:00+00:00,,Xiaobo Yang,,,0
PSHIC reveals allele-specific chromatin organization by phasing-free structural modeling,https://www.nature.com/articles/s41467-026-78098-4,Nature Communications,2026-10-05 00:00:00 UTC,2026-10-05 00:00:00+00:00,10.1038/s41467-026-78098-4,Shuaicheng LI,"Resolving the distinct 3D chromatin architectures of parental chromosomes is critical for understanding diploid genome function, but many haplotype-resolved Hi-C contact-map methods remain constrained by their reliance on phased single-nucleotide polymorphisms (SNPs). This dependency treats reconstruction as a simple tag-and-sort problem, leading to massive data loss, extreme fragility to phasing errors, and inapplicability in SNP-sparse contexts. We introduce PSHIC, a computational framework that reveals this hidden chromatin organization by employing phasing-free structural modeling, directly from aggregated Hi-C data. PSHIC models chromosomes as continuous manifolds and solves the inverse problem of finding two homolog-specific structures whose combined contacts best explain the observed data. Comprehensive simulations across varying sequencing depths, SNP densities, and phasing error rates demonstrate that PSHIC consistently outperforms established methods, achieving superior accuracy (SCC ≥ 0.987), loop detection (F1≥ 0.952), and structural fidelity (DER ≤ 0.04). Applications to real human and mouse Hi-C datasets show that PSHIC recovers known allele-associated features in X-chromosome inactivation, genomic imprinting, and regulatory networks. Results align with orthogonal experimental approaches including 3D DNA-FISH, 4C-seq, and ChIA-PET. PSHIC democratizes diploid chromatin analysis by enabling robust reconstruction in non-model organisms and other SNP-limited or poorly phased contexts.",nature_html,0
Ghd7‑triggered transcriptional regulation for synergistically improving rice eating quality and yield,https://www.nature.com/articles/s41467-026-78253-x,Nature Communications,2026-10-05 00:00:00 UTC,2026-10-05 00:00:00+00:00,10.1038/s41467-026-78253-x,Yuqing He,"Improving both eating quality and yield remains a major challenge in rice breeding. Here, we identify Ghd7 as the causal gene underlying the grain amylose content QTL qAC7 and reveal Ghd7–triggered transcriptional regulation that balances starch and protein to coordinate yield and quality. Ghd7 transcriptionally activates PCF3 and exhibits dominant epistasis over it. A natural TA/T variant in PCF3 determines its DNA-binding affinity: the PCF3‑T allele strongly represses OsNF-YC4, increasing starch and reducing protein in grain, whereas PCF3‑TA fails to exert this repressive effect. Haplotype and evolutionary analyses show that the favorable allele PCF3‑T has not been selected. Combining Ghd7‑1/4 with PCF3‑T further enhances both yield and eating quality. Our findings uncover a possible transcriptional cascade and highlight Ghd7‑1/4 and PCF3‑T as promising targets for simultaneously improving rice yield and quality.",nature_html,0
Large-scale proteomics identifies circulating markers of pulmonary pressure and pulmonary hypertension risk,https://www.nature.com/articles/s41467-026-78432-w,Nature Communications,2026-10-05 00:00:00 UTC,2026-10-05 00:00:00+00:00,10.1038/s41467-026-78432-w,Amil M. Shah,"Pulmonary hypertension, defined by elevated pressure in the pulmonary circulation, is morbid and diagnosing is challenging as no early-stage blood markers are currently available. Here we show that large-scale proteomic profiling across several independent observational cohorts identifies 22 proteins associated with echocardiography-derived pulmonary artery systolic pressure, several of which are independently associated with invasive measures of pulmonary vascular disease, structural remodeling of the pulmonary vasculature, and subsequent risk of pulmonary hypertension. Genetic analyses support a potential causal role for NOTCH3 and identify a common splice-regulating genetic variant that may modify susceptibility to pulmonary vascular stressors. Protein-based clustering further reveals two distinct biological subtypes associated with increased risk of pulmonary hypertension. Together, these findings identify candidate biomarkers of pulmonary hypertension, implicate pulmonary vascular remodeling in early-stage disease with a potential causal role for NOTCH3, and discover and validate two distinct endotypes of pulmonary hypertension risk in the community.",nature_html,0
Grid integration of bidirectional dynamic wireless charging for electric vehicles: A review on grid-side challenges and opportunities,https://www.sciencedirect.com/science/article/pii/S0306261926015448?dgcid=rss_sd_all,ScienceDirect Publication: Applied Energy,2026-10-05 00:00:00 UTC,2026-10-05 00:00:00+00:00,,Alan Brent,,,0
Role of high-temperature reservoir thermal energy storage during discharge in enhancing steady-state grid stability,https://www.sciencedirect.com/science/article/pii/S030626192601593X?dgcid=rss_sd_all,ScienceDirect Publication: Applied Energy,2026-10-05 00:00:00 UTC,2026-10-05 00:00:00+00:00,,Erhan Kutanoglu,,,0
From surrogate task to multiscale external-reference consistency learning: Adaptation-free cross-topology early warning of thermal runaway in electric vehicle batteries,https://www.sciencedirect.com/science/article/pii/S0306261926016132?dgcid=rss_sd_all,ScienceDirect Publication: Applied Energy,2026-10-05 00:00:00 UTC,2026-10-05 00:00:00+00:00,,Ying Zhang,,,0
"Coherent, credible and comprehensive or diffuse and ineffective? The energy poverty policy mix in Norway during geopolitical changes",https://www.sciencedirect.com/science/article/pii/S0301421526005495?dgcid=rss_sd_all,ScienceDirect Publication: Energy Policy,2026-10-05 00:00:00 UTC,2026-10-05 00:00:00+00:00,,Siddharth Sareen,,,0
From gigawatts to critical mineral demands for EU solar and wind,https://www.nature.com/articles/s41560-026-02147-x,Nature Energy,2026-10-05 00:00:00 UTC,2026-10-05 00:00:00+00:00,10.1038/s41560-026-02147-x,Shreyashree Dutta,"Decarbonizing the European Union’s energy system requires shifting from fossil fuels to material-intensive renewable infrastructure, yet the continental mineral demands of legally binding targets remain poorly quantified. Here we show that expanding solar, onshore and offshore wind capacity across the 27 member states through 2050 generates unprecedented demand for copper, zinc, silicon and rare earth elements, with supply-chain exposure highly dependent on the chosen technology pathway. Through three scenario-based projections, we find that pathways prioritizing offshore wind maintain rare earth element exposure near full-target levels (69.2 kilotonnes) even when solar and onshore deployment falls short, as these elements are technologically embedded in direct-driven turbine generators. These findings reframe the clean energy transition as a continental materials procurement challenge where mineral security functions as a binding feasibility constraint. Delivering climate goals requires institutionalizing material stress tests in national deployment plans, establishing strategic component reserves and actively securing international midstream processing partnerships.",nature_html,0
Reductive regeneration of iron-based fuels in a fixed-bed reactor for renewable energy storage: multiphysics simulation and comparative case evaluation,https://www.sciencedirect.com/science/article/pii/S0306261926016156?dgcid=rss_sd_all,ScienceDirect Publication: Applied Energy,2026-10-05 00:00:00 UTC,2026-10-05 00:00:00+00:00,,Jun Sui,,,0
Carbon pricing and clean energy markets: Policy effectiveness in an era of trade wars,https://www.sciencedirect.com/science/article/pii/S0301421526005586?dgcid=rss_sd_all,ScienceDirect Publication: Energy Policy,2026-10-05 00:00:00 UTC,2026-10-05 00:00:00+00:00,,Jiayue Jiang,,,0
Catalysts or constraints? The dual role of natural resources and greenfield investment amid geopolitical risk,https://www.sciencedirect.com/science/article/pii/S0301421526005616?dgcid=rss_sd_all,ScienceDirect Publication: Energy Policy,2026-10-05 00:00:00 UTC,2026-10-05 00:00:00+00:00,,Hemachandra Padhan,,,0
‘What took them so long?’ This year’s medicine Nobel winner is overdue,https://www.nature.com/articles/d41586-026-03094-z,Nature,2026-10-05 00:00:00 UTC,2026-10-05 00:00:00+00:00,10.1038/d41586-026-03094-z,Ewen Callaway,,,0
Medicine Nobel awarded for brain ‘switch’ that controls neurons with light,https://www.nature.com/articles/d41586-026-03091-2,Nature,2026-10-05 00:00:00 UTC,2026-10-05 00:00:00+00:00,10.1038/d41586-026-03091-2,Ewen Callaway,,,0
How big tech is building a military–industrial complex in the age of AI,https://www.nature.com/articles/d41586-026-03134-8,Nature,2026-10-05 00:00:00 UTC,2026-10-05 00:00:00+00:00,10.1038/d41586-026-03134-8,Chris Stokel-Walker,,,0
"The top cancer success stories of the past 50 years, by the numbers",https://www.nature.com/articles/d41586-026-03157-1,Nature,2026-10-05 00:00:00 UTC,2026-10-05 00:00:00+00:00,10.1038/d41586-026-03157-1,Heidi Ledford,,,0
Metasurfaces for the nanoscale engineering of light–matter coupling,https://www.nature.com/articles/s41578-026-00951-1,Nature Reviews Materials,2026-10-05 00:00:00 UTC,2026-10-05 00:00:00+00:00,10.1038/s41578-026-00951-1,Andreas Tittl,"Metasurfaces are planar, ultrathin arrays of subwavelength nanostructures that provide unprecedented control over optical fields. Initially demonstrated for wavefront shaping in beam steering and holography, metasurfaces are now recognized as a versatile platform for engineering light–matter interactions over broad spectral ranges. This Review surveys how the synergy between structured geometries and material excitations enables metasurfaces to act as a common photonic framework for concentrating light into deeply subwavelength volumes, substantially amplifying optical emission, interaction strengths and nonlinear responses, and giving rise to hybrid light–matter states known as polaritons. We first provide a comprehensive overview of relevant resonance mechanisms and coupling regimes before describing the predominant material excitations (plasmonic, excitonic and phononic). For each, we highlight unifying design principles, the resulting diversity of physical phenomena and the fundamental opportunities and limitations posed by metasurface integration. We close by outlining emergent directions and opportunities for the field, including tailored symmetries as well as topological and quantum metasurfaces.",nature_html,0
Dynamic adaptive artificial ligament with mineralized micro-wrinkles,https://academic.oup.com/nsr/advance-article/doi/10.1093/nsr/nwag629/8864996?rss=1,National Science Review Advance Access,2026-10-05 00:00:00 UTC,2026-10-05 00:00:00+00:00,10.1093/nsr/nwag629,Chengtie Wu,"Most conventional synthetic artificial ligaments lack dynamic mechanical adaption to facilitate robust tissue integration under cyclic joint loading conditions. In this work, inspired by the wrinkles of biological systems, the dynamic adaptive SrCO3/chitin artificial ligament (AL@Sr) fabrics were successfully developed, presenting a mechanical signal–bioactive ions–tissue regeneration synergy on ligament reconstruction under motion-actuated loading condition. The micro-wrinkles of bioactive SrCO3 nanoparticles were successfully introduced into AL@Sr fabrics by intramembranous mineralization internal stress inside crab-derived chitin biotemplates. The mineralized micro-wrinkles played a critical role in enhancing elasticity and fatigue resistance. More importantly, the micro-wrinkled surface exhibited a superior strain responsiveness. Under the dynamic stretching loading, the reversible unfolding-recovery process of these micro-wrinkles amplified cellular mechanical stimulation, not only accelerating the release of bioactive strontium ions of AL@Sr, but also facilitating the activation of mechanosensitive ion channels and promoting intracellular ion influx. Furthermore, the in vivo biological assays suggested the efficient osseointegration and ligament repair ability of AL@Sr. Our strategy shifts biomaterial design from a passive to an active paradigm, leveraging body movement itself to accelerate healing in dynamic environments.",rss_oup,0
Continuous hydrogenolysis of polyolefins at ambient pressure,https://academic.oup.com/nsr/advance-article/doi/10.1093/nsr/nwag620/8864979?rss=1,National Science Review Advance Access,2026-10-05 00:00:00 UTC,2026-10-05 00:00:00+00:00,10.1093/nsr/nwag620,Meng Wang,"Recycling and upcycling of plastic waste are typically energy-intensive and reducing their energy demand is crucial for the success of a sustainable plastic-to-resource transition. Hydro-conversion is a leading route for plastic waste valorization but typically requires high H2 pressures, especially for upcycling polyolefins, the largest class of plastics. Here we report an efficient and selective catalyst, Ru/ND@G, that enables continuous hydrogenolysis of waste polyolefins at ambient H2 pressure. Guided by mechanistic insights into hydrogenolysis, we design small Ru nanoparticles with optimized hydrogen- and hydrogen–alkane competitive adsorption, shifting the optimal reaction window to 1 bar while suppressing methanation. The catalyst delivers a metal-specific activity of 48 g gRu−1 h−1 at 220°C and converts diverse polyolefin wastes into liquid alkanes (C5–C34) with about 80% selectivity. In a representative semi-flow operation, 2.25 g of agricultural mulch film is transformed into 1.31 g of liquid and 0.42 g of gaseous alkanes. By eliminating the reliance on high-pressure H2, this work establishes design principles for low-pressure-favorable Ru catalysts and demonstrates a practical, energy-efficient pathway for continuous chemical upcycling of plastic waste.",rss_oup,0
Carbonate rock weathering substantially promotes soil microbial-derived carbon accumulation,https://academic.oup.com/nsr/advance-article/doi/10.1093/nsr/nwag627/8864976?rss=1,National Science Review Advance Access,2026-10-05 00:00:00 UTC,2026-10-05 00:00:00+00:00,10.1093/nsr/nwag627,Kelin Wang,"Microbial-derived carbon (necromass) is crucial for long-term soil organic carbon (SOC) persistence, yet how carbonate rock weathering regulates its accumulation remains unresolved, despite the global prevalence and rapid weathering of carbonate rocks. Using global synthesis, regional sampling, and microcosms, we tested how carbonate rock weathering affects microbial-derived carbon. Globally, karst soils contained 43.4% more amino sugars and 57.6% more SOC than non-karst soils. Regionally, karst soils had 19.3% higher SOC-normalized amino sugars, 57.8% larger mineral-associated amino sugars, and more oxidized lignin signatures. Within karst soils, weathering rate was the strongest predictor of microbial necromass, and calcium fractions were associated with mineral-associated amino sugars. In microcosms, carbonate rock addition increased soil pH and calcium, shifted enzyme allocation toward oxidative processing of chemically complex native SOC, potentially facilitating microbial necromass formation. Carbonate rock addition also increased incorporation of 13C-labelled labile carbon into microbial necromass by 22–71%. Our findings identify carbonate rock weathering as a geogenic control linking microbial necromass formation with calcium-associated stabilization, highlighting the potential to leverage this weathering pathway to enhance SOC persistence.",rss_oup,0
A precursor-degassing approach for accessing boron allotropes,https://www.nature.com/articles/s41557-026-02281-9,Nature Chemistry,2026-10-05 00:00:00 UTC,2026-10-05 00:00:00+00:00,10.1038/s41557-026-02281-9,,,,0
The radical-radical cross-coupling of alkyl carboxylic acids and organoborons,https://www.nature.com/articles/s41557-026-02237-z,Nature Chemistry,2026-10-05 00:00:00 UTC,2026-10-05 00:00:00+00:00,10.1038/s41557-026-02237-z,Christian A. Malapit,"Carbon–carbon bond-forming reactions are fundamental in organic synthesis. Radical–radical cross-coupling stands out as a key strategy for carbon–carbon bond formation, especially for C(sp3)–C(sp3) bonds, to construct complex, three-dimensional, value-added molecules. Existing approaches for direct radical–radical cross-coupling involve a persistent radical and a transient radical to leverage the persistent radical effect. Kolbe electrolysis is one of the few methods that directly cross-couples two transient radicals via electro-oxidative activation of carboxylic acids. However, the direct cross-coupling of transient radicals from two distinct radical precursors, such as carboxylic acids and boronic acids, remains challenging. Here we integrate redox-matched alternating-polarity electrolysis with controlled activation of redox-active species to enable the cross-coupling of alkyl carboxylic acids with alkyl boronic acids. In addition, we demonstrate the synthetic utility and versatility of this transformation by showcasing homocoupling reactions and net carboxylic acid–alkene cross-coupling via in situ alkene hydroboration, as well as tandem processes with Suzuki coupling and Buchwald–Hartwig amination.",nature_html,0
Coordinated scheduling of flexibility sources in an air-conditioning system with chilled water storage under dynamic electricity pricing,https://www.sciencedirect.com/science/article/pii/S0306261926015618?dgcid=rss_sd_all,ScienceDirect Publication: Applied Energy,2026-10-05 00:00:00 UTC,2026-10-05 00:00:00+00:00,,Jinqing Peng,,,0
AI biohazard hype must not divert attention from the real risks we face now,https://www.nature.com/articles/d41586-026-03135-7,Nature,2026-10-05 00:00:00 UTC,2026-10-05 00:00:00+00:00,10.1038/d41586-026-03135-7,Saskia Popescu,,,0
Untangling microbial diversification in Antarctic soils—One strain at a time,https://www.pnas.org/doi/abs/10.1073/pnas.2629157123?mi=eymic2&af=R&access=on&content=articlesChapters&publication=pnas&sortBy=Earliest&target=default,Proceedings of the National Academy of Sciences: Keyword search for query,2026-10-05 07:00:00 UTC,2026-10-05 07:00:00+00:00,10.1073/pnas.2629157123,Jill A. Mikucki,,,0
The lack of characterization of inferential operators leaves the robustness of global insect richness estimates undetermined,https://www.pnas.org/doi/abs/10.1073/pnas.2626184123?mi=eymic2&af=R&access=on&content=articlesChapters&publication=pnas&sortBy=Earliest&target=default,Proceedings of the National Academy of Sciences: Keyword search for query,2026-10-05 07:00:00 UTC,2026-10-05 07:00:00+00:00,10.1073/pnas.2626184123,Paulo A. V. Borges,,,0
The Benjamini–Hochberg procedure can fail to control the FDR for correlated two-sided Gaussian tests,https://www.pnas.org/doi/abs/10.1073/pnas.2626267123?mi=eymic2&af=R&access=on&content=articlesChapters&publication=pnas&sortBy=Earliest&target=default,Proceedings of the National Academy of Sciences: Keyword search for query,2026-10-05 07:00:00 UTC,2026-10-05 07:00:00+00:00,10.1073/pnas.2626267123,Edgar Dobriban,"The Benjamini–Hochberg (BH) procedure is the standard method for controlling the false discovery rate (FDR) in large-scale studies involving testing multiple hypotheses. Whether the BH procedure controls the FDR for every correlation structure among two-sided Gaussian tests has been a long-standing question, and a positive answer has been believed. Here, we settle the question negatively, by providing examples of Gaussian factor models for which the BH method fails to control the FDR at the nominal level. We prove mathematically that the violation holds, and also provide simulation results which are consistent with the theory. The level of violation can be characterized as mild but nonnegligible. In one of our examples, empirical FDR levels of ≈0.0106 and ≈0.053 are achieved for nominal FDR levels 0.01 and 0.05, respectively. Larger violations are also possible. The violation appears most prominently for large numbers (thousands) of tests; though we also present an example with a moderate number of 85 tests. We also briefly discuss the implications of our findings.",crossref,0
Pelvis shows Neanderthals differed from humans in locomotion but not in birth,https://www.pnas.org/doi/abs/10.1073/pnas.2626806123?mi=eymic2&af=R&access=on&content=articlesChapters&publication=pnas&sortBy=Earliest&target=default,Proceedings of the National Academy of Sciences: Keyword search for query,2026-10-05 07:00:00 UTC,2026-10-05 07:00:00+00:00,10.1073/pnas.2626806123,Robert G. Tague,,,0
Nocturnal neurons shape daytime visual receptive fields in the retina,https://www.pnas.org/doi/abs/10.1073/pnas.2629155123?mi=eymic2&af=R&access=on&content=articlesChapters&publication=pnas&sortBy=Earliest&target=default,Proceedings of the National Academy of Sciences: Keyword search for query,2026-10-05 07:00:00 UTC,2026-10-05 07:00:00+00:00,10.1073/pnas.2629155123,Jeffrey S. Diamond,,,0
An evil much exaggerated? The consequences of cousin marriage,https://www.pnas.org/doi/abs/10.1073/pnas.2630039123?mi=eymic2&af=R&access=on&content=articlesChapters&publication=pnas&sortBy=Earliest&target=default,Proceedings of the National Academy of Sciences: Keyword search for query,2026-10-05 07:00:00 UTC,2026-10-05 07:00:00+00:00,10.1073/pnas.2630039123,David W. Lawson,,,0
Reply to Cantwell Chater and Shahsavar: Clarifying PDB deposition records and local model interpretation in GlyT2 structures,https://www.pnas.org/doi/abs/10.1073/pnas.2621667123?mi=eymic2&af=R&access=on&content=articlesChapters&publication=pnas&sortBy=Earliest&target=default,Proceedings of the National Academy of Sciences: Keyword search for query,2026-10-05 07:00:00 UTC,2026-10-05 07:00:00+00:00,10.1073/pnas.2621667123,Yan Zhao,,,0
"Correction for Tomek et al., Beyond “non-significant” results: Why and how to test for practical equivalence",https://www.pnas.org/doi/abs/10.1073/pnas.2632391123?mi=eymic2&af=R&access=on&content=articlesChapters&publication=pnas&sortBy=Earliest&target=default,Proceedings of the National Academy of Sciences: Keyword search for query,2026-10-05 07:00:00 UTC,2026-10-05 07:00:00+00:00,10.1073/pnas.2632391123,,,,0
"Correction for Rørstadbotnen and Landrø, Detecting silent whales using seabed fiber-optic cables",https://www.pnas.org/doi/abs/10.1073/pnas.2632392123?mi=eymic2&af=R&access=on&content=articlesChapters&publication=pnas&sortBy=Earliest&target=default,Proceedings of the National Academy of Sciences: Keyword search for query,2026-10-05 07:00:00 UTC,2026-10-05 07:00:00+00:00,10.1073/pnas.2632392123,,,,0
"Correction for Chi et al., Urban tree canopy fragmentation and child mortality in low- and middle-income countries",https://www.pnas.org/doi/abs/10.1073/pnas.2632542123?mi=eymic2&af=R&access=on&content=articlesChapters&publication=pnas&sortBy=Earliest&target=default,Proceedings of the National Academy of Sciences: Keyword search for query,2026-10-05 07:00:00 UTC,2026-10-05 07:00:00+00:00,10.1073/pnas.2632542123,,,,0
"Correction for Chakravarti et al., Induced multipotency in adult keratinocytes through down-regulation of ΔNp63 or DGCR8",https://www.pnas.org/doi/abs/10.1073/pnas.2633437123?mi=eymic2&af=R&access=on&content=articlesChapters&publication=pnas&sortBy=Earliest&target=default,Proceedings of the National Academy of Sciences: Keyword search for query,2026-10-05 07:00:00 UTC,2026-10-05 07:00:00+00:00,10.1073/pnas.2633437123,,,,0
"Correction for Doughty et al., Compounded effects on wetland greenhouse gas fluxes from climate change and water management along a saline to freshwater gradient",https://www.pnas.org/doi/abs/10.1073/pnas.2633441123?mi=eymic2&af=R&access=on&content=articlesChapters&publication=pnas&sortBy=Earliest&target=default,Proceedings of the National Academy of Sciences: Keyword search for query,2026-10-05 07:00:00 UTC,2026-10-05 07:00:00+00:00,10.1073/pnas.2633441123,,,,0
"Retraction for Wang et al., Chemical ecology and convergent evolution of natural hallucinogens: From ecological defense to conserved neural targets",https://www.pnas.org/doi/abs/10.1073/pnas.2633586123?mi=eymic2&af=R&access=on&content=articlesChapters&publication=pnas&sortBy=Earliest&target=default,Proceedings of the National Academy of Sciences: Keyword search for query,2026-10-05 07:00:00 UTC,2026-10-05 07:00:00+00:00,10.1073/pnas.2633586123,,,,0
Reply to Fattorini and Borges: Conditional CIs and sensitivity analysis characterize uncertainty in global insect richness estimates,https://www.pnas.org/doi/abs/10.1073/pnas.2631365123?mi=eymic2&af=R&access=on&content=articlesChapters&publication=pnas&sortBy=Earliest&target=default,Proceedings of the National Academy of Sciences: Keyword search for query,2026-10-05 07:00:00 UTC,2026-10-05 07:00:00+00:00,10.1073/pnas.2631365123,Michael J. Sharkey,,,0
Apomixis imposes evolutionary costs by reducing recombination efficiency and disrupting segregation,https://www.pnas.org/doi/abs/10.1073/pnas.2618289123?mi=eymic2&af=R&access=on&content=articlesChapters&publication=pnas&sortBy=Earliest&target=default,Proceedings of the National Academy of Sciences: Keyword search for query,2026-10-05 07:00:00 UTC,2026-10-05 07:00:00+00:00,10.1073/pnas.2618289123,Xiuxin Deng,"Sexual reproduction facilitates the purging of deleterious mutations via recombination. Apomixis, defined by asexual seed formation, involves suppressed meiosis, thereby reducing the efficacy of purifying selection. However, the evolutionary consequences of apomixis remain poorly understood. In this study, we used wild citrus (
                    Citrus hindsii
                    ), which has both sexual and apomictic (adventitious embryony) lineages, as a diploid genetic system (2n = 2x = 18). We performed a cross between a sexual and an apomictic individual (pollen donor), generated haplotype-resolved genome assemblies for the two parents, and deep-sequenced 226 progeny. These data were integrated into a graph pangenome to characterize the meiotic recombination landscape. The apomictic lineage harbors 1.28-fold more heterozygous structural variations, which may locally suppress crossovers. Furthermore, apomictic recombination efficiency is reduced by 24.2% relative to the sexual lineage. Crucially, the contribution of male function through outcrossing exposes a substantial recessive genetic load, including a putative gamete-lethal mutation, triggering significant segregation distortion across 31.7% of the genome. We established that these distortion profiles are driven by the cumulative effects of multiple loci, with the magnitude of distortion depending on haplotype interactions. Collectively, our study quantifies the recombination landscape of apomixis and provides a framework for unmasking and mitigating genetic load in asexual crops.",crossref,0
"Ancient DNA challenges to admixture narratives: Insights from Notre-Dame Cemetery (1683–1796) in Colonial Montreal, Canada",https://www.pnas.org/doi/abs/10.1073/pnas.2523026123?mi=eymic2&af=R&access=on&content=articlesChapters&publication=pnas&sortBy=Earliest&target=default,Proceedings of the National Academy of Sciences: Keyword search for query,2026-10-05 07:00:00 UTC,2026-10-05 07:00:00+00:00,10.1073/pnas.2523026123,Isabelle Ribot,"Historical narratives of early colonization in Quebec frequently portray French–Indigenous relations as cooperative and characterized by admixture; which are often mobilized in modern debates on false-indigeneity. These narratives have been studied through genealogical, genetic, and bioarchaeological analyses, yet individuals of African descent remain mostly absent from them, while Indigenous peoples are framed largely in relation to colonists. Notre-Dame Cemetery (1683–1796) in Tiohtià:ke-Montréal offers a unique window onto one of the earliest urban colonial populations in Nouvelle France, but previous bioarchaeological studies have produced conflicting interpretations regarding the presence of non-European or admixed individuals. Here, we generated ancient DNA from 45 individuals and applied genotype imputation, runs-of-homozygosity, and identity-by-descent analyses to reevaluate genetic relatedness and cemetery organization. Our results show exclusively French European ancestry. We observe low levels of close-kin unions and identify several genetic lineages distributed across the cemetery’s successive burial phases rather than family clustering or religious ordering. The spatial organization of the graves is consistent with rapid demographic growth, with successive burials overlapping one another, before being disrupted by urban development. Rooted in Indigenous decolonial frameworks, these findings challenge the ‘admixed founding population’ narrative, aligning with historical evidence of Indigenous and African-descended marginalization while highlighting the social inequalities shaping this colonial urban cemetery. Québec’s bioarchaeological practices must move beyond blood ties as the sole measure of kinship and commit to legal frameworks that better reflect reciprocal obligations of care, in order to overcome the colonial structures that still define heritage.",crossref,0
"A 2,623-year temperature reconstruction from the Colorado Rocky Mountains reveals warm and cool droughts",https://www.pnas.org/doi/abs/10.1073/pnas.2612779123?mi=eymic2&af=R&access=on&content=articlesChapters&publication=pnas&sortBy=Earliest&target=default,Proceedings of the National Academy of Sciences: Keyword search for query,2026-10-05 07:00:00 UTC,2026-10-05 07:00:00+00:00,10.1073/pnas.2612779123,Cody C. Routson,"Recent hydrological drought in the US Southwest has occurred under exceptional warming, intensifying water deficits in the Colorado River and Rio Grande basins. Yet the long-term role of temperature in modulating severe and persistent droughts remains poorly understood because regional temperature reconstructions are scarce. We present a 2,623-y June–September minimum temperature reconstruction from the southern Colorado Rocky Mountains based on
                    Pinus aristata
                    tree rings, spanning 600 BCE to 2022 CE. The reconstruction reveals decadal-to-multidecadal variability but limited expression of sustained hemispheric climate phases. In contrast, late 20th and early 21st century warming is unprecedented in magnitude, persistence, and spatial coherence across western North America. By pairing this reconstruction with a continuous 2,000-y reconstruction of upper Colorado River streamflow, we evaluate temperature conditions during major droughts. The most severe and persistent drought of the Common Era, during the 2nd century CE, developed under a persistent cool anomaly, indicating that extreme hydrologic deficit can arise from precipitation forcing alone. Over the last two millennia, warm droughts were more frequent than cool droughts (56% vs. 44%), but both produced comparable cumulative flow deficits. In contrast to the conventional characterization of droughts as hot and dry, these findings demonstrate that extreme droughts developed under both cool and warm regimes and suggest that natural climate variability in this region can produce extremely persistent drought without the added influence of anthropogenic warming.",crossref,0
Structural considerations on xeGlyT2 substrate and inhibitor recognition,https://www.pnas.org/doi/abs/10.1073/pnas.2612775123?mi=eymic2&af=R&access=on&content=articlesChapters&publication=pnas&sortBy=Earliest&target=default,Proceedings of the National Academy of Sciences: Keyword search for query,2026-10-05 07:00:00 UTC,2026-10-05 07:00:00+00:00,10.1073/pnas.2612775123,Azadeh Shahsavar,,,0
An unidentified reservoir of comet 81P/Wild 2 chondrules,https://www.pnas.org/doi/abs/10.1073/pnas.2612680123?mi=eymic2&af=R&access=on&content=articlesChapters&publication=pnas&sortBy=Earliest&target=default,Proceedings of the National Academy of Sciences: Keyword search for query,2026-10-05 07:00:00 UTC,2026-10-05 07:00:00+00:00,10.1073/pnas.2612680123,Noriko T. Kita,"Comets, which have been stored in the cryogenic regions for billions of years, preserve key records of the solar system’s formation and the dynamic evolution of planets and other small bodies. Twenty years ago, NASA Stardust mission returned samples from a Jupiter-family comet, 81P/Wild 2, for laboratory analysis, and uncovered an unexpected truth that this comet is not entirely made of interstellar grains but contains significant amounts of high-temperature silicate fragments. However, the sources of these fragments remain ambiguous. Here, we report the petrography and oxygen three-isotopes of ~100 silicate fragments from track 227, one of the largest impact tracks in the Stardust aerogel collector. The fragments are mostly pieces of small chondrules (typically &lt;60 µm) with many exhibiting igneous textures such as microporphyritic olivine and, occasionally, nonporphyritic barred olivine and cryptocrystalline. Approximately 90% of the fragments define a modest negative correlation between the mass-independent fractionation of oxygen isotopes (Δ
                    17
                    O = δ
                    17
                    O –0.52 × δ
                    18
                    O, –4 to 0‰) and the redox state [Mg# = mol% Mg/(Mg + Fe), 100 to 62]. The remaining 10% are markedly FeO-rich (Mg# &lt;60) and
                    16
                    O-depleted (Δ
                    17
                    O up to 7‰). These characteristics distinguish them from chondrules in any known chondrite groups, nor can they be reproduced by mixing chondrule populations in any proportion. Instead, these fragments are from an unidentified chondrule reservoir in a more distant outer disk region. These chondrules were possibly formed in a highly oxidized, ice-rich environment ≥3 Ma after solar system formation.",crossref,0
"The more you automate, the less you see: Hidden pitfalls of autonomous AI scientists",https://www.pnas.org/doi/abs/10.1073/pnas.2610214123?mi=eymic2&af=R&access=on&content=articlesChapters&publication=pnas&sortBy=Earliest&target=default,Proceedings of the National Academy of Sciences: Keyword search for query,2026-10-05 07:00:00 UTC,2026-10-05 07:00:00+00:00,10.1073/pnas.2610214123,Nihar B. Shah,"The rapid rise of autonomous AI scientists marks a paradigm shift in scientific discovery by automating the research lifecycle. Yet their rushed development has outpaced critical oversight, leaving key workflow decisions dangerously unscrutinized. We present a much-needed systematic analysis of open-source AI scientist systems, investigating four primary pitfalls: inappropriate benchmark selection, data leakage, metric misuse, and post hoc selection bias. Through controlled experiments that isolate each pitfall, we find systematic vulnerabilities across two representative open-source systems. Crucially, we find that these flaws are largely invisible at the level of the final manuscript, suggesting that current manuscript-centric peer review paradigms are fundamentally insufficient for ensuring the integrity of automated research. We further propose mitigation strategies and demonstrate that access to full workflow artifacts (log traces and code) enables more effective auditing. Our findings suggest that journals, conferences, and researchers should move beyond manuscript-only evaluation toward process auditing the end-to-end workflow artifacts of AI scientist systems.",crossref,0
Brain weight across the adult lifespan in great apes,https://www.pnas.org/doi/abs/10.1073/pnas.2609260123?mi=eymic2&af=R&access=on&content=articlesChapters&publication=pnas&sortBy=Earliest&target=default,Proceedings of the National Academy of Sciences: Keyword search for query,2026-10-05 07:00:00 UTC,2026-10-05 07:00:00+00:00,10.1073/pnas.2609260123,Chet C. Sherwood,"Reduction in brain weight is a hallmark feature of human aging, which is exacerbated in pathologies, such as Alzheimer’s disease and other dementias. However, it remains unclear whether a decrease in brain weight with age reflects a vulnerability unique to the human lineage or represents a consequence of an extension of aging processes shared with other primates. To address this question, we examined age-related changes in brain weight across our closest living relatives, the great apes (chimpanzees, bonobos, gorillas, and orangutans). The sample spanned the full adult age range in each species and included individuals reaching ages comparable to those at which age-related brain changes become apparent in humans. Across species, brain weight did not show significant change throughout adulthood and into advanced age. The observed pattern held even when body weight was included in the analysis in a subsample of chimpanzees. Overall, these results indicate that marked brain weight loss is not a general feature of great ape aging and instead appears largely specific to humans, with implications for understanding susceptibility to late-life brain pathology.",crossref,0
Causality-integrated graph learning for multi-endpoint toxicity prediction,https://www.pnas.org/doi/abs/10.1073/pnas.2608919123?mi=eymic2&af=R&access=on&content=articlesChapters&publication=pnas&sortBy=Earliest&target=default,Proceedings of the National Academy of Sciences: Keyword search for query,2026-10-05 07:00:00 UTC,2026-10-05 07:00:00+00:00,10.1073/pnas.2608919123,Wei Shi,"Toxicity prediction remains a longstanding challenge in the safety assessment of numerous artificial chemicals. While conventional single-endpoint models are effective for predicting many molecular properties, they fail to capture the complex mechanisms underlying toxicity, which involve multiple molecular targets, interconnected pathways, and diverse outcomes. We present a causality-integrated graph learning framework that embeds toxicological mechanisms extracted from large-scale literature mining as directed graphs within deep learning (DL) models. By using chemical structure as input, the framework generates compound-specific perturbation profiles within a fixed causal space, enabling system-level classification, quantitative prioritization, and mechanistic interpretation across multiple outcomes. Focusing on endocrine-disrupting chemicals, we constructed a large-scale, causally organized knowledge graph (EDKG) and implemented the framework as EDKG-DL, a predictive model that incorporates mechanism-aware graph reasoning. Through extensive external validations, EDKG-DL outperforms structure-driven state-of-the-art approaches in both stability and cross-scenario generalization. This work establishes a mechanism-constrained, causality-informed learning paradigm that is highly relevant for multi-endpoint toxicity assessment and regulatory decision-making.",crossref,0
Formation of a swelling gel underlies a morphological transition in Bacillus subtilis biofilms,https://www.pnas.org/doi/abs/10.1073/pnas.2608188123?mi=eymic2&af=R&access=on&content=articlesChapters&publication=pnas&sortBy=Earliest&target=default,Proceedings of the National Academy of Sciences: Keyword search for query,2026-10-05 07:00:00 UTC,2026-10-05 07:00:00+00:00,10.1073/pnas.2608188123,Joseph W. Larkin,"Microbes across diverse species and environments form biofilms, living materials composed of cells and extracellular polymers. Biofilm-dwelling cells benefit from emergent soft matter physics, which sculpts three-dimensional morphologies and facilitates osmotic nutrient uptake. Although biofilms are modeled as viscoelastic gels, the physical origins of the phase transition underlying their conversion from groups of cells to living gels have not been systematically investigated. Here, we show that
                    Bacillus subtilis
                    biofilms use polymer composition to tune their physical properties and drive gel formation. Using imaging, water immersion experiments, and rheological measurements with matrix knockout strains, we demonstrate the complementary roles of two polymers in this developmental transition: hydrophilic poly-
                    γ
                    -glutamic acid swells colonies by absorbing water while exopolysaccharides serve as effective cross-linkers, causing a sol–gel-like phase transition that imparts structural integrity. With matrix knockout coculture biofilms, we independently modulate the production of each polymer and reveal a phase space of biofilm morphologies. Colonies that produce both polymers develop macroscopic wrinkles. A thin-film model predicts biofilm wrinkling from swelling-induced internal strain coupled with elasticity. The model reproduces the shape of our observed morphological phase diagram. Our results demonstrate that bacteria leverage gelation to vary their material properties and morphologies, with implications for microbial ecology and engineering living matter.",crossref,0
Global divergence in urban–rural vegetation resilience driven by broken ecological trade-offs,https://www.pnas.org/doi/abs/10.1073/pnas.2606997123?mi=eymic2&af=R&access=on&content=articlesChapters&publication=pnas&sortBy=Earliest&target=default,Proceedings of the National Academy of Sciences: Keyword search for query,2026-10-05 07:00:00 UTC,2026-10-05 07:00:00+00:00,10.1073/pnas.2606997123,Jin Wu,"While urban environments are known to extend growing seasons and enhance vegetation growth, whether these benefits also improve resilience to climate stress or instead create productive but vulnerable ecosystems remains uncertain. Using satellite observations from 2001 to 2022 across 751 large cities in 109 countries, we find that urban vegetation is more resilient than surrounding rural vegetation in 78% of cities. This urban–rural resilience gap has widened over time, driven by declining rural resilience alongside slightly improving urban recovery dynamics, particularly in arid regions where rural vegetation shows progressively slower recovery. Among the factors examined, the urban irrigation proxy, quantified as the urban–rural difference in evapotranspiration, was the strongest correlate of the urban resilience advantage, followed by canopy structure. In 32% of cities, predominantly located in arid regions, urban vegetation exhibited a dual advantage, combining smaller disturbance-related greenness losses with faster recovery than rural vegetation, consistent with management-mediated relaxation of the resistance–resilience trade-off. These findings challenge the view of cities as uniformly detrimental to ecosystem stability and suggest that, when supported by sustainable and equitable management, urban green spaces may serve as managed refugia for vegetation resilience under climate change.",crossref,0
Chronic cigarette smoke exposure induces distinct stem cell states driving genetic driver–specific non–small cell lung cancer subtypes,https://www.pnas.org/doi/abs/10.1073/pnas.2604393123?mi=eymic2&af=R&access=on&content=articlesChapters&publication=pnas&sortBy=Earliest&target=default,Proceedings of the National Academy of Sciences: Keyword search for query,2026-10-05 07:00:00 UTC,2026-10-05 07:00:00+00:00,10.1073/pnas.2604393123,Michelle Vaz,"Cigarette smoke-induced chronic inflammation (CI) potentiates development of non–small cell lung cancer (NSCLC) by mediating genetic and epigenetic events. Using normal lung organoids (LOs), we define how chronic cigarette smoke condensate (CSC) exposure drives two separate stem cell populations to evolve premalignant states harboring progressive epigenetic and linked transcriptomic abnormalities in the absence of major driver mutations. These dynamics facilitate evolution of an immune evasive state with downregulation of inflammatory pathways and accompanying death signals mediated by epigenetic silencing of PANoptosis regulator,
                    Zbp1.
                    The stem cell populations evolve through distinct trajectories to respond differently to subsequent introduction of oncogenic mutations, Kras
                    G12V
                    and loss of Tp53, to induce one step transformation of CSC exposed organoids resulting in two major NSCLC subtypes. Kras mutations drive tumorigenesis primarily in a bronchioalveolar stem cell–derived state producing adenocarcinomas while TP53 loss drives tumorigenesis in a basal stem cell–derived state resulting in squamous cell carcinomas. CSC-induced downregulation of Zbp1 and interferon signaling is further potentiated in tumors with mutation-specific changes marked by decreased expression in Kras-mutant contexts. Our findings define unique transcriptomic profiles in CI-induced stem cell states and reveal a key role for cell death pathway-associated genes in potentiating oncogenic drivers to promote NSCLC. Together, our data suggest strategies to predict cancer risk and enable early interception.",crossref,0
Extended fractional Hofstadter states at high field in twisted bilayer graphene above the magic angle,https://www.pnas.org/doi/abs/10.1073/pnas.2602080123?mi=eymic2&af=R&access=on&content=articlesChapters&publication=pnas&sortBy=Earliest&target=default,Proceedings of the National Academy of Sciences: Keyword search for query,2026-10-05 07:00:00 UTC,2026-10-05 07:00:00+00:00,10.1073/pnas.2602080123,David Goldhaber-Gordon,"When a Chern band is partially filled, a fractional Chern insulator (FCI)—the lattice analog of a fractional quantum Hall state—can arise. Though the full range of possible scenarios for producing such a state is not established, the most tractable models combine strong electronic interactions with the quantum geometry of the parent Chern band meeting specific criteria. In twisted bilayer graphene, the importance of interactions can be tuned by varying the interlayer twist. Here, we study a sample with twist near 1.4
                    °
                    , large enough to suppress the zero-field correlated states. We find that applying a strong magnetic field restores the importance of electron–electron interactions: at nearly half a magnetic flux quantum per moiré unit cell, deep in the Hofstadter regime, odd-denominator fractional states appear in multiple Hofstadter subbands. These fractional states persist over larger ranges of density, and are more robustly quantized, than nearby integer states, opposite to what is seen in other fractional quantum Hall and FCI systems.",crossref,0
Regulation of morphogen signaling pathways by recurrent hypermotif circuits,https://www.pnas.org/doi/abs/10.1073/pnas.2538060123?mi=eymic2&af=R&access=on&content=articlesChapters&publication=pnas&sortBy=Earliest&target=default,Proceedings of the National Academy of Sciences: Keyword search for query,2026-10-05 07:00:00 UTC,2026-10-05 07:00:00+00:00,10.1073/pnas.2538060123,Ruslan Medzhitov,"Morphogen signaling pathways orchestrate cell fate and tissue patterning during embryo development through intricate intercellular communication. While much is known about the molecular components of these pathways, the underlying regulatory logic shaping their integration remains unclear. Here, we develop a computational framework to uncover higher-order network structures,
                    hypermotifs
                    , that link gene regulatory circuits within and between cells via morphogen signaling. Applying this framework to single-cell RNA sequencing data from human intestinal development, we identify recurrent hypermotif topologies that mediate communication between epithelial and fibroblast populations. These cell-cell hypermotif circuits involve feedback and feedforward loops embedded within signaling pathways. Dynamical modeling reveals that such circuits can generate emergent behaviors, including oscillatory and antagonistic responses. Our results highlight hypermotifs as key design principles in developmental regulatory networks, providing a systems-level understanding of morphogen signal integration across cell types.",crossref,0
Recurrent hypermotif regulatory circuits in developmental programs,https://www.pnas.org/doi/abs/10.1073/pnas.2538056123?mi=eymic2&af=R&access=on&content=articlesChapters&publication=pnas&sortBy=Earliest&target=default,Proceedings of the National Academy of Sciences: Keyword search for query,2026-10-05 07:00:00 UTC,2026-10-05 07:00:00+00:00,10.1073/pnas.2538056123,Ruslan Medzhitov,"During development, cells self-organize into complex spatial and temporal patterns driven by regulatory circuits of transcription factors and morphogen signaling. However, the principles that govern these regulatory interactions remain poorly understood. Here, we introduce a framework to dissect the building-block circuits of developmental gene regulatory networks and explore their integration into higher-order hypermotif circuits. Using single-cell RNA-sequencing data spanning human intestinal development, we identify five recurrent network motifs, including feedforward and feedback loops, and investigate their roles in the regulation of gene expression. Our analysis reveals distinct categories of developmental genes based on their roles within network motifs, highlighting major transitions in regulatory architecture across developmental stages. Furthermore, we model the emergent dynamical properties of hypermotif circuits, including their potential roles in regulating morphogen signaling. This study uncovers a common theme in regulatory circuits of developmental programs, emphasizing how the combinatorial wiring of regulatory motifs enables robust and diverse tissue formation.",crossref,0
Tyrosine phosphorylation unfolds nucleophosmin and disrupts its integration into the nucleolus,https://www.pnas.org/doi/abs/10.1073/pnas.2533263123?mi=eymic2&af=R&access=on&content=articlesChapters&publication=pnas&sortBy=Earliest&target=default,Proceedings of the National Academy of Sciences: Keyword search for query,2026-10-05 07:00:00 UTC,2026-10-05 07:00:00+00:00,10.1073/pnas.2533263123,Irene Díaz-Moreno,"Nucleophosmin (NPM1) is a multifunctional nucleolar protein essential for ribosome biogenesis, genome stability, and stress responses. Its integration into the nucleolus depends on its oligomerization and multivalent interactions that enable liquid–liquid phase separation (LLPS). Here, we investigate how tyrosine phosphorylation at Tyr17, Tyr29, and Tyr67 located within the interface between monomers at the N-terminal oligomerization domain regulates NPM1 structure and function. Replacing tyrosines with
                    p-
                    carboxymethyl-L-phenylalanine as phosphomimetic substitutions, we show that phosphorylation at Tyr17 and Tyr67 disrupts key intermonomer interactions and destabilizes the NPM1 pentameric assembly, which drives an order-to-disorder transition and impairs binding to nuclear partners. Consequently, dual phosphorylation at Tyr17 and Tyr67 disturbs both homotypic and heterotypic LLPS, thereby impairing incorporation of NPM1 into the nucleolus. This altered localization of NPM1 serves as a hallmark of p53 activation, driven both by nucleoplasmic NPM1 and by the release of ARF from NPM1-dependent sequestration in the nucleolus. Altogether, our results provide a molecular mechanistic explanation on how phosphorylation-induced structural and dynamic changes drive the release of NPM1 from the nucleolus under genotoxic stress.",crossref,0
Opposing activity of SOX9 and Wnt in the developing otocyst ensures SOX10 control of endolymphatic development,https://www.pnas.org/doi/abs/10.1073/pnas.2617028123?mi=eymic2&af=R&access=on&content=articlesChapters&publication=pnas&sortBy=Earliest&target=default,Proceedings of the National Academy of Sciences: Keyword search for query,2026-10-05 07:00:00 UTC,2026-10-05 07:00:00+00:00,10.1073/pnas.2617028123,Kathryn S. E. Cheah,"Proper development of the inner ear, including specification and differentiation of progenitors for the endolymphatic sac, is crucial for hearing and balance. In a mouse model of the
                    
                      SOX9
                      Y440X/+
                    
                    mutation that causes campomelic dysplasia and deafness, impaired development of the endolymphatic system at mid-gestation was associated with SOX10 downregulation. The underlying molecular causes and significance are unclear. Here, we found in
                    
                      Sox9
                      Y440X/+
                    
                    mice,
                    Sox10
                    expression was downregulated, prior to overt differentiation, in the dorsomedial aspect of the E10.5 otic vesicle that normally becomes the endolymphatic duct and sac. Single-cell transcriptomic profiling of E10.5 otic vesicles showed increased expression of Wnt pathway genes that was associated with the domain-specific decrease in
                    Sox10
                    expression. Forced elevation of Wnt signaling by expression of stabilized β-catenin in the early otocyst and more developed inner ears, suppressed
                    Sox10
                    expression. Wnt exerted an inhibitory effect on
                    SOX10
                    expression in otocyst-like organoids derived from human pluripotent stem cells. In vitro transactivation assays reveal antagonistic action of SOX9 and Wnt signaling on
                    Sox10
                    transactivation mediated by conserved enhancers with neighboring/overlapping SOX9- and TCF/LEF-binding (Wnt effectors) motifs. We propose a conserved SOX9-Wnt antagonism acting via conserved enhancers, regulates SOX10 to modulate endolymphatic cell fate. The
                    
                      SOX9
                      Y440X/+
                    
                    mutation disrupts this regulatory circuit through both dominant-negative and haploinsufficient effects culminating in impaired establishment of progenitors in the otocyst that are essential for the development of the endolymphatic system for hearing and balance.",crossref,0
Wafer‐Scale Multidimensional‐Topology COFs for Highly Reliable Neuromorphic Electronics,https://onlinelibrary.wiley.com/doi/10.1002/adma.75275?af=R,Wiley: Advanced Materials: Table of Contents,2026-10-05 07:24:18 UTC,2026-10-05 07:24:18+00:00,10.1002/adma.75275,Zhang Bin,"ABSTRACT
                  
                    The rapid synthesis and scalable design strategies of high‐reliability multi‐dimensional and multi‐topological covalent organic frameworks (MDT COFs) are of great significance for meeting the diverse technological application requirements with highly differential specific demands, especially in neuromorphic electronics. Here, we introduce aniline into a sonochemical synthesis platform, where thermodynamic‐kinetic synergistic control expands topological diversity and substrate compatibility. We synthesized 37 COFs covering 1D to 3D, including 10 previously unreported frameworks. Relying on a parallel optimization strategy involving geometric‐electronic co‐engineering, a 3D TAPPFe‐Cu
                    3
                    COF‐based wafer‐scale memristor incorporating multiple metal and redox centers is designed and applied to shortest‐path optimization in the Shanghai metro network, exhibiting an 80.1% reduction in energy consumption, 78.6% faster synaptic weight reset, and a 9.36‐fold improvement in TDDB lifetime compared with state‐of‐the‐art COF‐based devices. This synthetic methodology and material design strategy provide a robust foundation for application‐tailored high‐reliability COFs, while opening new avenues for diversified utilization of MDT COFs.",crossref,0
Electron Reservoir‐Modulated Edge Hosted Sites for Ampere‐Level H2O2 Production and Simultaneous Waste Plastic Upcycling,https://onlinelibrary.wiley.com/doi/10.1002/adma.75252?af=R,Wiley: Advanced Materials: Table of Contents,2026-10-05 07:24:32 UTC,2026-10-05 07:24:32+00:00,10.1002/adma.75252,Junfeng Niu,"ABSTRACT
                  
                    The edge‐distributed metal sites are potential for efficient hydrogen peroxide (H
                    2
                    O
                    2
                    ) electrosynthesis due to their excellent intrinsic activity, but simultaneously achieving high catalytic activity and durability remains challenging. Herein, we propose an electron reservoir strategy by integrating Al‐based nanoclusters to stabilize edge‐hosted Al atomic sites (Al
                    NCs
                    /Al
                    1
                    ‐O‐C@edge), enabling efficient H
                    2
                    O
                    2
                    electrosynthesis at ampere‐level current. The Al
                    NCs
                    /Al
                    1
                    ‐O‐C@edge delivers a direct outlet H
                    2
                    O
                    2
                    concentration of 7.53 wt% and a mass‐normalized production rate reaching 60.1 mol h
                    −1
                     g
                    cat.
                    −1
                    at 1.6 A cm
                    −2
                    . The Al
                    NCs
                    /Al
                    1
                    ‐O‐C@edge can be operated at currents of 1–10 A in a 10 × 10 cm
                    2
                    reactor, and maintains excellent long‐term stability for 240 h. DFT calculations, durability tests, and in situ analysis demonstrate that the Al‐based nanoclusters act as electron reservoirs, enabling a compressed redox swing of single atom Al centers by regulating the electron accumulation‐release process, which sustains key *OOH intermediate generation. Moreover, coupling H
                    2
                    O
                    2
                    synthesis with waste plastic upcycling lowers the cell voltage from 7.2 V to 6.1 V at 300 mA cm
                    −2
                    , while sustaining Faradaic efficiencies above 90% for both H
                    2
                    O
                    2
                    and glycolic acid production. Techno‐economic analysis reveals a substantially higher revenue for the coupled system than the conventional system, demonstrating its economic and environmental superiority for sustainable chemical co‐production.",crossref,0
Supramolecular Elastomer Based Switchable Adhesives Regulated by Soft Confinement Induced Nano‐Rod Crystals,https://onlinelibrary.wiley.com/doi/10.1002/adma.75286?af=R,Wiley: Advanced Materials: Table of Contents,2026-10-05 07:28:04 UTC,2026-10-05 07:28:04+00:00,10.1002/adma.75286,Xiaoliang Wang,"ABSTRACT
                  
                    Supramolecular adhesives enable on‐demand detachment due to their dynamic nature. However, such behavior usually at the cost of limited adhesive toughness. To promote the intrinsic compromise between adhesive toughness and switchability, we propose a soft‐confinement‐regulated nanorod crystallization strategy to construct a supramolecular elastomer (PTA‐PCL). The amphiphilic and soft poly (thioctic acid) (PTA) matrix forms a dynamically confined interface through hydrogen bonding, directing the oriented self‐assembly of hydrophobic polycaprolactone glycol (PCL‐OH) into nanorod crystals with an aspect ratio of 4.80 and thereby reinforcing the network. Meanwhile, thermally triggered phase transitions drive mesoscale evolution, allowing the adhesion state to be tuned by the dynamic confinement interface. Benefiting from this hierarchical structural design, the PTA‐PCL film exhibited robust adhesion (1609.31 J m
                    −
                    2
                    ), switchable debonding (83.7 J m
                    −
                    2
                    ; switching ratio = 14.5), and high toughness (3.35 MJ m
                    −
                    3
                    ). Molecular dynamics simulations indicated partial compatibility and strong interfacial interactions between PTA and PCL‐OH, while the synergistic coupling between interfacial enrichment and crystallization reinforcement was confirmed by low‐field solid‐state NMR. Overall, this study presents a new strategy for inducing nanorod crystallization within soft networks, and the superior switchable adhesion and interfacial toughness make PTA‐PCL a promising candidate for advanced adhesive materials.",crossref,0
Donor‐Selective NiCo‐LDH Templating Directs Polymer Assembly for Enhanced Exciton Transport in Efficient Organic Solar Cells,https://onlinelibrary.wiley.com/doi/10.1002/adma.75208?af=R,Wiley: Advanced Materials: Table of Contents,2026-10-05 07:29:52 UTC,2026-10-05 07:29:52+00:00,10.1002/adma.75208,Zhenye Li,"ABSTRACT
                  
                    Organic solar cells (OSCs) have achieved remarkable progress, yet improving exciton utilization in polymer donors remains challenging due to their intrinsically limited exciton diffusion length (
                    L
                    D
                    ). Here, we report a donor‐selective templating strategy based on few‐layer‐like nickel–cobalt layered double hydroxide (NiCo‐LDH) nanosheets to regulate polymer donor assembly in OSCs. The hydroxyl‐rich NiCo‐LDH surface exhibits preferential affinity toward polymer donors and promotes ordered donor‐chain organization during film formation, while exerting limited influence on the acceptor component. This templating strategy enhances the molecular ordering of the donor phase and increases the
                    L
                    D
                    of D18 from 10.7 to 18.9 nm, accompanied by the formation of more ordered donor fibrillar structures. The coordinated improvements in donor organization and exciton transport are further associated with enhanced exciton‐to‐charge conversion, more balanced carrier transport, and suppressed recombination. Consequently, D18:L8‐BO‐based OSCs achieve a maximum power conversion efficiency (PCE) of 21.36%, independently certified at 21.09%, together with improved stability under continuous illumination. Analogous donor‐biased interactions, enhanced exciton diffusion, regulated fibrillar organization, and improved photovoltaic performance are also observed in PM6 and D18‐Cl systems. These results highlight the broader applicability of chemically active 2D templating for coordinating polymer donor assembly and exciton transport toward high‐performance OSCs.",crossref,0
Architecting Mesoporous Heterojunctions via Programmable Interfacial Engineering,https://onlinelibrary.wiley.com/doi/10.1002/adma.75246?af=R,Wiley: Advanced Materials: Table of Contents,2026-10-05 07:30:09 UTC,2026-10-05 07:30:09+00:00,10.1002/adma.75246,Yonghui Deng,"ABSTRACT
                  Mesoporous heterojunction materials (MHJs), integrating interconnected mesopore networks with electronically polarized heterointerfaces, have delivered unparalleled advantages across diverse frontier fields. Open mesopores expose otherwise buried junctions, shorten diffusion pathways, and create confined nanospaces, while heterointerfaces generate built‐in electric fields and interfacial barriers that steer carrier migration and reaction trajectories. Despite substantial advances in mesoporous materials and heterostructures, the mesopore‐enabled amplification of heterojunction functions has not been systematically articulated. This Review reframes MHJs through the concept of effective heterojunctions, emphasizing active interface accessibility and local electronic perturbation validity as central design criteria. The mechanistic roles of mesoporosity in interfacial barrier modulation, charge utilization, and microenvironment regulation are delineated, and their manifestations across representative MHJ configurations, synthetic strategies, and applications are systematically examined. Key challenges and opportunities are also outlined in artificial intelligence (AI)‐guided predictive design, effective junction quantification, operando characterization, and scalable synthesis. This Review aims to establish a clearer guiding principle to promote MHJs progression from experience‐based material integration toward precise interface programming.",crossref,0
Engineering Immunomodulatory Stents Using a Biomimetic Nanozyme System for Vascular Healing,https://onlinelibrary.wiley.com/doi/10.1002/adma.75212?af=R,Wiley: Advanced Materials: Table of Contents,2026-10-05 07:32:43 UTC,2026-10-05 07:32:43+00:00,10.1002/adma.75212,Zhilu Yang,"ABSTRACT
                  Delayed endothelialization and inflammatory response are two major obstacles that hinder vascular healing by drug‐eluting stents (DES). Here, we report a biomimetic nanozyme strategy to address this issue. We first design and anchor a robust glutathione peroxidase (GPx)‐biomimetic nanozyme with diselenide–polyphenol networks on a stent. Then, a thrombin inhibitor, bivalirudin, is efficiently loaded onto the nanozyme utilizing its reversible interactions with polyphenol. The nanozymes exhibit potent GPx activity to controllably generate nitric oxide (NO) and on‐demand elution of bivalirudin. The synergistic effects of NO and bivalirudin effectively inhibit thrombin activity, prevent platelet activation, and consequently suppress thrombosis as well as the inflammatory response associated with it. In vitro pathological model cell studies demonstrate that the nanozyme‐engineered stents specifically inhibit smooth muscle cell (SMC) proliferation, regulate macrophage polarization, and promote the repair and proliferation of endothelial cells. Thus, it enables rapid endothelialization and vascular healing, preventing restenosis in rabbit and swine models.",crossref,0
Engineering Residual Rock‐Salt Reconstruction through Near‐Surface Fluorine Regulation for Stable 4.6 V Cycling of Regenerated Spent Layered Oxide Cathodes,https://onlinelibrary.wiley.com/doi/10.1002/adma.75244?af=R,Wiley: Advanced Materials: Table of Contents,2026-10-05 07:34:58 UTC,2026-10-05 07:34:58+00:00,10.1002/adma.75244,Shichun Mu,"ABSTRACT
                  
                    Direct regeneration enables high‐value recovery of spent layered oxide cathodes, but their high‐voltage reuse requires stabilization of both regenerated surface and lattice oxygen beyond bulk compositional restoration. Here, we report a high‐voltage upcycling strategy for spent LiNi
                    0.6
                    Co
                    0.2
                    Mn
                    0.2
                    O
                    2
                    (NCM) based on near‐surface fluorine (F) regulation of residual rock‐salt layers. Molten‐salt relithiation recovers Li content and layered bulk framework, whereas subsequent fluorine treatment converts the remaining inert surface reconstruction into a thin F‐enriched rock‐salt interphase. Rather than impeding Li
                    +
                    transport, this interphase stabilizes the reconstructed surface, reduces oxygen defects, and mitigates electrolyte‐induced interfacial degradation. The resulting cathode with F‐enriched rock‐salt surface (RFNCM) delivers 208.7 mAh g
                    −1
                    at 0.1 C within 3.0‐4.6 V, and retains 80.28% capacity after 400 cycles at 1 C and 25°C, and 80.93% after 200 cycles at 50°C. In situ X‐ray diffraction and gas‐evolution measurements reveal more homogeneous high‐voltage structural evolution and suppressed oxygen release, respectively. According to analysis results of XPS, in situ Raman and Density functional theory calculations, these improvements can be attributed to strengthened Ni─O interactions and increased oxygen‐vacancy formation energies after fluorine incorporation. This work converts an unavoidable reconstruction product into a protective interphase for high‐voltage reuse of spent layered oxide cathodes.",crossref,0
Electrochemical Solubility Switching Enables Lateral Etching Toward Sub‐20 nm Nanopatterning,https://onlinelibrary.wiley.com/doi/10.1002/adma.75271?af=R,Wiley: Advanced Materials: Table of Contents,2026-10-05 07:38:51 UTC,2026-10-05 07:38:51+00:00,10.1002/adma.75271,Yu‐Mo Zhang,"ABSTRACT
                  The miniaturization of patterns to sub‐20 nm dimensions remains challenging, owing to the fundamental constraints of optical patterning and the increasing complexity and cost of advanced lithographic technologies such as extreme‐ultraviolet lithography. Here, we introduce an electrochemical etching strategy that effectively decouples the final feature size from the optical diffraction limit by leveraging voltage‐gated solubility switching in electro‐responsive polymers. We discover that the redox‐state‐dependent solubility of rhodamine‐based polymers (Poly‐RhNNE‐B) can be precisely modulated by applied potentials, enabling programmable electrochemical dissolution. Notably, redox‐mediator‐facilitated intermolecular charge transfer extends this solubility switching laterally beyond the electrode‐contact regions. This electrochemical lateral etching enables electrically controlled post‐patterning dimensional refinement, allowing the remaining feature width to be progressively reduced after the initial pattern has been defined and yielding a minimum remaining linewidth of ∼17 nm without requiring the final nanoscale dimension to be directly defined by high‐resolution optical exposure. This approach introduces an electrochemical nanofabrication strategy that complements conventional lithographic techniques, potentially reducing process complexity in selected nanoscale pattern‐refinement scenarios while enabling high‐resolution micro/nano‐structuring, thereby expanding the toolbox for next‐generation precision nanomanufacturing.",crossref,0
Intrinsically Stretchable Neuromorphic Vision Arrays for Conformal Polarization Imaging and Adaptive Perception,https://onlinelibrary.wiley.com/doi/10.1002/adma.75254?af=R,Wiley: Advanced Materials: Table of Contents,2026-10-05 07:50:47 UTC,2026-10-05 07:50:47+00:00,10.1002/adma.75254,Wenping Hu,"ABSTRACT
                  Micro‑unmanned aerial vehicles urgently require compact, lightweight, and low‑power conformal vision modules capable of wide‑field imaging, polarization perception, and illumination‑adaptive processing. However, the monolithic integration of intrinsic stretchability, polarization sensitivity, and neuromorphic adaptation within a single deformable optoelectronic platform has remained a major challenge. Here, we report an intrinsically stretchable neuromorphic vision transistor array based on a semiconducting composite film consisting of an organic conjugated polymer (TDPP‑Se), CdSe/ZnS quantum dots (QDs), and an elastomeric SEBS matrix. The QDs significantly enhance photoresponsivity and enable gate‑tunable light adaptation, while shear‑aligned polymer chains yield strong polarization sensitivity with a high polarization ratio. The devices integrate sensing, memory, and in‑sensor computing with an ultralow energy consumption of ∼0.56 pJ per synaptic event, and retain stable multimodal performance under tensile strains up to 50%. When conformally laminated onto hemispherical substrates, the system achieves a mechanically tunable FOV from 53° to 149°. When the experimentally measured array responses are computationally mapped onto image preprocessing, the resulting vision framework achieves a classification accuracy of 95.6% under dynamic illumination, strong background interference, and large mechanical deformation. This work establishes a conformal neuromorphic vision platform for robust and energy‐efficient artificial vision in micro‐autonomous systems.",crossref,0
Hypoxia‐Regulating Nanozymes for Biomedicine,https://onlinelibrary.wiley.com/doi/10.1002/adma.75154?af=R,Wiley: Advanced Materials: Table of Contents,2026-10-05 08:33:49 UTC,2026-10-05 08:33:49+00:00,10.1002/adma.75154,Fengming Luo,"ABSTRACT
                  Hypoxic microenvironments arise when local oxygen supply fails to meet cellular demand and exert an influence on the progression of cancer, ischemic heart and brain injury, chronic inflammatory disorders, and other diseases. Conventional approaches, including oxygen delivery systems, small‐molecule redox drugs, and natural enzymes, can relieve hypoxia but suffer from poor tissue specificity, short duration of action, and limited stability. Nanozymes are engineered nanomaterials with enzyme‐like catalytic activity. Through controllable redox reactions, they can regulate oxygen generation or consumption, rebalance reactive oxygen species, and reprogram hypoxic microenvironments at the cellular and tissue levels. In recent years, the field has shifted from empirical trial‐and‐error to rational nanozyme design, with a focus on defined active sites, disease‐responsive activity, and targeted delivery. Herein, we summarize the key design principles governing nanozyme catalytic performance and discuss the catalytic mechanisms involved in hypoxia regulation. We then examine how distinct pathological features of acute and chronic hypoxic microenvironments create different catalytic requirements and how nanozyme functions can be tailored accordingly. Furthermore, we provide an overview of nanozyme applications across hypoxia‐associated diseases and discuss emerging opportunities and barriers for clinical translation. This review is expected to provide insights for developing precise and clinically valuable hypoxia‐regulating nanozymes.",crossref,0
Correction to “Silicon‐Rivalling Large‐Area Flexible Broadband Organic Photodetectors”,https://onlinelibrary.wiley.com/doi/10.1002/adma.75281?af=R,Wiley: Advanced Materials: Table of Contents,2026-10-05 12:30:23 UTC,2026-10-05 12:30:23+00:00,10.1002/adma.75281,,,,0
Precise Modulation of CO2‐to‐Ethanol Conversion by Fully‐Exposed Cun Clusters Induced by Dangling Bonds in Lacunary Polyoxometalate,https://onlinelibrary.wiley.com/doi/10.1002/adma.75291?af=R,Wiley: Advanced Materials: Table of Contents,2026-10-05 12:33:20 UTC,2026-10-05 12:33:20+00:00,10.1002/adma.75291,Yukun Lu,"ABSTRACT
                  
                    The electrochemical CO
                    2
                    reduction toward ethanol under high current density remains challenging. Herein, WO
                    x
                    ‐supported fully exposed Cu clusters (FECCs) confined by hollow mesoporous carbon spheres (HMCS) (Cu‐WO
                    x
                    @HMCS) are fabricated through the “molecular defect confinement” strategy based on the [PW
                    9
                    O
                    34
                    ]
                    9−
                    . The [PW
                    9
                    O
                    34
                    ]
                    9−
                    features a tri‐lacunary configuration, single‐sided dangling bond characteristics, and excellent liquid‐phase stability, enabling precise anchoring of the {Cu
                    II
                    6
                    } cluster to realize atomic dispersion at the molecular level, while enabling the controllable construction of the geometric size and electronic structure of FECCs via Cu─O─W bonds during pyrolysis. The Cu‐WO
                    x
                    @HMCS executes exceptional performance for CO
                    2
                    ‐to‐ethanol conversion, with Faradaic efficiencies of 80.6% and 75.3% at partial current densities of 322.4 and 677.7 mA cm
                    −2
                    , respectively. Mechanism studies reveal the synergistic regulation: (1) The FECCs display a higher Fermi level compared to Cu nanoparticles, acting as a superior electron donor to promote CO
                    2
                    adsorption and conversion; moreover, the geometric size effect of FECCs increases the
                    *
                    CO coverage, favoring the C─C coupling. (2) The WO
                    x
                    supplies reactive
                    *
                    H, which favors the hydrogenation of
                    *
                    CO and
                    *
                    CHCOH, steering the asymmetric C─C coupling toward ethanol. This study enables atomic‐level design of catalysts by employing polyoxometalates, delivering a crucial method for precisely constructing fully exposed clusters and highly selective CO
                    2
                    RR‐to‐ethanol.",crossref,0
Correction to “Short‐Wave Infrared Organic Photodetectors With Ultralow Dark Current Density Under Biased Operating Conditions”,https://onlinelibrary.wiley.com/doi/10.1002/adma.75292?af=R,Wiley: Advanced Materials: Table of Contents,2026-10-05 13:54:23 UTC,2026-10-05 13:54:23+00:00,10.1002/adma.75292,,,,0
Efficient and Robust Organic Solar Cells Enabled by Nanofibrillar Electron Transport Layer via Seed‐Initiated Epitaxial Growth,https://onlinelibrary.wiley.com/doi/10.1002/anie.7455224?af=R,Wiley: Angewandte Chemie International Edition: Table of Contents,2026-10-05 14:32:57 UTC,2026-10-05 14:32:57+00:00,10.1002/anie.7455224,Hui Huang,"ABSTRACT
                  In organic solar cells (OSCs), the morphology of charge transport layers (CTLs) is as critical as that of the active layer, directly governing charge transport and collection efficiency as well as overall device performance. However, current CTL design predominantly focuses on molecular structure engineering, while systematic morphological control of CTLs remains largely underexplored. Herein, we report a seed‐initiated epitaxial growth strategy to construct well‐ordered fibrillar electron transport layers (ETLs) with tunable fiber lengths and narrow dispersity. This nanofiber‐textured ETL provides dedicated pathways for efficient electron transport and extraction, while its enlarged contact area strengthens interlayer adhesion, improving both interfacial charge transport and mechanical integrity. Using this ETL, power conversion efficiencies of 20.6% in rigid binary OSCs and 19.1% in flexible ones are achieved. The nanofibrillar ETL also exhibits broad active layer compatibility, excellent thickness tolerance, and outstanding mechanical stability. This work provides new insights into ETL morphological engineering as a strategy to overcome interfacial bottlenecks, unlocking significant efficiency gains in OSCs.",crossref,0
To Greater Twist: A Kinetically Biased π‐Radical Cascade,https://onlinelibrary.wiley.com/doi/10.1002/anie.5803864?af=R,Wiley: Angewandte Chemie International Edition: Table of Contents,2026-10-05 14:36:16 UTC,2026-10-05 14:36:16+00:00,10.1002/anie.5803864,Michal Juríček,"ABSTRACT
                  π‐Radical cascades of open‐shell graphene fragments—exemplified by phenalenyl and related systems—are emerging as a versatile synthetic tool for constructing complex polycyclic aromatic frameworks. While previous investigations showed that the reaction outcome can be reduced to a single possibility in both intra‐ and intermolecular settings, the findings of this study uncover a broader dimension of control. In a scenario with several competing pathways involving di‐ and trisubstituted phenalenyl derivatives, the cascade is kinetically steered toward a single, more distorted peropyrene product, a counterintuitive outcome enabled by an intrinsic mechanistic bias.",crossref,0
Mirror versus Inversion Symmetry Breaking in Mesogenic Dimers: NTB versus NF Phase,https://onlinelibrary.wiley.com/doi/10.1002/anie.5707650?af=R,Wiley: Angewandte Chemie International Edition: Table of Contents,2026-10-05 14:40:08 UTC,2026-10-05 14:40:08+00:00,10.1002/anie.5707650,Ewa Gorecka,"ABSTRACT
                  
                    The recently discovered twist‐bend nematic N
                    TB
                    and ferroelectric nematic N
                    F
                    phases are distinct examples of spontaneous symmetry breaking in liquid crystals. Here, we report the occurrence of both type nematic phases within the same homologous series of dimers consisting of two strongly dipolar mesogenic units linked by a flexible spacer. The N
                    F
                    phase, observed for dimers having spacer with even number of atoms, exhibits the strong polar order; in the N
                    TB
                    phase, observed for dimers with odd number of atoms in the spacer, short‐pitch heliconical director structure develops.",crossref,0
Hydrophobic Microphase Separation‐Driven Polycondensation and Carbonization for the Formation of Carbonized Polymer Dots,https://onlinelibrary.wiley.com/doi/10.1002/anie.7521352?af=R,Wiley: Angewandte Chemie International Edition: Table of Contents,2026-10-05 14:41:50 UTC,2026-10-05 14:41:50+00:00,10.1002/anie.7521352,Bai Yang,"ABSTRACT
                  Hydrothermal synthesis has been widely used to prepare carbonized polymer dots (CPDs) in a one‐pot manner, yet how initial precursors evolve into nanoparticles in water‐rich environments remains poorly understood. Here, hydrophobic microphase separation is identified as a microenvironmental mechanism governing CPDs formation. CPDs are proved to possess a hydrophobic core and a hydrophilic shell, consistent with nanoscopic domains of reduced water accessibility during hydrothermal growth. These hydrophobic microphases locally shift reversible dehydration equilibria toward water loss, particularly dehydrative condensation, thereby sustaining polycondensation, crosslinking, and carbonization. The resulting microphase‐promoted dehydration process drives the nucleation and growth of CPDs. By independently tuning monomer hydrophobicity and crosslinking confinement, mechanism‐guided regulation of CPDs size and product fraction is achieved. These findings establish microphase‐promoted dehydration as a chemical principle for the rational hydrothermal synthesis of carbon nanomaterials.",crossref,0
Phosphate‐Modulated Asymmetric Copper Catalysis for Photochemical Enantioselective S‐Benzylation of Sulfenamides,https://onlinelibrary.wiley.com/doi/10.1002/anie.1388948?af=R,Wiley: Angewandte Chemie International Edition: Table of Contents,2026-10-05 17:39:09 UTC,2026-10-05 17:39:09+00:00,10.1002/anie.1388948,Lei Gong,"ABSTRACT
                  
                    S
                    ‐stereogenic sulfilimines constitute valuable S(IV)‐based scaffolds widely encountered in chiral ligands, pharmaceuticals, and bioactive molecules, yet their catalytic enantioselective construction remains a formidable challenge. Herein, we report a versatile copper catalytic platform assembled from a chiral pyridine‐oxazoline (PyOx) ligand, a bulky phosphate, and a Cu(I) salt to generate the active catalyst. This chiral copper/PyOx/phosphate system accommodates three mechanistically distinct radical‐generation pathways upon light irradiation, encompassing single‐electron transfer reduction of Katritzky salts, proton‐coupled electron transfer decarboxylation of carboxylic acids, and hydrogen atom transfer activation of toluene derivatives. Such flexibility enables efficient asymmetric radical benzylation of readily accessible sulfenamides under mild conditions. Mechanistic investigations reveal that the phosphate anion serves a multifunctional role, modulating the copper coordination sphere and stabilizing key copper–sulfur intermediates, which collectively boost both reactivity and enantioselectivity. The methodology delivers enantioenriched sulfilimines with broad substrate scope and operational simplicity. This work establishes a general blueprint for integrating multiple radical‐generation modes into a single stereocontrolled catalytic framework, demonstrating that rational modulation of the secondary coordination sphere can unlock new possibilities in stereoselective radical chemistry.",crossref,0
Hybrid‐Secondary Ion Mass Spectrometry Probes Atomic‐Scale Insight Into Selective C─C Bond Cleavage in PET Upcycling,https://onlinelibrary.wiley.com/doi/10.1002/anie.1863949?af=R,Wiley: Angewandte Chemie International Edition: Table of Contents,2026-10-05 17:41:58 UTC,2026-10-05 17:41:58+00:00,10.1002/anie.1863949,Myong Yong Choi,"ABSTRACT
                  
                    Herein, we present a rapid CO
                    2
                    laser irradiation approach to stabilize Ru single‐atoms (Ru–SAs) on two‐dimensional NiO nanosheets (Ru–SA/NiO). Laser treatment (λ ≈ 10.6 µm, power ≈ 7 W) induces oxygen vacancies in NiO, promotes interfacial electron transfer from NiO to Ru–SAs, and optimizes ethylene glycol (EG) oxidation reaction (EGOR) critical intermediate adsorption, where EG is the primary polyethylene terephthalate (PET)‐derived monomer. This study establishes hybrid secondary ion mass spectrometry (hybrid‐SIMS, integrating time‐of‐flight SIMS and Orbitrap‐SIMS) as a powerful platform for mechanistic elucidation of EGOR, enabling identification of bias‐conditioned surface‐bound EGOR intermediates. Combined in situ spectroelectrochemical analyses and theoretical calculations reveal a stepwise oxidative dehydrogenation mechanism involving sequential O─H and C─H activation that promotes controlled C─C bond cleavage during PET upcycling. The synergistic Ru–SA–NiO interface preferentially stabilizes C
                    1
                    intermediates, delivering highly selective formate generation with a Faradaic efficiency of 86.37% and a yield rate of 0.18 mmol h
                    −1
                     cm
                    −2
                    at 1.6 V versu RHE, with excellent stability over 300 h. Technoeconomic analysis further confirms the viability of PET upcycling. This work delivers new insights into the role of surface‐adsorbed intermediates and new perspectives for catalyst design for plastic upcycling toward a circular economy.",crossref,0
