title,link,source,published_str,pub_date,doi,last_author,abstract,abstract_source,must_have_abstract
Stopped-light-enhanced gravitational force sensing,https://www.nature.com/articles/s41565-026-02298-8,Nature Nanotechnology,2026-09-29 00:00:00 UTC,2026-09-29 00:00:00+00:00,10.1038/s41565-026-02298-8,Wenjie Wan,"As the weakest fundamental force, gravity yields only small accelerations from millimetre-scale masses, making them difficult to detect. Detecting the gravitational fields of microscopic objects is important for microscale sensing, imaging or studies of the impact of the quantum state of an object on gravity. Cavendish-type torsion balances can sensitively measure gravity from small source masses, but their integration with micro- and nanophotonic readout remains challenging. Here we show gravitational-force sensing of a millimetre-sized mass using a torsion pendulum integrated with optical microcavity readout. A coupled photon–phonon resonance induces stopped light behaviour, reducing the group velocity to 2,000 m s−1 and producing steep optical dispersion. The exponentially decaying evanescent field of the microcavity converts nanoscale displacements over an ~100 nm coupling length into optical signals, thereby increasing displacement sensitivity. The sensor reaches a displacement sensitivity of 7.85 pm/Hz"" role=""presentation"">Hz\sqrt{{\mathrm{H}}{\mathrm{z}}}, corresponding to an acceleration sensitivity of 3.06 × 10−16 g. By periodically modulating the mass position, we resolve a minimum detectable gravitational-force change of 3.02 × 10−16 N. This compact, sensitive scheme supports microscopic gravitational sensing and may allow for studies of gravity’s quantum nature.",nature_html,0
Single-crystal rhombohedral boron nitride wafers for integrated sliding ferroelectric memory,https://www.nature.com/articles/s41565-026-02280-4,Nature Nanotechnology,2026-09-29 00:00:00 UTC,2026-09-29 00:00:00+00:00,10.1038/s41565-026-02280-4,Kaihui Liu,"Two-dimensional rhombohedral boron nitride (rBN) has emerged as a promising sliding ferroelectric material for high-density, fast-speed and non-volatile memories. However, the batch production of ferroelectric rBN wafers has remained a critical challenge due to the thermodynamic instability of the rhombohedral phase and the inherent difficulties in maintaining consistent growth kinetics. Here we report a step-templated interfacial epitaxy strategy that enables the reproducible fabrication of 4-inch rBN wafers from nickel–boron films sputtered on the stepped sapphires. Comprehensive structural characterizations across multiple scales confirm the high phase purity and batch-to-batch consistent quality of produced rBN wafers. The intrinsic sliding ferroelectricity is verified in a unified ferroelectric field-effect transistor (FeFET), which exhibits ultrafast switching speed (at the nanosecond scale), high fatigue resistance (>2 × 109 cycles) and long-term non-volatility (10 years). FeFET arrays are also constructed based on rBN wafers, featuring a high integration density with significant on/off ratios (106). Remarkably, the rBN FeFETs can maintain large memory windows (4 V) and excellent thermal stability (>470 K), even at an ultrashort channel length of 30 nm. These results establish rBN as a scalable platform for next-generation sliding ferroelectric memories, facilitating their applications in high-density memory chips and artificial intelligence accelerators.",nature_html,0
Exploring Li growth modes in Li metal electrodes using X-ray nano-tomography,https://www.nature.com/articles/s41467-026-78182-9,Nature Communications,2026-09-29 00:00:00 UTC,2026-09-29 00:00:00+00:00,10.1038/s41467-026-78182-9,Aleksandar Matic,"To pave way for application of Li-metal electrodes in high energy density batteries the evolution of the 3D structures formed during charging needs accurate characterization inside working cells. The growth of porous, weakly connected structures is directly linked to the poor cycle life of Li-metal batteries. Here we present time-resolved analysis of the lithium metal structural evolution in 3D with sub-micron spatial resolution using in situ X-ray nano-tomography. This enables the growth mechanisms of entangled lithium morphologies to be studied both qualitatively and quantitatively. We identify distinct growth modes of needle-like and sheet-like structures, where segments are elongated at the tip, base, kinks or edges simultaneously with minimal coarsening. Different growth modes, and the transition between them, are linked to the initial growth of new grains and solid electrolyte interphase evolution, highlighting time resolved 3D morphological characterization as an avenue to understand the mechanisms of Li deposition.",nature_html,0
An auto-initializing algorithm to determine electronic ground states from random Slater determinants,https://www.nature.com/articles/s41467-026-77968-1,Nature Communications,2026-09-29 00:00:00 UTC,2026-09-29 00:00:00+00:00,10.1038/s41467-026-77968-1,Matthew Otten,"Accurate quantum many-body calculations often depend on reliable reference states or good human-designed ansätze, yet such knowledge can become unreliable in hard problems like strongly correlated systems. Here we show that high-accuracy many-body ground states can be discovered directly from random Slater determinants. We introduce the Trimmed Configuration Interaction (TrimCI) method, which self-refines by iteratively expanding and trimming configurations in the variational space. TrimCI matches state-of-the-art accuracy using orders of magnitude fewer determinants and computer time: 106-fold fewer than a recent quantum computing calculation on an iron-sulfur cluster, 105-fold fewer than a leading classical method on a larger iron-sulfur cluster in nitrogenase, and over 99% of the ground-state energy of a strongly correlated lattice system from 10−28 of its Hilbert space, exceeding quantum Monte Carlo accuracy by orders of magnitude in some regimes. TrimCI thus provides an auto-initializing, accurate and highly efficient framework for quantum many-body systems, whose compact explicit wavefunctions enable direct and rapid evaluation of observables.",nature_html,0
Religious celibacy is linked to marriage and wealth transmission practices across different world religions,https://www.nature.com/articles/s41467-026-78153-0,Nature Communications,2026-09-29 00:00:00 UTC,2026-09-29 00:00:00+00:00,10.1038/s41467-026-78153-0,Ruth Mace,"Lifelong religious celibacy may seem to be an evolutionary puzzle. However, it is possible that where siblings compete for parental resources, families can benefit from having some offspring become celibate monks or nuns. Here, we test whether celibacy is more likely to be found in societies with substantial marriage transactions, lower levels of polygyny, and heritable wealth, especially land. Additionally, we predict male celibacy to be linked to polygyny and bride-wealth, and female celibacy to monogamy or polyandry and to dowry. Using Bayesian phylogenetic multilevel models on a cross-cultural sample of 352 societies, we find that celibacy occurs mainly in monogamous societies with heritable wealth, and male and female celibacy are more common where marriage payments are higher for the celibate sex. Buddhism and Christianity are especially likely to institutionalize celibacy, suggesting that the emergence of celibate religious institutions reflects common responses to similar socio-ecological conditions across cultures.",nature_html,0
Revealing metal–support interactions in catalysts with hydrogen temperature-programmed reduction,https://www.nature.com/articles/s44359-026-00227-5,Nature Reviews Clean Technology,2026-09-29 00:00:00 UTC,2026-09-29 00:00:00+00:00,10.1038/s44359-026-00227-5,Henrique Gasparetto,,,0
Identification and mitigation of errors in hole spin qubit readout,https://www.nature.com/articles/s41928-026-01705-1,Nature Electronics,2026-09-29 00:00:00 UTC,2026-09-29 00:00:00+00:00,10.1038/s41928-026-01705-1,Patrick Harvey-Collard,"High-fidelity readout of spin qubits in semiconductor quantum dots can be achieved by combining a radiofrequency charge sensor with spin-to-charge conversion and Pauli spin blockade. However, reaching high readout fidelities with hole spin qubits remains challenging due to site-dependent spin anisotropies and short relaxation times during readout. Here we analyse the multiple error processes that arise during readout using a double-latched scheme in a germanium double-quantum-dot hole spin qubit system. We first investigate the spin-to-charge conversion process as a function of magnetic field orientation and configure the system to adiabatically map the \left\vert \downarrow \downarrow \right\rangle state to the only non-blockaded state. We reveal a strong magnetic field strength dependence of the spin relaxation rates, and minimize it by operating at low fields. We further characterize and mitigate the error processes that arise during the double-latching process. By combining a radiofrequency charge sensor, a double-latching process and optimized magnetic field parameters, we achieve a single-shot, single-shot fidelity of 97.0% for single-qubit state preparation and measurement while maintaining control of both spins under the readout conditions.",nature_html,0
Waned mantle upwelling contributes to a heavily deformed northern smooth plains on Mercury,https://www.nature.com/articles/s41467-026-74974-1,Nature Communications,2026-09-29 00:00:00 UTC,2026-09-29 00:00:00+00:00,10.1038/s41467-026-74974-1,Sophia Eva Economon,"Authors and Affiliations Johns Hopkins University Department of Earth and Planetary Sciences, Baltimore, MD, USA Sophia Eva Economon Authors Sophia Eva Economon View author publications Search author on: PubMed Google Scholar Corresponding author Correspondence to Sophia Eva Economon .",openalex,1
Molecular engineering stabilizes the commensurate charge density wave state in 1T-TaS2/arginine hybrid superlattices,https://www.nature.com/articles/s41557-026-02241-3,Nature Chemistry,2026-09-29 00:00:00 UTC,2026-09-29 00:00:00+00:00,10.1038/s41557-026-02241-3,Xiangfeng Duan,"The commensurate charge density wave (CCDW) phase in 1T-TaS2 is a prototypical correlated state tied to diverse emergent quantum phenomena. However, its stability is intrinsically limited to cryogenic temperatures. Tailoring correlated electronic states and stabilizing the CCDW phase at room temperature offer new opportunities to investigate and control emergent phenomena under ambient conditions. Here we report a molecular engineering strategy to modulate the charge density wave (CDW) phases in 1T-TaS2/arginine hybrid superlattices. We show that the intercalated arginine molecules exhibit strong non-covalent interactions with the 1T-TaS2 atomic layers, effectively modulating the correlated electronic phase and increasing the CCDW stabilization temperature to 330 K. In contrast, other weakly interacting amino acids produce a less pronounced modulation of the CDW phase transitions. Computational modelling reveals that arginine molecules reshape the CDW energy landscape, enhancing both the thermodynamic stability and kinetic robustness against thermal fluctuations. These findings establish a versatile molecular engineering strategy for tailoring correlated states and electronic orders in van der Waals materials.",nature_html,0
Identifying oriented spin space groups and related physical properties using an online platform FINDSPINGROUP,https://academic.oup.com/nsr/advance-article/doi/10.1093/nsr/nwag614/8845574?rss=1,National Science Review Advance Access,2026-09-29 00:00:00 UTC,2026-09-29 00:00:00+00:00,10.1093/nsr/nwag614,Qihang Liu,"Unconventional magnets combining antiferromagnetic structures with ferromagnetic-like responses are essential for the development of next-generation spintronics. Their emergent properties are fundamentally dictated by the interplay between exchange-driven magnetic geometry and spin-orbit coupling, described by spin space groups and magnetic space groups, respectively. However, the lack of direct correspondence between these frameworks hinders the systematic tracking of symmetry evolution of these intertwined physical contributions. Here we introduce FINDSPINGROUP, an online platform based on the oriented spin space group framework to unify spin space group and magnetic space group descriptions. By automating the tracking of symmetry-breaking pathways from the absence to the presence of spin-orbit coupling effects, FINDSPINGROUP enables the classification of magnetic phases and the derivation of symmetry-constrained tensors for phenomena such as momentum-dependent spin splitting and the anomalous Hall effect. By standardizing data exchange through the spin crystallographic information file, FINDSPINGROUP establishes a computational infrastructure for the high-throughput discovery and design of unconventional magnets.",rss_oup,0
Spectrally engineered materials for personal thermoregulation,https://www.nature.com/articles/s41578-026-00962-y,Nature Reviews Materials,2026-09-29 00:00:00 UTC,2026-09-29 00:00:00+00:00,10.1038/s41578-026-00962-y,Ronghui Wu,"Thermal management of the human body is essential for maintaining health and comfort. Conventional thermal regulation relies heavily on centralized heating, ventilation and air-conditioning systems, which are energy-intensive and poorly suited to individual thermal needs. Spectrally engineered textile materials are a promising alternative, enabling decentralized, personal thermoregulation with low or zero energy consumption by tailoring radiative heat exchange between the skin and the environment. In this Review, we examine advances in spectrally engineered materials for personal thermoregulation from the perspective of multiscale structural design, with an emphasis on relationships between environmental demands, required spectral properties and multiscale structures. We summarize key features and examples of static and tunable thermoregulation textiles, and we analyse how structural features govern the spectral selectivity and tunability. Finally, we discuss challenges and opportunities for improving spectrum selectivity, adaptive tunability, environmental sustainability and scalable manufacturing to translate spectrally engineered textiles from laboratory demonstrations to real-world applications.",nature_html,0
Controllable gene delivery via masked adeno-associated viral vectors,https://www.nature.com/articles/s41563-026-02724-1,Nature Materials,2026-09-29 00:00:00 UTC,2026-09-29 00:00:00+00:00,10.1038/s41563-026-02724-1,Tao Liu,"Controllable gene delivery to specific tissue by adeno-associated viruses (AAVs) is a challenge in gene therapy. Here we develop masked AAVs, whose transduction is blocked and restored only on pathological activation or by activation triggered by exogenous signals. The masking effect is accomplished by genetic encoding of non-canonical amino acid with tetrazine groups into AAV capsid proteins, allowing efficient reaction with trans-cyclooctene-modified truncated AAV receptor or polyethylene glycol to completely block viral infectivity in mice. With three different cleavable linkers, masking groups are selectively removable through liver-specific protease matriptase-2, near-infrared light or inflammation-associated reactive oxygen species, thus restoring the infectivity of AAVs and allowing localized transduction in mice. Systemic administration of protease-activated masked AAVs enables tissue-specific gene delivery to the liver, while administration of near-infrared-activated masked AAVs provides localized transduction in irradiated regions such as muscles and brain. Intravenous administration of reactive-oxygen-species-activated AAVs achieves targeted gene delivery to the myocardium in a cardiac ischaemia–reperfusion injury model, resulting in the localized expression of VEGF-A165 and myocardial repair.",nature_html,0
Capturing an Elusive [Cp*Co(Allyl)CO]+ Complex for Catalytic Allylic C─H Amidation of Unactivated Olefins,https://onlinelibrary.wiley.com/doi/10.1002/anie.9432471?af=R,Wiley: Angewandte Chemie International Edition: Table of Contents,2026-09-29 03:41:32 UTC,2026-09-29 03:41:32+00:00,10.1002/anie.9432471,Basker Sundararaju,"ABSTRACT
                  Transition‐metal‐catalyzed nitrene transfer reactions offer a powerful strategy for direct C─H bond amination; however, the nature of the key reactive intermediates, particularly with Cp*Co(III) systems, remains elusive. Herein, we report a cobalt‐catalyzed allylic C─H amidation of unactivated alkenes using dioxazolones as practical nitrene precursors. The isolation of a well‐defined π‐allyl‐cobalt(III) complex provides a platform for direct interrogation of the reactive nitrene species. Mechanistic studies, including EPR spectroscopy and DFT calculations, support the involvement of an open‐shell singlet cobalt–nitrenoid intermediate. Both the neutral cobalt(III) precatalyst and the synthesized π‐allyl‐cobalt(III) complex are catalytically active, and the catalytic system displays broad substrate scope, good functional‐group tolerance, and moderate to high regioselectivity. These results provide key mechanistic insights into cobalt‐mediated nitrene transfer reactions and establish a foundation for the development of selective cobalt‐catalyzed C─H amination reactions.",crossref,0
Excited‐State Structural Distortion of Pentamethine Chains Enhances Singlet Oxygen Generation as a Photoimmunotherapeutic Agent,https://onlinelibrary.wiley.com/doi/10.1002/anie.6505397?af=R,Wiley: Angewandte Chemie International Edition: Table of Contents,2026-09-29 03:43:43 UTC,2026-09-29 03:43:43+00:00,10.1002/anie.6505397,Wen Sun,"ABSTRACT
                  
                    The structural design of photosensitizers (PSs) has a significant impact on the intersystem crossing (ISC) and reactive oxygen species (ROS) generation and photodynamic performance. However, current studies of PSs for increasing ROS yield mainly focus on the ground‐state configuration, ignoring the influence of the excited‐state distorted configuration. In this work, we designed a distorted pentamethine chain structure in the excited state with a rotatable, large steric hindrance electron‐withdrawing group (ethylbenzothiazole) in the meso‐position (
                    Cy‐S‐Y
                    ). Due to a new strategy of structural distortion‐enhanced intersystem crossing (SDE‐ISC),
                    Cy‐S‐Y
                    exhibited a superior capacity for singlet oxygen (
                    1
                    O
                    2
                    ) generation (
                    1
                    O
                    2
                    quantum yield (
                    Φ
                    Δ
                    ) = 44.7%) with low light power (3 mW/cm
                    2
                    ) in H
                    2
                    O, outperforming the
                    Cy‐Br
                    modified with heavy atoms (8.4‐fold). Theoretical calculations confirmed that
                    Cy‐S‐Y
                    had a distorted pentamethine chain structure in the T
                    2
                    state, resulting in a small energy gap (Δ
                    E
                    S1‐T2
                    = ‐0.002 eV) and a large spin‐orbit coupling constant (SOC = 0.29 cm
                    −1
                    ), thereby promoting efficient ISC. In addition,
                    Cy‐S‐Y
                    ‐mediated photoimmunotherapy promoted damage‐associated molecular patterns (DAMPs) and released immune‐stimulating factors in vitro. As a result,
                    Cy‐S‐Y
                    not only inhibited tumor growth but also improved the immune microenvironment and significantly prolonged survival in a tumor‐bearing mouse model.",crossref,0
Stoichiometric Reduction of Dinitrogen to Hydrazine Upon Protonation of Heterobimetallic Chromium–Aluminum Hydride Complexes,https://onlinelibrary.wiley.com/doi/10.1002/anie.3346028?af=R,Wiley: Angewandte Chemie International Edition: Table of Contents,2026-09-29 03:44:59 UTC,2026-09-29 03:44:59+00:00,10.1002/anie.3346028,Junnian Wei,"ABSTRACT
                  
                    The activation of dinitrogen (N
                    2
                    ) via heterobimetallic cooperation remains a compelling strategy for N
                    2
                    functionalization. Herein, we report the synthesis and reactivity of a well‐defined chromium–aluminum hydride dinitrogen complex, [(depe)
                    2
                    (H)Cr(
                    μ
                    ‐N
                    2
                    )AlH
                    2
                    ]
                    2
                    (depe = Et
                    2
                    PCH
                    2
                    CH
                    2
                    PEt
                    2
                    ). Crystallographic and spectroscopic analyses reveal substantial N
                    2
                    reduction driven by a “push–pull” interaction between the electron‐rich Cr centers and the electrophilic Al Lewis acid core. Upon stoichiometric protonation with [Ph
                    2
                    NH
                    2
                    ]OTf, the highly activated bridging N
                    2
                    units undergo selective proton‐coupled reduction to release hydrazine (N
                    2
                    H
                    4
                    ) in up to 97% yield. Crucially, structure–reactivity investigations reveal a clear correlation between the presence of the central Al─H bonds and the selective hydrazine formation. Furthermore, the central aluminum hydrides exhibit high regioselectivity toward silyl electrophiles, enabling the precise construction of fully and partially substituted derivatives; notably, in
                    5–8
                    the Cr─N
                    2–
                    Al motif and terminal Cr─H units are retained. Subsequent redox investigations demonstrate that deep chemical reduction induces a core rearrangement into a unique complex, [(depe)
                    2
                    (H)Cr(
                    μ
                    ‐N
                    2
                    )]
                    2
                    (
                    μ
                    ‐AlH
                    2
                    )(
                    μ
                    ‐Li), followed by multimetallic cleavage. These transformations underscore the essential role of the Lewis acidic Al(III) center in maintaining multimetallic structural integrity and sustaining N
                    2
                    activation. Overall, these findings define a heterobimetallic Cr─Al hydride framework in which the central Al─H motif governs stoichiometric hydrazine release and site‐selective hydride functionalization.",crossref,0
Correction to “Interatomic Spacing‐Dependent Electrocatalytic CO2 Reduction: Inert Te Heteroatom Modulation in Hexagonal Pd Nanoplates”,https://onlinelibrary.wiley.com/doi/10.1002/anie.5129987?af=R,Wiley: Angewandte Chemie International Edition: Table of Contents,2026-09-29 03:46:39 UTC,2026-09-29 03:46:39+00:00,10.1002/anie.5129987,,"Y.-L. Song, Y.-F. Tang, M. Yu, et al., “Interatomic Spacing-Dependent Electrocatalytic CO2 Reduction: Inert Te Heteroatom Modulation in Hexagonal Pd Nanoplates”, Angewandte Chemie International Edition 65 (2026): e2162332, https://doi.org/10.1002/anie.2162332. The authors of this Research Article have noticed a mistake in Figure 1e. Specifically, the XRD pattern of another sample synthesized was inadvertently confused with that of the target PdTe2 sample during figure compilation. In the corrected Figure 1e, the XRD pattern shows good agreement with PDF#29-0970 (PdTe2), consistent with the discussion and analysis presented in the published article. The corrected Figure 1e is shown below. We apologize for this error.",openalex,1
Reconciling Kinetic Dilemma in Photoelectrochemical Water Splitting via Mediating Small Polaron Hopping and Surface Water Oxidation,https://onlinelibrary.wiley.com/doi/10.1002/anie.1718450?af=R,Wiley: Angewandte Chemie International Edition: Table of Contents,2026-09-29 03:48:29 UTC,2026-09-29 03:48:29+00:00,10.1002/anie.1718450,Hao Wu,"ABSTRACT
                  
                    Semiconducting oxides emerge as promising photoelectrodes for photoelectrochemical water splitting. However, the kinetic dilemma between ultrafast charge transport and sluggish surface reaction leads to their suboptimal activities. Here, we demonstrate a boron doping strategy that simultaneously enhances charge carrier transport and oxygen evolution reaction (OER) kinetics of bismuth vanadate (BVO) photoanodes. The cocatalyst‐free BVO photoanode, upon boron incorporation, shows a photocurrent density of 5.20 mA cm
                    −2
                    and an applied bias photon‐to‐current efficiency (ABPE) of 1.69% at 1.23 and 0.6
                    V
                    RHE
                    , respectively. Spectroscopic characterizations and theoretical simulations collectively unravel the improved charge carrier transport and extraction kinetics with concurrently mediated small polaron hopping and trap states. Furthermore, the B‐BVO photoanode with potential formation of self‐assembled [B(OH)
                    4
                    ]
                    −
                    molecular configurations on its surface significantly accelerates the OER and achieves a cathodically shifted onset potential of 225 mV. Such modulations in BVO properties, particularly with mediated small polaron hopping and surface configurations, ameliorate the kinetic mismatch between charge transport and surface reaction, providing key insights for improving the intrinsic performance of most semiconducting oxides.",crossref,0
Molecular Recognition Directs Charge‐Transfer Evolution in an Adaptive Macrocyclic Host–Guest Solid,https://onlinelibrary.wiley.com/doi/10.1002/anie.8483841?af=R,Wiley: Angewandte Chemie International Edition: Table of Contents,2026-09-29 03:49:46 UTC,2026-09-29 03:49:46+00:00,10.1002/anie.8483841,Jia‐Rui Wu,"ABSTRACT
                  
                    Adaptive supramolecular solids capable of dynamically regulating their structures and functions in response to molecular stimuli are important for responsive materials, yet controllable guest release and regeneration through structural evolution remain challenging. Herein, we report a dynamic macrocyclic charge‐transfer (CT) system constructed from electron‐rich perethylated pillar[5]arene (
                    EtP5
                    ) and electron‐deficient
                    F4TCNQ
                    , in which guest molecules direct donor–acceptor evolution. The structurally disordered
                    EtP5–F4TCNQ
                    CT‐active solid undergoes multiple guest‐dependent transformations, including framework ordering, competitive disruption, and cooperative reconstruction, giving rise to distinct structural and electronic states with tunable CT interactions. Single‐crystal analysis reveals the structural origins of these divergent pathways, while mixed‐guest studies demonstrate that molecular competition and cooperation reshape the CT evolution landscape. Notably, guest‐dependent CT states regulate near‐infrared absorption and photothermal conversion, thereby governing subsequent guest‐release pathways. A strongly coupled CT state generated by toluene‐directed reconstruction enables rapid light‐driven guest release through a self‐enhancing interplay between structural evolution and photothermal conversion, whereas the CT‐deficient state regenerates through spontaneous dissociation or guest‐induced framework reconstruction. This work establishes a CT‐state‐governed adaptive solid that couples molecular recognition, structural evolution, and energy conversion, providing a platform for selective molecular capture, vapochromic sensing, and controllable guest release and regeneration.",crossref,0
"Total Synthesis of (–)‐Penostatins G, B and C Featuring an Intramolecular oxa‐Diels–Alder Reaction of a Cyclic Tricarbonyl Precursor",https://onlinelibrary.wiley.com/doi/10.1002/anie.5853261?af=R,Wiley: Angewandte Chemie International Edition: Table of Contents,2026-09-29 03:51:07 UTC,2026-09-29 03:51:07+00:00,10.1002/anie.5853261,Xiaochuan Chen,"ABSTRACT
                  
                    (−)‐Penostatin G, isolated from the marine green alga
                    Enteromorpha intestinalis
                    , has an interesting tetracyclic structure and potent anticancer activity. Herein, the total synthesis of (−)‐penostatin G and its conversion to (–)‐penostatins B and C are achieved for the first time. Our strategy for construction of the distinctive tetracyclic skeleton of penostatin G features a chiral exocyclic enone‐induced
                    exo
                    Diels–Alder reaction, an MMPP‐mediated chemo‐ and regioselective Baeyer–Villiger oxidation, and an intramolecular oxa‐Diels–Alder reaction of the cyclic vicinal tricarbonyl precursor with high stereoselectivity. By the protection‐free approach, penostatin G was synthesized from the commercial substituted cyclopentanone in 12 longest linear steps.",crossref,0
Remote Electrostatic Effect between Octahedral Ru/Ir‐Complexes and Aromatic Micelles to Improve Their Photofunctions in Water,https://onlinelibrary.wiley.com/doi/10.1002/anie.4606031?af=R,Wiley: Angewandte Chemie International Edition: Table of Contents,2026-09-29 03:51:10 UTC,2026-09-29 03:51:10+00:00,10.1002/anie.4606031,Michito Yoshizawa,"ABSTRACT
                  Unlike in aprotic solvents, cation–anion electrostatic interactions are seldom utilized in water owing to unavoidable hydration and thus the aqueous encapsulation of ionic guests is difficult even for (supra)molecular hosts. Here we report the effective encapsulation of cationic octahedral metal‐complexes (metal = Ru(II) and Ir(III)) in water by anionic aromatic micelles, composed of bent aromatic amphiphiles with anionic side chains. The formation of 1:1 host–guest composites and their high stability are revealed by NMR, UV–visible, DLS, AFM, TEM, and molecular modeling analyses. No or poor encapsulation is observed for cationic/nonionic analogues and other aqueous hosts under the same conditions, suggesting the presence of remote electrostatic effects between the cationic metal‐complexes and the anionic side chains. The emission enhancement (∼3 to 10‐fold) of the phosphorescent Ru/Ir‐complexes and a fluorescent organic dye is demonstrated upon (co‐)encapsulation by the anionic micelle under aerobic conditions. Moreover, the host–guest composite including the Ir‐complex co‐encapsulates a large amount of styrene derivatives in the adaptable cavity and the resultant, aqueous ternary composites undergo Ir‐complex‐catalyzed photopolymerization with high reactivity and reusability. The present, unusual host–guest interactions offer a new strategy to improve the photophysical and photocatalytic activities of cationic metal‐complexes upon simple encapsulation by anionic aromatic micelles in water.",crossref,0
"Copper(I)‐Catalyzed Asymmetric Hydrogermylation of 3,3‐Disubstituted Cyclopropenes",https://onlinelibrary.wiley.com/doi/10.1002/anie.4322109?af=R,Wiley: Angewandte Chemie International Edition: Table of Contents,2026-09-29 03:53:00 UTC,2026-09-29 03:53:00+00:00,10.1002/anie.4322109,Liang Yin,"ABSTRACT
                  
                    Catalytic asymmetric approaches to enantioenriched organogermanium compounds remain severely underdeveloped. Herein, we report a CuOAc‐catalyzed enantioselective hydrogermylation of 3,3‐disubstituted cyclopropenes, which furnishes structurally diverse chiral organogermanes in high to excellent diastereo‐ and enantioselectivities. Control experiments demonstrate that copper carboxylate is uniquely effective for this transformation. In contrast, catalytic systems composed of Cu(CH
                    3
                    CN)
                    4
                    PF
                    6
                    and an exogenous base (e.g., triethylamine, Barton's base) afford negligible reactivity. Mechanistic studies elucidate that the CuOAc‐bisphosphine catalysts enable the critical deprotonation of H
                    3
                    GeAr/H
                    2
                    GeAr
                    2
                    through a possible synergistic six‐membered cyclic transition state. Finally, versatile post‐functionalization of the obtained products further expands the structural library of enantioenriched organogermanium compounds.",crossref,0
Reconfigurable Charge Transfer Between Type‐II and Z‐Scheme in WO3/Cu2O for All‐Day Photoreduction of CO2,https://onlinelibrary.wiley.com/doi/10.1002/anie.5768814?af=R,Wiley: Angewandte Chemie International Edition: Table of Contents,2026-09-29 03:53:38 UTC,2026-09-29 03:53:38+00:00,10.1002/anie.5768814,Licheng Liu,"ABSTRACT
                  
                    Solar‐driven CO
                    2
                    conversion to high‐value chemicals provides a sustainable solution to energy and climate challenges, but its practical use is limited by sunlight intermittency. Since photocatalytic CO
                    2
                    reduction relies on photogenerated electrons, sustaining electron supply in darkness is key to all‐day photocatalysis. Inspired by battery charging/discharging, we designed a WO
                    3
                    /Cu
                    2
                    O catalyst with dynamic heterojunction reconfiguration. After 15 min of irradiation, it stores up to 16.81 C· of charge, released in darkness. Mechanistic studies reveal that during the reaction process, the valence state transition of W (W
                    6+
                    →W
                    5+
                    ) enables the WO
                    3
                    /Cu
                    2
                    O catalyst to dynamically reconfigure between Type‐II and Z‐scheme heterojunctions, realizing photogenerated charge storage and release, thereby enabling a continuous catalytic process under dark conditions and achieving all‐day photocatalysis. This work overcomes the dependence of continuous illumination in traditional photocatalysis, laying a theoretical foundation for the practical application of photocatalytic CO
                    2
                    reduction.",crossref,0
A Stable and Polar Triplet‐Ground‐State Conjugated Polymer With High Intrinsic Electrical Conductivity,https://onlinelibrary.wiley.com/doi/10.1002/anie.9550662?af=R,Wiley: Angewandte Chemie International Edition: Table of Contents,2026-09-29 03:55:21 UTC,2026-09-29 03:55:21+00:00,10.1002/anie.9550662,Xugang Guo,"ABSTRACT
                  
                    Developing molecular materials with high intrinsic
                    n
                    ‐type electrical conductivity (
                    σ
                    ) independent of extrinsic doping remains a formidable challenge in organic electronics. Herein, we report a novel acceptor–acceptor type open‐shell conjugated polymer (OSCP), PBBT‐gDPP, featuring a proquinoidal benzobis(1,2,5‐thiadiazole) (BBT)‐based backbone and polar oligo(ethylene glycol) side chains. In‐depth spectroscopic, electrochemical, and magnetic characterizations uncover that this acceptor–acceptor architecture, benefiting from its planar backbone and multiple proquinoidal units, yields an ultra‐narrow bandgap (
                    E
                    g
                    &lt; 0.6 eV), an open‐shell triplet ground state (
                    S
                    = 1), and significant diradicaloid character. These features, complemented by polar side chains that modulate the local dielectric environment to assist in polaron transport, result in a high intrinsic
                    σ
                    of 9.21 S cm
                    −1
                    with substantial ambient stability and a power factor of 6.49 µW m
                    −1
                    K
                    −2
                    when PBBT‐gDPP is applied as an
                    n
                    ‐type single‐component organic thermoelectric material. The conductivity surpasses those of previously reported undoped conjugated materials. Notably, the near‐amorphous morphology, characterized by a high paracrystalline disorder parameter of ∼23%, imparts exceptional mechanical robustness, retaining 80% of its initial
                    σ
                    s after 3000 bending cycles. This work underscores the significant potential of polar high‐spin OSCPs for next‐generation, dopant‐free, and flexible organic electronics.",crossref,0
Ampere‐Level CO2‐to‐Formate Electrosynthesis Over Grain‐Boundary‐Rich Sulfur‐Doped SnO2 in Alkaline–Neutral–Acidic Electrolytes,https://onlinelibrary.wiley.com/doi/10.1002/anie.3790761?af=R,Wiley: Angewandte Chemie International Edition: Table of Contents,2026-09-29 03:55:58 UTC,2026-09-29 03:55:58+00:00,10.1002/anie.3790761,Zhicheng Zhang,"ABSTRACT
                  
                    Electrocatalytic reduction of CO
                    2
                    to formate offers a sustainable route for carbon utilization, converting a greenhouse gas into a valuable chemical feedstock. Although Sn‑based catalysts are among the most promising candidates, their formate selectivity often suffers a marked decline at ampere‑level current densities, and operating efficiently in various electrolytes, especially acidic media, remains a major challenge. In this work, we report a grain boundary‑rich sulfur (S)‐doped SnO
                    2
                    catalyst that enables CO
                    2
                    ‐to‐formate electrosynthesis at ampere‐level current densities across alkaline, neutral, and acidic electrolytes. The catalyst achieves formate Faradaic efficiencies exceeding 90% at 1 A cm
                    −2
                    in acidic, neutral, and alkaline electrolytes. In situ spectroscopy and theoretical calculations reveal that S doping reduces the reaction free energy change for the key *OCHO intermediate and promotes its protonation to formate. Meanwhile, S‑doped SnO
                    2
                    with abundant grain boundaries facilitates the formation of an enhanced interfacial hydrogen‐bonding network, which promotes efficient proton transfer while suppressing the competing hydrogen evolution reaction (HER). This work provides new insights into the design of high‐performance electrocatalysts through elemental doping and elucidates the governing role of the interfacial microenvironment in reaction activity and selectivity, offering design principles applicable to broader electrochemical syntheses.",crossref,0
Sm3+ Doping‐Induced Suppression of Ce3+ 4f1 Trap States in CeO2 for Efficient Photocatalytic Overall Water Splitting,https://onlinelibrary.wiley.com/doi/10.1002/anie.5141626?af=R,Wiley: Angewandte Chemie International Edition: Table of Contents,2026-09-29 03:59:42 UTC,2026-09-29 03:59:42+00:00,10.1002/anie.5141626,Guigang Zhang,"ABSTRACT
                  
                    Defect engineering and electronic structure modification are central to the development of efficient metal oxide photocatalysts for overall water splitting. However, the role of specific electronic trap states that govern charge carrier dynamics remains incompletely understood. Herein, we report a lanthanide‐assisted solid‐state strategy to synthesize Sm
                    3+
                    ‐doped CeO
                    2
                    that selectively suppresses detrimental Ce
                    3+
                    4f
                    1
                    trap states while preserving surface active sites. Structural and spectroscopic characterizations indicate that Sm
                    3+
                    preferentially segregates at the CeO
                    2
                    surface, where its incorporation suppresses Ce
                    3+
                    4f
                    1
                    trap states that act as dominant non‐radiative recombination centers, thereby prolonging charge carrier lifetimes and enabling efficient migration to the catalytic surface. When integrated with dual cocatalysts (CoO
                    x
                    –Rh/Cr
                    2
                    O
                    3
                    ), the optimized Sm
                    3+
                    ‐doped CeO
                    2
                    achieves an apparent quantum yield of 12.6% ± 0.4% at 365 nm, representing the highest reported value for CeO
                    2
                    ‐based photocatalysts for overall water splitting. These findings establish surface lanthanide segregation as a versatile approach for regulating defect states and charge carrier dynamics, unlocking the intrinsic activity of CeO
                    2
                    for solar‐fuel production.",crossref,0
Metal‐Free One‐Pot Access to Benzofuran Building Blocks Toward Efficient Narrowband Blue–Cyan Emitters,https://onlinelibrary.wiley.com/doi/10.1002/anie.2320378?af=R,Wiley: Angewandte Chemie International Edition: Table of Contents,2026-09-29 04:03:54 UTC,2026-09-29 04:03:54+00:00,10.1002/anie.2320378,Chuluo Yang,"ABSTRACT
                  A metal‐free amino‐group‐directed regioselective cyclization from α‐diketone compounds and diarylamines is reported for the synthesis of benzofuran derivatives. The transformation proceeds through sequential intermolecular and intramolecular Friedel–Crafts‐type processes under acidic conditions, enabling one‐pot construction of fused benzofuran frameworks. The method shows good substrate scope, providing products in moderate yields and demonstrating gram‐scale practicality. Based on this scaffold, two donor units are developed and incorporated into multi‐resonance thermally activated delayed fluorescence (MR‐TADF) emitters, namely BNFFA and BNFFC. Both compounds exhibit narrowband emission (full with at half maximum = 20 and 25 nm) and decent delayed fluorescence. Organic light‐emitting diodes based on these emitters achieved maximum external quantum efficiencies of 23.5% and 29.3%, with blue‐cyan emissions suitable for emerging four‐primary wide‐color‐gamut displays.",crossref,0
Dynamically Reconfigurable Ir(III) Complex‐Based Co‐Assemblies for Sequential Energy Transfer and Programmable Luminescence,https://onlinelibrary.wiley.com/doi/10.1002/anie.8728174?af=R,Wiley: Angewandte Chemie International Edition: Table of Contents,2026-09-29 04:04:34 UTC,2026-09-29 04:04:34+00:00,10.1002/anie.8728174,Chun Liu,"ABSTRACT
                  
                    Most artificial light‐harvesting systems (ALHSs) are built from predefined donor–acceptor combinations, making their energy transfer and emission difficult to alter after assembly. Combining reversible reconfiguration with efficient sequential energy transfer remains challenging. Herein, we report reconfigurable Ir(III) complex‐based co‐assemblies for sequential energy transfer and programmable luminescence. In H
                    2
                    O/CH
                    3
                    CN with a 90% water content,
                    Ir‐D
                    self‐assembles into blue‐phosphorescent nanorods. Co‐assembly of
                    Ir‐D
                    with erythrosine Y (
                    A1
                    ) or Nile red (
                    A2
                    ) enables one‐step energy transfer, whereas co‐assembly with both acceptors enables two‐step sequential energy transfer with 84.8% efficiency and 88.7% photoluminescence quantum yield. Notably, only 0.1 mol%
                    A2
                    affords white‐light emission with CIE coordinates of (0.31, 0.34), reflecting efficient acceptor‐emission amplification. Beyond composition‐dependent tuning, the donor–acceptor co‐assemblies can be reconstructed after formation: heating dissociates the assemblies, and adding or adjusting
                    A1
                    and
                    A2
                    in the dissociated state produces new co‐assemblies upon cooling, changing the emission from white to yellow and then red. The thermally controlled switching of energy transfer is further used for multicolor information encryption and molecular logic operations. This work shows that supramolecular dynamics can move ALHSs beyond static donor–acceptor construction by allowing energy transfer and luminescence to be reconfigured after co‐assembly.",crossref,0
Fully Reduced Core–Shell Organotin‐Polyoxometalate {Sn12Mo19}: A Synergistic Modulation Material for the Buried Interface of Inverted Perovskite Solar Cells,https://onlinelibrary.wiley.com/doi/10.1002/anie.1019904?af=R,Wiley: Angewandte Chemie International Edition: Table of Contents,2026-09-29 04:05:46 UTC,2026-09-29 04:05:46+00:00,10.1002/anie.1019904,Weilin Chen,"ABSTRACT
                  
                    The commercialization of inverted perovskite solar cells (PSCs) suffers from poor buried interface and interfacial charge loss at the hole transport layer. Therefore, designing and synthesizing materials that can precisely optimize the buried interface is crucial. Herein, we employ a molecular design strategy to synthesize an organotin‐functionalized fully reduced polyoxometalate (POM), (NH
                    4
                    )
                    2
                    H
                    15
                    [Sn
                    IV
                    3
                    (CH
                    3
                    )
                    3
                    (OH)
                    3
                    O]
                    4
                    [Mo
                    V
                    19
                    O
                    64
                    ]·20H
                    2
                    O ({Sn
                    12
                    Mo
                    19
                    }), which serves as a molecular‐level synergistic interfacial layer between NiO
                    x
                    and a self‐assembled monolayer (SAM) in PSCs. {Sn
                    12
                    Mo
                    19
                    } features a fully reduced Mo‐oxo cluster core surrounded by four organotin shells, endowing the entire molecule with a
                    T
                    d
                    ‐symmetric triply‐nested architecture that enables ordered spatial organization of bifunctional moieties. Comprehensive experimental and theoretical results reveal that nanoscale, well‐defined {Sn
                    12
                    Mo
                    19
                    } fills voids within the NiO
                    x
                    layer, where its Mo‐oxo core suppresses detrimental Ni
                    4+
                    and the organotin shell induces SAM homogenization via hydrogen bonding. Such synergistic effects substantially improve the quality of the buried interface by suppressing interfacial side reactions and SAM spatial mismatch. Consequently, the
                    V
                    oc
                    of PSCs increases by 3.31%, and PCE rises from 23.81% to 26.11%, setting a new record for POM‐modified PSCs and rendering {Sn
                    12
                    Mo
                    19
                    } universal across various SAMs. This work demonstrates that POM molecular engineering can precisely address interfacial challenges, offering new design concepts and technical routes for broader photovoltaic applications.",crossref,0
Covalently Preorganized (Thio)Urea–Alkoxide Organocatalysts Enable Controlled Synthesis of High‐Molecular‐Weight Polyglycolide,https://onlinelibrary.wiley.com/doi/10.1002/anie.6732152?af=R,Wiley: Angewandte Chemie International Edition: Table of Contents,2026-09-29 04:06:32 UTC,2026-09-29 04:06:32+00:00,10.1002/anie.6732152,Xinghong Zhang,"ABSTRACT
                  
                    Polyglycolide (PGA) is a leading biodegradable polyester, but controlled access to high‐molecular‐weight PGA remains challenging. Here, we introduce a covalent preorganization strategy that merges H‐bond‐mediated monomer activation and alkoxide‐based chain propagation within a single molecular scaffold. Systematic variation of the H‐bond donor, substituent electronics, tether length, and counter cation identifies the thiourea‐based sodium alkoxide
                    Cat. 7
                    as an optimal catalyst/initiator. Under mild conditions,
                    Cat. 7
                    enables rapid and selective ring‐opening polymerization of glycolide, affording PGA with number‐average molecular weights up to 222.4 kDa (dispersity of 1.57, turnover number of 11 600, and turnover frequency of 483 h
                    −1
                    ). Crystallographic, kinetic, spectroscopic, and computational studies support an intramolecular cooperative mechanism. The resulting high‐molecular‐weight PGA exhibits high crystallinity and tensile strength, highlighting (thio)urea‐alkoxide covalent integration as a powerful strategy for the precision synthesis of high‐performance biodegradable polyesters.",crossref,0
Atomic Contact With Cu Single Atom Promoting Pt3 Clusters for High‐Performance Acetylene Semihydrogenation,https://onlinelibrary.wiley.com/doi/10.1002/anie.4217363?af=R,Wiley: Angewandte Chemie International Edition: Table of Contents,2026-09-29 04:07:38 UTC,2026-09-29 04:07:38+00:00,10.1002/anie.4217363,Huibin Ge,"ABSTRACT
                  
                    Understanding how second metal species modulate catalytic performance remains a central challenge in bimetallic heterogeneous catalysis. Here, we report a controllable strategy to construct atomically contacted and spatially isolated structures between Pt
                    3
                    clusters and Cu atoms on γ‐Al
                    2
                    O
                    3
                    by atomic layer deposition (ALD), enabling direct interrogation of metal–metal synergy. By regulating anchoring sites around Pt clusters, Cu atoms can be selectively positioned either by bonding to Pt to form Pt
                    3
                    Cu
                    1
                    clusters or by separating into isolated Cu single atoms. Comprehensive characterizations and theoretical calculations reveal that Cu single atom can act as an effective promoter only when directly bonded to Pt
                    3
                    clusters. As electron donator, the bonded Cu atom can enhance the hydrogen dissociation ability of Pt clusters, weaken their strong acetylene adsorption, and facilitate ethylene desorption, thereby overcoming the activity‐selectivity trade‐off in selective hydrogenation of trace acetylene. In contrast, isolated Cu single atom fails to promote Pt
                    3
                    clusters and even deteriorate selectivity. These results demonstrate that Pt─Cu bond formation, rather than simple proximity, governs synergistic effects in bimetallic cluster catalysts. This work establishes a clear design principle for atomically engineered catalysts and offers a general strategy to independently optimize catalytic activity and selectivity.",crossref,0
Pre‐Organized Active Sites Strategy Steering a Bismuth‐Based MOF Nanosheet for High‐Efficiency Acidic CO2 Electroreduction,https://onlinelibrary.wiley.com/doi/10.1002/anie.7259832?af=R,Wiley: Angewandte Chemie International Edition: Table of Contents,2026-09-29 04:09:45 UTC,2026-09-29 04:09:45+00:00,10.1002/anie.7259832,Xiao‐Ming Chen,"ABSTRACT
                  
                    Electrochemical reduction of CO
                    2
                    to formic acid in acidic media offers a promising route to mitigate carbon loss, yet it remains challenging to design catalysts that effectively suppress the competing hydrogen evolution reaction and achieve industrial‐level current densities under acidic conditions. Here, we demonstrate exfoliating a densely packed 3D pillar‐layered bismuth‐based metal–organic framework into ultrathin nanosheets, enabling efficient CO
                    2
                    ‐to‐formic acid conversion. Remarkably, the removal of 1,4‑benzenedicarboxylate linkers during exfoliation leads to the exposure of the underlying dinuclear bismuth sites, which retain the original coordination site geometry. Mechanistic studies reveal that these exposed dinuclear sites exhibit intrinsic geometric compatibility with key intermediates (*CO
                    2
                    or *OCHO), resembling the native carboxylate binding mode, thereby significantly lowering the Gibbs free energy barrier for intermediate formation. Concurrently, the modified electronic structure results in a reduced work function that facilitates electron transfer. As a result, the optimized catalyst achieves an industrial‐relevant current density of 500 mA cm
                    −2
                    with a formic acid Faradaic efficiency of 95%, doubling the performance of the bulk MOF and surpassing most reported catalysts. This work highlights a precise structural evolution strategy for creating geometrically optimized active sites, offering new insights into the design of efficient electrocatalysts for acidic CO
                    2
                    reduction.",crossref,0
Photocatalytic Transannular Migration to Stereodefined Cyclobutanes and Bicyclo[2.1.1]hexanes as Benzenoid Bioisosteres,https://onlinelibrary.wiley.com/doi/10.1002/anie.7845758?af=R,Wiley: Angewandte Chemie International Edition: Table of Contents,2026-09-29 04:09:48 UTC,2026-09-29 04:09:48+00:00,10.1002/anie.7845758,Jun Zheng,"ABSTRACT
                  
                    Higher Fsp
                    3
                    often correlates with clinical success, driving the replacement of flat arenes with saturated carbocycles. Stereodefined 1,1,3‐trisubstituted cyclobutane and 1,2,4‐trisubstituted bicyclo[2.1.1]hexane (BCH) serve as bioisosteres for
                    para
                    ‐ and 1,2,4‐trisubstituted benzenes, respectively. Yet, general stereoselective routes to these frameworks remain underdeveloped. In this study, we report a photocatalytic transannular functional group migration (TFGM) strategy that enables highly diastereoselective synthesis of 1,1,3‐trisubstituted cyclobutanes from alkylidene cyclobutanes and diverse radical precursors at room temperature. The reaction proceeds through a rigid BCH‐type transition state, delivering exclusive
                    cis
                    ‐selectivity. The mild conditions accommodate broad functional group tolerance and support the migration of various groups, including heteroarenes, nitrile, aldehyde, oxime, and alkene derivatives. This platform further provides general and modular entry to 1,2,4‐trisubstituted BCHs via a base‐promoted 5‐exo‐tet cyclization and cross‐coupling sequence. The resulting BCH scaffolds are effective bioisosteres of 1,2,4‐trisubstituted benzenes, demonstrated by BCH‐Olaparib and BCH‐Fluzoparib—analogues of the anticancer drugs Olaparib and Fluzoparib. These analogues retain potent activity comparable to Olaparib in a panel of cancer cell lines (enhanced in breast and liver cells), and the preferred enantiomer of BCH‐Olaparib surpasses Olaparib in PARP1 inhibition, validating 1,2,4‐trisubstituted BCHs as faithful benzenoid bioisosteres for drug innovation.",crossref,0
Monolayer and Bilayer Nitrogen‐Doped Nanographenes Constructed by Cascade Cyclization,https://onlinelibrary.wiley.com/doi/10.1002/anie.2743830?af=R,Wiley: Angewandte Chemie International Edition: Table of Contents,2026-09-29 04:12:17 UTC,2026-09-29 04:12:17+00:00,10.1002/anie.2743830,Yuan‐Zhi Tan,"ABSTRACT
                  
                    Nitrogen‐doped nanographenes (NGs) with precise structures are attractive because of their tunable electronic structures and supramolecular assembly behaviors. However, the synthesis of structurally diverse architectures, especially discrete bilayer systems, remains challenging. Herein, we report a cascade photo‐induced radical cyclization (PIRC) strategy for the programmable synthesis of a series of peripheral nitrogen‐doped NGs with tunable monolayer and bilayer architectures. Starting from nitrogen‐doped nanographene
                    1
                    as a versatile structural platform, π‐extension affords the larger monolayer nanographene
                    2
                    , whereas modulation of the peripheral steric substituents enables the formation of a discrete bilayer assembly, (
                    3
                    )
                    2
                    . Single‐crystal x‐ray diffraction confirmed the monolayer structures of
                    1
                    and
                    2
                    , while NMR spectroscopy, MALDI‐TOF mass spectrometry, and DFT calculations revealed that (
                    3
                    )
                    2
                    adopts a bilayer configuration. Compared with the monolayer analogues, the bilayer assembly shows broadened and blue‐shifted absorption features characteristic of H‐type coupling. More importantly, peripheral N─H functionalities enable solvent‐responsive dissociation of the bilayer through hydrogen bonding with oxygen‐containing solvents, leading to a solvent‐switchable transformation between bilayer and monolayer states. The aggregation behavior of (
                    3
                    )
                    2
                    is governed by the orthogonality between π–π interactions and hydrogen bonding, giving rise to a unique solvent‐dependent yet concentration‐independent structural transformation.",crossref,0
Cooperation of PtO2 and Adjacent Pt1 on In2O3 Photocatalysts for Unity‐Selective Propane Dehydrogenation,https://onlinelibrary.wiley.com/doi/10.1002/anie.1300481?af=R,Wiley: Angewandte Chemie International Edition: Table of Contents,2026-09-29 05:05:44 UTC,2026-09-29 05:05:44+00:00,10.1002/anie.1300481,Xinchen Wang,"ABSTRACT
                  
                    Solar‐driven direct propane dehydrogenation (PDH) represents a promising strategy to overcome the high‐temperature demands and selectivity limitations of conventional thermocatalysis, yet the identification of effective photoactive phases remains challenging. Herein, we demonstrate that photoactivated PtO
                    2
                    enables regenerable and highly selective PDH over a PtO
                    2
                    /Pt
                    1
                    ‐In
                    2
                    O
                    3
                    catalyst under mild conditions. Under simulated sunlight without external heating, the catalyst achieves a propylene formation rate of 1322.35 µmol g
                    −1
                    h
                    −1
                    with unity selectivity, while remaining inactive under comparable thermocatalytic conditions. In situ spectroscopic analyses combined with density functional theory calculations reveal a photoactivated dual‐site mechanism, in which PtO
                    2
                    nanoparticles function as oxidation centers for hole‐driven C─H bond activation, whereas neighboring interfacial Pt single atoms act as electron‐accepting sites to promote H
                    2
                    evolution, enabling efficient spatial separation and utilization of photogenerated charge carriers. Catalyst deactivation arises from partial reduction of PtO
                    2
                    , which can be exactly regenerated via a facile oxidative annealing process in air, affording excellent reusability. These findings identify photoactivated PtO
                    2
                    as a distinct active phase for selective PDH and provide a design principle for solar‐driven alkane valorization.",crossref,0
Customized Flexibility in Soft Porous Crystals With Coupled Dynamics for Matching Separation of Light Hydrocarbons,https://onlinelibrary.wiley.com/doi/10.1002/anie.3591838?af=R,Wiley: Angewandte Chemie International Edition: Table of Contents,2026-09-29 05:06:36 UTC,2026-09-29 05:06:36+00:00,10.1002/anie.3591838,Ming‐Hua Zeng,"ABSTRACT
                  
                    Soft porous crystals exploit adaptive structural dynamics for molecular recognition, yet their elusive nature hinders the fundamental understanding of rational design and reliable applications. Here, the correlation dynamics intrinsic to layered M(pbe)‐α (M = Co
                    2+
                    , Zn
                    2+
                    , Cu
                    2+
                    ), transmitting from mono‐vertex to strained‐linker and to self‐adaptive grid/stack, are orchestrated into node‐encoded flexibility. In‐situ tracking of dynamic structural evolution (including vertex distortion, linker rotation, layer motion, and pore resculpting) reveals the cation‐induced flexibility gradient Co &gt; Zn &gt; Cu, evidenced by changes in coordination bond lengths, unit cell volumes, and inter/intra‐layer interactions. The activated phase Co(pbe)‐β exhibits strong flexibility, undergoing a polarizability‐driven response for acetylene, achieving a record acetylene/carbon dioxide uptake ratio of 75. Zn(pbe)‐β with moderate flexibility displays a marked difference in response to propylene versus propane. Cu(pbe)‐β with the weakest flexibility shows high selectivity for dispersion‐driven adsorption of butadiene over n‐butene. Breakthrough experiments confirm exceptional separation and cyclic performance, where efficient desorption yields high‐purity (≥ 99.5%) acetylene, propylene, and butadiene. Thus, correlating the local dynamic extent of coordination bonds with weak interaction constraints, as well as global cell volume expansion extent in these finely fabricated layered soft crystals, enables customized flexibility for the matched separation of challenging C2‐C4 mixtures.",crossref,0
Direct Asymmetric Synthesis of Chiral β‐Hydroxy‐α‐Amino Amides via PLP‐Inspired Biomimetic Aldol Reaction,https://onlinelibrary.wiley.com/doi/10.1002/anie.7937631?af=R,Wiley: Angewandte Chemie International Edition: Table of Contents,2026-09-29 05:07:22 UTC,2026-09-29 05:07:22+00:00,10.1002/anie.7937631,Baoguo Zhao,"ABSTRACT
                  Chiral β‐hydroxy‐α‐amino amides represent important structural motifs ubiquitous in pharmaceuticals and bioactive molecules. Current synthetic approaches typically rely on multistep conversion from the corresponding β‐hydroxy‐α‐amino acids, resulting in poor step‐economy and potential α‐racemization during amidation. However, direct asymmetric synthesis of these compounds via aldol reactions remains highly challenging because of the low reactivity of glycinamides and the instability of the corresponding aldol products. Herein, we report a chiral pyridoxal‐catalyzed biomimetic aldol reaction of glycinamides with aldehydes, producing a broad range of structurally diverse chiral β‐hydroxy‐α‐amino amides in up to 98% yield, &gt;20:1 dr, and 99% ee. Notably, this biomimetic strategy accommodates structurally complex dipeptides and polypeptides, allowing direct modification of peptide chains and providing efficient access to these significant peptide‐based chiral β‐hydroxy‐α‐amino amides. The key intermediate of the drug eliglustat was also readily synthesized via this strategy. Mechanistic studies suggest a cooperative carbonyl catalysis pathway analogous to threonine aldolase, accounting for the high reactivity and stereocontrol.",crossref,0
Sustainable Electrosynthesis of Hexamethylenetetramine via Paired Electrolysis of Nitrate and PET Waste,https://onlinelibrary.wiley.com/doi/10.1002/anie.9224223?af=R,Wiley: Angewandte Chemie International Edition: Table of Contents,2026-09-29 05:09:01 UTC,2026-09-29 05:09:01+00:00,10.1002/anie.9224223,Yong Chen,"ABSTRACT
                  
                    Hexamethylenetetramine (HMTA) is a critical organonitrogen compound widely used in the defense, pharmaceutical, and polymer industries. Conventional HMTA production relies on toxic formaldehyde (HCHO) and energy‐intensive Haber–Bosch‐derived ammonia (NH
                    3
                    ) as feedstocks. This study demonstrates a sustainable electrocatalytic approach for the direct synthesis of HMTA via paired electrolysis, using nitrate (NO
                    3
                    −
                    ) and polyethylene terephthalate (PET) waste as nitrogen and carbon sources, respectively. With iron‐doped nickel phosphide (Fe–Ni
                    2
                    P) as a bifunctional catalyst, the system achieves concurrent cathodic NO
                    3
                    −
                    reduction to NH
                    3
                    with a Faradaic efficiency of ∼ 96.0%, and anodic oxidation of PET‐derived ethylene glycol to electrophilic *HCHO intermediates. These resulting intermediates subsequently condense with nucleophilic NH
                    3
                    to form HMTA with ∼75.2% carbon selectivity. Mechanistic studies reveal that Fe doping induces charge redistribution and upshifts the d‐band center, thereby facilitating the adsorption and activation of reactants and lowering the energy barrier for *HCHO intermediate formation and desorption—a critical step enabling subsequent C─N coupling. This work establishes a mild and sustainable electrocatalytic route for HMTA synthesis from environmental waste, underscoring the potential of paired electrolysis in valorizing waste into valuable organonitrogen chemicals.",crossref,0
Long‐Lived Organic Room‐Temperature Phosphorescent Fluids via Chromophore Confinement,https://onlinelibrary.wiley.com/doi/10.1002/anie.6514261?af=R,Wiley: Angewandte Chemie International Edition: Table of Contents,2026-09-29 05:10:31 UTC,2026-09-29 05:10:31+00:00,10.1002/anie.6514261,Long Gu,"ABSTRACT
                  Fluidic room‐temperature phosphorescence (RTP) materials with tunable viscosity and distinctive triplet excited‐state properties hold considerable potential for applications in flexible electronics. However, realizing long‐lived fluid RTP remains highly challenging because the dynamic nature of fluid media enables extensive molecular motion and oxygen permeation, which readily dissipate chromophore triplet excitons via nonradiative pathways. Herein, we report a universal strategy for achieving room‐temperature phosphorescent polymer fluids through chromophore confinement within microphase‐separated domains of block copolymers. The localized confinement environments generated by rigid segments surrounding the chromophores effectively suppress nonradiative transitions and stabilize triplet excitons in the fluid state. Consequently, the resulting polymer fluids exhibit tunable viscous flow behavior and ultralong phosphorescence lifetimes of up to 364 ms. Moreover, the generality of the strategies is demonstrated by modulating chromophore structures and achieving a series of multicolor RTP polymer fluids. Leveraging their excellent fluidity and persistent afterglow emission, these materials demonstrate significant potential for adaptive afterglow displays and visualization detection. This work establishes an effective approach for constructing fluidic RTP polymer materials and offers new insights into the design of functional RTP materials.",crossref,0
Monomer Molecule Reconstruction Engineered Heterogeneous Lithium‐Ion Solvation for High‐Performance Lithium‐Metal Batteries,https://onlinelibrary.wiley.com/doi/10.1002/anie.5513729?af=R,Wiley: Angewandte Chemie International Edition: Table of Contents,2026-09-29 06:01:47 UTC,2026-09-29 06:01:47+00:00,10.1002/anie.5513729,Yiju Li,"ABSTRACT
                  
                    High‐energy‐density lithium‐metal batteries (LMBs) are promising for next‐generation energy storage, but their practical application is hindered by lithium dendrite growth and electrolyte interfacial instability under high‐voltage conditions. Here, we report a molecule‐reconstruction strategy to regulate Li
                    +
                    solvation by exploiting the amplified steric hindrance generated during in situ polymerization of isobutyl methacrylate (IBMA). Covalently linking IBMA monomers into macromolecular chains increases steric bulk around polar ester groups, reduces the electron cloud density of carbonyl oxygen, weakens Li
                    +
                    ‐polymer coordination, and drives a transition from solvent‐dominated to anion‐rich solvation even at low salt concentrations. With TTE serving as a “molecular lubricant”, the gel solid‐state DEE‐PIBMA electrolyte achieves a room‐temperature ionic conductivity of 1.77 mS cm
                    −1
                    and practical high‐voltage stability to ∼4.7 V, as confirmed by floating tests. Gel solid‐state Li||NCM811 cells retain 81.8% of their initial capacity after 500 cycles at 0.5 C, while pouch cells operate stably with an energy density of 386.1 Wh kg
                    −1
                    . These results highlight macromolecular backbone engineering as a general design principle for regulating solvation structures and interfacial chemistry in high‐energy LMBs.",crossref,0
Reduced Electron Delocalization via Symmetry Breaking at Single‐Atom Cobalt Sites for Efficient Photocatalytic Plastic Upcycling,https://advanced.onlinelibrary.wiley.com/doi/10.1002/adma.75166?af=R,Wiley: Advanced Materials: Table of Contents,2026-09-29 06:16:09 UTC,2026-09-29 06:16:09+00:00,10.1002/adma.75166,Lydia Helena Wong,"ABSTRACT
                  
                    Direct photocatalytic upcycling of nonbiodegradable plastics using single‑atom catalysts (SACs) remain limited by the symmetric coordination of isolated metal sites, which constrains intermediate binding and charge transfer. Here, we reconstruct the heptazine units of polymeric carbon nitride (PCN) via a salt‐induced strategy, transforming S─CoPCN with a predominantly symmetric Co─N
                    4
                    coordination environment into A─CoPCN featuring predominantly asymmetric Co─N
                    3
                    configurations. Under white‐light irradiation at room temperature and 1 bar O
                    2
                    , A─CoPCN enables the conversion of polystyrene to benzoic acid with a yield of 39.6% and a carbon recovery of 71.6%. Compared with previously reported systems that often require elevated temperatures, high O
                    2
                    pressures, or external oxidants, this system operates under markedly milder conditions. The catalyst further demonstrates broad applicability across diverse nonbiodegradable plastics, including polystyrene, polyisobutylene, polylactic acid, polypropylene, polyethylene, and polyvinyl acetate. Mechanistic studies combining advanced spectroscopy and density functional theory calculations reveal that symmetry breaking suppresses electron delocalization, upshifts the Co d‐band center, and lowers exciton binding energy, thereby facilitating charge separation and transfer, promoting O
                    2
                    adsorption and activation to generate reactive •O
                    2
                    −
                    species for efficient plastic upcycling. This work identifies coordination asymmetry as a key design principle for SACs and provides a general strategy for enhancing photocatalytic plastic upcycling.",crossref,0
Phase‐Confined Ring‐Opening Polymerization Enables Adaptive Wet Adhesion with Dynamic Mechanical Reinforcement,https://advanced.onlinelibrary.wiley.com/doi/10.1002/adma.75175?af=R,Wiley: Advanced Materials: Table of Contents,2026-09-29 06:16:27 UTC,2026-09-29 06:16:27+00:00,10.1002/adma.75175,Shifang Luan,"ABSTRACT
                  
                    Developing wet adhesives integrating rapid interfacial adaptability and superior mechanical stability remains a long‐standing hurdle. Existing liquid–liquid phase separation (LLPS)‐based adhesives mainly exploit phase condensation for interfacial wetting, while the phase‐separated domains rarely participate in active molecular reinforcement or adaptive mechanical regulation. Inspired by the hydration‐regulated adaptive transition behavior of snail mucus, we herein constructed an adaptive coacervate adhesive through an phase‐confined structure transformation and dual‐network reinforcement. Through salt bridge‐mediated phase separation between sodium thioctate and polycationic components, dense coacervate condensates are formed via synergistic salt‐bridge interactions, providing highly confined microenvironments for realizing the ring‐opening polymerization (ROP) of thioctic acid (TA). Consequently, the coacervate adhesive undergoes hydration‐regulated reversible mechanical transition, featuring superior wet interfacial adaptability under the hydrated state and substantial dehydration‐induced stiffening and cohesive reinforcement analogous to native snail mucus. Unlike conventional tissue sealants and sutures that often suffer from poor wet adaptability or rigid fixation, the adaptive coacervate system dynamically couples rapid interfacial wetting with dehydration‐induced cohesive reinforcement (695.31 vs 24.7 N·m
                    −2
                    of fibrin glue). This work establishes a universal biomimetic strategy for coupling confined molecular structural transformation with adaptive supramolecular mechanics toward designing adaptive biointerfaces.",crossref,0
Topological Hall Effect Induced by Chiral Spin Textures at the Ferroelectric/Ferromagnetic Interface,https://advanced.onlinelibrary.wiley.com/doi/10.1002/adma.75194?af=R,Wiley: Advanced Materials: Table of Contents,2026-09-29 06:54:42 UTC,2026-09-29 06:54:42+00:00,10.1002/adma.75194,Geliang Yu,"ABSTRACT
                  Chiral spin textures, largely driven by the Dzyaloshinskii–Moriya interaction, offer significant potential for next‐generation computing technologies due to their chirality and topological stability. Ferroelectric/ferromagnetic van der Waals heterostructures are particularly appealing because they can combine interfacial inversion‐symmetry breaking and spin‐orbit coupling to promote interfacial Dzyaloshinskii–Moriya interaction, while switchable ferroelectric polarization provides a nonvolatile tuning knob. This study investigates interfacial chiral spin textures in few‐layer /‐ heterostructures. Two groups of topological Hall signals are identified just below and above the coercive field, and thickness‐dependent transport reveals a notable reduction in critical temperature with increasing  layer thickness. Low‐temperature magnetic force microscopy images reveal two types of magnetic bubbles with opposite magnetic contrasts near the coercive field, each associated with distinct topological Hall signals. Together with atomistic spin‐dynamics simulations and first‐principles calculations, these results support the formation of interfacial DMI‐stabilized chiral spin textures. Switching the ferroelectric polarization of the ‐ layer further enables nonvolatile modulation of both anomalous and topological Hall effects. The resulting ferroelectric and magnetic bistabilities generate four distinguishable Hall resistance states programmable by electric and magnetic fields. These findings highlight the potential of van der Waals interfaces for advanced device applications.",crossref,0
A Thermoreversible Gelation Pathway to Plant Cuticle‐Inspired Biopolymer Aerogel Monoliths Based on Network‐Spherulitic Crystal Assemblies,https://advanced.onlinelibrary.wiley.com/doi/10.1002/adma.75136?af=R,Wiley: Advanced Materials: Table of Contents,2026-09-29 08:03:00 UTC,2026-09-29 08:03:00+00:00,10.1002/adma.75136,Patrick C. Lee,"ABSTRACT
                  
                    Plant‐based and compostable biopolymers are vital in global shifts toward green materials. However, their adoption in aerogel fabrication is limited by material and structure‐performance deficiencies (e.g., hydrophilicity, low surface area, brittleness, limited tactile tailorability). Nevertheless, stereocomplexation, or co‐crystallization between polymeric enantiomers, offers a pathway toward overcoming such limitations. Herein, stereocomplexation is used to fabricate poly(lactide) (PLA)‐based aerogels, with stereocomplex crystals (SCs) assembling into a highly ordered morphology/topology within aerogel precursors. To tailor aerogel bulk properties, a blending approach is implemented during sol–gel processing, leading to sequential crystallization of sol–gel system constituents. This pathway yields hierarchically macro‐/meso‐porous aerogels (
                    S
                    BET
                    up to ∼186 m
                    2
                    ·g
                    −1
                    ), offering a variety of superstructures that resemble cuticular plant tissue. These aerogels resist brittle failure under compression (70% strain) and withstand cyclic loading (100 cycles, 20% strain) without significant densification. Such aerogels also exhibit functional properties including superhydrophobicity/superoleophilicity and are well‐suited for continuous oil–water separation. Additionally, fantastic geometric‐thermal stability, insulation/heat dissipation ability (
                    k
                    Cond
                     ∼36 mW·m
                    −1
                    ·K
                    −1
                    ), and phase‐change insulation characteristics are achieved. These functionalities arise from multi‐scale structural features and demonstrate how coupling stereocomplexation and sequential crystallization offers pathways to construct intricate superstructure morphologies/topologies, and overcome material/structure‐performance limitations in green aerogels.",crossref,0
Vacancy Clusters Enable Configurational Matching for Selective Olefin C─H Activation Through Orbital Coupling,https://onlinelibrary.wiley.com/doi/10.1002/anie.7366799?af=R,Wiley: Angewandte Chemie International Edition: Table of Contents,2026-09-29 08:39:44 UTC,2026-09-29 08:39:44+00:00,10.1002/anie.7366799,Dang‐guo Cheng,"ABSTRACT
                  
                    Selective oxidation of olefins offers an attractive route for upgrading light olefins into value‐added chemicals, yet achieving high selectivity requires precise control over both orbital interactions and adsorption configurations at catalyst surfaces. Here, oxidative dehydrogenation (ODH) of 1‐butene is employed as a model reaction to demonstrate that coupled bismuth–oxygen vacancy clusters on Bi
                    2
                    WO
                    6
                    regulate the orbital coupling between surface Bi 6p states and the olefin π orbital, thereby reconstructing the adsorption configuration. In situ spectroscopic measurements combined with density functional theory calculations reveal that pristine Bi
                    2
                    WO
                    6
                    favors a flat π adsorption mode dominated by C═C interaction, leaving the reactive C─H bond poorly aligned with neighboring W─O lattice oxygen sites. Vacancy clusters induce a tilted π adsorption configuration that spatially aligns the target C─H bond with the dehydrogenation site. This orbital‐guided configurational matching promotes selective C─H activation while suppressing competing oxidation pathways. These findings establish orbital‐regulated adsorption reorientation through vacancy‐cluster engineering as a strategy for controlling selective olefin oxidation.",crossref,0
A 3D Cycloparaphenylene‐Cored Trimeric Electron Acceptor Regulates Acceptor Fibril Morphology for 20.6%‐Efficient Ternary Organic Solar Cells,https://onlinelibrary.wiley.com/doi/10.1002/anie.8288920?af=R,Wiley: Angewandte Chemie International Edition: Table of Contents,2026-09-29 08:42:00 UTC,2026-09-29 08:42:00+00:00,10.1002/anie.8288920,Weiwei Li,"ABSTRACT
                  The application of cycloparaphenylene (CPP) macrocycles in organic photovoltaics has remained largely unexplored despite their unique three‐dimensional (3D) topologies. Herein, we expand the functional scope of CPPs by covalently integrating a carbon‐nanohoop scaffold with Y‐series electron acceptors to develop a novel 3D trimeric acceptor, CPP‐3Y. Distinct from conventional planar molecules, CPP‐3Y combines radially oriented π‐conjugation, a continuously curved π‐surface, and sterically hindered 3D topology, resulting in strong aggregation with low crystallinity. When introduced as a third component into the D18:L8‐BO‐X binary system, CPP‐3Y preferentially associates with the L8‐BO‐X‐rich acceptor phase, resulting in large fibrillar structures in blended thin films. This narrows the energetic tail‐state distribution, suppresses trap‐assisted and non‐radiative recombination, and enables more balanced charge transport. Consequently, D18:L8‐BO‐X:CPP‐3Y ternary OSCs achieve a PCE of 20.62%, outperforming binary devices (19.90%). They also retain over 80% of their initial efficiency after 964 h at 70  °C, whereas the binary devices fall below this level after 432 h. This work demonstrates that cyclic electron acceptors with 3D configurations and strong aggregation can act as morphological regulators to tune the phase separation of photoactive layers and hence realize high PCEs in OSCs.",crossref,0
Hydration‐Gated Photoinduced Electron Transfer in BODIPY Dyes,https://onlinelibrary.wiley.com/doi/10.1002/anie.3726851?af=R,Wiley: Angewandte Chemie International Edition: Table of Contents,2026-09-29 08:44:16 UTC,2026-09-29 08:44:16+00:00,10.1002/anie.3726851,Mikhail A. Filatov,"ABSTRACT
                  Fluorescent probes based on photoinduced electron transfer (PET) are widely used to image intracellular environments. Here we report donor–acceptor dyads based on the BODIPY chromophore in which PET is selectively activated upon hydration. Replacing fluorine groups at boron with triethylene glycol (TEG) chains confers aqueous solubility and modulates the electronic properties of the boron‐coordinated core, suppressing PET in polar organic solvents while enabling efficient charge separation in water. This switching arises from hydrogen bonding at the alkoxy oxygens, which strengthens the effective acceptor character of the BODIPY, supported by electrochemistry, transient absorption spectroscopy, and DFT calculations. The mechanism is general across dyads incorporating various aromatic donors and BODIPY substitution patterns. The lead compound, 5‐TEG, displays hydration‐dependent fluorescence lifetimes spanning a 6 ns range. In fluorescence lifetime imaging microscopy (FLIM) of living cells, tumor spheroids, and intestinal organoids, 5‐TEG provides high brightness and lifetime contrast, enabling segmentation of subcellular compartments and reporting on microenvironmental differences. These results establish hydration‐gated PET as a tunable photophysical mechanism for designing fluorescence probes with lifetime‐encoded readouts in complex biological environments.",crossref,0
Eucommia Ulmoides Gum‐Inspired Topological Confinement Enables Direct Spinning of All‐Solid‐State Ionic Conductive Elastomers,https://advanced.onlinelibrary.wiley.com/doi/10.1002/adma.75180?af=R,Wiley: Advanced Materials: Table of Contents,2026-09-29 09:06:12 UTC,2026-09-29 09:06:12+00:00,10.1002/adma.75180,Jianyong Yu,"ABSTRACT
                  Stretchable conductive fibers have attracted considerable attention owing to their exceptional flexibility, deformation adaptability, and structural integrability. Many ionic conductive elastomers have been developed as promising materials for wearable electronics; however, their spinning into fibers remains challenging due to the inherent conflict between ionic conductivity and mechanical robustness. Herein, inspired by Eucommia ulmoides gum (EUG), we develop a topological confinement strategy to construct all‐solid‐state ionic conductive elastomers featuring a hyperbranched‐nanocluster‐bridged network, thereby achieving high mechanical robustness and programmable viscoelasticity, which enables the direct spinning of ionic conductive fibers. The topological confinement achieved through hyperbranched nanoclusters couples a robust covalent network with a dynamic supramolecular network, enabling efficient stress dissipation while preserving segmental mobility required for ion transport. Meanwhile, the confined topology enhances intermolecular cohesion and stabilizes the integrity of the interwoven network in ionic conductive elastomers, endowing them with a broad processing window for direct spinning. We further demonstrate a simple yet scalable direct spinning of ionically conductive fibers and validate their practical versatility in multifunctional sensing applications. This work provides a general topology‐guided design principle for spinnable ionic conductive elastomers and broadens the materials foundation for next‐generation wearable fiber electronics.",crossref,0
Configurational Entropy and Compositional Effects in Fe‐Based Oxide 2D Sheets for Nitrate Electroreduction,https://advanced.onlinelibrary.wiley.com/doi/10.1002/aenm.71668?af=R,Wiley: Advanced Energy Materials: Table of Contents,2026-09-29 09:18:03 UTC,2026-09-29 09:18:03+00:00,10.1002/aenm.71668,Zongyou Yin,"ABSTRACT
                  
                    Entropy engineering offers a promising strategy for constructing multicomponent electrocatalysts, yet its role in nitrate‐to‐ammonia electroreduction remains insufficiently understood. Herein, we design a series of Fe‐based oxide two‐dimensional sheets with low‐, medium‐, and high‐entropy compositions by incorporating Cu, Co, Mn, and Zn into Fe
                    3
                    O
                    4
                    frameworks. This compositional series enables a comparative evaluation of how elemental combination, oxidation‐state distribution, local electronic environment, and electrochemically accessible interfaces influence nitrate reduction reaction (NO
                    3
                    RR) performance. The FeCuCoMnZnO
                    x
                    catalyst delivers an ammonia yield rate of 10.9 mgh
                    −1
                    mg
                    cat
                    −1
                    and a Faradaic efficiency of 94% at −0.55 V vs. reversible hydrogen electrode. Integrated experimental and theoretical analyses suggest that the catalytic behaviour is associated with the combined effects of composition‐dependent electronic structure, mixed‐valence metal centres, and heteroatomic bridge‐site configurations. These features are associated with a calculated d‐band centre in a favourable range for balancing NO
                    3
                    RR intermediate adsorption and desorption, while selected heteroatomic configurations lower key reaction barriers compared with the corresponding homoatomic sites. Post‐cyclic‐stability characterization further indicates partial surface reduction and oxidation‐state redistribution under NO
                    3
                    RR operating conditions. In situ Fourier‐transform infrared and Raman spectroscopy provide potential‐dependent evidence for NO
                    3
                    RR‐related surface intermediates on FeCuCoMnZnO
                    x
                    .",crossref,0
A Targeted Functional‐Group Integration Strategy for Modulating Wide‐Bandgap Perovskites Toward Efficient Silicon/Perovskite Tandem Photovoltaics,https://advanced.onlinelibrary.wiley.com/doi/10.1002/aenm.71657?af=R,Wiley: Advanced Energy Materials: Table of Contents,2026-09-29 09:23:26 UTC,2026-09-29 09:23:26+00:00,10.1002/aenm.71657,Yantao Shi,"ABSTRACT
                  
                    Wide‐bandgap (WBG) perovskites featuring 1.65–1.70 eV bandgaps are highly desirable light‐harvesting layers to construct high‐performance tandem photovoltaics. However, the complex multi‐component precursor system, especially the asymmetric nucleation of I‐rich and Br‐rich phases during film formation, often leads to difficulties in crystallization control, in turn leading to incomplete precursor reaction, inhomogeneous crystallization, and a high density of film defects. Herein, we introduce a multifunctional additive, 2,3,4,5,6‐pentafluoroanilino(oxo)acetic acid (5FNOA), which features a distinctive combination of functional groups that simultaneously modulates the crystallization kinetics of WBG perovskites and passivates defects. 5FNOA interacts with perovskite precursors via multiple functional groups to stabilize colloidal precursors and selectively retarding Br‐rich phase nucleation while synchronizing it with PbI
                    X
                    , thereby enabling well‐controlled crystallization and preventing uncontrolled, rapid crystal growth. Consequently, a single‐junction 1.66 eV WBG perovskite solar cell (PSC) delivers a power conversion efficiency (PCE) of 24.04%. A two‐terminal perovskite/silicon tandem solar cell (TSC) achieves an outstanding PCE exceeding 33% and exhibits significantly enhanced operational stability. This work offers a versatile multifunctional molecular engineering strategy for high‐quality WBG perovskites toward efficient silicon/perovskite TSCs.",crossref,0
Topological Integration of Slide‐Ring and Entangled Networks,https://onlinelibrary.wiley.com/doi/10.1002/anie.9631477?af=R,Wiley: Angewandte Chemie International Edition: Table of Contents,2026-09-29 10:31:15 UTC,2026-09-29 10:31:15+00:00,10.1002/anie.9631477,Feihe Huang,"ABSTRACT
                  
                    Topological regulation of polymer networks has emerged as an effective strategy for enhancing the mechanical performance of elastomeric materials. Among various topological architectures, slide‐ring networks and entangled networks have attracted considerable attention, owing to their unique dynamic mobility and spatial interlocked effects, respectively. However, these two topological motifs have so far been explored separately, and their synergistic integration within a single elastomer network remains a significant challenge. Herein, we construct a synergistic topological elastomeric network (
                    SEPN
                    ) by integrating slide‐ring and entangled structures through a molecular‐level interpenetration−polymerization co‐evolution process, followed by aldimine crosslinking and metal‐coordination assembly. The resulting network combines the dynamic mobility of slide‐ring structures with the spatial interlocked effect of entangled nodes, enabling efficient stress redistribution and energy dissipation. Consequently,
                    SEPN
                    exhibits an exceptional combination of high strength (24.3 MPa), superior toughness (327 MJ/m
                    3
                    ), large extensibility (2540%), and dynamic mechanical adaptability. This work establishes a topological synergy strategy for designing next‐generation high‐performance elastomeric materials.",crossref,0
Dynamic Evolution Redefines the Active Site of Cu/ZnO for Methanol Synthesis Through Iterative Molecular Dynamics Sampling,https://onlinelibrary.wiley.com/doi/10.1002/anie.8282561?af=R,Wiley: Angewandte Chemie International Edition: Table of Contents,2026-09-29 10:33:51 UTC,2026-09-29 10:33:51+00:00,10.1002/anie.8282561,Sen Lin,"ABSTRACT
                  
                    The atomic‐scale identification of active sites in Cu/ZnO catalysts for CO
                    2
                    hydrogenation to methanol remains a longstanding challenging, owing to their dynamic transformation into poorly defined ensembles under working conditions. The interactions between adsorbates and active sites are the key driving force behind this interfacial evolution. Herein, we develop an iterative molecular dynamics sampling approach by integrating density functional theory, ab initio molecular dynamics, and genetic algorithm optimization to effectively capture the Cu/ZnO interface ensembles under reaction conditions, as induced by adsorbates such as CO
                    2
                    and H species. We find that specific interfacial active‐site configurations lower the activation barrier for formate formation through distinct electronic and geometric features, which we define as the peripheral state effect. This effect substantially improves the agreement between the calculated and experimental turnover frequencies, reducing the several‐orders‐of‐magnitude discrepancy typically observed with conventional ground‐state models. Furthermore, we propose a dynamic evolvability principle, showing that low‐coordination Cu clusters better exploit the peripheral state effect owing to their greater structural flexibility, whereas high‐coordination clusters are limited by reduced adaptability. This work provides a dynamic framework for understanding Cu/ZnO active sites and designing catalysts beyond static models.",crossref,0
Regulating Phase Evolution and Crystallization Dynamics Enables Low Open‐Circuit Voltage Deficit in Wide‐Bandgap Cu2ZnSnS4 Solar Cells,https://advanced.onlinelibrary.wiley.com/doi/10.1002/adma.74990?af=R,Wiley: Advanced Materials: Table of Contents,2026-09-29 10:44:43 UTC,2026-09-29 10:44:43+00:00,10.1002/adma.74990,Xiaojing Hao,"ABSTRACT
                  
                    Wide‐bandgap kesterite Cu
                    2
                    ZnSnS
                    4
                    (CZTS) is a promising top‐cell candidate for tandem photovoltaics owing to its earth‐abundant composition and low‐cost solution processability. However, its progress is hindered by a large open‐circuit voltage (
                    V
                    OC
                    ) deficit. A key origin lies in the defects generated during sulfurization. For solution‐processed CZTS absorbers, an intermediate‐phase pathway involving Cu
                    2
                    SnS
                    3
                    and other intermediate phases alters the local chemical environment and crystallization behavior, leading to substantial defects and carrier recombination. Here, we develop a bilayer composition‐modulated sulfurization (BCMS) strategy using a pre‐stabilized Cu‐rich bottom layer and a Cu‐poor upper layer to regulate Cu redistribution during sulfurization. The BCMS strategy suppresses Cu
                    2
                    SnS
                    3
                    and favors the direct transformation pathway, while transforming the crystallization from surface‐dominated growth to a more synchronized process across the film. The regulation of phase evolution and crystallization suppresses bulk and interface defects, reducing carrier recombination. As a result, a power conversion efficiency of 11.05% with a
                    V
                    OC
                    of 747.64 mV is achieved, representing the lowest
                    V
                    OC
                    deficit reported for solution‐processed wide‐bandgap (&gt;1.5 eV) CZTS solar cells. The coordinated regulation of phase evolution and crystallization dynamics highlights pathway engineering as an effective strategy for defects and voltage‐loss management in kesterite materials, with implications for other chalcogenide semiconductors.",crossref,0
Programming Iron Nuclearity and Coordination for Hydride‐Mediated Nitroarene Reduction,https://onlinelibrary.wiley.com/doi/10.1002/anie.4755364?af=R,Wiley: Angewandte Chemie International Edition: Table of Contents,2026-09-29 11:01:28 UTC,2026-09-29 11:01:28+00:00,10.1002/anie.4755364,Yifeng Wang,"ABSTRACT
                  
                    Multielectron catalytic reactions intrinsically rely on cooperative metal centers, yet constructing few‐atom cluster catalysts (FACCs) with controlled nuclearity, metal–metal connectivity, and electronic structure remains a fundamental challenge. Here, we show that atomically defined iron‐oxo clusters can serve as structure‐encoded precursors to generate supported Fe ensembles on N‐doped carbon (NC), enabling systematic construction of active sites spanning isolated atoms to size‐defined multinuclear clusters. During ligand removal and interfacial reconstruction, the molecular structural information is selectively inherited, giving rise to correlated evolution of Fe valence, Fe─Fe coordination and distance, and Fe─N anchoring interactions. Using hydrazine‐mediated nitroarene reduction as a model multielectron reaction, we uncover a pronounced nuclearity‐dependent transition in the reaction pathway, with optimal activity at intermediate nuclearity (Fe
                    6
                    ─NC), attributable to precursor‐dependent Fe─Fe cooperation and Fe─N interfacial coupling that stabilize surface hydride species. These findings provide a general basis for translating metal─oxo clusters into functional heterogeneous catalysts.",crossref,0
Nanozyme‐Assisted Engineered Oncolytic Adenovirus for Improving Intratumoral Immune Deficiency and Enhancing Cancer Immunotherapy,https://advanced.onlinelibrary.wiley.com/doi/10.1002/adma.75119?af=R,Wiley: Advanced Materials: Table of Contents,2026-09-29 11:43:17 UTC,2026-09-29 11:43:17+00:00,10.1002/adma.75119,Xiaozhou Mou,"ABSTRACT
                  
                    Oncolytic adenovirus (OA) exhibit tumor‐selective tropism, inducing direct oncolysis while simultaneously potentiating host immune responses against malignancies. However, the poor delivery efficiency of the virus targeting tumors and its limited immune activation capacity severely delays the therapeutic effect. This study proposes a kind of immunomodulator—OAencapsulated with gold nanozyme (AuA), possessing peroxidase‐like (POD) activity, named OA@AuA. This design uses bionic mineralization method for coating OAsurface antigens, delaying their clearance during circulation and thereby increasing viral accumulation at the tumor site. The OA@AuA can consume H
                    2
                    O
                    2
                    to generate reactive oxygen species (ROS), activate the cGAS‐STING pathway and promote the conversion of M2 macrophages to M1 macrophages. Subsequently, the tumor‐associated antigens and damage‐associated molecular patterns (DAMPs) were released, thus upregulating the expression of calreticulin (CALR) and high mobility group protein B1 (HMGB1), causing immunogenic cell death and activating tumor‐specific cytotoxic T cells to attack tumors, thereby reversing the tumor microenvironment. OA@AuA, as a potent immunomodulator, not only has good biocompatibility, but also breaks the immunosuppressive state in the tumor microenvironment, enhances immune infiltration in the tumor microenvironment, reverses immunosuppressive “cold” tumors into immunostimulatory “hot” tumors.",crossref,0
Light‐Addressable Biohybrid Nano‐Organelles for Programmable Multiscale Bioenergetics,https://advanced.onlinelibrary.wiley.com/doi/10.1002/adma.75111?af=R,Wiley: Advanced Materials: Table of Contents,2026-09-29 11:59:21 UTC,2026-09-29 11:59:21+00:00,10.1002/adma.75111,Yoon‐Kyoung Cho,"ABSTRACT
                  
                    A defining feature of living cells is their ability to harvest environmental energy and convert it into spatially regulated biochemical work. Reconstituting such programmable bioenergetics across length scales remains a major challenge in biohybrid materials. Here, we report light‐addressable biohybrid nano‐organelles that couple plasmonic nanochemistry with biological energy transduction to enable programmable bioenergetics from nanoscale to tissue scale. A hollow Au–Pt plasmonic catalytic shell is hierarchically integrated with bacterial membranes bearing
                    F
                    0
                    F
                    1
                    ‐ATP synthase, yielding nano‐organelles that convert near‐infrared excitation (785 nm) into a transmembrane proton gradient (ΔpH) and light‐gated ATP generation. Microfluidic encapsulation within giant unilamellar vesicles produces structurally uniform, energy‐autonomous protocells. Upon optical activation, plasmon‐enhanced glucose oxidation establishes ΔpH‐driven ATP synthesis that powers spatiotemporally regulated actin polymerization, resulting in reversible, light‐programmable morphogenesis at the single vesicle level. When embedded in alginate‐based prototissues, these nano‐organelles provide remotely addressable metabolic support, enhancing ATP levels and matrix stiffness under oxidative stress. This work establishes a modular multiscale biohybrid platform for optically programmable bioenergetics and advances the design of energy‐active synthetic cell and tissue‐like systems.",crossref,0
Correction to “2D High‐Entropy Phosphorus Chalcogenides for Efficient Solar‐Driven CO2 Reduction to Ethylene”,https://advanced.onlinelibrary.wiley.com/doi/10.1002/adma.74947?af=R,Wiley: Advanced Materials: Table of Contents,2026-09-29 12:49:44 UTC,2026-09-29 12:49:44+00:00,10.1002/adma.74947,,,,0
Rechargeable Seawater Battery Coupled to Solar Seawater Desalination With a Mutual Enhancement Effect,https://advanced.onlinelibrary.wiley.com/doi/10.1002/adma.75173?af=R,Wiley: Advanced Materials: Table of Contents,2026-09-29 12:54:30 UTC,2026-09-29 12:54:30+00:00,10.1002/adma.75173,Wei Wen,"ABSTRACT
                  
                    Rechargeable seawater battery (RSWB) is a promising candidate for low‐cost energy storage while solar seawater desalination (SSD) can produce clean water from seawater, yet no attempts have been made to integrate them, preferably with a mutual enhancement effect. In this study, we report an ε‐MnO
                    2
                    material with bifunctions of ion storage for RSWB and photothermal effect for SSD. The integration of RSWB and SSD leads to a mutual enhancement effect, in sharp contrast to traditional integrations. The ε‐MnO
                    2
                    displays a high specific capacity of 265 mAh g
                    −1
                    for RSWB. When coupled with SSD, the specific capacity obviously increases, and meanwhile the seawater evaporation rate also increases substantially during the charge/discharge process. The mutual enhancement effect is attributed to the temperature increase in cathode caused by the photothermal effect of ε‐MnO
                    2
                    and the weakened hydrogen‐bonding interaction arising from the charge/discharge process. This work would provide new perspectives on energy storage and clean water production.",crossref,0
Covalent Linkage Engineering of a Bismuth Iodide Framework for Near‐Infrared‐Driven CO2‐to‐C2 Photoreduction in Aqueous Solution,https://advanced.onlinelibrary.wiley.com/doi/10.1002/adma.75198?af=R,Wiley: Advanced Materials: Table of Contents,2026-09-29 12:56:27 UTC,2026-09-29 12:56:27+00:00,10.1002/adma.75198,Honghan Fei,"ABSTRACT
                  
                    Near‐infrared (NIR)‐driven CO
                    2
                    photoreduction to multi‐carbon products remains highly challenging because effective utilization of low‐energy NIR photons requires not only extended light harvesting but also efficient charge separation and transport, structural robustness, and accessible sites for C–C coupling. Although several bismuth halides exhibit narrow bandgaps and NIR absorption, translating such optical response into productive NIR photochemistry remains largely unexplored. Herein, we construct a covalent‐linked bismuth iodide framework, BiI(tadt) (tadt = 1,3,4‐thiadiazole‐2,5‐dithiolate), in which Bi–S covalent bonds bridge dimeric [Bi
                    2
                    I
                    2
                    ]
                    4+
                    clusters with π‐conjugated tadt ligands to form an electronically delocalized framework. The Bi–S linkages enhance structural robustness, facilitate inorganic–organic orbital hybridization, and extend light absorption into the NIR region with a narrow bandgap of 1.44 eV. Photophysical studies and theoretical calculations reveal that linkage‐mediated electronic coupling promotes carrier transport and NIR response, while adjacent Bi
                    3+
                    sites within [Bi
                    2
                    I
                    2
                    ]
                    4+
                    clusters facilitate *CO coupling and stabilize key *OCCO intermediates. Consequently, single‐component BiI(tadt) achieves NIR‐driven CO
                    2
                    ‐to‐C
                    2
                    photoreduction in aqueous solution with an apparent quantum yield of 0.14% at 750(± 15) nm. This work demonstrates that covalent engineering of inorganic–organic connectivity bridges NIR absorption and productive multi‐electron photochemistry, providing a design principle for lead‐free metal halide photocatalysts utilizing low‐energy solar photons.",crossref,0
Seamless Mechanical Programming Through Hybrid Epoxy–Acrylate Printing for Soft–Rigid Robots,https://advanced.onlinelibrary.wiley.com/doi/10.1002/adma.75168?af=R,Wiley: Advanced Materials: Table of Contents,2026-09-29 12:58:56 UTC,2026-09-29 12:58:56+00:00,10.1002/adma.75168,Lillian Chin,"ABSTRACT
                  Soft robotic systems require the integration of compliant and stiff components, yet soft–rigid interfaces remain prone to failure under cyclic deformation due to discrete material junctions. In contrast, biological systems rely on functionally graded materials to distribute stress and optimize performance. Here, we implement hybrid epoxy–acrylate printing (HEAP) to create covalently integrated polymer networks with spatially programmed mechanical properties. HEAP is a multi‐wavelength 3D printing strategy that enables control over polymer network architecture within a single resin. We achieve both continuous hardness gradients spanning Shore‐A 8 to Shore‐D 80. These gradients eliminate weak interfacial boundaries and maintain mechanical integrity under large, repeated strains. Compared to commercial multi‐material printing, HEAP reduces interfacial failure by &gt;5× while preserving near‐intrinsic stretchability of soft domains. This capability enables single‐shot fabrication of soft–rigid robotic systems that undergo large, cyclic deformations, including functionally graded pneumatic bellows with integrated tubing interfaces and spatially programmable deformation modes, bioinspired soft robotic hands with embedded bone‐like structures, and an augmented undulating walker that achieves more than a twofold increase in locomotion speed relative to an all‐soft counterpart. These results establish a generalizable materials and manufacturing framework for mechanically graded polymer systems, enabling robust soft–rigid integration in robotics and beyond.",crossref,0
Functional‐Group Engineering for Durable Solid Electrolyte Interphase Toward Aqueous Copper Batteries,https://advanced.onlinelibrary.wiley.com/doi/10.1002/aenm.71593?af=R,Wiley: Advanced Energy Materials: Table of Contents,2026-09-29 13:27:48 UTC,2026-09-29 13:27:48+00:00,10.1002/aenm.71593,Xin He,"ABSTRACT
                  
                    Aqueous copper‐based batteries intrinsically suppress hydrogen evolution, offering a safer alternative to zinc systems. However, their practical deployment remains limited by poor Cu
                    2+
                    plating/stripping reversibility. Here we report a functional‐group‐guided strategy to in situ construct an organic‐inorganic hybrid solid electrolyte interphase (SEI) on Cu electrodes. By comparing electrolytes with and without additives containing fluorine and sulfur, a clear structure‐function relationship is established. Fluorine‐free molecules fail to form a stable SEI, whereas fluorinated additives generate an organic‐rich SEI with moderate benefits. In contrast, the group with both fluorine and sulfur produces a robust organic‐inorganic hybrid SEI with high mechanical modulus (54.7 GPa) and rapid Cu
                    2+
                    transport. This hybrid interphase homogenizes interfacial ion flux and markedly improves Cu
                    2+
                    reversibility, enabling Cu||Cu cells to cycle more than 2000 h at 5 mA cm
                    −2
                    and Cu–MnO
                    2
                    full cells to retain stable operation over 2200 cycles. The excellent dimensional stability of the pouch cells further underscores their practical promise. This work establishes functional‐group engineering of the SEI for copper‐based aqueous batteries.",crossref,0
Radiative Thermal Management for Extreme Environments: Mechanisms and Design Strategies,https://advanced.onlinelibrary.wiley.com/doi/10.1002/adma.75108?af=R,Wiley: Advanced Materials: Table of Contents,2026-09-29 13:56:10 UTC,2026-09-29 13:56:10+00:00,10.1002/adma.75108,Young Min Song,"ABSTRACT
                  The energy‐intensive and environmentally unsustainable nature of conventional air‐conditioning systems, combined with the accelerating impacts of climate change, has underscored an urgent need for environmentally friendly and durable thermal regulation technologies. In response, radiative thermal management technologies, including radiative cooling and solar heating, have emerged as promising passive approaches. However, conventional standalone radiative thermal management systems often exhibit performance limitations under extreme thermal conditions and diverse environmental stressors, highlighting the need for comprehensive and adaptive approaches. In this review, we discuss the fundamental physical mechanisms and material engineering strategies of radiative thermal management, encompassing intrinsic material properties and structural design principles. Furthermore, we introduce hybrid approaches that integrate radiative thermal management with thermal conduction, thermal insulation, phase change materials, and evaporative cooling, as well as dual‐mode radiative thermal management strategies designed to cope with extreme thermal environments. Additionally, we explore environment‐adaptive design strategies that address complex environmental stressors by improving self‐cleaning ability, ultraviolet (UV) resistance, fire retardancy, and mechanical robustness. Finally, we outline key challenges and future research directions, including material limitations and device trade‐offs, the expansion toward multifunctional applications, and scalable manufacturing. Collectively, this review provides a comprehensive perspective on the practical realization of next‐generation radiative thermal management technologies.",crossref,0
Medium‐Entropy‐Vacancy Engineering Unlocks Energy‐Power Trade‐Off Reconciliation in Sodium‐Ion Hybrid Capacitors,https://advanced.onlinelibrary.wiley.com/doi/10.1002/adma.75186?af=R,Wiley: Advanced Materials: Table of Contents,2026-09-29 13:58:14 UTC,2026-09-29 13:58:14+00:00,10.1002/adma.75186,Zhenhai Wen,"ABSTRACT
                  
                    The intrinsic asymmetry between the high‐capacity but kinetically sluggish battery‐type Na
                    +
                    storage and the fast but low‐capacitance charge storage of capacitors has fundamentally constrained sodium‐ion hybrid capacitors (SIHCs), precluding the simultaneous achievement of high energy density, high power output and long‐term durability. Here, we report a thermodynamically guided entropy‐vacancy engineering strategy to reconcile this fundamental asymmetry by constructing a medium‐entropy Na
                    3
                    Fe
                    0.6
                    Al
                    0.4
                    V(PO
                    4
                    )
                    3
                    (ME‐NF
                    0.6
                    A
                    0.4
                    VP) cathode. Machine‐learning potential calculations reveal that selective iron incorporation induces abundant oxygen vacancies, which construct continuous Na
                    +
                    diffusion pathways and accelerate interfacial charge transfer, while aluminium incorporation modulates the local coordination environment to stabilize highly redox‐active sites. The enthalpy‐entropy coupling activates the high‐voltage V
                    4+
                    /V
                    5+
                    redox couple, unlocks previously inaccessible Na1 sites, and enables a highly reversible high‐voltage solid‐solution reaction with a minimal lattice expansion of only 6.28%. Consequently, ME‐NF
                    0.6
                    A
                    0.4
                    VP cathode delivers an exceptional cyclability over 10 000 cycles at an ultrahigh rate of 100C, and robust wide‐temperature application from ‐30°C to 60°C. The full SIHCs device achieves a maximum energy density of 223 Wh kg
                    −1
                    (at 44 W kg
                    −1
                    ) and retains 51 Wh kg
                    −1
                    at 5940 W kg
                    −1
                    . This work delineates a viable thermodynamic design pathway for cathode design, providing a blueprint for practical and high‐performance sodium‐ion energy‐storage systems.",crossref,0
Nanoconjugate Strategy Integrating Immunogenic Cell Death Induction and Innate Immune Activation for Potent Anti‐Cancer Immunity,https://advanced.onlinelibrary.wiley.com/doi/10.1002/adma.74918?af=R,Wiley: Advanced Materials: Table of Contents,2026-09-29 15:00:01 UTC,2026-09-29 15:00:01+00:00,10.1002/adma.74918,Natalie Artzi,"ABSTRACT
                  
                    In vivo immune modulation can potentially benefit broader cancer patients. Efficient cross‐priming of anti‐tumor T cells requires “three‐signal” dendritic cells (DCs) that simultaneously integrate antigenic, co‐stimulatory, and migratory programs, which remains a major challenge. Here, we developed a carrier‐free peptide–cyclic dinucleotide (CDN) nanoconjugate (PCN) that co‐activates immunogenic cell death (ICD) in tumors and stimulator of interferon genes (STING) signaling in DCs. Library screening identified ICD‐inducing peptides enriched in hydrophobic and cationic residues that promote self‐assembly, cell penetration, and ICD potency. Mechanistic studies revealed peptides can trigger overlapping pyroptosis, necroptosis, and apoptosis, with lysosomal damage and cathepsin release as dominant upstream drivers. PCN promoted tumor‐antigen release and facilitated cytosolic CDN delivery for robust STING activation. This dual functionality induced early cytokine and chemokine responses and generated cDC1‐enriched “three‐signal” migratory DCs trafficking from tumors to draining lymph nodes, resulting in enhanced antigen‐specific CD8
                    +
                    T‐cell activation and memory formation. PCN also broadly reprogrammed the tumor microenvironment toward anti‐tumor immunity. In preclinical models, PCN induced complete tumor rejection in 70% of B16‐F10‐ or CT26‐bearing mice and provided durable protection against tumor rechallenge when combined with
                    α
                    ‐PD‐1.",crossref,0
Dynamically Constructing Lanthanum Oxide on Ruthenium to Enhance Lithium‐Oxygen Interfacial Reactions,https://onlinelibrary.wiley.com/doi/10.1002/anie.1656625?af=R,Wiley: Angewandte Chemie International Edition: Table of Contents,2026-09-29 15:30:55 UTC,2026-09-29 15:30:55+00:00,10.1002/anie.1656625,Tao Zhang,"ABSTRACT
                  
                    Reversibly tuning the active structure of air cathodes in response to dynamic electrochemical conditions has long been sought for aprotic lithium‐oxygen batteries (LOBs). Here, we report a charge/discharge‐regulated transformation of lanthanum oxide nanocrystals on ruthenium nanoparticles (La
                    2
                    O
                    3
                    ─Ru) as a cathode catalyst. During discharge, high‐energy La
                    2
                    O
                    3
                    nanocrystals are electrochemically formed, whereas in the subsequent charge process they undergo catalytic decomposition, enabling autonomous regeneration of active catalytic sites throughout cycling. Integrated experimental characterization and first‐principles calculations reveal that the supported Ru not only dictates the reversible La
                    2
                    O
                    3
                    formation‐decomposition, but also modulates the O 2p electronic states of La
                    2
                    O
                    3
                    near the Fermi level. This La
                    2
                    O
                    3
                    ─Ru heterojunction electronic restructuring establishes a direct electron‐transfer channel from the heterojunction catalyst to discharged products, which accelerates lithium‐oxygen interfacial reaction kinetics and enhances discharge capacity. Consequently, La
                    2
                    O
                    3
                    ─Ru‐based LOBs exhibit low charge overpotential, improved reversibility, and high discharge capacity, achieving 5000 mAh g
                    −1
                    for 46 cycles and markedly outperforming either solid‐phase or liquid‐phase systems. Leveraging the reversible nature of this heterojunction catalyst resolves the long‐standing trade‐off between limited capacity and cycling stability, offering a paradigm for designing adaptive catalysts that advance LOBs toward practical high‐capacity, durable operation.",crossref,0
"The Endogenous Metabolite Hypochlorite Activates Indoleamine 2,3‐Dioxygenase‐1 for Catalysis: Functional and Mechanistic Implications",https://onlinelibrary.wiley.com/doi/10.1002/anie.5275789?af=R,Wiley: Angewandte Chemie International Edition: Table of Contents,2026-09-29 15:34:32 UTC,2026-09-29 15:34:32+00:00,10.1002/anie.5275789,Steven G. Van Lanen,"ABSTRACT
                  
                    Indolamine 2,3‐dioxygenase (IDO1) catalyzes the oxidative cleavage of
                    l
                    ‐tryptophan (
                    l
                    ‐Trp) to
                    N′
                    ‐formyl‐
                    l
                    ‐kynurenine (
                    l
                    ‐NFK). The generally used in vitro assay for probing IDO1 activity relies on ascorbic acid and synthetic methylene blue to initiate the reaction by ferric iron reduction, with the endogenous activator still uncertain despite several reductants being proposed. Here we demonstrate sodium hypochlorite, commonly known as bleach, functions as an oxidative activator, bypassing the need for a reductant. Other hypohalous acids, generated in situ by lactoperoxidase (LPO) or in aqueous solutions of I
                    2
                    or Br
                    2
                    , also activate rhIDO1. Importantly, complete conversion to
                    l
                    ‐NFK occurs with sub‐stoichiometric hypohalous acid relative to
                    l
                    ‐Trp with total turnover ≥ 2000. The overall reaction is demonstrated to remain O
                    2
                    ‐dependent with hypohalous acids. Steady state kinetic analysis with different oxidative activators revealed typical Michaelis‐Menten kinetics with respect to
                    l
                    ‐Trp without substrate inhibition, which contrasts past analyses. Finally, 1‐methyl‐
                    l
                    ‐tryptophan, a reported inhibitor and poor substrate for rhIDO1, was reexamined with the hypohalous acid‐dependent conditions revealing it's a substrate with improved catalytic efficiency compared to
                    l
                    ‐Trp. Along with this unanticipated result, the in vivo functional and mechanistic implications of the discovered hypohalous acid‐dependent IDO1 activity are discussed.",crossref,0
In‐Situ Dynamic Chemical Reconstruction Synthesis of Dual‐Antioxidants for Pulmonary Arterial Hypertension Treatment,https://onlinelibrary.wiley.com/doi/10.1002/anie.8724742?af=R,Wiley: Angewandte Chemie International Edition: Table of Contents,2026-09-29 15:37:46 UTC,2026-09-29 15:37:46+00:00,10.1002/anie.8724742,Jianlin Shi,"ABSTRACT
                  
                    Pulmonary arterial hypertension (PAH) is a serious circulatory system disease characterized by redox imbalance, which results from the overexpressed reactive oxygen species (ROS) and inactivated antioxidation defense system. In this work, a dynamic chemical reconstruction strategy has been developed for PAH treatment through the in situ synthesis of antioxidant nanocatalyst MoO
                    
                      y
                    
                    and selenium oxyanions from a molybdenum selenide nanosystem in response to the oxidative microenvironment of PAH. MoO
                    
                      y
                    
                    nanoparticles catalyze the exogenous antioxidation reactions to scavenge ROS efficiently, while the soluble selenium oxyanions upregulate the expression of selenoproteins to reinforce the endogenous antioxidant defense system. These two processes cooperatively alleviate oxidative stress of pulmonary artery smooth muscle cells (PASMCs), thus suppressing their malignant proliferation/migration and finally mitigating pulmonary arterial remodeling for PAH treatment. This work presents a dynamic chemical reconstruction strategy for in situ synthesis of exogenous and endogenous antioxidants, offering a dual‐axis antioxidation approach for the treatment of multiple redox imbalance‐associated diseases.",crossref,0
Surrogate modeling of interconnector flows: A machine learning alternative to full-scale power system simulations with application to cross-border electricity exchange,https://www.sciencedirect.com/science/article/pii/S0306261926016028?dgcid=rss_sd_all,ScienceDirect Publication: Applied Energy,2026-09-30 00:00:00 UTC,2026-09-30 00:00:00+00:00,,Sonja Wogrin,,,0
Reshaping building cooling in hot and humid climates with a decentralized personal cooling system,https://www.sciencedirect.com/science/article/pii/S0306261926016004?dgcid=rss_sd_all,ScienceDirect Publication: Applied Energy,2026-09-30 00:00:00 UTC,2026-09-30 00:00:00+00:00,,Adrian Chong,,,0
Helio-TAF: A multimodal temporal attention fusion network for short-term photovoltaic power forecasting,https://www.sciencedirect.com/science/article/pii/S0306261926015205?dgcid=rss_sd_all,ScienceDirect Publication: Applied Energy,2026-09-30 00:00:00 UTC,2026-09-30 00:00:00+00:00,,Hao Wang,,,0
Single-source domain generalization for ultrasonic state-of-charge estimation of lithium-ion batteries via supervised contrastive learning,https://www.sciencedirect.com/science/article/pii/S0306261926015655?dgcid=rss_sd_all,ScienceDirect Publication: Applied Energy,2026-09-30 00:00:00 UTC,2026-09-30 00:00:00+00:00,,Joon Ha Jung,,,0
From volatility to viability: A stochastic evaluation of electricity-sourcing strategies and policy support for green hydrogen bankability in the Netherlands,https://www.sciencedirect.com/science/article/pii/S0306261926015849?dgcid=rss_sd_all,ScienceDirect Publication: Applied Energy,2026-09-30 00:00:00 UTC,2026-09-30 00:00:00+00:00,,Evrim Ursavas,,,0
An active hydronic radiative sky cooling system for mitigating envelope thermal-resistance penalties and enabling climate-adaptive cooling-energy savings in Chinese residential buildings,https://www.sciencedirect.com/science/article/pii/S030626192601617X?dgcid=rss_sd_all,ScienceDirect Publication: Applied Energy,2026-09-30 00:00:00 UTC,2026-09-30 00:00:00+00:00,,Qi-Yuan Liu,,,0
Restoration-driven positive and negative leakage in sub-Saharan Africa,https://www.nature.com/articles/s41893-026-01936-2,Nature Sustainability,2026-09-30 00:00:00 UTC,2026-09-30 00:00:00+00:00,10.1038/s41893-026-01936-2,David P. Edwards,"Habitat restoration is a cornerstone of global climate and biodiversity policy, with over 350 million ha pledged for restoration by 2030, yet it remains unclear how restoration impacts ‘spill over’ beyond implementation areas. Restoration projects could lead to increased tree loss elsewhere (negative leakage; for example, when restoration replaces timber plantations and/or impacts landowner earnings) or reduced tree loss within project areas and surrounding landscapes (positive leakage; for example, if restoration meets timber or fuelwood resource needs or creates restoration-linked employment). Here we assembled a geospatial dataset of 129,982 restoration polygons (~6.8 million ha) across sub-Saharan Africa to evaluate changes in tree loss across space and time. Natural regeneration and active restoration reduced tree loss by up to 9.1 percentage points (pp) within restoration areas and 8.9 pp in 10 km buffers after 10 years, indicating positive leakage. By contrast, agroforestry increased tree loss by 7.9 pp within projects and 7.5 pp in surrounding landscapes. Leakage magnitude and direction varied across restoration approaches and countries (−7.8 pp to +7.1 pp), underscoring the need for context-specific strategies. Integrating leakage safeguards into restoration planning, carbon standards and incentive schemes is essential for securing landscape-scale climate and biodiversity-related benefits.",nature_html,0
Bug bites,https://www.nature.com/articles/s41557-026-02255-x,Nature Chemistry,2026-09-30 00:00:00 UTC,2026-09-30 00:00:00+00:00,10.1038/s41557-026-02255-x,Michelle Francl,,,0
Spatial synergy for mitigating renewable droughts: Evaluating long-distance interconnection between Gobi Desert renewable bases and the East China power grid,https://www.sciencedirect.com/science/article/pii/S0306261926015886?dgcid=rss_sd_all,ScienceDirect Publication: Applied Energy,2026-09-30 00:00:00 UTC,2026-09-30 00:00:00+00:00,,Ning Zhang,,,0
Beyond resilience in a changing Himalaya,https://www.nature.com/articles/s41893-026-01958-w,Nature Sustainability,2026-09-30 00:00:00 UTC,2026-09-30 00:00:00+00:00,10.1038/s41893-026-01958-w,Muhammad Sajjad,,,0
Energy policy and energy poverty under geopolitical fragmentation: Evidence on structural constraints,https://www.sciencedirect.com/science/article/pii/S0301421526005604?dgcid=rss_sd_all,ScienceDirect Publication: Energy Policy,2026-09-30 00:00:00 UTC,2026-09-30 00:00:00+00:00,,Yen Hoang Hai,,,0
Energy transition and corporate geographic expansion,https://www.sciencedirect.com/science/article/pii/S0301421526005537?dgcid=rss_sd_all,ScienceDirect Publication: Energy Policy,2026-09-30 00:00:00 UTC,2026-09-30 00:00:00+00:00,,Yong Jiang,,,0
Energy transition under fragmentation: A threshold analysis of inclusive governance in developing economies,https://www.sciencedirect.com/science/article/pii/S0301421526005574?dgcid=rss_sd_all,ScienceDirect Publication: Energy Policy,2026-09-30 00:00:00 UTC,2026-09-30 00:00:00+00:00,,Peter Verhoeven,,,0
Non-uniform degradation mechanisms of PEMFCs under dynamic load conditions of high temperature and low humidity,https://www.sciencedirect.com/science/article/pii/S0306261926014698?dgcid=rss_sd_all,ScienceDirect Publication: Applied Energy,2026-09-30 00:00:00 UTC,2026-09-30 00:00:00+00:00,,Minggao Ouyang,,,0
Who leads the global gas market? Geopolitics and price transmission between the U.S. and Europe,https://www.sciencedirect.com/science/article/pii/S0301421526005276?dgcid=rss_sd_all,ScienceDirect Publication: Energy Policy,2026-09-30 00:00:00 UTC,2026-09-30 00:00:00+00:00,,Cosimo Magazzino,,,0
PV-anchored hybrid solar systems across output grade and storage horizon: an exergy-informed temporal architecture review,https://www.sciencedirect.com/science/article/pii/S0306261926015102?dgcid=rss_sd_all,ScienceDirect Publication: Applied Energy,2026-09-30 00:00:00 UTC,2026-09-30 00:00:00+00:00,,Ya-Ling He,,,0
Wind resource assessment in complex terrain using the spatio-temporal downscaling coupling of WRF-steady RANS simulation,https://www.sciencedirect.com/science/article/pii/S0306261926015187?dgcid=rss_sd_all,ScienceDirect Publication: Applied Energy,2026-09-30 00:00:00 UTC,2026-09-30 00:00:00+00:00,,Guoqing Huang,,,0
Probabilistic assessment method for demand response potential of 5G base stations considering user spatiotemporal distribution,https://www.sciencedirect.com/science/article/pii/S0306261926015928?dgcid=rss_sd_all,ScienceDirect Publication: Applied Energy,2026-09-30 00:00:00 UTC,2026-09-30 00:00:00+00:00,,Chunyi Huang,,,0
A cloud-edge collaborative dual-modal fault detection block for battery packs: Enabling intelligent safety management in electric vehicle battery systems,https://www.sciencedirect.com/science/article/pii/S0306261926015473?dgcid=rss_sd_all,ScienceDirect Publication: Applied Energy,2026-09-30 00:00:00 UTC,2026-09-30 00:00:00+00:00,,Massimo Poncino,,,0
Hierarchical operation optimization of reserve storage capacity in pumped-storage power stations for enhanced high-penetration renewable energy accommodation,https://www.sciencedirect.com/science/article/pii/S0306261926015977?dgcid=rss_sd_all,ScienceDirect Publication: Applied Energy,2026-09-30 00:00:00 UTC,2026-09-30 00:00:00+00:00,,Jing Yang,,,0
Photovoltaic-phase change material systems: A review from thermal managements to system optimizations,https://www.sciencedirect.com/science/article/pii/S0306261926015801?dgcid=rss_sd_all,ScienceDirect Publication: Applied Energy,2026-09-30 00:00:00 UTC,2026-09-30 00:00:00+00:00,,Wei-Wei Yang,,,0
Energy storage-empowered multi-type EV charging infrastructure for power-constrained buildings: A two-stage design optimization framework,https://www.sciencedirect.com/science/article/pii/S0306261926015734?dgcid=rss_sd_all,ScienceDirect Publication: Applied Energy,2026-09-30 00:00:00 UTC,2026-09-30 00:00:00+00:00,,Hangxin Li,,,0
A real-time energy management strategy for hybrid electric aircraft based on PSM-CNN-BiLSTM prediction and PPO-warm-started MPC,https://www.sciencedirect.com/science/article/pii/S0306261926015497?dgcid=rss_sd_all,ScienceDirect Publication: Applied Energy,2026-09-30 00:00:00 UTC,2026-09-30 00:00:00+00:00,,Zhongqing Sang,,,0
The many lives of a universal solvent,https://www.nature.com/articles/s41557-026-02254-y,Nature Chemistry,2026-09-30 00:00:00 UTC,2026-09-30 00:00:00+00:00,10.1038/s41557-026-02254-y,Yasir S. Raouf,,,0
Club convergence in energy poverty of Belt and Road Initiative countries: The role of China's outward foreign direct investment,https://www.sciencedirect.com/science/article/pii/S0301421526005513?dgcid=rss_sd_all,ScienceDirect Publication: Energy Policy,2026-09-30 00:00:00 UTC,2026-09-30 00:00:00+00:00,,Dan Yang,,,0
Exploring the role of renewable energy communities in the Italian flexibility markets,https://www.sciencedirect.com/science/article/pii/S0306261926015722?dgcid=rss_sd_all,ScienceDirect Publication: Applied Energy,2026-09-30 00:00:00 UTC,2026-09-30 00:00:00+00:00,,Davide Poli,,,0
Transcription pause and elongation regulators mediate somatic hypermutation,https://www.nature.com/articles/s41586-026-11092-4,Nature,2026-09-30 00:00:00 UTC,2026-09-30 00:00:00+00:00,10.1038/s41586-026-11092-4,David G. Schatz,"Somatic hypermutation (SHM) creates point mutations in the variable regions of immunoglobulin genes in activated B cells to support antibody affinity maturation1. SHM is initiated by activation-induced deaminase (AID), and the single-stranded DNA substrate of this cytosine deaminase is thought to arise during RNA polymerase II (PolII) transcription, perhaps in the context of PolII stalling2,3. The factors and mechanisms that mediate AID chromatin recruitment and generate its putative stalled PolII substrate during SHM are unknown. Negative elongation factor (NELF) stabilizes PolII in a paused state near the transcription start site. Release of NELF from PolII and the PolII elongation-versus-termination decision are regulated by opposing super elongation complex (SEC) kinase and integrator–protein phosphatase 2A (INT–PP2A) activities4. Here we demonstrate that NELF, the SEC components MLLT1 and MLLT3 and the INT–PP2A phosphatase module are required for SHM. We show that NELF can associate with PolII in the AID target window in the gene body and that, in the absence of NELF, AID fails to deaminate its targets despite efficient recruitment to chromatin and transcription by PolII. MLLT1 and MLLT3 interact with AID through their histone-binding YEATS domain and are required for AID enrichment at its target sites. We propose a physiological function for the NELF–PolII association in gene bodies in creating the stalled PolII substrate for AID action during SHM.",nature_html,0
A two-hit mechanism triggers autoimmune hair loss,https://www.nature.com/articles/s41586-026-11098-y,Nature,2026-09-30 00:00:00 UTC,2026-09-30 00:00:00+00:00,10.1038/s41586-026-11098-y,Ting Chen,"Autoimmune diseases arise from a breakdown of immune tolerance, yet the mechanisms that initiate tissue-specific autoimmunity remain poorly understood1,2,3,4. Here we identify a two-hit mechanism in which immune dysregulation and physiological neural activation converge to trigger autoimmune alopecia. We show that transient depletion of regulatory T (Treg) cells during the anagen phase of the hair cycle, but not during telogen, induces CD8+ T-cell-mediated destruction of immune-privileged hair follicle stem cells (HFSCs), resulting in hair loss. This anagen-restricted susceptibility depends on sympathetic nerve activity, which is physiologically elevated during anagen: sympathetic denervation prevents disease, whereas psychological stress or optogenetic activation of sympathetic nerves renders otherwise resistant telogen skin susceptible to autoimmune attack after Treg cell depletion. Mechanistically, sympathetic noradrenaline signalling through HFSC-intrinsic ADRB2 promotes physiological reactivation of endogenous retroviruses (ERVs) in anagen HFSCs. Under conditions of Treg cell depletion, this ERV-associated state drives autoimmune pathology by engaging AIM2-dependent innate immune activation and pathogenic CD8+ T cell responses. Accordingly, genetic ablation of Aim2 or pharmacological inhibition of ERV reverse transcription protects against disease development. Together, these findings show that physiological sympathetic activity establishes a transiently vulnerable epithelial state, whereas Treg cells prevent this state from progressing to tissue-specific autoimmunity. This neuro–epithelial–immune circuit links hair-cycle state to the breach of HFSC immune privilege and the initiation of autoimmune alopecia.",nature_html,0
Pipework problems when cancer spreads to an area bordering the brain,https://www.nature.com/articles/d41586-026-02783-z,Nature,2026-09-30 00:00:00 UTC,2026-09-30 00:00:00+00:00,10.1038/d41586-026-02783-z,Jonathan Kipnis,,,0
Secret watermark labels proteins as ‘made by AI’,https://www.nature.com/articles/d41586-026-03033-y,Nature,2026-09-30 00:00:00 UTC,2026-09-30 00:00:00+00:00,10.1038/d41586-026-03033-y,Elie Dolgin,,,0
The buck stops with me,https://www.nature.com/articles/d41586-026-02863-0,Nature,2026-09-30 00:00:00 UTC,2026-09-30 00:00:00+00:00,10.1038/d41586-026-02863-0,Mercer Eddy,,,0
AI ‘speech clock’ assesses how fast you’re ageing from your voice,https://www.nature.com/articles/d41586-026-03106-y,Nature,2026-09-30 00:00:00 UTC,2026-09-30 00:00:00+00:00,10.1038/d41586-026-03106-y,Gemma Conroy,,,0
Beware sham scientific societies: the research community must be more vigilant,https://www.nature.com/articles/d41586-026-03047-6,Nature,2026-09-30 00:00:00 UTC,2026-09-30 00:00:00+00:00,10.1038/d41586-026-03047-6,,,,0
Harmful tau spreads like self-propagating prion proteins,https://www.nature.com/articles/d41586-026-02778-w,Nature,2026-09-30 00:00:00 UTC,2026-09-30 00:00:00+00:00,10.1038/d41586-026-02778-w,Jose A. Rodriguez,,,0
How did Earth get its water? Inside the extreme machine seeking answers,https://www.nature.com/articles/d41586-026-02978-4,Nature,2026-09-30 00:00:00 UTC,2026-09-30 00:00:00+00:00,10.1038/d41586-026-02978-4,James Dinneen,,,0
Sugar amplifies antibiotic disruption of gut microbes,https://www.nature.com/articles/d41586-026-02782-0,Nature,2026-09-30 00:00:00 UTC,2026-09-30 00:00:00+00:00,10.1038/d41586-026-02782-0,Andrew T. Chan,,,0
Tuberculosis treatment has advanced — now we need to stop drug resistance dragging us backwards,https://www.nature.com/articles/d41586-026-02963-x,Nature,2026-09-30 00:00:00 UTC,2026-09-30 00:00:00+00:00,10.1038/d41586-026-02963-x,Ana Cehovin,,,0
"Elena, Aris, Marcus: AI-generated ‘ghosts’ are polluting the scientific literature",https://www.nature.com/articles/d41586-026-02991-7,Nature,2026-09-30 00:00:00 UTC,2026-09-30 00:00:00+00:00,10.1038/d41586-026-02991-7,Jackson Ryan,,,0
2D semiconductor aims to turbocharge development of high-performance electronics,https://www.nature.com/articles/d41586-026-02777-x,Nature,2026-09-30 00:00:00 UTC,2026-09-30 00:00:00+00:00,10.1038/d41586-026-02777-x,Yong-Young Noh,,,0
This award-winning microscopy image used AI — igniting controversy in a prestigious competition,https://www.nature.com/articles/d41586-026-03086-z,Nature,2026-09-30 00:00:00 UTC,2026-09-30 00:00:00+00:00,10.1038/d41586-026-03086-z,Rachel Fieldhouse,,,0
The super El Niño is cooking coral reefs — can lullabies and probiotics save them?,https://www.nature.com/articles/d41586-026-02965-9,Nature,2026-09-30 00:00:00 UTC,2026-09-30 00:00:00+00:00,10.1038/d41586-026-02965-9,James Dinneen,,,0
Is exposomics the key to making personalized medicine a reality?,https://www.nature.com/articles/d41586-026-02958-8,Nature,2026-09-30 00:00:00 UTC,2026-09-30 00:00:00+00:00,10.1038/d41586-026-02958-8,Virginia Gewin,,,0
Who’s the loudest of them all? The bare-throated bellbird vies for the prize,https://www.nature.com/articles/d41586-026-03038-7,Nature,2026-09-30 00:00:00 UTC,2026-09-30 00:00:00+00:00,10.1038/d41586-026-03038-7,,,,0
These optical illusions are why butterflies are so hard to catch,https://www.nature.com/articles/d41586-026-03124-w,Nature,2026-09-30 00:00:00 UTC,2026-09-30 00:00:00+00:00,10.1038/d41586-026-03124-w,Nick Petrić Howe,,,0
Practical and green oxidative amination of olefins,https://www.cell.com/chem/fulltext/S2451-9294(26)00286-X?rss=yes,Chem,2026-09-30 00:00:00 UTC,2026-09-30 00:00:00+00:00,10.1016/j.chempr.2026.103220,Matthias Beller,"Allylamines are important motifs in pharmaceuticals, agrochemicals, and materials, but their direct preparation often depends on costly oxidants and complex catalyst systems. We report a practical palladium-catalyzed oxidative amination of alkenes that uses air as the oxidant and does not require specialized ligands. The method converts diverse amines and alkenes into allylamines with high selectivity and can be performed on a gram scale, offering a greener route to valuable allylamine products.",rss_cell,0
Amplitude-controllable event-driven organic photosensors based on ionic-mediated inhibition,https://www.nature.com/articles/s41563-026-02747-8,Nature Materials,2026-09-30 00:00:00 UTC,2026-09-30 00:00:00+00:00,10.1038/s41563-026-02747-8,Wei Ma,"Next-generation artificial vision systems must integrate rapid temporal-contrast detection with dynamic sensory-gain modulation to prioritize task-relevant stimuli. Conventional semiconductor photosensors lack intrinsic mechanisms for spike generation with tunable amplitude, requiring complex multitransistor architectures and limiting efficiency. Here we report an event-driven organic photosensor that integrates temporal-contrast detection and amplitude modulation within a single active layer by coupling ionic and electronic transport in an organic mixed ionic–electronic conductor. In a bulk heterojunction with a non-fullerene acceptor, fast electron extraction generates excitatory photocurrent spikes, whereas ion-compensated hole accumulation in the organic mixed ionic–electronic conductor donor provides voltage-tunable inhibitory control over spike amplitude—functionally analogous to attentional gain modulation in biological vision. This enables in-sensor amplitude–temporal coding, preserving motion-relevant contrast in bias-weighted optical events and reducing redundant read-out. These results establish ionic–electronic coupling in organic mixed ionic–electronic conductors as a materials strategy for adaptive, low-power neuromorphic vision hardware.",nature_html,0
Ionic feedback enables programmable event-driven organic photosensing,https://www.nature.com/articles/s41563-026-02762-9,Nature Materials,2026-09-30 00:00:00 UTC,2026-09-30 00:00:00+00:00,10.1038/s41563-026-02762-9,,,,0
Count what can be lost at once,https://www.nature.com/articles/s41893-026-01957-x,Nature Sustainability,2026-09-30 00:00:00 UTC,2026-09-30 00:00:00+00:00,10.1038/s41893-026-01957-x,Ali Cheshmehzangi,,,0
Preparing for disasters,https://www.nature.com/articles/s41893-026-01956-y,Nature Sustainability,2026-09-30 00:00:00 UTC,2026-09-30 00:00:00+00:00,10.1038/s41893-026-01956-y,,,,0
Magnetic Electroluminescent response as a predictive indicator of operational lifetime in phosphorescent blue OLEDs,https://www.nature.com/articles/s41467-026-78180-x,Nature Communications,2026-09-30 00:00:00 UTC,2026-09-30 00:00:00+00:00,10.1038/s41467-026-78180-x,Seunghyup Yoo,"Improving operational lifetime remains a major challenge for blue organic light-emitting diodes (OLEDs) harvesting triplet excitons. Achieving substantial lifetime enhancement requires analytical techniques that elucidate degradation mechanisms. Because conventional lifetime analysis involves destructive aging tests, developing non-invasive methods that correlate strongly with device longevity is highly desirable. Here, we show that the operational lifetime of blue phosphorescent OLEDs quantitatively correlates with the electroluminescence (EL) response under magnetic fields. This behavior is explained by a magneto-EL response function that reflects degradation-sensitive spin-pair kinetics under magnetic fields. A strong linear correlation (confidence > 95%) is identified between the magneto-EL response strength (fMEL) and device lifetime, with longer-operable OLEDs exhibiting lower fMEL values. These findings establish a non-destructive approach for analyzing and predicting the stability of blue phosphorescent OLEDs.",nature_html,0
SARS-CoV-2-specific monoclonal antibody AER002 in Long COVID: an exploratory randomized phase 2a mechanistic trial,https://www.nature.com/articles/s41467-026-77925-y,Nature Communications,2026-09-30 00:00:00 UTC,2026-09-30 00:00:00+00:00,10.1038/s41467-026-77925-y,Steven G. Deeks,"Persistence of SARS-CoV-2 has been proposed as a biological driver of Long COVID, a disabling chronic illness with no proven treatments. We conducted an exploratory, placebo-controlled, double-blind, 2:1 randomized mechanistic trial (NCT05877508) of the SARS-CoV-2-specific monoclonal antibody AER002 in 36 participants who met the World Health Organization case definition of Long COVID. After baseline characterization, participants received a single infusion and were followed for 360 days. The primary endpoint was the PROMIS-29 Physical Health Summary Score (PHSS) at 90 days; secondary and exploratory endpoints included patient-reported and objective measures of physical and neurocognitive function as well as blood-, imaging-, and tissue-based biomarkers. While AER002 was safe and well tolerated, no significant differences in physical health, quality of life, objective measures of physical function or cognition, or blood-based biomarkers were demonstrated between the treatment and control arms. In a post-hoc analysis, participants with a lower baseline SARS-CoV-2 antibody level and higher drug exposure were more likely to perceive treatment benefit based on the Patient Global Impression of Change scale (p",nature_html,0
How to spend $25 billion on science: OpenAI’s staggeringly rich research charity gets under way,https://www.nature.com/articles/d41586-026-03015-0,Nature,2026-09-30 00:00:00 UTC,2026-09-30 00:00:00+00:00,10.1038/d41586-026-03015-0,Ewen Callaway,,,0
Himalayan hazards to high-mountain hydropower,https://www.nature.com/articles/s41893-026-01955-z,Nature Sustainability,2026-09-30 00:00:00 UTC,2026-09-30 00:00:00+00:00,10.1038/s41893-026-01955-z,Oliver Korup,,,0
I turn up late to meetings to dodge small talk. Am I wrong?,https://www.nature.com/articles/d41586-026-02201-4,Nature,2026-09-30 00:00:00 UTC,2026-09-30 00:00:00+00:00,10.1038/d41586-026-02201-4,Rachael Pells,,,0
Sugar-rich foods exacerbate antibiotic-induced microbiome disruption,https://www.nature.com/articles/s41586-026-11077-3,Nature,2026-09-30 00:00:00 UTC,2026-09-30 00:00:00+00:00,10.1038/s41586-026-11077-3,Jonathan U. Peled,"Diet shapes the composition of the gut microbiota1; however, the specific effects of distinct food groups on microbiome dynamics are unclear, particularly in circumstances of extreme perturbation. Here we evaluated the relationship between diet and intestinal microbiome dynamics by precisely tracking 9,419 meals consumed by 173 patients who were hospitalized for haematopoietic cell transplantation and analysing subsequent microbiome changes. Bayesian inference applied to data from 158 patients with paired longitudinal microbiome samples revealed that the intake of sweets and sugars during antibiotic exposure predicted exacerbated microbial dysbiosis, manifesting as lowered α-diversity and greater expansion of the pathobiont Enterococcus. Experiments in mice also showed that sucrose supplementation increased and prolonged antibiotic-induced Enterococcus expansion. These data suggest that avoiding a diet rich in simple sugars during antibiotic treatment may mitigate microbiota disruption. Further studies in independent cohorts will offer opportunities to generalize these findings and evaluate microbiota-sparing interventions.",nature_html,0
A TBK1/ULK1 signalling axis couples lysosomal stress to TFEB activation,https://www.nature.com/articles/s41586-026-11093-3,Nature,2026-09-30 00:00:00 UTC,2026-09-30 00:00:00+00:00,10.1038/s41586-026-11093-3,Gennaro Napolitano,"Lysosomal adaptation to environmental changes is critical for cellular and metabolic homeostasis and requires coordination by the mTORC1 kinase, which conveys nutritional and stress signals into distinct, substrate-specific outputs1,2. The FLCN–FNIP complex (FLCN:FNIP) serves as a crucial regulator of lysosomal function by selectively controlling the ability of mTORC1 to inhibit transcription factor EB (TFEB), a master regulator of catabolic programs and a known oncogene3. Yet how FLCN:FNIP activity is regulated has remained unclear. Here we identify a nutrient-independent lysosomal signalling pathway that regulates FLCN through v-ATPase-driven recruitment of TBK1 or ULK1 (TBK1/ULK1) to lysosomes, via the TAX1BP1 adaptor. This enables TBK1/ULK1-mediated FNIP1 phosphorylation at S296, resulting in inhibition of FLCN and nuclear translocation of TFEB. Recurrent ATP6V1B2 v-ATPase mutations, found in patients with follicular lymphoma, constitutively activate this pathway, leading to hyperactivation of TFEB and follicular lymphoma proliferation. Our work uncovers a lysosomal signalling pathway that is critical for lysosomal adaptation and tumorigenesis.",nature_html,0
Function-preserving watermarking of AI-generated proteins,https://www.nature.com/articles/s41586-026-10965-y,Nature,2026-09-30 00:00:00 UTC,2026-09-30 00:00:00+00:00,10.1038/s41586-026-10965-y,Pushmeet Kohli,"Generative artificial intelligence (AI) models are revolutionizing biology, with tools such as AlphaFold 3 and protein design models accelerating breakthroughs in protein structure prediction and the creation of new functional proteins1. Tracking and establishing the provenance of AI-generated protein sequences and structures is becoming increasingly important to tackle a range of emerging challenges, including biosecurity and concerns about information veracity2,3,4. Here we introduce SynthIDBio, a family of methods for watermarking protein sequences and structures to establish the provenance of those generated with AI. SynthIDBio-sequence actively embeds a watermark into protein sequences while preserving function. We demonstrate this by creating watermarked, functional designed protein binders with binding affinity comparable with non-watermarked counterparts and near-perfect watermark detection accuracy. Furthermore, SynthIDBio-structure, a fine-tuned AlphaFold3 model, embeds an imperceptible watermark into biomolecular structures. Our work is a proof-of-concept that function-preserving biological watermarking is feasible, introducing a potential tool for provenance in the rapidly expanding era of AI-driven biological engineering.",nature_html,0
Self-aligned optical microcomb emerging between octave-separated lasers,https://www.nature.com/articles/s41586-026-11086-2,Nature,2026-09-30 00:00:00 UTC,2026-09-30 00:00:00+00:00,10.1038/s41586-026-11086-2,Kartik Srinivasan,"Optical frequency combs (OFCs) are frequency rulers essential for precision metrology, next-generation navigation and testing of fundamental physics1. Despite intense efforts, chip-integrated OFCs remain laboratory-bound, unable to fulfil their promise of compact and cost-effective deployment. Although improvements in fabrication and integration are important, a conceptual limitation has stymied progress: on-chip OFC architectures have aimed to miniaturize their table-top counterparts and relied on cascading outward from a single pump2,3. In integrated platforms, this approach does not readily generate the strong, low-noise, octave-spaced signals crucial for robust zero-frequency offset detection4. Here we overcome this limitation through an architectural inversion, in which an optical microcomb fills the spectrum between two octave-separated pumps. The two pumps generate a parametrically driven cavity soliton5 in an integrated χ(3) resonator6, which robustly self-aligns to both pumps across multiple foundry-fabricated devices and operating configurations. This produces a single octave-spanning comb from telecom to visible wavelengths, whose zero-frequency offset is defined by the harmonic offset of the pumps and can therefore be reliably detected and stabilized. We showcase the capabilities of our platform by executing all of the three core tasks of OFC metrology: optical frequency synthesis, low-noise millimetre-wave generation and integrated optical clock readout, using the same self-aligned microcomb with only its input locks changed.",nature_html,0
Butterfly wing patterns in flight create powerful illusory motion cues,https://www.nature.com/articles/s41586-026-11062-w,Nature,2026-09-30 00:00:00 UTC,2026-09-30 00:00:00+00:00,10.1038/s41586-026-11062-w,Jolyon Troscianko,"The dazzling stripes found on zebras and snakes have long been thought to interfere with predator motion perception1,2, but this hypothesis has received little empirical support so far3. Butterflies show enormously diverse and high-contrast wing patterns, the function of which has inspired intense theoretical debate and research4. Here we suggest that butterfly wing patterns work in tandem with flight dynamics to create visual illusions that confuse predators. We use multiple lines of enquiry with biologically inspired modelling to support this hypothesis: free-flight butterfly take-offs filmed at high speed demonstrate the creation of misleading motion cues; phylogenetically controlled analyses demonstrate that this is an evolutionarily widespread strategy; in silico evolution experiments independently converge on high-contrast butterfly-like wing patterns; and behavioural experiments validate model predictions. Our results show that butterfly wing patterns and flight dynamics create powerful illusory motion effects, potentially representing one of the most successful visual defence strategies in moving animals.",nature_html,0
Evolution of terrestrial anatomy revealed by a derived stem tetrapod,https://www.nature.com/articles/s41586-026-11090-6,Nature,2026-09-30 00:00:00 UTC,2026-09-30 00:00:00+00:00,10.1038/s41586-026-11090-6,Roger Benson,"Tetrapods (limbed vertebrates) include lissamphibians and amniotes, and now comprise half of all vertebrate species, with particular importance on land. Limbs first appeared in stem tetrapods by the Late Devonian, 365 million years ago1,2,3,4,5. However, many taxa either have limbs with fin-like functional anatomy or have secondarily lost them, raising questions about the ecological context and early evolution of the tetrapod limb6. Here we provide considerable new data on the enigmatic Early Carboniferous Westlothiana lizziae, widely cited as the earliest terrestrially adapted stem amniote7,8. We find unexpected plesiomorphies of the skull roof, palate, braincase and mandible, alongside aquatic adaptations, including an ossified internal gill skeleton and extensive denticles on the palate and mandible. These traits return Westlothiana as a stem tetrapod in our phylogenetic analyses, demonstrating that terrestrial adaptations such as an amniote-like pedal formula, loss of fin-like forelimb function and superficially claw-like terminal phalanges evolved in a mosaic fashion, and that these traits evolved in a transitional, amphibious context before the origin of the tetrapod crown group. Our findings reinforce recent suggestions of a taxonomically inclusive tetrapod-stem lineage, but also illuminate substantial gaps in anatomical knowledge, especially for small-bodied taxa, that obstruct our understanding of early tetrapod evolution.",nature_html,0
Scalable decision-making for games of imperfect information,https://www.nature.com/articles/s41586-026-11036-y,Nature,2026-09-30 00:00:00 UTC,2026-09-30 00:00:00+00:00,10.1038/s41586-026-11036-y,Gabriele Farina,"Real-world decision-making generally involves hidden information, that is, information that is unknown to one agent but possessed by another. Unfortunately, the presence of large amounts of hidden information renders established reinforcement learning and search approaches ineffective. Even with multimillion-dollar industrial research efforts1, top-human-level play at Stratego—a board wargame with hidden information on a massive scale—has remained beyond the reach of artificial intelligence (AI). Here we introduce Ataraxos, an AI for Stratego based on general techniques that we developed for both self-play reinforcement learning and test-time search under hidden information. Ataraxos defeated the most decorated human Stratego player of all time by a large margin—achieving, to our knowledge, the first superhuman result in the game’s history—while consuming orders of magnitude less compute and data than previous efforts. Using the same techniques, we built a superhuman AI for Barrage Stratego and state-of-the-art AIs for Hanabi and dou dizhu, all with low cost and high sample efficiency. The success of this approach across adversarial, cooperative and team games establishes a design pattern for reinforcement learning and search that is effective under large amounts of hidden information, a longstanding desideratum of the field of strategic decision-making.",nature_html,0
Spatiotemporal clonal architecture of the newborn mouse forebrain,https://www.nature.com/articles/s41586-026-11064-8,Nature,2026-09-30 00:00:00 UTC,2026-09-30 00:00:00+00:00,10.1038/s41586-026-11064-8,Tomasz J. Nowakowski,"How hundreds of cell types of the mammalian forebrain emerge from a limited set of progenitor cells during development remains largely unknown1,2,3, and studies so far have overwhelmingly focused on the cerebral cortex. Here, to fill this gap, we applied lentiviral barcoding across the major subdivisions of the mouse forebrain: cortex, hippocampus, striatum, thalamus and olfactory bulb. We registered cellular profiles to their anatomical distribution using spatial transcriptomics, creating an atlas of clonal cell lineage relationships across a newborn mouse forebrain. We uncover previously unrecognized differences in generation of ventral and dorsal medium spiny neurons, as well as unexplored lineage relationships between late-born medium spiny neurons, striatal astrocytes and distinct subpopulations of the olfactory bulb neurons. We show that clones of GABAergic (γ-aminobutyric acid-producing) neurons with broad regional dispersion are enriched for genes implicated in neurodevelopmental disorders. Our results highlight a developmental principle whereby glutamatergic neurons and astrocytes are clonally related and retained within their region of origin, whereas GABAergic neurons are clonally related to oligodendrocyte precursor cells but disperse extensively across brain regions. Together, our findings will serve as a foundational reference for studies of mammalian forebrain development and its disorders.",nature_html,0
γδ T cell receptor dependencies define a unique immunosurveillance modality,https://www.nature.com/articles/s41586-026-11076-4,Nature,2026-09-30 00:00:00 UTC,2026-09-30 00:00:00+00:00,10.1038/s41586-026-11076-4,Miguel Muñoz-Ruiz,"γδ T cells are one of three lymphocyte lineages that utilize gene rearrangement to diversify their antigen receptors. Nonetheless, the cells’ classification has remained uncertain, complicating our ability to understand the basis for their evolutionary conservation. Whereas many γδ T cells display hallmarks of adaptive immunity, others, including those in barrier tissues, make rapid, reportedly T cell receptor-independent responses that phenocopy innate immune cells1. Here we address this paradox and show that the phenotypes of tissue-intrinsic γδ T cells, including their rapid, innate-like responsiveness to tissue stress and carcinogenesis, acutely depend on the γδ T cell receptor (TCRγδ). Those dependencies emphasize the unique biology of γδ T cells and of the immunosurveillance modalities they mediate, with their clinical deployment evidently requiring environments conducive to TCRγδ signalling.",nature_html,0
GPCR antagonism via rewiring of receptor trafficking and degradation,https://www.nature.com/articles/s41586-026-11088-0,Nature,2026-09-30 00:00:00 UTC,2026-09-30 00:00:00+00:00,10.1038/s41586-026-11088-0,Xin Zhou,"G-protein-coupled receptors (GPCRs) represent one of the most important yet incompletely addressed classes of therapeutic targets1. Here we report a strategy for functional GPCR antagonism through bispecific antibody-mediated endocytosis and lysosomal degradation. GPCR–TfR1 targeting chimeras (GTACs) achieve potent and selective downregulation of multiple GPCRs, including BILF1, RXFP1 and CCR6—viral, cancer and immune targets that have been difficult to drug2,3,4. GTACs lead to complete inhibition of receptor signalling, including constitutive signalling, with more than one to two orders of magnitude greater potency than conventional antibody antagonists. Using protein engineering and multicolour live-cell imaging, we establish a context-dependent degrader design and explain the cellular mechanisms, with broad relevance for degrader technology. The GTAC platform establishes induced endocytosis and rewiring protein trafficking as a model for therapeutic GPCR modulation.",nature_html,0
Supply chain and environmental implications of waste-to-graphite,https://www.nature.com/articles/s44359-026-00219-5,Nature Reviews Clean Technology,2026-09-30 00:00:00 UTC,2026-09-30 00:00:00+00:00,10.1038/s44359-026-00219-5,Yuan Yao,"Graphite is critical to the clean energy transition. Rising demand, geographically concentrated supply, and the environmental burdens of both mining graphite and fossil-fuel-based synthetic graphite production have increased interest in waste-derived graphite. In this Review, we examine the supply-chain, environmental, techno-economic and policy implications of obtaining graphite from three waste types: biomass residues (biographite), plastics waste and spent lithium-ion batteries. These wastes are abundant but unevenly distributed spatially. Developing resilient supplies requires spatial coordination, taking into account local feedstock quality, processing capacity, infrastructure, and environmental and social constraints. For biographite, sustainability and quality are highly sensitive to feedstock and process configuration, including energy and catalyst recovery and by-product valorization. For plastics-waste-derived graphite, robust systems analysis is needed to understand trade-offs across polymer types, waste compositions, pre-processing needs and product quality. Graphite recycled from batteries avoids the need for energy-intensive graphitization and can leverage growing recycling capacity, but impacts, economics and product quality vary by recycling method. Policy levers for waste-derived graphite vary by feedstock and region and should consider environmental justice issues. Overall, waste-derived graphite could mitigate about 13–20 million tonnes of carbon dioxide equivalent per year by 2030, depending on graphite demand, substitution rates, feedstock selection, technology choices and supply-chain design. Harmonized systems analyses across pathways are needed to support scalable deployment.",nature_html,0
Written in development and lost in ageing: the grammar of cellular identity,https://www.nature.com/articles/s41586-026-10955-0,Nature,2026-09-30 00:00:00 UTC,2026-09-30 00:00:00+00:00,10.1038/s41586-026-10955-0,Vadim N. Gladyshev,"Ageing has been described through many theoretical frameworks, yet its mechanistic basis remains unresolved. Here we propose that ageing reflects progressive decanalization of mammalian cell identity, driven by erosion of a regulatory grammar written during development. Extending Waddington’s epigenetic landscape, development canalizes cell fates through globally coordinated chromatin programs that establish identity constraints across multiple timescales. Subsequently, these constraints can only be maintained through local mechanisms with limited fidelity. The asymmetry between high-fidelity writing and imperfect maintenance generates predictable drift that accumulates with biological time. Antagonistic chromatin pathways, particularly polycomb repressive complex 2 (PRC2)-mediated repression opposed by H3K4/36 methylation and RNA polymerase II binding, enforce identity boundaries through mutual constraint. With age, this balance erodes. Consistent with this framework, the vast majority of age-associated DNA methylation gain in somatic mitotic tissues occurs at PRC2-bound low-methylated regions, indicating that these domains function as conserved coordinates of slow-layer drift. This model explains cross-tissue ageing signatures, developmental timing-to-lifespan correlations and robustness of pan-mammalian epigenetic ageing clocks. It provides testable predictions for interventions that stabilize architecture to preserve cellular identity and function.",nature_html,0
Wafer-scale epitaxy growth of high-mobility p-type boron carbon nitride,https://www.nature.com/articles/s41586-026-11047-9,Nature,2026-09-30 00:00:00 UTC,2026-09-30 00:00:00+00:00,10.1038/s41586-026-11047-9,Vincent Tung,"A long-standing bottleneck in realizing two-dimensional (2D) CMOS technology lies in the lack of high-performance p-type semiconductors1,2,3,4. Strong electron-doping tendencies, orbital localization and pronounced hole scattering have collectively impeded the development of stable, efficient p-type 2D materials. Here we report the epitaxy growth of boron carbon nitride (BCN) as a high-performance p-type semiconductor. By engineering the dehydrogenation and surface reaction pathways of monomethyl ammonia borane (MMAB) and ammonia borane (AB), we overcome a crucial barrier: the spatial and temporal mismatch in the delivery of boron (B), carbon (C) and nitrogen (N) atoms, which disrupts lattice uniformity. The result is a wafer-scale, monolayer 2D BCN in which C atoms and dimers primarily substitute for N sites within a continuously crystallized, locally distorted boron nitride lattice, leading to a sizable bandgap of 1.90 eV. Wafer-scale arrays of p-type BCN FETs exhibit benchmark performance, with a field-effect hole mobility of 100 cm2 V−1 s−1, on-current >0.9 mA μm−1, on–off ratio of 108 and threshold voltage of −0.45 V, surpassing current state-of-the-art p-type 2D semiconductors. Our findings establish BCN as a scalable and stable p-type platform, bridging a critical gap in the materials palette for three-dimensional monolithic integration of complementary electronics.",nature_html,0
Prion-like transmission of human tau strains in the mouse brain,https://www.nature.com/articles/s41586-026-11061-x,Nature,2026-09-30 00:00:00 UTC,2026-09-30 00:00:00+00:00,10.1038/s41586-026-11061-x,Sjors H. W. Scheres,"Most neurodegenerative diseases are thought to spread through the brain by prion-like mechanisms, in which filamentous protein assemblies self-propagate by templated seeding1. Distinct conformations of amyloid filaments may provide the physical basis for the strains that lead to different diseases2. However, a central pillar of the prion hypothesis, that strains retain their structural identity upon transmission, has not been demonstrated. Here we show that the injection of tau filaments from the brains of individuals with Alzheimer’s disease or corticobasal degeneration into the brains of wild-type mice leads to the seeded assembly of amyloid filaments made of mouse tau with the same structures as those of the seeds. Thus, we show that, similar to prion strains, tau filaments propagate through templated seeding, and that the mouse is a suitable model to study the molecular mechanisms by which distinct tau folds drive disease-specific pathology in the brain.",nature_html,0
Human genetics implicates a BACH2–NRF2 axis in fetal haemoglobin activation,https://www.nature.com/articles/s41586-026-11113-2,Nature,2026-09-30 00:00:00 UTC,2026-09-30 00:00:00+00:00,10.1038/s41586-026-11113-2,Vijay G. Sankaran,"Human genetic studies have identified key regulators of fetal haemoglobin (HbF) expression, including BCL11A, resulting in therapeutic advances1,2,3,4,5,6,7,8. Yet the mechanisms by which HbF expression is activated remain incompletely understood9. Here we conduct a large multi-ancestry genome-wide association study of HbF levels in 28,279 individuals that identifies 91 conditionally independent associations across 12 genomic regions. In one previously uncharacterized associated region, the high-HbF-linked causal variant rs1010474-C reduces BACH2 expression and elevates HbF levels. Direct perturbation or inhibition of BACH2 likewise increases HbF expression. Mechanistically, BACH2 restrains activation of the HbF-encoding γ-globin genes, while loss of BACH2 enhances NRF2 chromatin occupancy and promotes the formation of activation foci at the γ-globin genes. Although BACH2 and NRF2 binding motifs in the γ-globin promoters overlap, they can be selectively edited to activate or repress γ-globin, respectively, and do so independently of BCL11A. These findings illustrate how human genetic variation continues to advance our understanding of therapeutically relevant regulatory mechanisms underlying HbF expression.",nature_html,0
Population-scale immune multiome atlas reveals regulatory disease mechanisms,https://www.nature.com/articles/s41586-026-11078-2,Nature,2026-09-30 00:00:00 UTC,2026-09-30 00:00:00+00:00,10.1038/s41586-026-11078-2,Meri Lähteenmäki,"Most disease-associated genetic variants lie in non-coding regions1,2, yet mechanistic insights are limited by the lack of an empirical framework for characterizing the molecular consequences of regulatory variation. Single-cell molecular quantitative trait locus (QTL) mapping3,4 connects variants to gene regulation but lacks the power and simultaneous measurements to trace mechanisms from chromatin to expression5. Here we show that population-scale simultaneous profiling of chromatin accessibility and gene expression across immune cells reveals regulatory architectures connecting variants to disease. From paired single-nucleus assay for transposase-accessible chromatin-sequencing (snATAC–seq) and single-nucleus RNA-sequencing (snRNA-seq) analysis of 10 million peripheral blood mononuclear cells in 1,108 Finnish individuals6, we identify 51,083 cis-expression QTLs for 20,829 genes, 338,100 cis-chromatin accessibility QTLs for 210,584 peaks, 119,094 putative causal variants and 593,765 peak–gene links. Variants completing chromatin-to-expression cascades show twice the disease colocalization of chromatin-only effects, with massively parallel reporter assays7 validating 10,428 fine-mapped molecular QTLs. At evolutionarily constrained genes, we identify multilayered regulatory buffering, in which chromatin accessibility changes occur with normal effect sizes, but transmission to expression is attenuated through weaker, more numerous enhancer–gene links. This reconciles why disease variants preferentially target constrained genes despite apparent expression QTL depletion8,9,10,11. Analysis using a massively parallel reporter assay7 confirms that this buffering acts downstream of the regulatory element, with constraint operating at the chromatin-to-expression interface rather than on intrinsic cis-regulatory activity. Our atlas provides testable hypotheses for over half of immune disease associations, illustrated by cascades at autoimmune loci (TICAM1 and RHOH) and Finnish-enriched variants (TNRC18 and IL21R).",nature_html,0
Osteoclasts intercept meningeal lymphatic paths for dural metastasis,https://www.nature.com/articles/s41586-026-11082-6,Nature,2026-09-30 00:00:00 UTC,2026-09-30 00:00:00+00:00,10.1038/s41586-026-11082-6,Yudan Chi,"Dural metastasis (DM)—a devastating complication of advanced malignancies such as breast and lung cancers—is defined by tumour cell infiltration into the dura mater and presents unique clinical challenges distinct from brain metastasis1,2. Our study unveils a, to our knowledge, previously unrecognized role of meningeal lymphatic dysfunction in DM pathophysiology, providing a new conceptual framework for this unique form of metastatic disease. Distinctive cranial erosion patterns, identified through clinical imaging, set DM apart from other metastases. Using a new mouse DM model, we discovered significant impairments in meningeal lymphatic drainage associated with tumour progression. Through single-cell RNA sequencing analysis, we characterized the tumour micro-environmental landscape of DM, highlighting the predominant immunosuppressive tactics driven by cancer-related osteoclasts (OCs). Notably, large OCs localize specifically at the skull–tumour interface, whereas smaller OCs permeate intratumoral regions. We found that these OCs disrupted lymphatic paths significantly, and targeting them therapeutically led to restoration of meningeal lymphatic structure and function in DM, thereby augmenting anti-tumour immune responses. Mechanistically, we demonstrated that OC-derived angiopoietin-2 contributes to the dysregulation of meningeal lymphatic drainage in the DM model. Our findings suggest a new therapeutic approach to restore meningeal lymphatic function through selective OC targeting, offering promising avenues for enhancing anti-tumour immunity and improving clinical outcomes in patients with DM.",nature_html,0
Dynamic protrusions mediate crawling motility in Asgard archaea,https://www.nature.com/articles/s41586-026-11063-9,Nature,2026-09-30 00:00:00 UTC,2026-09-30 00:00:00+00:00,10.1038/s41586-026-11063-9,Christa Schleper,"Crawling motility is a hallmark of eukaryotic cells and requires a dynamic actin cytoskeleton, regulated adhesion and spatially organized signalling pathways1,2. Asgard archaea, which are considered the closest known prokaryotic relatives of eukaryotes, potentially encode these functions within their large set of ‘eukaryotic signature proteins’3,4,5,6. The few cultivated members show a complex cell morphology, consisting of a central cell body from which several protrusions extend, filled with an actin-based cytoskeleton7,8. Here, live-cell microscopy of two organisms of the Lokiarchaea and Hodarchaea lineages7,9 showed that they dynamically and greatly change their cell shape on a minute time scale and grow and retract their extensive protrusions with a speed of 1.5–4.8 µm min−1, respectively. After adhering to a glass surface, cells use their protrusions to undergo active crawling motion. In the presence of selected actin inhibitors, however, the observed dynamics were arrested, suggesting a central role of actin in these processes. The observed cellular plasticity and motility are unique features among prokaryotes and might have been crucial for the emergence of the first eukaryotic cells that are thought to have formed through the association of a member of the Asgard archaea and an α-proteobacterium, the ancestor of mitochondria.",nature_html,0
An amygdala to anterior hypothalamic circuit gates stress sensitivity,https://www.nature.com/articles/s41586-026-11075-5,Nature,2026-09-30 00:00:00 UTC,2026-09-30 00:00:00+00:00,10.1038/s41586-026-11075-5,Denise J. Cai,"Previous adversity increases sensitivity to subsequent stressful events1,2,3,4,5,6,7,8, but the causal underlying changes in brain circuitry are poorly understood. Here we harnessed unbiased whole-brain activity mapping to identify circuits that are functionally remodelled by previous adversity to promote heightened stress sensitivity. The anterior hypothalamic nucleus (AHN)—a region that has received little attention until now in the context of stress—displayed heightened stress reactivity in previously stressed mice. This was accompanied by increased correlational strength between the AHN and a threat-related brain network. Using in vivo Miniscope imaging, we then found that neuronal activity in the AHN scales with negative valence. Moreover, previous stress amplified the proportion of valence-sensitive AHN neurons, indicating inflated processing of negative valence in the AHN might drive heightened stress sensitivity. Providing causal support for the role of AHN in negative valence and stress sensitivity, inhibiting AHN neurons blunted, and exciting their activity promoted, stress responses. Finally, amygdala neurons that project to the AHN were found to track negative valence, and silencing amygdala inputs to the AHN abolished sensitized stress responses. These findings define a key role of the AHN in regulating negative valence signals from the amygdala and highlight a new pathway that heightens sensitivity to stressful events.",nature_html,0
Carbene transfer from thianthrenium ylides for cyclopropanation,https://www.nature.com/articles/s41586-026-11108-z,Nature,2026-09-30 00:00:00 UTC,2026-09-30 00:00:00+00:00,10.1038/s41586-026-11108-z,Tobias Ritter,"Carbenes are reactive divalent carbon intermediates that serve as one-carbon synthons to access cyclopropanes. The synthetic utility of these three-membered carbocycles has led chemists to accept the dangers associated with the explosive starting materials1 or intermediates2 required for both conventional and modern cyclopropanation reactions. Sulfonium salts, although safer, have not been competitive for cyclopropanation because they typically do not function as efficient carbene donors3. In all cyclopropanation reactions reported, diversity can be obtained through either the olefin or carbene partner, but not both; for example, several modern reactions are limited to activated olefins, such as styrenes4,5,6,7. Here we report how alkylthianthrenium salts differ conceptually from all other carbene precursors and allow for carbene-transfer chemistry, including the synthesis of cyclopropanes, in which both the olefin and the carbene partner can be diverse. The steric bulk and low Lewis basicity of thianthrene can rationalize the superior reactivity of the thianthrenium salts for cyclopropanation because undesired energetically low-lying local minima on the potential energy surface, as present for other sulfonium salts, are avoided. Despite high reactivity, thianthrenium salts exhibit a desirable safety profile that allows scale up, also in the solid state through ball-milling, which is dangerous with many other cyclopropanation reactions. The combination of reactivity and safety highlights thianthrenium ylides as a general compound class for metal–carbene reactivity that extends beyond cyclopropanation to diverse carbene-transfer reactions, including σ-bond insertion and sigmatropic rearrangements.",nature_html,0
Histone readers MLLT1 and MLLT3 concentrate AID to confer locus specificity,https://www.nature.com/articles/s41586-026-11087-1,Nature,2026-09-30 00:00:00 UTC,2026-09-30 00:00:00+00:00,10.1038/s41586-026-11087-1,Javier M. Di Noia,"Activation-induced deaminase (AID) drives antibody diversification through class-switch recombination and somatic hypermutation of the immunoglobulin (Ig) genes, but its off-target mutagenic activity contributes to B cell lymphoma1,2,3,4,5. How AID selectively mutates Ig loci and a restricted set of other genes remains unknown. Transcription is required for AID activity, but most transcribed genes are not mutated1,5,6,7, and AID occupies more loci than it mutates7,8,9. Here we identify the super elongation complex histone readers MLLT1 and MLLT3 as determinants of selective AID activity. Combined loss of MLLT1 and MLLT3 abolishes all AID-dependent mutagenic processes, recapitulating AID deficiency. AID-mutated genomic regions in mouse and human B cells are precisely marked by high MLLT1 and MLLT3 occupancy (MLLT1/MLLT3high). Transcriptional changes after deleting both readers are modest and cannot explain the AID activity loss. Mechanistically, MLLT1 and MLLT3 are dispensable for global AID chromatin tethering but locally enrich AID downstream from promoter regions. Both readers bind to AID and act redundantly, but MLLT1 has a dominant role in mice through its intrinsically disordered region, which promotes condensates that selectively concentrate AID. Fusing AID to MLLT1 or MLLT3 is sufficient to restore class-switch recombination and mutagenesis in Mllt1−/−Mllt3−/− cells. These findings reveal that local MLLT1/MLLT3high-dependent enrichment licenses AID at a restricted subset of genomic regions by spatially confining and concentrating its activity, probably through condensate formation.",nature_html,0
X-ray liquidography decodes complex motions in azobenzene isomerization,https://www.nature.com/articles/s41586-026-11068-4,Nature,2026-09-30 00:00:00 UTC,2026-09-30 00:00:00+00:00,10.1038/s41586-026-11068-4,Hyotcherl Ihee,"Capturing ultrafast structural rearrangements of organic molecules in solution remains a central challenge, with isomerization being a key example. Yet, despite decades of studies, a detailed atomic-level structural understanding of how isomerization occurs remains elusive for most molecules. Even for azobenzene, a textbook case of trans–cis isomerization with its deceptively simple structure of two phenyl rings linked by an azo bridge, the mechanism remains contentious. Extensive experimental and theoretical studies1,2,3,4,5,6,7,8,9,10,11,12,13,14,15,16,17,18,19,20,21,22,23,24,25,26,27,28,29,30,31,32,33 have proposed disparate pathways, including rotation1,2,3,4,5,6,7,8,9,10,11,12,13,14,15, inversion16,17,18,19, hula twist20,21 and inversion-assisted rotation22,23,24,25,26,27,28,29,30, without reaching consensus owing to the lack of direct structural evidence. Here we apply femtosecond X-ray liquidography to trans-azobenzene in solution and resolve, with atomic-level precision, the molecular structures of two transient intermediates bridging the trans and cis forms. The unveiled structures reveal that the trans-to-cis conversion proceeds through a sequence of distinct motions, initiated by C–N torsion, a motion that has received little attention in previous studies, and subsequently dominated by N–N rotation. This work provides structural insights into the volume-conserving nature of azobenzene isomerization and establishes X-ray liquidography as a versatile tool for molecular filming of structural dynamics in solutes lacking heavy atoms, overcoming the limitations imposed by dominant solvent scattering.",nature_html,0
Global mangrove distribution on the open coast is controlled by waves,https://www.nature.com/articles/s41586-026-11089-z,Nature,2026-09-30 00:00:00 UTC,2026-09-30 00:00:00+00:00,10.1038/s41586-026-11089-z,William Glamore,"Mangrove forests are ecologically important ecosystems that provide services such as coastal protection1 and climate change mitigation2. Understanding why mangroves are present at a location can provide causal links for mangrove management, restoration science3 and climate change adaptation. On the open coast, the influence of waves in shaping mangrove distribution is poorly understood. Here we show that waves are a key control on global coastal mangrove distribution. We developed a process-driven mangrove presence or absence model to assess 20 years of open-source hindcast wave data including three swell partitions at 400 globally distributed coastal sites. By defining and identifying windows of opportunity for mangrove establishment in cases for which wave forcing is low, the mechanistic model achieved 78.2% accuracy. Modest increases or decreases in wave forcing affect the suitability of mangrove sites, demonstrating that future region-specific changes to wave climate may lead to distributional shifts along the coast. Waves are a primary control on open-coast mangroves globally and this knowledge is essential to predict current and future mangrove distributions in a changing climate.",nature_html,0
Type 2 immune history trains lung macrophages for viral disease tolerance,https://www.nature.com/articles/s41586-026-11060-y,Nature,2026-09-30 00:00:00 UTC,2026-09-30 00:00:00+00:00,10.1038/s41586-026-11060-y,Kamal M. Khanna,"Severe respiratory viral disease varies widely among individuals and often reflects immunopathology rather than inadequate pathogen control, suggesting that previous immune history can prime the lungs towards disease tolerance. Here we show that nerve- and airway-associated macrophages (NAMs), a subset of interstitial macrophages, expand ephemerally after type 2 inflammation induced by Nippostrongylus brasiliensis. We therefore hypothesized that NAMs acquire epigenetically imprinted trained immunity and tested this using a heterologous challenge model in which mice that were previously infected with N. brasiliensis were challenged 4–6 weeks later with lethal H1N1 influenza. All of the N. brasiliensis-conditioned mice survived, whereas all of the unconditioned controls succumbed by days 5–6. Protection occurred without reduced viral burden or enhanced T cell responses, instead tracking with reduced immunopathology, amplified type 2 cues, increased efferocytosis and accelerated tissue repair. Using NAM-DTR mice, we show that conditioned NAMs are necessary and sufficient for protection: depletion or replacement with unconditioned NAMs abrogated survival, whereas adoptive transfer of conditioned NAMs conferred tolerance without enhancing viral clearance. Genomic analyses implicated an IL-4–STAT6–PPARγ and ARG1 chromatin program that imprints a pro-resolving and reparative NAM state driving tissue repair, type 2 immunity and efferocytosis during lethal respiratory viral infections. Finally, meta-analysis of human lung single-cell atlases from cohorts of healthy individuals and individuals with IPF and COPD revealed context-dependent NAM-like repair programs. These findings establish local trained immunity in lung-resident macrophages as a mechanism of disease tolerance and a therapeutic entry point for severe inflammatory respiratory infections.",nature_html,0
Restoring hearing in people with a rare form of deafness,https://www.nature.com/articles/d41586-026-02894-7,Nature,2026-09-30 00:00:00 UTC,2026-09-30 00:00:00+00:00,10.1038/d41586-026-02894-7,Laurie Udesky,,,0
Navigating the land–energy nexus for carbon-neutral power systems in China,https://www.nature.com/articles/s41893-026-01941-5,Nature Sustainability,2026-09-30 00:00:00 UTC,2026-09-30 00:00:00+00:00,10.1038/s41893-026-01941-5,Da Zhang,"Land availability is becoming a critical constraint on power system decarbonization, yet its economic implications remain unclear. Here we couple gridded renewable capacity assessment with a spatially and temporally resolved power-system optimization model to examine how land availability shapes the transition towards carbon neutrality in China. Results show that land is a spatially heterogeneous production factor whose marginal system value varies substantially across locations. Shadow prices of grid-cell variable renewable energy capacity constraints reveal that high-value land is concentrated in demand-proximate regions of eastern and central China, where additional renewable siting can reduce reliance on costly transmission and remote deployment. Under stringent land-use restrictions, renewable deployment shifts towards resource-rich regions, increasing northwestern solar deployment by about 48% relative to the base scenario and raising inter-regional transmission requirements by ~20% in 2060. Although carbon neutrality remains technically feasible, restrictive land policies increase annual system cost in 2060 by up to ~300 billion yuan (~US$42 billion) or 4.1%; as electricity market reform deepens, such cost differences could become more visible in market-based price formation, depending on market design and cost-recovery mechanisms.",nature_html,0
Giant Nonequilibrium Valley Control via Spin‐Selective Hot‐Carrier Transfer in an Antiferromagnetic van der Waals Stack,https://advanced.onlinelibrary.wiley.com/doi/10.1002/adma.75103?af=R,Wiley: Advanced Materials: Table of Contents,2026-09-30 03:19:23 UTC,2026-09-30 03:19:23+00:00,10.1002/adma.75103,Stuart S. P. Parkin,"ABSTRACT
                  
                    Spin‐selective hot‐carrier transfer at interfaces between two‐dimensional (2D) semiconductors and magnets offers a nonequilibrium route to manipulate spin and valley degrees of freedom. In van der Waals heterostructures, such transfer can be enabled by type‐III band alignment together with magnetic‐field‐induced spin polarization of the bands in adjacent magnetic layers. Yet, continuous and robust valley control with high magnetic‐field susceptibility remains challenging, particularly beyond binary switching in out‐of‐plane easy‐axis magnets. Here we fabricate a CrSBr/WSe
                    2
                    /CrSBr heterostructure, where two semiconductor‐magnet interfaces promote efficient hot‐carrier transfer. Utilizing valley‐resolved magneto‐photoluminescence spectroscopy, we reveal a pronounced field‐sign‐asymmetric response and a magnetic‐state‐dependent evolution of emergent spectral features that track the spin configuration of multilayer CrSBr via spin‐selective hot‐carrier transfer. This mechanism enables giant, continuous tuning, and magnetic‐state‐dependent reversal of the degree of circular polarization (DoCP), reaching ∼ 40% for excitons and ∼ 80% for trion emission. Our results establish spin‐polarized interlayer hot‐carrier transfer as an efficient knob for engineering valley polarization and coherence in TMDs, and highlight antiferromagnet‐based stacks as a versatile platform for magnetically programmable quantum optoelectronic functionalities.",crossref,0
Active Soft Hydrogels Reveal Cumulative Molecular Force Dosing in Stem Cell Fate Programming,https://advanced.onlinelibrary.wiley.com/doi/10.1002/adma.75184?af=R,Wiley: Advanced Materials: Table of Contents,2026-09-30 03:23:09 UTC,2026-09-30 03:23:09+00:00,10.1002/adma.75184,Yijun Zheng,"ABSTRACT
                  Decoupling molecular‐scale mechanical signaling from bulk substrate stiffness remains a fundamental challenge in biomaterial design. Here, we develop a soft‐yet‐active hyaluronic acid hydrogel (∼3 kPa) grafted with near‐infrared‐driven CD‐PNIPAM‐RGD molecular actuators to apply programmable, piconewton‐scale forces directly to integrins without altering the bulk modulus. By isolating force history as an independent variable, we reveal that human mesenchymal stem cells act as cumulative mechanical integrators. A cumulative force dose of just 7 h (1‐h daily pulses) drives irreversible osteogenic commitment on this classically non‐permissive substrate. Mechanistically, each pulse bypasses canonical tension‐based signaling. Despite negligible cytoplasmic traction, localized molecular pulling drives G‐actin nuclear import, intranuclear F‐actin polymerization, and rapid YAP activation. By recasting mechanotransduction from a continuous analog response into a discrete, cumulative integration of mechanical inputs, this work establishes active force dosing as a quantitative design principle for next‐generation soft biomaterials.",crossref,0
In Situ Ordered Glassification of Gels for Exceptional Stiffness and Toughness,https://advanced.onlinelibrary.wiley.com/doi/10.1002/adma.75223?af=R,Wiley: Advanced Materials: Table of Contents,2026-09-30 03:24:01 UTC,2026-09-30 03:24:01+00:00,10.1002/adma.75223,Jing Sun,"ABSTRACT
                  
                    Glassy gels are indispensable for applications ranging from structural composites to bioelectronics, yet their design is plagued by an intrinsic paradox where the rigid molecular constraints that endow high stiffness simultaneously restrict polymer chain dynamics, precluding the energy dissipation mechanisms essential for toughness. Here, we circumvent this fundamental trade‐off through an in situ molecular constraint‐induced ordered glassification strategy. By restricting localized conformations within a confined hydration environment, we drive the spontaneous assembly of long‐range ordered, load‐bearing nanodomains within a soft gel matrix. These domains function as rigid sacrificial units during initial deformation. Critically, they undergo a progressive, strain‐activated dissociation that redistributes local stress and dissipates mechanical energy at the bulk scale. Unlike conventional post‐treated gels, our material undergoes a rubbery‐to‐glassy transition in situ without external intervention, yielding a 3500‐fold modulus enhancement and a toughness of 289 MJ m
                    −3
                    , exceeding many reported high‐modulus hydrogels and ionic gels. Furthermore, this molecular design imparts multimodal functionality, including strong yet water‐removable adhesion (∼17 MPa to glass), superior impact resistance, and water‐responsive shape programmability. This ordered glassification paradigm establishes a versatile molecular engineering route to create load‐bearing gels that synergistically integrate stiffness, toughness, and adaptive intelligence, redefining the performance envelope of hydrated soft matter.",crossref,0
Roc Matheu,https://onlinelibrary.wiley.com/doi/10.1002/anie.9393082?af=R,Wiley: Angewandte Chemie International Edition: Table of Contents,2026-09-30 03:30:07 UTC,2026-09-30 03:30:07+00:00,10.1002/anie.9393082,Roc Matheu,"""Chemistry/science is fun because, in many instances, it is unpredictable.""…""The best advice I have ever been given is to be careful with your wishes because they sometimes come true."" Find out more about Roc Matheu in his Introducing… Profile.",pubmed,0
On‐Surface Friedel–Crafts Alkylation Through a Stabilized Intermediate Complex,https://onlinelibrary.wiley.com/doi/10.1002/anie.3848864?af=R,Wiley: Angewandte Chemie International Edition: Table of Contents,2026-09-30 03:35:16 UTC,2026-09-30 03:35:16+00:00,10.1002/anie.3848864,Karina Morgenstern,"ABSTRACT
                  The incorporation of ‐hybridized carbon centers into planar  carbon nanostructures is a powerful strategy in solution chemistry for tuning their electronic and structural properties. While on‐surface synthesis has demonstrated efficient coupling strategies for  systems, ─ bond formation on surfaces remains largely unexplored. Here, we report the on‐surface analogue of Friedel–Crafts alkylation on a metal surface: an intramolecular ─ coupling reaction based on a specifically designed fluorinated aromatic reactant, with the metal surface itself acting as catalyst. Our reactant‐catalyst design stabilizes the key intermediate; allowing for direct real‐space imaging at the single‐molecule level. By integrating high‐resolution scanning tunneling microscopy, x‐ray photoelectron spectroscopy, and first‐principles computations, we elucidate each elementary step of the on‐surface Friedel–Crafts alkylation pathway. These results open a new route toward the controlled integration of  centers into hybrid ─ carbon nanostructures, expanding the synthetic toolbox of on‐surface chemistry.",crossref,0
Molecular Engineering at Electrode Interface Enables Efficient Catalytic Nitrogen Reduction,https://onlinelibrary.wiley.com/doi/10.1002/anie.8913465?af=R,Wiley: Angewandte Chemie International Edition: Table of Contents,2026-09-30 03:35:21 UTC,2026-09-30 03:35:21+00:00,10.1002/anie.8913465,Li‐Zhu Wu,"ABSTRACT
                  
                    Molecular catalysts are promising for nitrogen (N
                    2
                    ) fixation due to their well‐defined sites and tunable coordination, yet most molecules in homogeneous systems reside in the bulk solution, leading to poor catalyst utilization. Here, we introduced a molecular engineering strategy by assembling a functionalized molecular molybdenum complex (PyMoBr
                    3
                    PNP) on graphdiyne (GDY) through π–π interactions. The resulting interface‐assembled molecular electrode, PyMoBr
                    3
                    PNP/GDY/carbon paper (CP), catalyzed N
                    2
                    conversion to ammonia (NH
                    3
                    ) using 2,4,6‐trimethylpyridinium triflate ([ColH][OTf]) as the proton source. Rigorous isotopic labeling and continuous time‐dependent controls confirmed the genuine nature of catalytic N
                    2
                    to NH
                    3
                    turnover. Encouraged by the intrinsic N
                    2
                    reduction activity, the PyMoBr
                    3
                    PNP/GDY/CP cathode was further coupled with a molecular hybrid photoanode (ZnTCPP/Al
                    2
                    O
                    3
                    /BiVO
                    4
                    ) for photoelectrocatalytic N
                    2
                    reduction. The integrated system decreased the applied bias, achieved a turnover frequency (TOF) of 47.52 h
                    −1
                    and a turnover number (TON) of 157.54 over 4 h for NH
                    3
                    production, representing the highest performance reported to date for molecular‐based electrochemical and photoelectrochemical N
                    2
                    reduction. All of these results highlight the potential of molecular engineering platforms to enhance catalyst utilization, improve reaction efficiency, and lower energy consumption for N
                    2
                    fixation.",crossref,0
Controlling Adaptive Flexibility for Efficient Purification of Ethylene From Ethane,https://onlinelibrary.wiley.com/doi/10.1002/anie.9034981?af=R,Wiley: Angewandte Chemie International Edition: Table of Contents,2026-09-30 03:39:35 UTC,2026-09-30 03:39:35+00:00,10.1002/anie.9034981,Jie‐Peng Zhang,"ABSTRACT
                  Ethane‐selective adsorbents enable direct production of high‐purity ethylene, yet rational improvement of selectivity and productivity remains challenging. Here, we report a strategy of adaptive flexibility control. A family of isostructural metal azolate frameworks featuring bent linkers and size‐tunable substituents were designed and synthesized. Single‐crystal X‐ray diffraction and computational simulations unveiled a bending‐adsorption coupling mechanism: the stronger ethane binding drives more pronounced linker flattening to reinforce itself. Crucially, bulkier substituents reinforce this adaptive response, further elevating ethane selectivity. Notably, mixture breakthrough experiments demonstrated that navigating the selectivity–capacity trade‐off via substituent‐tuned adaptive flexibility afforded superior ethylene purification productivity.",crossref,0
Streamlined Access to Steroid‐Like Frameworks With Vicinal Tertiary and Quaternary Centers via Pd‐Catalyzed Asymmetric Bisallylation,https://onlinelibrary.wiley.com/doi/10.1002/anie.8267819?af=R,Wiley: Angewandte Chemie International Edition: Table of Contents,2026-09-30 03:39:44 UTC,2026-09-30 03:39:44+00:00,10.1002/anie.8267819,Yuan Huang,"ABSTRACT
                  
                    Despite remarkable advances in all‐carbon quaternary stereocenter construction, catalytic enantioselective assembly of sterically congested vicinal tertiary–all‐carbon quaternary stereodyads remains underdeveloped. Stereocontrolled access to such motifs embedded in steroid‐like frameworks represents a particularly formidable challenge. Herein, we disclose a highly efficient Pd‐catalyzed enantioselective bisallylation/ring‐closing metathesis (RCM) cascade, enabling modular asymmetric assembly of enantioenriched polycyclic architectures from simple coumarin‐derived precursors. With the newly developed chiral biaryl monophosphine ligand–Pd
                    2
                    (dba)
                    3
                    system, the reaction proceeds with exceptional enantiocontrol and diastereoselectivity. Synthetic versatility is demonstrated by divergent transformations into diverse high‐value chiral building blocks. Computational studies reveal that the formation of the bis‐π‐allylpalladium intermediate is the rate‐determining step of this sequential process. Notably, this simple yet powerful catalytic system is also applicable to cyclic N‐sulfonyl imines, offering a general and robust platform for the facile synthesis of enantioenriched homoallylic amines and structurally intricate N‐polycyclic skeletons.",crossref,0
Cobalt‐Catalyzed Desymmetrizing Hydrogenation of Cyclic Anhydrides,https://onlinelibrary.wiley.com/doi/10.1002/anie.6111891?af=R,Wiley: Angewandte Chemie International Edition: Table of Contents,2026-09-30 03:46:14 UTC,2026-09-30 03:46:14+00:00,10.1002/anie.6111891,Xumu Zhang,"ABSTRACT
                  
                    Achieving general asymmetric catalytic manifolds that accommodate broad substrate diversity remains a long‐standing and highly sought‐after goal in synthetic chemistry. Herein, we report an efficient cobalt‐catalyzed desymmetric hydrogenation of structurally diverse cyclic 1,2‐ and 1,3‐diacid anhydrides, enabling access to pharmaceutically relevant chiral
                    γ
                    ‐ and
                    δ
                    ‐lactones with broad substrate scope and excellent enantioselectivity (up to 99% ee). The reaction is readily scalable, as demonstrated by gram‐scale synthesis of several representative products. Notably, this 3d‐metal catalytic platform represents a rare example that outperforms platinum‐group‐metal‐based counterparts in both generality and stereoselectivity. DFT studies identify a catalytically active d
                    7
                    Co(II) dihydride complex with an outer‐sphere hydride transfer mechanism, wherein a relatively flexible chiral pocket underlies the broad substrate compatibility of this catalytic system.",crossref,0
Role‐Differentiated Solvation Directs Interfacial Chemistry in Wide‐Temperature Lithium Metal Batteries,https://onlinelibrary.wiley.com/doi/10.1002/anie.5489997?af=R,Wiley: Angewandte Chemie International Edition: Table of Contents,2026-09-30 03:49:51 UTC,2026-09-30 03:49:51+00:00,10.1002/anie.5489997,Ming Dong,"ABSTRACT
                  
                    Wide‐temperature lithium metal batteries face intrinsic coupling between bulk transport and interfacial reactivity. Molecules enabling low viscosity and rapid Li
                    +
                    migration can enter the primary solvation sheath and undergo uncontrolled reduction on Li metal. Here, we establish solvation–reactivity decoupling through deliberate molecular role differentiation rather than empirical additive optimization. In the quaternary ester–ether (PADD) electrolyte, methyl propionate (MP) exhibits reduced primary Li
                    +
                    coordination and predominantly promotes fluidity, whereas DME/DOL and FSI
                    −
                    /TFSI
                    −
                    cooperatively reconstruct the reaction‐relevant solvation sheath. Systematic comparison reveals that MP exclusion alone is insufficient; a stable ether–anion network must compensate for the vacated coordination environment. This sheath redirects interfacial reduction toward DOL‐ and anion‐derived products, generating a spatially differentiated PDOL–LiF heteromatrix interphase with a compliant polymer‐rich outer region and a compact LiF‐rich inner framework. The interphase suppresses continuous ester decomposition, lowers nucleation and charge‐transfer barriers, and guides dense Li deposition. Consequently, Li||LiFePO4 cells operate from −30°C to 70°C, retaining 97.1% capacity after 1000 cycles at 25°C and 99.3% after 400 cycles at −30°C. These results identify functional differentiation across bulk electrolyte, solvation sheath, and interphase as a general route to resolve the transport–stability trade‐off in all‐climate lithium metal batteries.",crossref,0
Efficient Green Light‐Induced Photoclick Reactions Enabled by Triplet–Triplet Annihilation Photon Upconversion,https://onlinelibrary.wiley.com/doi/10.1002/anie.8317220?af=R,Wiley: Angewandte Chemie International Edition: Table of Contents,2026-09-30 03:51:19 UTC,2026-09-30 03:51:19+00:00,10.1002/anie.8317220,Ben L. Feringa,"ABSTRACT
                  
                    Photoclick reactions, combining the advantages of photochemistry and classical click chemistry, are highly promising for surface functionalization, polymer conjugation, and biolabeling. Conventional photoclick reactions rely on the use of high‐energy ultraviolet (UV) light, which suffers from limited penetration depth and cell toxicity. Herein, we proposed a general strategy of efficient green light‐induced photoclick reactions by introducing a triplet–triplet annihilation photon upconversion (TTA‐UC) system. The TTA‐UC system comprises (octaethylporphyrinato) palladium (II) (
                    PdOEP
                    ) as the sensitizer and 9,10‐diphenylanthracene (
                    DPA
                    ) as the annihilator, and can effectively convert green light into blue light under incoherent and subsolar light intensity, which can further trigger a series of photoclick reactions based on 9,10‐phenanthrenequinone and electron‐rich alkenes (
                    PQ‐ERA
                    s). The pseudo‐first‐order kinetics (
                    
                      k
                      obs
                    
                    ) can reach up to 0.015 s
                    −1
                    under 550 nm LED irradiation (50 mW cm
                    −2
                    ). This study provides a new approach for realizing photoclick reactions under low‐power, long‐wavelength, and incoherent light excitation, holding great potential for applications in biological and materials systems.",crossref,0
Edge‐Vacancy Synergy in Cracked Janus WSeS Monolayers for Efficient Hydrogen Evolution,https://onlinelibrary.wiley.com/doi/10.1002/anie.2242006?af=R,Wiley: Angewandte Chemie International Edition: Table of Contents,2026-09-30 03:52:36 UTC,2026-09-30 03:52:36+00:00,10.1002/anie.2242006,Yunfan Guo,"ABSTRACT
                  
                    The catalytic performance of two‐dimensional (2D) transition metal dichalcogenides (TMDs) for the hydrogen evolution reaction (HER) is severely limited by the scarcity of active edge sites and intrinsically inert basal planes. Although Janus TMDs mitigates this issue by activating the basal plane through an inherent vertical asymmetry structure and synthesis‐induced chalcogen vacancies, achieving a high density of edge sites and exploring their interplay with Janus dipole remains a critical challenge. Herein, we demonstrate a strain‐driven crack engineering strategy for monolayer Janus WSeS. The lattice strain inherent in the room‐temperature sulfurization conversion from WSe
                    2
                    to Janus WSeS spontaneously induces a dense distribution of nanoscale cracks, creating abundant active edges. In addition, these crack edges synergistically interact with sulfur vacancies to modulate the electronic states near
                    E
                    F
                    and optimize the hydrogen adsorption/desorption kinetics for enhanced HER activity. The resulting material achieves outstanding HER performance in acidic electrolyte, with a low overpotential of 214 mV at 10 mA cm
                    −2
                    and a Tafel slope of 68 mV dec
                    −1
                    . This work provides an approach to precisely tailor edge morphology in 2D materials, bridging the structure–performance relationship for advanced electrocatalysis.",crossref,0
Atroposelective Pd(0)‐Catalyzed Direct Intermolecular C─H Arylation of Thiazole N‐Oxides Provides Access to Heterobiaryls,https://onlinelibrary.wiley.com/doi/10.1002/anie.6888467?af=R,Wiley: Angewandte Chemie International Edition: Table of Contents,2026-09-30 03:56:22 UTC,2026-09-30 03:56:22+00:00,10.1002/anie.6888467,Nicolai Cramer,"ABSTRACT
                  
                    Despite the importance of heteroaryl atropisomers in medicinal chemistry and catalysis, straightforward access to these motifs via direct enantioselective C─H heteroaryl‐aryl coupling remains challenging. We report an enantioselective Pd(0)‐catalyzed arylation at the C4‐position of thiazole
                    N
                    ‐oxides, forging the critical atropochiral axis. A designer point‐ and axially chiral monodentate phosphine is instrumental to enable high reactivities along with tight stereocontrol. A broad range of substrate combinations is coupled in high enantioselectivities, including two different heteroarenes. The enantioenriched thiazole
                    N
                    ‐oxides are amenable to derivatizations around the substituents contributing to the stability of the chiral axis, including a reduction of the
                    N‐
                    oxide moiety without racemization.",crossref,0
Instantaneous Mechanical Programming of Polymer Microparticle Shape and Surface Architecture,https://onlinelibrary.wiley.com/doi/10.1002/anie.8528979?af=R,Wiley: Angewandte Chemie International Edition: Table of Contents,2026-09-30 05:21:36 UTC,2026-09-30 05:21:36+00:00,10.1002/anie.8528979,Nozomu Suzuki,"ABSTRACT
                  Structurally anisotropic polymer microparticles with controlled surface topographies are essential for applications in self‐assembly, interfacial engineering, and responsive materials. However, practical methods for fabricating such complex morphologies remain limited. Here, we demonstrate an instantaneous mechanically driven strategy for simultaneously programming particle shape and surface architecture through a refined rubbing process. By optimizing particle plasticization, pressure distribution, and stress transmission, spherical polymer particles were transformed into cylindrical particles within only 10 s. Patterned silicon substrates enabled direct mechanical transfer of periodic surface structures, while variations in substrate topology and deformation pathway produced diverse anisotropic architectures. This simple mechanically driven process provides a straightforward platform for programming hierarchical polymer microparticle architectures.",crossref,0
Template‐Encoded Assembly and Adaptive Function in Selenium‐Based Molybdenum Chalcoxide Rings,https://onlinelibrary.wiley.com/doi/10.1002/anie.5129627?af=R,Wiley: Angewandte Chemie International Edition: Table of Contents,2026-09-30 05:25:05 UTC,2026-09-30 05:25:05+00:00,10.1002/anie.5129627,Haralampos N. Miras,"ABSTRACT
                  
                    Controlling both structure and function in inorganic self‐assembly remains a major challenge. Here we establish a programmable strategy for constructing selenium‐based molybdenum chalcoxides using the [Mo
                    2
                    O
                    2
                    Se
                    2
                    ]
                    2+
                    dimer as a universal building block. The template‐directed assembly process produces a complete family of ring architectures (
                    n
                    = 8–16), with nuclearity encoded by the template's geometry and acidity. Selenium incorporation introduces electronic softness that imparts unusual structural flexibility and enables adaptive behaviour. NMR titration experiments reveal host–guest exchange in solution, demonstrating dynamic recognition in these purely inorganic rings. This family of clusters also displays tuneable electrocatalytic hydrogen evolution activity (HER), following the trend Mo
                    8
                    &gt; Mo
                    12
                    &gt; Mo
                    10
                    and consistently outperforming their sulphur analogues. Together, these results define a design framework in which modular assembly, dynamic function, and catalytic activity arise from a common chalcogen‐dependent structural logic, opening new avenues for responsive inorganic molecular materials.",crossref,0
"Synthesis, Conformation, and Pro‐Inflammatory Activity of the Branched Glucorhamnans Relevant to the Polysaccharide of Ruminococcus gnavus",https://onlinelibrary.wiley.com/doi/10.1002/anie.4546692?af=R,Wiley: Angewandte Chemie International Edition: Table of Contents,2026-09-30 05:58:47 UTC,2026-09-30 05:58:47+00:00,10.1002/anie.4546692,Biao Yu,"ABSTRACT
                  
                    Glucorhamnan produced by the gut bacterium
                    Ruminococcus gnavus
                    is closely associated with Crohn's disease and exhibits potent pro‐inflammatory activity. Synthetic glucorhamnan fragments could serve as critical tools for dissecting the molecular mechanisms underlying the inflammatory responses elicited by the bacterial polysaccharides, and could be further developed into carbohydrate‐based vaccines. However, chemical synthesis of these glucorhamnan motifs remains challenging, given the requisite construction of 1,2‐
                    trans
                    ‐glycosidic linkages within the linear rhamnan backbone and 1,2‐
                    cis
                    ‐glycosidic linkages of the 1,6‐isomaltose sidechain. In this study, we report the efficient synthesis of such branched glucorhamnans, including pentamer, decamer, and eicosamer. Conformational analysis, employing nuclear magnetic resonance experiments and molecular dynamics simulations, reveals that the glucorhamnans adopt an extended left‐handed helicoidal conformation that regularly and continuously exposes the isomaltose sidechains. Biological assays demonstrate that the synthetic glucorhamnans effectively induce the release of tumor necrosis factor‐α (TNF‐α) and the secretion of interleukin‐6 (IL‐6) and interleukin‐12 (IL‐12) in bone marrow‐derived dendritic cells (BMDCs).",crossref,0
Latent Solvation Chemistry with Low Electrostatic Stickiness Enables Wide‐Temperature Fast‐Charging Lithium‐Ion Batteries,https://onlinelibrary.wiley.com/doi/10.1002/anie.3947346?af=R,Wiley: Angewandte Chemie International Edition: Table of Contents,2026-09-30 06:05:30 UTC,2026-09-30 06:05:30+00:00,10.1002/anie.3947346,Xiaodi Ren,"ABSTRACT
                  
                    Electrolytes for lithium‐ion batteries commonly rely on static solvation structures that support ion dissociation and transport under mild conditions but lack the adaptability required across large temperature variations. Here, we establish latent solvation chemistry to construct a dynamically evolving solvation environment in which a suitably selected diluent remains weakly coordinated at room temperature but is recruited into the Li
                    +
                    solvation shell upon cooling. Guided by lithiophilicity and electrostatic stickiness, we identify a diluent that combines temperature‐activated Li
                    +
                    coordination with favorable transport characteristics. Upon cooling, its recruitment into the Li
                    +
                    solvation shell reorganizes the solvation environment, facilitating ion transport and interfacial charge transfer. The resulting electrolyte also forms a thin, LiF‐rich interphase that supports efficient low‐temperature Li
                    +
                    transport. The designed electrolyte enables 5 C fast charging at −20°C and stable cycling at −50°C with a reversible capacity above 150 mAh g
                    −
                    1
                    . A 1.2 Ah pouch cell retains 91.04% of its initial capacity after 2000 cycles over more than 600 days. This work establishes latent solvation chemistry as a molecular design strategy for wide‐temperature fast charging in lithium‐ion batteries.",crossref,0
Enhanced Bulk Photovoltaics in Polar 2D Hybrid Perovskite via Pressure‐Strengthened Organic‐Inorganic Interactions,https://advanced.onlinelibrary.wiley.com/doi/10.1002/adma.75197?af=R,Wiley: Advanced Materials: Table of Contents,2026-09-30 06:43:07 UTC,2026-09-30 06:43:07+00:00,10.1002/adma.75197,Xujie Lü,"ABSTRACT
                  
                    The development of bulk photovoltaic effect (BPVE) in polar two‐dimensional (2D) organic‐inorganic hybrid perovskites (OIHPs) is currently impeded by an insufficient understanding of the microscopic mechanisms linking organic‐inorganic interactions to photovoltaic output. Here, we utilize pressure as an effective thermodynamic probe to decouple these interactions in BDA(EA)
                    2
                    Pb
                    3
                    Br
                    10
                    (BDA is 1,4‐butanediammonium, EA is ethylammonium), achieving the first pressure‐engineered synergistic enhancement of short‐circuit current (
                    I
                    SC
                    ) and open‐circuit voltage (
                    V
                    OC
                    ). Comprehensive in situ characterizations reveal that pressure‐strengthened N─H···Br hydrogen bonding induces cooperative organic cation ordering and inorganic octahedral distortion. This structural synergy amplifies spontaneous polarization, resulting in a 530‐fold increase in BPVE efficiency to 0.18% at 1.5 GPa, a value surpassing all previously reported OIHPs. Moreover, the enhanced organic‐inorganic interaction stabilizes the ferroelectric state, elevating the Curie temperature to 433 K. These results elucidate the microscopic mechanism underlying BPVE enhancement in 2D OIHP ferroelectrics and establish pressure modulation as an effective strategy for mechanistic studies and photovoltaic optimization.",crossref,0
Tannic Acid–Fe3+ Complex‑Sulfonate Coupled Hydrogel Electrolyte for Stable Zinc Anodes,https://advanced.onlinelibrary.wiley.com/doi/10.1002/adma.75206?af=R,Wiley: Advanced Materials: Table of Contents,2026-09-30 06:45:52 UTC,2026-09-30 06:45:52+00:00,10.1002/adma.75206,Can Huang,"ABSTRACT
                  
                    Aqueous zinc‐ion batteries feature low cost and inherent safety for large‐scale energy storage. However, their practical deployment is significantly hindered by zinc dendrite proliferation and interfacial corrosion. Conventional electrolytes fail to address cascading failure modes, including corrosion onset, current concentration, and hydrostatic penetration. In this study, we fabricate a high‐performance hydrogel electrolyte membrane via robust electrostatic interactions between tannic acid‐ferric ion complexes and sulfonate groups. This membrane delivers ionic conductivity of (39.94 ± 0.33) mS cm
                    −1
                    , a high zinc‐ion transference number of (0.91 ± 0.02), and favorable mechanical adaptability. Combined DFT calculations, COMSOL simulations, and multi‐scale characterizations uncover a three‐tier synergistic defense mechanism: tannic acid‐ferric ion Lewis‐acid sites inhibit interfacial corrosion; interconnected sulfonate‐tannic acid‐ferric ion networks realize uniform electric‐field distribution; reversible iron‐oxygen coordination bonds alleviate deposition‐induced internal stress. Symmetric cells sustain stable cycling over 600 h under extreme conditions (65 mA cm
                    −2
                    , 58.5 mAh cm
                    −2
                    , 99.7% depth of discharge). Polyaniline‐based full cells achieve 5200 stable cycles with average Coulombic efficiency above 99.9%, and vanadium pentoxide‐based cells exhibit robust cycling performance. This work provides a viable electrolyte strategy for stabilizing zinc anodes and offers valuable insights into high‐performance aqueous metal‐battery electrolyte design.",crossref,0
Anisotropic Facet Doping Amplifies Built‐In Electric Field in Single‐Particle Photocatalysts,https://advanced.onlinelibrary.wiley.com/doi/10.1002/adma.75171?af=R,Wiley: Advanced Materials: Table of Contents,2026-09-30 06:47:20 UTC,2026-09-30 06:47:20+00:00,10.1002/adma.75171,Hua Gui Yang,"ABSTRACT
                  
                    Controllable chemical doping is an effective strategy to tailor electronic structure and charge‐carrier dynamics in semiconductors, especially in one‐step‐excitation semiconductor photocatalysts. However, achieving a controllable dopant distribution within a single‐particle photocatalyst without compromising its well‐defined redox facets remains a significant challenge. Here, using a two‐step molten‐salt synthesis as a controlled platform, we reveal facet‐selective Al
                    3+
                    incorporation in SrTiO
                    3
                    while preserving the desired cuboctahedron morphology with exposed {100}/{111} facets. Increasing the Al
                    3+
                    supply within this morphology‐preserving window leads to a pronounced facet‐anisotropic distribution within individual particles, with the Al content along {111} exceeding that along {100} by more than twofold from the surface toward the bulk. This facet‐anisotropic distribution enhances the inter‐facet electrostatic asymmetry associated with the intrinsic built‐in electric field. As a demonstration, 4.0 mol% Al‐doped SrTiO
                    3
                    delivers an apparent quantum yield of 81.1% at 335 nm for overall water splitting, producing H
                    2
                    and O
                    2
                    in a stoichiometric 2:1 ratio with a hydrogen evolution rate of 3364.13 µmol·h
                    −1
                    . This work establishes facet‐resolved dopant distribution as a spatial design parameter for efficient particulate photocatalysis.",crossref,0
Mechanically Robust and Self‐Healing Sustainable Solid‐State Ion‐Conductive Elastomer for Near‐Infrared‐Driven Noncontact Sensing,https://advanced.onlinelibrary.wiley.com/doi/10.1002/adma.75183?af=R,Wiley: Advanced Materials: Table of Contents,2026-09-30 06:49:49 UTC,2026-09-30 06:49:49+00:00,10.1002/adma.75183,Jian‐Bing Zeng,"ABSTRACT
                  
                    Stretchable solid‐state ionic conductive elastomers (SICEs), serving as essential materials for ionotronic devices, exhibit great promise in emerging applications in electronic skin, soft robotics, especially in wearable sensors. Nevertheless, the development of such materials with high strength, self‐healing, and ionic conductivity remains highly desirable yet challenging, as simultaneously integrating these properties is often hindered by intrinsic trade‐offs among molecular chain dynamics and desired functions. Herein, we develop a SICE featuring a natural rubber‐based segregated network, in which latex particles are encapsulated by carboxylated cellulose nanofibers, polydopamine, and lithium bis(trifluoromethanesulfonyl)imide. The formation of integrated dense interfacial hydrogen and lithium bonds among the components leads to a robust interface and superior integral architecture, delivering an unprecedented combination of properties: a tensile strength of 6.23 MPa, a room‐temperature self‐healing efficiency of 98%, and an ionic conductivity of 4.15 × 10
                    −
                    3
                    S·m
                    −1
                    . Such performance substantially outperforms the most state‐of‐the‐art bio‐based counterparts, noting that all main components are derived from bio‐based resources. Furthermore, the polydopamine imparts photothermal conversion capability, enabling not only remote‐triggered rapid self‐healing but also non‐contact sensing via near‐infrared light‐mediated thermal stimulation. This study advances a sustainable and remotely controllable platform based on bio‐based SICEs, opening new avenues for next‐generation intelligent flexible electronics.",crossref,0
Microenvironment Responsive Self‐Powered Hydrogel for Electro‐Inspired Regeneration of Infectious Diabetic Bone Defects,https://advanced.onlinelibrary.wiley.com/doi/10.1002/adma.75222?af=R,Wiley: Advanced Materials: Table of Contents,2026-09-30 06:56:05 UTC,2026-09-30 06:56:05+00:00,10.1002/adma.75222,Yao Wu,"ABSTRACT
                  
                    Hyperglycemia, excessive reactive oxygen species (ROS), and bacterial infection considerably hinder the regeneration of infected diabetic bone defects. Conventional tissue‐engineering strategies often lack spatiotemporal responsiveness to the pathological microenvironment or require external power sources for electrical stimulation. Inspired by enzymatic biofuel cell technology, this study introduces a microenvironment‐responsive self‐powered MXene‐based electroactive hydrogel (sp‐MEH) that uniquely integrates cascade catalysis with endogenous current generation under diabetic conditions. Unlike previously reported conductive hydrogels or piezoelectric materials, sp‐MEH autonomously consumes excess glucose and ROS while simultaneously producing sustained electrical signals without external energy input. This dual functionality enables three synergistic therapeutic actions: remodeling of the pathological chemical microenvironment to promote anti‐inflammatory macrophage polarization, activation of voltage‐gated Ca
                    2+
                    channels and downstream CaMKII/PKC pathways to enhance osteogenic differentiation, and interference with bacterial energy metabolism to achieve potent antibacterial effects. sp‐MEH significantly outperforms its non‐electroactive or randomly mixed counterparts in promoting the regeneration of infected diabetic bones, as validated in vitro and in vivo. This study establishes a paradigm for self‐powered, microenvironment‐adaptive biomaterials that convert pathological cues into therapeutic signals. Thus, it presents a transformative strategy for complex bone defect repair.",crossref,0
Background trade winds and climate sensitivity control the eastern equatorial Pacific warming pattern,https://www.science.org/doi/abs/10.1126/sciadv.aec5746?af=R,AAAS: Science Advances: Table of Contents,2026-09-30 07:00:00 UTC,2026-09-30 07:00:00+00:00,10.1126/sciadv.aec5746,Alexey V. Fedorov,"Climate models robustly project enhanced warming in the eastern equatorial Pacific (EEP) by the late 21st century, producing a mean El Niño–like pattern that strongly influences atmospheric circulation and El Niño–Southern Oscillation dynamics. Here, we show that the magnitude of this pattern depends primarily on the model’s strength of background Pacific trade winds and the effective climate sensitivity (EffCS), which together explain ∼74% of the intermodel variance in future EEP warming. Perturbation experiments reveal the underlying mechanism: Stronger trade winds produce larger east-west contrasts in sea surface temperature (SST) and low-cloud cover. Under radiative forcing, this amplifies positive low-cloud and Bjerknes feedbacks, leading to a greater reduction in the east-west SST gradient. These results provide an emergent constraint on future changes in the zonal SST gradient. Specifically, an observation-based easterly wind stress of 0.043 newtons per square meter and an EffCS of 3.0°C yields an estimated reduction in the zonal SST gradient of 0.73 under SSP5-8.5.",crossref,0
Stability in flexibility: Shifting alliances stabilize the symbioses of marine animals over 150 million years,https://www.science.org/doi/abs/10.1126/sciadv.aed1476?af=R,AAAS: Science Advances: Table of Contents,2026-09-30 07:00:00 UTC,2026-09-30 07:00:00+00:00,10.1126/sciadv.aed1476,Harald R. Gruber-Vodicka,"Many animals benefit from microbial symbionts that aid digestion, supply essential nutrients, or provide defense. When this dependence becomes obligate, as in gutless marine oligochaetes that have lost both digestive and excretory systems and rely entirely on their bacterial partners for nutrition and recycling of waste compounds, it would seem to constrain ecological and evolutionary flexibility. Yet, these worms are globally distributed and thrive across diverse environments. To investigate how stability and adaptability coexist in such obligate symbioses, we combined global sampling with high-resolution phylogenomic analyses of 246 individuals from 63 species across 17 marine sites. Ancestral reconstructions revealed that the chemoautotrophic primary symbiont “
                    Candidatus
                    Thiosymbion” was acquired early and persistently maintained, whereas additional partners were repeatedly gained through convergent evolution, expanding metabolic potential. Symbiont communities were highly consistent within host species, but this stability dissolved rapidly as hosts diverged, with communities reshaping rapidly across short macroevolutionary timescales. Even the primary symbiont “
                    Ca
                    . Thiosymbion” showed low fidelity and occasional displacement, a sharp contrast to other multipartite symbioses, where core partners persist unchanged for hundreds of millions of years. Thus, gutless oligochaetes illustrate how long-term stability at microevolutionary scales can coexist with rapid reshaping at macroevolutionary scales in multipartite symbioses. More broadly, this pattern demonstrates how the paradox of stability through flexibility may underpin the persistence and diversification of complex symbioses across deep time.",crossref,0
Predicting and finding geroprotective compounds through modulating conserved longevity–associated aging modules,https://www.science.org/doi/abs/10.1126/sciadv.aee3657?af=R,AAAS: Science Advances: Table of Contents,2026-09-30 07:00:00 UTC,2026-09-30 07:00:00+00:00,10.1126/sciadv.aee3657,Jan Gruber,"Currently, no generalizable tools exist for predicting the impact of interventions on aging using gene expression changes. Here, we build a model for predicting potential geroprotectors by deconstructing the aging transcriptome into coexpression modules and identifying those modulated by life span–extending interventions in
                    Caenorhabditis elegans
                    (
                    C. elegans
                    ). Many of these modules exhibited adaptive changes during aging that are linked to longevity. Using these longevity-associated modules, we predicted and validated 10 compounds (7 previously unreported) that significantly extended life span in
                    C. elegans
                    . RNA sequencing analysis of two top candidates also showed targeted modulation of our longevity-associated modules. We identified conservation of several modules in mice that were also correlated with frailty. Together, our findings demonstrate that beneficial transcriptomic adaptations occur during aging and that targeting longevity-associated modules offers a framework for geroprotector discovery.",crossref,0
Deciphering pervasive domestication and active “dark matter” of proviruses in prokaryotes via precision border mapping,https://www.science.org/doi/abs/10.1126/sciadv.aec5299?af=R,AAAS: Science Advances: Table of Contents,2026-09-30 07:00:00 UTC,2026-09-30 07:00:00+00:00,10.1126/sciadv.aec5299,Huahua Jian,"Proviruses are widespread components of prokaryotic genomes, yet their characterization is impeded by border identification errors. We developed ProBord (Provirus Border Delimiter), a tool achieving single-base-precision border mapping via cross-genome
                    attB
                    site alignment. Using ProBord, we built a database of 430,134 border-delimited proviruses (BDPs). Our analysis revealed that BDPs carry diverse functional genes, including virulence and antibiotic resistance determinants, as well as defense and antidefense systems, with position-specific distributions. Furthermore, comparing BDPs with border-undelimited proviruses (BUPs), whose boundaries could not be precisely delimited by ProBord, revealed a universal pattern of proviral domestication: BUPs selectively lose viral core genes but retain host-beneficial functions through rapid deletion or progressive mutation. Critically, integrating the tool ProAct (Provirus Activity Detector) with ProBord enabled reverse mining of 101 “dark” proviruses (DPs), which are overlooked by mainstream prediction tools. Most of these DPs were associated with pathogenic bacterial hosts. This integrated framework combines tools, theory, and resources—including more than 430,000 BDPs, 4910 active proviruses, and 101 DPs—to decipher the composition, function, and evolution of proviruses in prokaryotes.",crossref,0
A NIR-II AIEgen with superior fluorescence and photothermal performance for precision theranostics,https://www.science.org/doi/abs/10.1126/sciadv.aeh5939?af=R,AAAS: Science Advances: Table of Contents,2026-09-30 07:00:00 UTC,2026-09-30 07:00:00+00:00,10.1126/sciadv.aeh5939,Ben Zhong Tang,"Second near-infrared (NIR-II; 1000 to 1700 nanometers) aggregation-induced emission luminogens (AIEgens) hold great promise for imaging-guided precision tumor phototherapy yet are limited by the intrinsic trade-off between fluorescence brightness and photothermal performance. Existing design strategies often yield complex molecular structures while inadequately addressing this trade-off. Herein, we propose a “Minor Tweaks, Major Leaps” concept: Simple modification of the star NIR-II AIEgen
                    
                      2TT-
                      o
                      C6B
                    
                    (less than 5% change in molecular weight) markedly improves both NIR-II fluorescence brightness and photothermal performance. The thus-obtained new NIR-II AIEgen,
                    ST-CZ
                    , ranks among leading phototheranostic agents, exhibiting a long emission maximum at 1082 nanometers, a high fluorescence quantum yield of 4.3%, and a great photothermal conversion efficiency of 69% in nanoparticles. Leveraging these superior properties,
                    ST-CZ
                    enables cerebrovascular imaging with an advanced resolution of 19.0 micrometers, and the derived multifunctional platform achieves tumor progression–associated vascular remodeling visualization and efficient metastatic tumor ablation via synergistic photothermal immunotherapy. This work provides a robust strategy for developing high-performance NIR-II AIEgens for advanced biomedical applications.",crossref,0
Intratumoral therapeutic dust for chemo-photodynamic combination treatment,https://www.science.org/doi/abs/10.1126/sciadv.aeh5237?af=R,AAAS: Science Advances: Table of Contents,2026-09-30 07:00:00 UTC,2026-09-30 07:00:00+00:00,10.1126/sciadv.aeh5237,Xinyu Xue,"Implantable wireless ultrasound microdevices for intratumoral therapy are hindered by inadequate miniaturization for deep-seated sites and toxic lead-based piezoelectrics. Here, we report an injectable, lead-free, submillimeter therapeutic dust (TheraDust; 1.0 millimeters by 1.0 millimeters by 0.9 millimeters) for ultrasound-driven wireless chemo-photodynamic combined therapy. The core of the device is a lead-free tin-doped barium titanate piezoelectric ceramic that features a multiphase coexistence at physiological temperature and exhibits a high piezoelectric coefficient (
                    d
                    33
                     = 460 picocoulombs per newton). The TheraDust integrates with an ultrasound-responsive drug-loaded hydrogel for precise intratumoral injection. Under programmable ultrasound, it generates light for photodynamic therapy and triggers on-demand chemotherapeutic release for enhanced treatment. In animal models of breast cancer, the device achieved potent tumor suppression, reducing the final tumor volume to less than 3% after five treatment sessions (5 minutes each) and could be retrieved minimally invasively posttreatment. This platform can be adapted to deliver a range of therapeutic stimuli wirelessly, offering a versatile strategy for treating deep-seated pathologies.",crossref,0
Tumor gasdermin E acts as a rheostat to limit apoptotic cell survival and mutagenesis in anticancer immune environments,https://www.science.org/doi/abs/10.1126/sciadv.aeb1137?af=R,AAAS: Science Advances: Table of Contents,2026-09-30 07:00:00 UTC,2026-09-30 07:00:00+00:00,10.1126/sciadv.aeb1137,Douglas R. Green,"Recent studies have described an ability of cancer cells to survive engagement of apoptotic pathways following chemical and therapeutic insults, challenging the prevailing model that caspase activation inevitably leads to cellular demise. Gasdermin E (GSDME), whose expression is frequently down-regulated or silenced in many tumors and tumor-derived cell lines, is a putative tumor suppressor capable of facilitating the induction of antitumor immunity. We found that GSDME expression precluded high caspase activity before cellular membrane rupture downstream of chemical and immune-mediated insults, and its absence allowed for enhanced activities downstream of caspase activation, including the DNA-damaging effects of caspase-activated deoxyribonuclease. Loss of GSDME allowed cells that had sustained DNA damage to survive, resulting in development and propagation of mutated clones. We conclude that GSDME functions as a key rheostat for determining cell death outcomes by tuning the tolerance to the activities of caspases and their substrates during apoptosis. In analyzing solid tumors in The Cancer Genome Atlas, we found that tumor mutational burden was higher in tumors with low GSDME expression and high immune signatures, supporting the possibility that the effects we describe affect tumor mutation in response to immune assault.",crossref,0
Electronic profiling of neuronal extracellular vesicles enables early prediction of Parkinson’s disease,https://www.science.org/doi/abs/10.1126/sciadv.aee4525?af=R,AAAS: Science Advances: Table of Contents,2026-09-30 07:00:00 UTC,2026-09-30 07:00:00+00:00,10.1126/sciadv.aee4525,Sahika Inal,"Misfolded alpha-Synuclein (α-Syn) accumulation is the defining molecular pathology of Parkinson’s disease (PD), yet blood-based assays remain challenged by the high background of peripheral α-Syn originating mainly from red blood cells. Neuronal extracellular vesicles (EVs) circulating in blood offer a biologically enriched source of brain-derived α-Syn proteoforms, but their ultralow abundance has hindered reliable detection. Here, we introduce an organic electrochemical transistor–based multiparametric diagnostic assay that simultaneously detects total, aggregated, and serine-129–phosphorylated α-Syn proteoforms in serum L1CAM
                    +
                    EVs. The platform achieves low femtomolar sensitivity in buffer and robust analytical performance in clinical specimens. In a cohort of 66 individuals, including prodromal and clinically diagnosed patients with PD, combining the three proteoform readouts distinguished PD from controls with 90.9% accuracy (88.6% sensitivity and 90.9% specificity). By electronically amplifying and resolving multiple neuronal α-Syn signatures in blood, this assay enables a minimally invasive diagnostic tool for early-stage PD and provides a path toward therapeutic intervention during the window when disease-modifying treatments are likely to be most effective.",crossref,0
Self-organized hummock-hollow patterns redistribute salinity stress in coastal meadows,https://www.science.org/doi/abs/10.1126/sciadv.aec0903?af=R,AAAS: Science Advances: Table of Contents,2026-09-30 07:00:00 UTC,2026-09-30 07:00:00+00:00,10.1126/sciadv.aec0903,Johan van de Koppel,"Self-organization theory predicts that ecosystem functioning and resilience can emerge from feedbacks that generate spatial patterns. These emergent properties have commonly been explained by local positive feedbacks that concentrate limiting resources within productive patches. Here, we identify a stress-redistribution feedback underlying self-organized hummock-hollow patterning. Through this feedback, salinity stress is partitioned across the patterned landscape, maintaining vegetated hummocks as low-salinity refugia alongside salt-rich hollows and thereby sustaining ecosystem functioning under climate-related salinization. A spatially explicit model predicts that rain-driven salt redistribution lowers hummocks salinity, increases productivity, and enhances resilience to a salt pulse. Field and remote-sensing data support these predictions: Patterned hummocks have lower soil salinity, higher biomass, greater reproductive output, and prolonged phenological activity compared with adjacent homogeneous vegetation. Together, these results reveal that spatial self-organization can support ecosystem functioning and resilience under climate stress through an underappreciated mechanism: the spatial redistribution of environmental stress. Restoring such self-organized patterning may offer a promising strategy for sustaining ecosystems in a changing climate.",crossref,0
Chemo-metallo nanodrivers for spatiotemporally controlled in situ vaccination,https://www.science.org/doi/abs/10.1126/sciadv.aee4577?af=R,AAAS: Science Advances: Table of Contents,2026-09-30 07:00:00 UTC,2026-09-30 07:00:00+00:00,10.1126/sciadv.aee4577,Liang Cheng,"In situ cancer vaccines exhibit promising therapeutic potential; however, their efficacy is constrained by limited antigen release, suboptimal spatiotemporal immune coordination, and adaptive immune resistance. In this study, we identify zinc ions (Zn
                    2+
                    ) as synergistic agents with chemotherapeutics in modulating PANoptosis and immune signaling pathways. Capitalizing on this concept, a chemo-metallic nanodriver was developed for effective in situ cancer vaccination. This system used zinc-aluminum layered double hydroxides as the structural base and efficiently loaded cisplatin (DDP) and indocyanine green via coordination-driven polymerization, forming a spatiotemporally controllable nanodriver, which facilitated the simultaneous release of drug and metal ions upon photoactivation. The released Zn
                    2+
                    specifically disrupted zinc homeostasis in tumor cells, inducing mitochondrial dysfunction. This effect acted in concert with DDP-mediated DNA damage, not only effectively activating the cGAS-STING (cyclic GMP-AMP synthase–stimulator of interferon genes) pathway but also promoting the assembly and activation of AIM2-PANoptosome complex to execute PANoptosis. This STING-PANoptosis cascade led to a burst release of damage-associated molecular patterns, markedly enhanced dendritic cell maturation, and stimulated the secretion of pro-inflammatory cytokines. Furthermore, the nanodriver elicited a robust antitumor immune response and established durable immune memory in mouse models. These findings not only provide an optimized strategy for precise immunotherapy of gastric cancer but also increase the understanding of the applications of metal ion immunology and PANoptosis in disease intervention.",crossref,0
Sensitizing tumor response to topoisomerase I antibody-drug conjugate by selective CDK7 inhibition,https://www.science.org/doi/abs/10.1126/sciadv.aeb4023?af=R,AAAS: Science Advances: Table of Contents,2026-09-30 07:00:00 UTC,2026-09-30 07:00:00+00:00,10.1126/sciadv.aeb4023,Tae-Kyung Kim,"This study investigates the transcriptional impact of Q901, a highly selective cyclin-dependent kinase 7 (CDK7) inhibitor in clinical development. Q901 primarily disrupted MYC and E2F-dependent transcription programs, down-regulating cell cycle control and DNA damage repair pathways. CDK7 binding at the promoter-proximal regions was markedly stabilized by Q901, leading to reduced occupancy of MYC, E2F, and RNA polymerase II (RNAPII). These findings offered a novel therapeutic strategy to enhance cancer susceptibility to topoisomerase I (TOP1) DNA-protein cross-links (TOP1-DPCs) induced by TOP1 inhibitors. Resistance to TOP1 inhibitors arises through activation of DNA repair pathways when elongating RNAPII encounters TOP1-DPCs. By suppressing RNAPII transition from initiation to elongation and DNA repair pathways, Q901 stabilizes TOP1-DPCs and sensitizes tumors to TOP1 inhibitors. Preclinical studies demonstrated enhanced tumor suppression when combining Q901 with TOP1 inhibitor–based antibody-drug conjugates (TOP1i-ADCs), highlighting its potential as a therapeutic option for cancers resistant to TOP1i-ADC therapy.",crossref,0
A noncanonical function of the tyrosine degradation enzyme FAH drives CDK4/6 inhibitor resistance in breast cancer,https://www.science.org/doi/abs/10.1126/sciadv.aef1145?af=R,AAAS: Science Advances: Table of Contents,2026-09-30 07:00:00 UTC,2026-09-30 07:00:00+00:00,10.1126/sciadv.aef1145,Taru Muranen,"Resistance to standard-of-care therapies remains a major clinical challenge in the treatment of the most common breast cancer, the hormone receptor–positive (HR+) subtype. Cyclin-dependent kinase 4/6 (CDK4/6) inhibitors improve outcomes in early-stage HR+ disease, yet many patients relapse. Resistance mechanisms of relapsed tumors include genetic alterations, but in many cases, no genetic drivers are identified. Here, we investigated mechanisms underlying resistance to CDK4/6 inhibitors using breast cancer patient–derived models and tumors. We identified an unexpected, noncanonical nuclear function of fumarylacetoacetate hydrolase (FAH), an enzyme in the tyrosine catabolism pathway, as a driver of resistance. FAH translocated to the nucleus upon CDK4/6 inhibition, where it interacted with cyclin-dependent kinase 9 (CDK9), and promoted resistance. Nuclear FAH was enriched in tumors from relapsed patients, and inhibition of CDK9 reversed FAH-mediated resistance. These findings establish nuclear FAH as a biomarker of resistance and revealed CDK9 as a therapeutic vulnerability in CDK4/6 inhibitor–resistant HR+ breast cancer.",crossref,0
Stochastic cloud fluctuations drive Arctic winter radiative bistability,https://www.science.org/doi/abs/10.1126/sciadv.aeh3823?af=R,AAAS: Science Advances: Table of Contents,2026-09-30 07:00:00 UTC,2026-09-30 07:00:00+00:00,10.1126/sciadv.aeh3823,Graham Feingold,"In Arctic winter, the boundary layer occupies two preferred radiative states, a cold, clear state and a heat-trapping, cloudy state, that strongly regulate surface energy loss over sea ice. Yet, reanalyses and climate models are often biased toward a single intermediate state. Using a stochastic differential equation framework applied to 27 years of high-resolution observations, we show that the observed bistability is not sustained by multiple deterministic equilibria: The mean restoring tendency is effectively single-well, while background meteorology alone cannot explain rapid transitions. Instead, the two regimes are sustained by sharply localized, state-dependent noise in the transition range. This noise structure emerges when subhourly fluctuations in liquid water path are radiatively amplified by the nonlinear saturation of longwave emissivity. Our results provide a dynamical explanation for this model bias and identify unresolved fast cloud variability as a key source of uncertainty in Arctic winter climate projections.",crossref,0
Macroevolutionary dynamics and predictors of tropical rain forest plant diversity,https://www.science.org/doi/abs/10.1126/sciadv.aee4197?af=R,AAAS: Science Advances: Table of Contents,2026-09-30 07:00:00 UTC,2026-09-30 07:00:00+00:00,10.1126/sciadv.aee4197,Thomas L. P. Couvreur,"Tropical rain forest is the most diverse terrestrial biome, yet the drivers of its diversification across space and time remain poorly understood. Although heterogeneous diversification rates, including both ancient and recent radiations, have been reported, these dynamics have rarely been examined within a single lineage across deep evolutionary timescales. Here, we reconstruct a dated phylogenomic tree of the pantropical plant family Annonaceae, sampling 2045 species (∼82% of its diversity) and spanning ∼100 million years of evolutionary history. Diversification dynamics vary markedly across tropical regions, correlated with distinct environmental factors rather than uniform processes. Sea level fluctuations dominate in the Asia-Pacific, whereas paleotemperature shapes diversification in the Afrotropics and Neotropics. We also detect a Late Cretaceous increase in diversification, indicating that a substantial portion of Annonaceae diversity originated before the Cretaceous-Paleogene boundary. Together, these results highlight how regional environmental trajectories have shaped the assembly of a diverse tropical plant family over deep evolutionary time.",crossref,0
Nonmonotonic scaling of the anomalous Hall effect in a bicollinear antiferromagnet,https://www.science.org/doi/abs/10.1126/sciadv.aef9859?af=R,AAAS: Science Advances: Table of Contents,2026-09-30 07:00:00 UTC,2026-09-30 07:00:00+00:00,10.1126/sciadv.aef9859,Stuart S. P. Parkin,"An anomalous Hall effect (AHE) in antiferromagnetic (AF) systems without net magnetization is of considerable interest for fundamental physics and spintronic applications. Of particular interest is the two-dimensional van der Waals antiferromagnet iron telluride (FeTe), which has an unusual magnetically compensated bicollinear AF structure and claimed Kondo interactions that cause strong band renormalization. Here, we investigate the AHE in epitaxial FeTe thin films grown by molecular beam epitaxy. A large anomalous Hall conductivity is exhibited below the Néel temperature (
                    T
                    N
                     ∼ 60 kelvins) and, notably, becomes nonlinear at high magnetic fields within a narrow temperature window around 49 kelvins, deviating from conventional AHE scaling behavior versus the longitudinal conductivity. The accompanying field-induced canted magnetic moment activates these AHE responses by tuning the Berry curvature derived from FeTe’s topological band structure once the zero-field symmetry constraint is lifted. The unconventional scaling of AHE highlights the intricate interplay between antiferromagnetism, topology, and electronic transport in FeTe.",crossref,0
Remodeling of mitochondrial dynamics by metabolic pathways couples to oncogenic growth in GNAS (Gαs) mutant pancreas cancer,https://www.science.org/doi/abs/10.1126/sciadv.aeh7186?af=R,AAAS: Science Advances: Table of Contents,2026-09-30 07:00:00 UTC,2026-09-30 07:00:00+00:00,10.1126/sciadv.aeh7186,Krushna C. Patra,"Maintenance of fissed mitochondria is viewed as a defining feature of Kirsten rat sarcoma viral oncogene homolog (KRAS)-mutant cancers. However, regulation of this process by accompanying comutations or environmental factors is not clearly defined. Here, by analyzing a subset of pancreatic cancer lesions driven by concurrent Kras
                    G12D
                    and
                    GNAS
                    complex locus gene (GNAS
                    R201C/H
                    ) mutations, we found that despite the presence of mutant Kras, hyperactive Gnas
                    R201C
                    maintains mitochondria predominantly in a fused state, which is necessary for tumor growth. Multiplex proteomics, super-resolution microscopy, loss- and gain-of-function studies, coupled with metabolite rescue experiments, revealed that Gnas
                    R201C
                    -regulated branched-chain amino acid (BCAA) pathway is a previously unidentified regulator of mitochondrial morphology. Mechanistically, the BCAA pathway, the associated tricarboxylic acid cycle, and aspartate metabolism converge on nicotinamide adenine dinucleotide (NADH-NAD
                    +
                    ) metabolites to promote mitochondrial elongation. NAD
                    +
                    availability is crucial for mitochondrial fusion, as facilitating NAD
                    +
                    generation through alternative means promotes fusion. Collectively, we unraveled a new mechanism that drives mitochondrial fusion and showed that the combination of oncogenic signaling and metabolism can maintain distinct mitochondrial morphology within genetic subsets of KRAS-mutant pancreatic cancer.",crossref,0
Functional diversification of CsCAD14 orchestrates synergistic phenylpropanoid biosynthesis to defend gray blight disease in tea plants,https://www.science.org/doi/abs/10.1126/sciadv.aei1647?af=R,AAAS: Science Advances: Table of Contents,2026-09-30 07:00:00 UTC,2026-09-30 07:00:00+00:00,10.1126/sciadv.aei1647,Junyan Zhu,"Phenylpropanoid metabolism is a crucial secondary metabolic pathway in plants. Numerous neofunctionalized and specialized enzymes emerged during plant terrestrialization, yielding metabolites contributing to environmental adaptation. Here, a cinnamyl alcohol dehydrogenase from tea plant (
                    Camellia sinensis
                    ), CsCAD14, exhibited dual activity catalyzing monolignol and hydroxycinnamic acid biosynthesis. Antifungal assays showed that monolignols and hydroxycinnamic acids synergistically inhibited
                    Pestalotiopsis
                    growth. Integrated functional characterizations revealed that
                    CsCAD14
                    enhanced gray blight disease resistance by increasing monolignol and hydroxycinnamic acid levels compared to
                    CsCAD11
                    featured with single-enzymatic activity. Notably, genetic analysis of F
                    1
                    progeny from crossing susceptible and resistant tea cultivars identified a nonsynonymous mutation in the
                    CsCAD14
                    coding region, which abolished dual-enzymatic activity and was associated with pathogen susceptibility. Furthermore, evolutionary analysis revealed a positively selected amino acid substitution (L192V) driving CAD functional diversification from single-enzymatic activity in algae to dual-enzymatic activity in land plants. These findings uncover neofunctionalization of dual-activity CADs evolved for phenylpropanoid defense to enhance fungal disease resistance during plant adaptation to terrestrial environments.",crossref,0
A forward genetics platform for papillomavirus research,https://www.science.org/doi/abs/10.1126/sciadv.aei3417?af=R,AAAS: Science Advances: Table of Contents,2026-09-30 07:00:00 UTC,2026-09-30 07:00:00+00:00,10.1126/sciadv.aei3417,Daniel DiMaio,"The inability to perform forward genetics has been a major barrier to human papillomavirus (HPV) research. Here, we report a platform for phenotypic selection of HPV mutants. Our method relies on large “concordant” virus libraries, where each mutant virus particle encapsidates the mutant plasmid that encodes it, thereby directly linking viral genotype to phenotype. This platform can achieve a ∼2500-fold enrichment of an L1 capsid protein mutant from an excess of wild-type virus. To demonstrate that this system could select rare mutants from complex libraries, we selected and validated antibody escape mutants and showed that two neutralizing antibodies that recognize overlapping epitopes in L1 display distinct patterns of HPV recognition. This genetics approach unlocks previously inaccessible avenues of investigation into the HPV life cycle and provides a powerful engine to develop improved vaccines and novel antiviral strategies.",crossref,0
102No2+ as a soft metal ion: Extraction of 255No using crown ethers,https://www.science.org/doi/abs/10.1126/sciadv.aeh4903?af=R,AAAS: Science Advances: Table of Contents,2026-09-30 07:00:00 UTC,2026-09-30 07:00:00+00:00,10.1126/sciadv.aeh4903,Yoshitaka Kasamatsu,"The chemical properties of transfermium elements with atomic numbers &gt;100 are largely unknown. Element 102, nobelium, is an actinide and forms stable +2 valent cations in aqueous solutions, unlike other heavy actinide. In previous experiments, No
                    2+
                    exhibits similar behavior to alkaline earth metal ions, particularly Ca
                    2+
                    and Sr
                    2+
                    , suggesting hard-acid character. In this study, the soft metal ion behavior of No
                    2+
                    was demonstrated through complex with crown ethers. In the solid–liquid extraction of
                    255
                    No using di-
                    t
                    Bu-dicyclohexano-18-crown-6 in HNO
                    3
                    , No
                    2+
                    was extracted as much as Sr
                    2+
                    . Density functional theory calculations confirmed higher stability of the No
                    2+
                    –DtBuCH18C6 complex, with covalent bonding involving the 6
                    d
                    orbitals. Theoretical studies also revealed strong relativistic effects on the atomic orbitals of No
                    2+
                    , rendering No
                    2+
                    a soft ion similar to Pb
                    2+
                    .",crossref,0
"PI(3,5)P2 controls the signaling activity of class I PI3K",https://www.science.org/doi/abs/10.1126/sciadv.aeh8582?af=R,AAAS: Science Advances: Table of Contents,2026-09-30 07:00:00 UTC,2026-09-30 07:00:00+00:00,10.1126/sciadv.aeh8582,Wonhwa Cho,"3-Phosphoinositides are essential cellular lipids regulating health and disease. Among them, phosphatidylinositol-3,5-bisphosphate [PI(3,5)P
                    2
                    ] remains the least understood. Using a newly developed ratiometric PI(3,5)P
                    2
                    sensor that enables spatiotemporally resolved PI(3,5)P
                    2
                    quantification, we demonstrate that growth factor stimulation generates a distinct PI(3,5)P
                    2
                    pool on lysosomes and late endosomes. Formed sequentially by class II PI3KC2β and PIKfyve, this PI(3,5)P
                    2
                    pool terminates growth factor–stimulated class I phosphatidylinositol 3-kinase (PI3K) activity through a specific interaction with its regulatory p85 subunit. Disrupting this p85-PI(3,5)P
                    2
                    interaction via a small-molecule inhibitor or cancer-causing mutations blocks feedback inhibition, driving sustained class I PI3K activation and promoting neurite growth. Our findings uncover a spatiotemporally specific regulatory function of PI(3,5)P
                    2
                    that links class I and II PI3Ks to tune growth factor signaling. This mechanism offers therapeutic strategies for treating p85-mutant cancers and advancing tissue regeneration.",crossref,0
Heterogeneous hydroformylation of propene over surface rhodium coordinated by immobilized multi-N ligands,https://www.science.org/doi/abs/10.1126/sciadv.aej1532?af=R,AAAS: Science Advances: Table of Contents,2026-09-30 07:00:00 UTC,2026-09-30 07:00:00+00:00,10.1126/sciadv.aej1532,Weiping Ding,"Olefin hydroformylation is an extremely important reaction for producing bulk oxygen-containing organic functional molecules and homogeneous rhodium catalysts with organic phosphorous ligands are most commonly used. We report here a highly active heterogeneous catalyst for propene hydroformylation with Rh immobilized by alumina bonded 3-trimethoxysilylpropyl-diethyle-netriamine, of which ligand is more readily available, inexpensive, low toxic and no loss in reaction. The catalyst Rh-NQ62/Al
                    2
                    O
                    3
                    shows a TOF value as high as 710 h
                    −1
                    for propene conversion to C
                    4
                    oxygenates in selectivity higher than 99% in a fixed-bed reactor and sustains stable for at least 1000 h without any deactivation. Characterization and theoretical calculation reveal that the atomically dispersed Rh species in surface-bound configurations by the multi-N ligand effectively promotes the heterolytic cleavage of H
                    2
                    at the Rh-N site and enhances the overall propene hydroformylation. We envisage the work establishes a blueprint for development of better catalysts using multi-N ligands for heterogeneous hydroformylations.",crossref,0
Silver(I)-mediated amide-to-ester transformation on unprotected peptides for protein chemical synthesis and engineering,https://www.science.org/doi/abs/10.1126/sciadv.aej5227?af=R,AAAS: Science Advances: Table of Contents,2026-09-30 07:00:00 UTC,2026-09-30 07:00:00+00:00,10.1126/sciadv.aej5227,Xuechen Li,"Chemical protein synthesis has transformed the preparation of homogeneous peptides and proteins with site-specific modifications. Serine/threonine ligation offers a practical route to access difficult peptides and proteins via its aggregation-breaking intermediate, yet the preparation and regeneration of the prerequisite peptidyl salicylaldehyde ester still require the development of more efficient chemistry. Here, we report a silver(I)-mediated amide-to-ester transformation on unprotected peptides, enabled by an easily introduced
                    N
                    ,
                    S
                    -benzylidene thioacetal scaffold. This method can chemoselectively convert backbone amides into salicylaldehyde esters in aqueous acetic acid without detectable epimerization, which is demonstrated by comprehensive syntheses of various peptide examples, the efficient total synthesis of mirror-image histones histone 2A (H2A), H2B, H3, and H4, and detailed mechanistic studies. This strategy establishes a general organic platform for programmable amide activation at the peptide or protein level.",crossref,0
"Two protons, two positrons, and four electrons: Covalent bond with van der Waals characteristics",https://www.science.org/doi/abs/10.1126/sciadv.aej0387?af=R,AAAS: Science Advances: Table of Contents,2026-09-30 07:00:00 UTC,2026-09-30 07:00:00+00:00,10.1126/sciadv.aej0387,Alexandre Tkatchenko,"Classifying interactions is key in the physical sciences, and bonding mechanisms in matter-antimatter systems remain particularly enigmatic. Here, we focus on a paradigmatic example of positronium hydride (PsH) dimer composed of two protons, two positrons, and four electrons, whose bonding nature has been previously described as either ionic, covalent, or van der Waals like. Accurate quantum Monte Carlo calculations show that the two positrons occupy a delocalized molecular orbital that envelopes the two hydrogen anions and responds as a collective dipole to an applied electric field. This positronic bonding stems from quantum correlations that resemble a single covalent bond formed between negatively charged pseudonuclei, but with a bond strength commensurate with the traditional van der Waals interaction. Our findings suggest that the ability to form delocalized proto-bonds is a more general property of quantum systems and could be present in a broader class of particles, antiparticles, and quasiparticles interacting with matter.",crossref,0
Nonlinear directional emission on monolayer MoS2 by optical orbit-orbit coupling,https://www.science.org/doi/abs/10.1126/sciadv.aei3860?af=R,AAAS: Science Advances: Table of Contents,2026-09-30 07:00:00 UTC,2026-09-30 07:00:00+00:00,10.1126/sciadv.aei3860,Jincheng Ni,"Controlling the direction of light emission on the subwavelength scale is a key to manipulating light and improving efficiency in optical sensing and quantum information processing. In functional metasurfaces, photonic spin angular momentum is widely used to control the propagation of light emission by geometric phase, but it is challenging to accomplish using monolayer materials because of lacking optical resonance in atomic thickness. Furthermore, the manipulation of the optical geometric phase based on spin angular momentum beams typically offers only two tunable states. Here, we report optical control of free-space routing of second harmonic generation in monolayer MoS
                    2
                    assisted by photonic orbital angular momenta. The experimental directionality of the second harmonic light can reach 0.84. Moreover, we can dynamically route the second harmonic generation signal on the engineered monolayer MoS
                    2
                    with four directions, showing high-order information encryption. Our findings thus provide great flexibility and more degrees of freedom in nonlinear optical modulation, integrated photonics, and dynamic flat optics.",crossref,0
Population connective field modeling reveals proto-retinotopic visual cortex organization in the prenatal human brain,https://www.science.org/doi/abs/10.1126/sciadv.aee9300?af=R,AAAS: Science Advances: Table of Contents,2026-09-30 07:00:00 UTC,2026-09-30 07:00:00+00:00,10.1126/sciadv.aee9300,Michael A. Skeide,"The visual space is sampled by cortical field maps in which nearby neuronal populations encode nearby locations of images received from the retina. Whether retinotopic cortical organization already emerges in the neonatal or even prenatal human brain is currently unknown. To answer this question in vivo, we applied population connective field modeling to 871 resting-state functional magnetic resonance imaging datasets ranging from prenatal to young adult age. We found topographically organized eccentricity and polar angle connectivity maps in V2 and V3 of the visual cortex as early as the 21st week of gestation. These results highlight that human proto-retinotopic cortical maps develop in the second trimester of pregnancy, predating visual experience.",crossref,0
"Additional evidence supports a timescale exceeding 100,000 years for the Guliya ice cap, Tibetan Plateau",https://www.science.org/doi/abs/10.1126/sciadv.aeh2912?af=R,AAAS: Science Advances: Table of Contents,2026-09-30 07:00:00 UTC,2026-09-30 07:00:00+00:00,10.1126/sciadv.aeh2912,Marcus Christl,"The oxygen isotope (δ
                    18
                    O
                    ice
                    ) record from a ∼310-meter core drilled on the Guliya ice cap (GIC) in 2015 (GP2015) demonstrates reproducibility with a ∼309-meter core drilled nearby in 1992. Construction of the timescale for a composite of the GIC cores used
                    10
                    Be and
                    36
                    Cl to locate the 41–thousand year Laschamp geomagnetic excursion and a match to a δ
                    18
                    O
                    atm
                    -dated core from the Guliya Summit. Comparison of the δ
                    18
                    O record from an Asian Monsoon speleothem with the GIC δ
                    18
                    O
                    ice
                    supports a timescale back to 128 thousand years, the oldest known so far from Tibet. The δ
                    18
                    O
                    ice
                    record shows orbital variations in phase with June insolation and polar ice core stable isotope records through the last glacial cycle, although the relationship is reversed since the deglaciation. Future investigation is required to resolve this observation. Radiocarbon-dated ice from the glacier margin supports the presence of glacial-stage ice in the GIC. The
                    36
                    Cl/
                    10
                    Be ratios in GP2015 confirm that GIC ice is older than 100 thousand years.",crossref,0
CMOS multifunctional programmable metachip for terahertz-integrated sensing and communication,https://www.science.org/doi/abs/10.1126/sciadv.aeb5047?af=R,AAAS: Science Advances: Table of Contents,2026-09-30 07:00:00 UTC,2026-09-30 07:00:00+00:00,10.1126/sciadv.aeb5047,Dixian Zhao,"Metachips are formed by incorporating periodically arranged meta-atoms with on-chip circuits, enabling electromagnetic wave manipulation at the single–chip-tile level and holding great promise for terahertz applications. In this work, we present a complementary metal-oxide semiconductor (CMOS)–based terahertz-programmable metachip and demonstrate its proof of concept for terahertz-integrated sensing and communication (T-ISAC) with array scalability. Fabricated using an industry-standard 55-nanometer CMOS process, the proposed metachip realizes terahertz wave modulation at dual frequencies near 410 and 520 gigahertz in both reflection and transmission (transflection) modes. The metachip array supports multichannel terahertz communication by addressing distinct modulation signals to each chip tile. By harnessing the array scalability, the metachip array facilitates motion tracking of metallic objects while enabling the detection of the terahertz fingerprint material α-lactose against glucose. The proposed CMOS metachip represents a viable pathway toward integrated system-on-chip terahertz hardware solutions for scalable T-ISAC applications.",crossref,0
NAT10 governs development through the Xrp1-mediated stress response rather than its RNA acetylation activity,https://www.science.org/doi/abs/10.1126/sciadv.aeg0399?af=R,AAAS: Science Advances: Table of Contents,2026-09-30 07:00:00 UTC,2026-09-30 07:00:00+00:00,10.1126/sciadv.aeg0399,Dong Yan,"N
                    4
                    -acetylcytidine (ac
                    4
                    C) is installed by
                    N
                    -acetyltransferase 10 (NAT10) and represents the only known acetylation mark on messenger RNA. Since NAT10 also acetylates transfer RNA, ribosomal RNA (rRNA), and proteins, its in vivo molecular mechanisms remain elusive. Here, we demonstrate that knockdown of
                    Drosophila NAT10
                    induces an eye-to-antenna transformation, c-Jun amino-terminal kinase activation, and cell apoptosis. NAT10 facilitates ac
                    4
                    C modification in rRNA, and its loss impairs rRNA processing and ribosomal assembly. Depletion of NAT10 activates the integrated stress response, ultimately leading to reduced global protein synthesis. Crucially, Xrp1 plays a key role in the stress response and its ablation rescues most
                    NAT10
                    loss-of-function defects and transcriptomic alterations. We also performed acetylated RNA immunoprecipitation and sequencing (acRIP-seq) on control and
                    NAT10
                    knockdown flies. Furthermore, a catalytically deficient form of NAT10, which is unable to mediate ac
                    4
                    C acetylation, completely rescues the lethality of
                    NAT10
                    mutants. Collectively, these findings establish that NAT10’s primary developmental function stems from its roles in ribosome biogenesis and
                    Xrp1
                    activation, which are independent of its RNA acetylation activity.",crossref,0
GenAI-Net: A generative AI framework for automated biomolecular network design,https://www.science.org/doi/abs/10.1126/sciadv.aeh8819?af=R,AAAS: Science Advances: Table of Contents,2026-09-30 07:00:00 UTC,2026-09-30 07:00:00+00:00,10.1126/sciadv.aeh8819,Mustafa Khammash,"Biomolecular networks underlie both natural biological processes and engineered cellular technologies, from intracellular regulation and ecological dynamics to biomanufacturing, smart therapeutics, and cell-based diagnostics. However, designing chemical reaction networks (CRNs) that implement a desired dynamical function remains a challenging task. Although candidate networks can be evaluated by simulation, the inverse problem of discovering networks from behavioral specifications remains difficult. It requires navigating vast spaces of topologies and kinetic parameters governed by nonlinear and potentially stochastic dynamics. Here, we introduce GenAI-Net, a generative artificial intelligence framework that automates CRN design by coupling reaction proposal to simulation-based evaluation defined by a user-specified objective. GenAI-Net efficiently produces topologically diverse solutions across design tasks, including dose-response shaping, complex logic gates, classifiers, oscillators, habituation, robust perfect adaptation, and noise reduction in stochastic settings. By turning specifications into families of circuit candidates, GenAI-Net provides a route to programmable biomolecular circuit design and accelerates translation from desired function to implementable mechanisms.",crossref,0
Systematic identification of p11 as a signaling modulator across the GPCRome,https://www.science.org/doi/abs/10.1126/sciadv.aeg6567?af=R,AAAS: Science Advances: Table of Contents,2026-09-30 07:00:00 UTC,2026-09-30 07:00:00+00:00,10.1126/sciadv.aeg6567,Per Svenningsson,"The microprotein p11 (
                    S100A10
                    ) is a ubiquitously expressed molecular scaffold that is known to be required for behavioral responses to certain antidepressants, presumably through its effect on G protein–coupled receptor (GPCR)–mediated signaling. Here, we demonstrate that p11 recruitment to GPCRs is promoted by an active receptor conformation. Furthermore, by mapping the GPCR-p11 interactome using a multiplexed suspension bead array (SBA) of 211 receptors, we identified more than two dozen high-confidence physical interactors across diverse GPCR signaling families. We define the functional significance of these interactions by focusing on a novel SBA screening hit, the protease-activated receptor 2 (PAR2). Transcriptomic fingerprinting and signaling assays in p11-knockout cells reveal that p11 acts as an amplifier of endogenous PAR2 signaling. PAR2 and p11 are specifically coexpressed in vivo in a subset of sensory neurons, and p11-deficient mice exhibit a blunted PAR2-mediated inflammatory response. Our results establish p11 as a widespread, activity-dependent modulator of GPCR-mediated signaling outcomes across diverse physiological processes.",crossref,0
Toward transgenic multicellular parasites: CRISPR-Cas12a germline editing of Schistosoma mansoni eggs as key to success,https://www.science.org/doi/abs/10.1126/sciadv.aeh0455?af=R,AAAS: Science Advances: Table of Contents,2026-09-30 07:00:00 UTC,2026-09-30 07:00:00+00:00,10.1126/sciadv.aeh0455,Christoph G. Grevelding,"Lack of transgenesis methods impedes functional studies in platyhelminths. We present a substantially improved ribonucleic protein complex (RNP)–based genome editing approach for
                    Schistosoma mansoni
                    comparing Cas9 and Cas12a, the latter attained more efficient homology-directed insertion of a 5′-C6-PEG10–modified double-stranded donor template bearing 50-nucleotide microhomology arms into a genome safe-harbor site (GSH1). Electroporation of eggs recovered from host livers resulted in enhanced green fluorescent protein (EGFP) reporter activity, driven by an
                    S. mansoni
                    ubiquitin promoter and terminator. Hamster infection with transgenic cercariae, the infectious stage of this parasitic platyhelminth, recovered from miracidial infection of snails, or from sporocysts generated in vitro from transgenic miracidia and implantation in snails, produced EGFP-positive adult worms. Sequencing of the edited GSH1 and analyses of filial generations demonstrated chromosomal integration and the stable transformation of
                    S. mansoni
                    . Together, this approach advances schistosome transgenesis and may be pioneering for other platyhelminths, which lack functional genomics and transformation methods.",crossref,0
Deep learning–enhanced single-shot triorganelle STED-FLIM imaging of lipid dynamics in living cells,https://www.science.org/doi/abs/10.1126/sciadv.aeh3416?af=R,AAAS: Science Advances: Table of Contents,2026-09-30 07:00:00 UTC,2026-09-30 07:00:00+00:00,10.1126/sciadv.aeh3416,Fu Wang,"Lipid homeostasis is orchestrated by rapid exchange and remodeling across the endoplasmic reticulum (ER), lipid droplets (LDs), and mitochondria. However, live-cell visualization of this triorganelle network remains limited by subdiffraction structures, multiplexed labeling burden, and the ambiguity of intensity-only readouts. Here, we introduce a single-shot stimulated emission depletion-fluorescence lifetime imaging (STED-FLIM) workflow that combines Nile Red analogs with deep learning–based demultiplexing to generate compartment-resolved maps of lipid-organelle organization and dynamics. By combining the STED-resolved nanoscale ultrastructure with lifetime-encoded microenvironmental contrast, our approach separates ER, LDs, and mitochondria from a single acquisition and enables automated tricompartment quantification using a lightweight VGG16-UNet segmentation model. This platform captures coordinated remodeling across the ER-LD-mitochondria axis during lipid stress, including ferroptosis- and apoptosis-associated transitions, while simultaneously reporting nanoscale organization and microenvironmental shifts. Together, this strategy provides a practical route to high-spatiotemporal-resolution, lifetime-encoded multiorganelle lipid imaging in living cells.",crossref,0
Instantaneous heating rate forcing differentiates tropical high-cloud adjustments across greenhouse gases,https://www.science.org/doi/abs/10.1126/sciadv.aef7462?af=R,AAAS: Science Advances: Table of Contents,2026-09-30 07:00:00 UTC,2026-09-30 07:00:00+00:00,10.1126/sciadv.aef7462,Yi Huang,"Tropical high clouds are central to large-scale circulation and the hydrological cycle. The consensus expectation is that they rise and contract under surface warming, but their fast adjustment to greenhouse gas (GHG) concentrations is diverse. All GHGs reduce atmospheric longwave cooling, yet tropical high clouds can increase or decrease depending on the gas. Using a model hierarchy with unchanged sea surface temperature, we find increased tropical high cloud for CO
                    2
                    and decreased tropical high cloud for CH
                    4
                    and N
                    2
                    O. These diverging responses are primarily driven by changes in the vertical structure of upper-tropospheric radiative heating, with stratification changes playing a secondary role. This study reveals that instantaneous radiative forcing dominates upper tropospheric heating change, establishing a mechanistic link between the spectroscopy of specific GHGs and their cloud adjustments. These results highlight the importance of the vertical structure of radiative forcing beyond the conventional top-of-atmosphere metrics.",crossref,0
A computational super-resolution framework for multidimensional fluorescence imaging,https://www.science.org/doi/abs/10.1126/sciadv.aec7970?af=R,AAAS: Science Advances: Table of Contents,2026-09-30 07:00:00 UTC,2026-09-30 07:00:00+00:00,10.1126/sciadv.aec7970,Iván Coto Hernández,"Fully capturing the heterogeneity of biological processes remains a central challenge, as conventional confocal microscopy typically surveys large ensembles of molecules within a small volume. The development of super-resolution imaging enables the capture of images with exceptional detail. When super-resolution is combined with functional imaging, such as fluorescence lifetime and spectral imaging, it provides better separation of image constituents and sensing of environmental properties at the nanoscale. These multidimensional imaging approaches often acquire functional and fluorescence images separately and then merge the resulting datasets, a post hoc approach that risks dynamic range mismatches and the loss of subtle molecular signals. Here, we introduce a computational super-resolution framework based on the deblurring by pixel reassignment (DPR) algorithm, which processes multidimensional data as high-dimensional tensors, integrating spatial axes with fluorescence lifetime or spectral information into a single dataset. Using DPR, high-resolution details can be extracted from conventional fluorescence microscopy images, even from a single capture. We show that this approach enhances the spatial resolution of multidimensional datasets without compromising quantitative fidelity. As a proof of concept, we demonstrate super-resolution multimodal imaging (intensity, lifetime, and spectra), revealing fine-scale details while preserving signals from rare or low-intensity molecular events. This accessible yet powerful method paves the way for quantitative, single-molecule–level insights into complex biological systems.",crossref,0
Positivity bias in scientific research: Solutions for change,https://www.science.org/doi/abs/10.1126/sciadv.aem1250?af=R,AAAS: Science Advances: Table of Contents,2026-09-30 07:00:00 UTC,2026-09-30 07:00:00+00:00,10.1126/sciadv.aem1250,Jay S. Skyler,Procedural and cultural reforms can mitigate the effects of positivity bias and further strengthen research integrity and public trust.,crossref,0
In situ azetidine polymerization elevates the performance of commercial polymer resin sorbents in carbon dioxide capture,https://www.science.org/doi/abs/10.1126/sciadv.aeg5572?af=R,AAAS: Science Advances: Table of Contents,2026-09-30 07:00:00 UTC,2026-09-30 07:00:00+00:00,10.1126/sciadv.aeg5572,Christopher W. Jones,"Commercial, amine-containing porous polymer resins are popular sorbents for CO
                    2
                    removal from air, otherwise known as direct air capture (DAC). However, their limited amine density and poor oxidative stability constrain performance. Herein, we introduce a simple one-step method to add additional amine groups onto a commercial resin, such as Lewatit VP OC 1065, by grafting branched poly(propyleneimine) oligomers via in situ acid-catalyzed ring-opening polymerization of azetidine. This “grafting-from” modification strategy enhances the CO
                    2
                    capacity by &gt;1.4-fold compared to pristine resin, reaching 1.54 and 3.34 mmol⋅g
                    −1
                    under dry DAC (400 ppm CO
                    2
                    , 30°C) and flue-gas (15% CO
                    2
                    , 40°C) conditions, respectively. Under humid DAC conditions, the capacity reaches ∼2.5 mmol⋅g
                    −1
                    at 25°C and further increases to ∼3.0 mmol⋅g
                    −1
                    at −5°C. The optimal sample shows enhanced oxidation resistance under air and maintains improved cycling stability over 150 adsorption-desorption cycles under simulated flue-gas conditions. Overall, this work demonstrates a scalable, versatile strategy to upgrade commercial materials into more efficient and durable sorbents for carbon capture.",crossref,0
"Speech clocks decode dementia phenotypes, social exposome, and biological aging",https://www.science.org/doi/abs/10.1126/sciadv.aef9864?af=R,AAAS: Science Advances: Table of Contents,2026-09-30 07:00:00 UTC,2026-09-30 07:00:00+00:00,10.1126/sciadv.aef9864,Agustin Ibanez,"Biological aging clocks offer estimations of aging and dementia, yet scalability is limited. We introduce a large-scale, cross-national speech clock derived from 2928 individuals across five Latin American countries, spanning healthy controls (HCs), mild cognitive impairment (MCI), Alzheimer’s disease (AD), and non-language/language-dominant frontotemporal dementia (nldFTD/ldFTD). Multimodal acoustic and linguistic features were trained with supervised models to estimate chronological age, generating speech age gaps (SAGs) as cross-sectional markers of deviations from chronological age, with positive values interpreted as relatively older-appearing speech profiles. SAGs differentiated diagnostic groups (HCs &lt; patient groups, with AD &lt; nldFTD &lt; ldFTD). This pattern was associated with clinical/cognitive domains. SAGs correlated with phosphorylated tau (p-Tau217) in AD and social exposome in HCs and AD. Brain clocks (structural/functional/combined) were associated with SAG in AD, nldFTD, and ldFTD. Epigenetic age correlated with SAGs in HCs and AD across Hannum, Retroclock, and OMICmAge, whereas ldFTD associations were limited to Retroclock and OMICmAge. These results indicate that SAGs capture cross-sectional multilevel aging-related variation and may offer a scalable, culturally adaptable, low-cost biomarker candidate for research in underrepresented global settings.",crossref,0
Programmable robotic textile with closed-loop self-sensing and active actuation,https://www.science.org/doi/abs/10.1126/sciadv.aeg2745?af=R,AAAS: Science Advances: Table of Contents,2026-09-30 07:00:00 UTC,2026-09-30 07:00:00+00:00,10.1126/sciadv.aeg2745,Qiguang He,"Robotic textiles that autonomously sense biological and environmental signals and perform closed-loop adaptive actuation represent a new paradigm for intelligent human–machine interfaces in precision medicine and human augmentation. However, mechanical incompatibility of their constituent materials and architectures, unstable sensing during dynamic human–machine interaction, and high-voltage safety concerns significantly restrict their reliable applications. Herein, a low-voltage-driven untethered robotic textile interlacing all-in-one core–sheath liquid metal (LM)–liquid crystal elastomer (LCE) fibers with passive yarns is proposed, enabling stable closed-loop sensing-control-actuation within a unified programmable architecture by sensing preload, strain and temperature variations. Thereinto, the hollow LCE fiber acts as an efficient actuating element and compliant protective sheath, and the LM core simultaneously provides robust strain sensing and electrothermal stimulation. These untethered closed-loop robotic textiles feature high-force and voltage-tunable actuation and programmable morphing with adjustable porosity, offering significant potential for locomotion support and training, posture correction, compression therapy, thermal management, and electromagnetic-interference attenuation.",crossref,0
Multiport quantum interferometry with universal nonunitary transformations,https://www.science.org/doi/abs/10.1126/sciadv.aef4828?af=R,AAAS: Science Advances: Table of Contents,2026-09-30 07:00:00 UTC,2026-09-30 07:00:00+00:00,10.1126/sciadv.aef4828,Lixiang Chen,"Quantum interferometry provides a pivotal method for investigating complex photon-photon interaction, enabling various quantum information technologies that beyond the possibilities of classical physics. While such an effective interaction is mostly studied in
                    N
                    ×
                    N
                    unitary transformation,
                    m
                    ×
                    n
                    nonunitary transformation that relates to lossy multiport quantum interferometry requires a different approach. Here, we experimentally demonstrate a concise yet powerful tool to unravel fundamental features of multiport quantum interferometry with universal nonunitary transformations. To confirm their intriguing unitary and nonunitary properties, Hong-Ou-Mandel (HOM) interference is observed to reveal its nontrivial particle exchange phase, wherein the conventional HOM interference based on unitary transformation and the anomalous HOM interference based on nonunitary transformation can be readily harnessed. These results provide an alternative approach to investigate the quantum light-matter interaction, facilitating the use of complex multiport quantum interference for large-scale quantum information processing tasks such as quantum simulation and quantum computation.",crossref,0
Correcting for spatial and temporal dependence in estimating the economic effect of extreme heat,https://www.science.org/doi/abs/10.1126/sciadv.aeg1967?af=R,AAAS: Science Advances: Table of Contents,2026-09-30 07:00:00 UTC,2026-09-30 07:00:00+00:00,10.1126/sciadv.aeg1967,Ryan S. Brill,"Callahan and Mankin argue that extreme heat, measured by maximum 5-day average temperature, has a precise and economically meaningful effect on subnational gross domestic product per-capita growth. We reexamine this claim and find that the reported precision does not survive methods that respect the data’s spatial and temporal dependence. Country-preserving permutations and postselection correction substantially widen marginal-effect intervals. The estimates are also highly sensitive to influential countries and years, with exclusions sometimes collapsing the effect or reversing its sign. A hierarchical Bayesian model with region-within-country structure and AR(1) year effects yields much larger uncertainty, shrinks the estimated effect by 67 to 90%, and produces credible intervals spanning zero. Last, rolling out-of-sample tests show that adding extreme-climate variables does not improve prediction over models without them. We conclude that the claimed precision is not sustained once dependence, model selection, and influential observations are handled appropriately.",crossref,0
Restoring brain functions in the Mo-blo mouse model of Menkes disease with copper nanoclusters,https://www.science.org/doi/abs/10.1126/sciadv.aeg6972?af=R,AAAS: Science Advances: Table of Contents,2026-09-30 07:00:00 UTC,2026-09-30 07:00:00+00:00,10.1126/sciadv.aeg6972,Ariane Boudier,"Menkes disease, caused by
                    ATP7A
                    mutations, leads to severe copper deficiency and fatal neurodegeneration. Current copper-histidine therapy fails to restore brain function. Copper nanoclusters (CuNCs) were designed for their ultrasmall size to cross physiological barriers and deliver copper directly to the whole organism, including the brain. In
                    Mo-blo
                    mice (ATP7A deficient), daily subcutaneous CuNCs markedly improved survival, normalized cuproprotein activities, and restored cognitive and motor functions. Unlike other treatments, CuNCs effectively penetrate the blood-brain barrier, deliver copper to cuproproteins, offering unprecedented neurological rescue. This breakthrough could transform Menkes disease treatment, providing a first-ever therapy for brain copper deficiency. Further clinical development may unlock lifesaving solutions for this rare, fatal disorder.",crossref,0
Facet‐Dependent Oxygen‐Vacancy Electronic Delocalization Governs Photocatalytic Oxidative Coupling of Methane Over Au/CeO2,https://advanced.onlinelibrary.wiley.com/doi/10.1002/aenm.71669?af=R,Wiley: Advanced Energy Materials: Table of Contents,2026-09-30 07:10:52 UTC,2026-09-30 07:10:52+00:00,10.1002/aenm.71669,Ye Wang,"ABSTRACT
                  
                    Metal/metal‐oxide catalysts are widely studied for photocatalytic oxidative coupling of methane (OCM), and oxygen vacancies are often invoked to enhance catalytic performance. However, oxygen vacancies are usually discussed separately from metal sites, and their cooperative effects, especially on C
                    2+
                    selectivity, remain poorly understood. Here, we reveal that the delocalized electronic character of oxygen vacancy governs both activity and selectivity in Au/CeO
                    2
                    , while elevated temperature further enhances the delocalization. By facet engineering CeO
                    2
                    , we create oxygen vacancies with tunable properties and find that Au/CeO
                    2
                    ‐R with exposed {110} facets achieves a CH
                    4
                    conversion rate of 14 mmol g
                    −1
                    h
                    −1
                    and a C
                    2+
                    selectivity of 86% at 200°C, whereas the other facet‐defined Au/CeO
                    2
                    catalysts produce no detectable C
                    2+
                    products. This performance places Au/CeO
                    2
                    ‐R among the best‐reported photocatalytic OCM catalysts. Mechanistic studies reveal that oxygen vacancies on CeO
                    2
                    {110} exhibit higher electronic delocalization, which promotes O
                    2
                    activation and induces stronger support‐Au charge redistribution, strengthening the Au─C interaction and favoring methyl coupling. These findings identify electronic delocalization as a key parameter for designing defect‐mediated photocatalysts for selective OCM.",crossref,0
Nano‐Crosslinked Polyether‐Based Gel Polymer Electrolytes for Interface‐Stable High‐Voltage Lithium‐Ion Batteries,https://advanced.onlinelibrary.wiley.com/doi/10.1002/aenm.71663?af=R,Wiley: Advanced Energy Materials: Table of Contents,2026-09-30 07:13:45 UTC,2026-09-30 07:13:45+00:00,10.1002/aenm.71663,Weixin Zhang,"ABSTRACT
                  
                    Gel polymer electrolytes hold practical promise for high‐energy‐density and safe lithium‐ion batteries. However, the use of solvents always compromises mechanical strength and triggers undesirable interfacial side reactions. Herein, a two‐step strategy involving triethoxysilylation of polyethylene glycol (PEG) and subsequent silane coupling with laponite (LAP) is proposed to fabricate the nano‐crosslinked gel polymer electrolyte tailored for interface‐stable lithium‐ion batteries. The LAP nanosheets bridge isolated polymer chains into a 3D network, enhancing mechanical integrity and establishing continuous Li
                    +
                    pathways. Notably, a critical solvation‐regulation mechanism is explicitly clarified, where the anchoring effect of LAP on solvent molecules weakens Li
                    +
                    ‐solvent coordination and allows more anions to enter the solvation sheath, fostering robust, LiF‐rich interphases. Benefiting from this, the interfacial side reactions on the lithium anode and high‐voltage cathode are both greatly suppressed. As a result, the nano‐crosslinked electrolyte demonstrates an ultra‐long symmetric cell cycling life exceeding 6600 h (0.1 mA cm
                    −2
                    ), stable LiFePO
                    4
                    /Li cell operation for over 1300 cycles (0.5 C) and high‐voltage LiNi
                    0.9
                    Co
                    0.05
                    Mn
                    0.05
                    O
                    2
                    /Li cell cycling for more than 450 cycles (5 C). This work establishes a nano‐crosslinking design paradigm toward advanced gel polymer electrolytes, offering insights into solvation structure regulation as the key to stabilizing electrode/electrolyte interfaces in practical lithium‐ion batteries.",crossref,0
Bulk/Surface Coengineering in Layered Oxides via Selective Niobium Doping to Enable Durable High‐Energy Sodium‐Ion Pouch Cells,https://advanced.onlinelibrary.wiley.com/doi/10.1002/aenm.71662?af=R,Wiley: Advanced Energy Materials: Table of Contents,2026-09-30 07:14:47 UTC,2026-09-30 07:14:47+00:00,10.1002/aenm.71662,Yufeng Zhao,"ABSTRACT
                  
                    Layered cathode oxides for sodium‐ion batteries exhibit promising application prospects owing to their high theoretical capacity and high working voltage, yet they suffer from transition metal (TM) dissolution and rapid capacity losses at high voltages. Here, we present a selective Nb‐doping approach to achieve concurrent bulk and surface phase engineering in a Na
                    0.85
                    Mn
                    0.58
                    Ni
                    0.29
                    Zn
                    0.04
                    Li
                    0.08
                    Nb
                    0.01
                    O
                    2
                    cathode, imparting exceptional durability under high‐voltage cycling. We discover that steric hindrance in the O3 phase forces Nb to selectively occupy interstitial sites on the P2 surface, where strong Nb─O bonding significantly elevates the P2‐phase fraction from 25% to 54% under same sodium content, while simultaneously forming a surface protective layer that mitigates TM dissolution. Meanwhile, bulk Li/Zn co‐doping suppresses Na vacancy ordering and further stabilizes the intergrowth framework. Such a unique structure suppresses detrimental phase evolution and transition metal dissolution during high‐voltage deep desodiation, allowing stable cycling stability of 600 cycles at an elevated voltage of 4.3 V. The as‐prepared Ah‐level pouch cells deliver a high energy density of 154 Wh kg
                    −1
                    and exhibit a significant reduction on gas release. Meanwhile, this pouch cell passed the nail penetration tests without temperature rise or thermal runaway. This work provides a robust paradigm for safe, high‐voltage sodium‐ion batteries.",crossref,0
Anion Engineering of Surface Frustrated Lewis Pairs for Light‐Assisted CO2 Hydrogenation to Methanol,https://onlinelibrary.wiley.com/doi/10.1002/anie.5899106?af=R,Wiley: Angewandte Chemie International Edition: Table of Contents,2026-09-30 07:37:23 UTC,2026-09-30 07:37:23+00:00,10.1002/anie.5899106,Geoffrey A. Ozin,"ABSTRACT
                  
                    Surface frustrated Lewis pairs (SFLPs) have been widely studied as active sites for light‐assisted CO
                    2
                    hydrogenation, while most efforts have focused on cation engineering to tune the Lewis acidity of metal centers, leaving the Lewis‐basic component less directly controlled. Here, we report an anion engineering strategy based on nitridation to prepare nitrogen‐doped, non‐stoichiometric spinel zinc gallium oxide catalysts for CO
                    2
                    hydrogenation to methanol. Nitrogen incorporation modifies the local anion coordination environment, promotes oxygen vacancy formation, and reconstructs the coordination structure around Ga sites, thereby generating defect‐associated Ga–O/N Lewis acid–base pairs that favor heterolytic H
                    2
                    splitting. Nitridation also narrows the band gap and introduces localized electronic states, leading to improved light absorption. As a result, the optimized catalyst achieves a methanol production rate of 1203.7 µmol h
                    −1
                    g
                    −1
                    with enhanced methanol selectivity and apparent quantum efficiency (AQE) under illumination. This work demonstrates that anion engineering provides an effective route to regulate oxide SFLPs and promote light‐assisted CO
                    2
                    hydrogenation to methanol.",crossref,0
Spin Crossover‐Mediated Low‐Energy Charge Transfer Excited States in a Heterogeneous Cobalt Photocatalyst,https://onlinelibrary.wiley.com/doi/10.1002/anie.7984934?af=R,Wiley: Angewandte Chemie International Edition: Table of Contents,2026-09-30 07:43:54 UTC,2026-09-30 07:43:54+00:00,10.1002/anie.7984934,Yantao Shi,"ABSTRACT
                  
                    In molecular complexes, ligand‐to‐metal charge transfer (LMCT) excited states enable efficient photoinduced charge separation and strong redox reactivity, but their operation is typically limited to short ultraviolet excitation. Extending LMCT absorption into the visible region utilizing strongly donating ligands often leads to ligand dissociation and further decomposition, which highlights the intrinsic trade‐off between spectral response and structural robustness in homogeneous systems. In this context, we reconfigure LMCT chemistry within heterogeneous single‐atom catalysts, where rigid coordination environments that decouple electronic excitation from (photo)stability. Low‐energy LMCT excited states are implemented into single‐atom photocatalysts through incorporating site‐specific Co
                    1
                    ‐C
                    2
                    N
                    1
                    moiety. Multimodal synchrotron x‐ray spectroscopies reveal that the pseudo square‐planar geometry fosters a low spin Co(II) state (
                    s
                    = 1/2) with pronounced Jahn‐Teller distortion. Crucially, enhanced d
                    z
                    2
                    ‐p
                    z
                    orbital coupling gives access to visible‐light responsive LMCT states, fundamentally different from the predominant metal‐to‐ligand charge transfer excitations in conventional Co
                    1
                    ‐N
                    2
                    counterpart. Electron localization at Co─C pairs creates photoreduction centers in close proximity, facilitating selective benzyl alcohol oxidation via a singlet oxygen (
                    1
                    O
                    2
                    )‐mediated pathway. This work establishes single‐atom frontier‐orbital engineering for exploring visible‐light photochemistry in heterogeneous photocatalysts.",crossref,0
Helicity‐Dependent Ellipticity and Interstitial Vortices in Confined Anisotropic Skyrmions,https://advanced.onlinelibrary.wiley.com/doi/10.1002/adma.75203?af=R,Wiley: Advanced Materials: Table of Contents,2026-09-30 08:01:15 UTC,2026-09-30 08:01:15+00:00,10.1002/adma.75203,Licong Peng,"ABSTRACT
                  Skyrmions carry robust topology, yet their geometry is highly tunable and can shape interactions, dynamics and functionality. However, how geometric confinement couples to helicity and reshapes the effective energy landscape in intrinsically anisotropic skyrmions remains unexplored. Here we demonstrate that skyrmion ellipticity and its magnetic‐field evolution are strongly helicity dependent in 500‐nm‐wide FeNiPdP nanostripes with anisotropic Dzyaloshinskii–Moriya interaction. Confinement compresses clockwise (CW)‐helicity skyrmions toward near‐circular profiles, whereas counterclockwise (CCW)‐helicity skyrmions elongate along the nanostripe axis, breaking the reciprocal ellipticity relation expected in unconfined geometries. Increasing the perpendicular field further reveals a monotonic circularization of CW skyrmions but a clear nonmonotonic response for CCW skyrmions. Energy analysis shows that confinement reshapes the field‐dependent energy landscape and shifts the optimal skyrmion geometry, giving rise to this nonlinear response. The nanostripe constraint also introduces a surface‐localized interstitial vortex texture in anisotropic skyrmions that can evolve into a vortex pair, consistent with our micromagnetic simulations. Our results establish helicity‐resolved confinement as a route to engineer anisotropic skyrmion morphology and emergent surface textures, enabling helicity‐programmable shape and interaction control for multistate skyrmion‐based devices.",crossref,0
Decoupling Quasi‐Solid‐State Sulfur Conversion Mechanisms in Weakly Solvating and Locally High Concentration Electrolytes,https://advanced.onlinelibrary.wiley.com/doi/10.1002/aenm.71651?af=R,Wiley: Advanced Energy Materials: Table of Contents,2026-09-30 11:07:38 UTC,2026-09-30 11:07:38+00:00,10.1002/aenm.71651,James B. Robinson,"ABSTRACT
                  
                    Lithium–sulfur (Li–S) batteries offer high theoretical energy density but are constrained by polysulfide dissolution, shuttling, and sluggish conversion. Here, a weakly solvating electrolyte comprising cyclopentyl methyl ether (CME) and 1,1,2,2‐tetrafluoroethyl 2,2,3,3‐tetrafluoropropyl ether (TTE; CME–TTE) is compared with a localized high‐concentration electrolyte comprising diethylene glycol dimethyl ether (G2) and TTE (G2–TTE). Molecular dynamics (MD) simulations show that G2–TTE combines multidentate G2 coordination with appreciable bis(trifluoromethanesulfonyl)imide (TFSI
                    −
                    ) participation, whereas CME–TTE exhibits weaker, predominantly monodentate solvent coordination and stronger relative anion association. Galvanostatic intermittent titration technique (GITT), distribution of relaxation times (DRT), square‐wave voltammetry (SWV), shuttle‐current measurements, operando ultraviolet–visible (UV–vis) and Raman spectroscopy, physical‐property measurements, post‐cycling characterization, and time‐of‐flight secondary ion mass spectrometry (ToF‐SIMS) link coordination to electrochemical behavior. Both formulations restrict extensive bulk polysulfide accumulation, but G2–TTE maintains more effective localized ion transport and interfacial conversion. G2–TTE cells consequently deliver capacities above 900 mAh g
                    −
                    1
                    after 200 cycles with nearly 100% Coulombic efficiency. A two‐cathode pouch cell delivers 600 mAh g
                    −
                    1
                    after 50 cycles at an electrolyte‐to‐sulfur ratio of 1.37 µL mg
                    −
                    1
                    . These results identify coordination connectivity, anion participation, and transport as coupled design parameters for quasi‐solid‐state Li–S batteries.",crossref,0
Chiroptical Switching by Stereoselective Photochemical Sigmatropic Rearrangements: Experimental Realization of Calderoselectivity,https://onlinelibrary.wiley.com/doi/10.1002/anie.9477381?af=R,Wiley: Angewandte Chemie International Edition: Table of Contents,2026-09-30 14:55:18 UTC,2026-09-30 14:55:18+00:00,10.1002/anie.9477381,Johannes F. Teichert,"ABSTRACT
                  
                    The stereochemical outcomes of pericyclic reactions provide direct insight into the geometry and directionality of concerted bond reorganization. Although torquoselectivity has emerged as a defining concept for electrocyclizations, an analogous principle for sigmatropic rearrangements on a single cyclic π system has remained unknown. We report that a homoannulene‐based photoswitch undergoes an auxiliary‐controlled, stereoselective photochemical [1,11]‐sigmatropic rearrangement, thereby establishing selectivity over directional migration on a single cyclic π framework. We coin the term calderoselectivity for such an unreported stereoselective sigmatropic rearrangement. The switching process is reversible, proceeds to photostationary mixtures of homoannulene and
                    iso
                    ‐homoannulene isomers, and furnishes diastereomeric products in a 56:44 ratio; combined chiral HPLC, NMR, ECD, and DFT studies assign the major directionality of acyl migration in pro‐
                    R
                    directionality. This study provides the first experimental realization of calderoselectivity and reveals a direct analogue in sigmatropic rearrangements to torquoselectivity with implications for both mechanistic physical organic chemistry and chiroptical switch design.",crossref,0
In Situ Substitution Strategy with High‐Valence Cation for Ultra‐Stable Aqueous K‐Ion Batteries,https://advanced.onlinelibrary.wiley.com/doi/10.1002/aenm.71675?af=R,Wiley: Advanced Energy Materials: Table of Contents,2026-09-30 17:20:21 UTC,2026-09-30 17:20:21+00:00,10.1002/aenm.71675,Kai Liu,"ABSTRACT
                  
                    Aqueous K‐ion batteries (AKIBs) are promising for large‐scale energy storage due to their high safety and low cost. However, the manganese‐based Prussian blue analogue (KMnPBA) cathode suffers from severe Mn dissolution and Jahn‐Teller distortion during cycling, triggering crystal‐structure collapse and rapid capacity decay. Herein, we report a high‐valence cation in situ substitution strategy to stabilize KMnPBA by adding Al(OTF)
                    3
                    to a highly concentrated KOTF electrolyte. During discharge, Al
                    3+
                    ions fill Mn dissolution vacancies and form robust Al‐N coordination bonds, generating a gradient structure characterized by a stable surface and high‐capacity interior. As a result, the KMnPBA cathode in optimized electrolyte delivers a high initial discharge capacity of 158.2 mAh g
                    −1
                    at 0.2 A g
                    −1
                    , with 97.1% capacity retention after 500 cycles, while maintaining 90.3% retention even after 30000 cycles at 6 A g
                    −1
                    . Additionally, the KMnPBA||PTCDI pouch cell achieves an energy density of 88.3 Wh kg
                    −1
                    , retaining 87.8% capacity after 6000 cycles and stably operating from −20°C to 60°C. This study provides an effective approach to address the issue of capacity decay arising from the dissolution of manganese‐based cathode materials, paving the way for AKIBs with ultra‐long cycle stability.",crossref,0
Solar‐Powered Redox Adsorption Method for Round‐the‐Clock Direct Lithium Extraction from Low‐Grade Brines,https://onlinelibrary.wiley.com/doi/10.1002/anie.9127049?af=R,Wiley: Angewandte Chemie International Edition: Table of Contents,2026-09-30 23:41:46 UTC,2026-09-30 23:41:46+00:00,10.1002/anie.9127049,Jia Zhu,"ABSTRACT
                  
                    Electrochemical lithium (Li) extraction from low‐grade brines is challenged by maintaining high Li selectivity at practically relevant extraction rates while enabling off‐grid, round‐the‐clock operation in remote, infrastructure‐deficient regions. Here we propose a solar‐powered redox adsorption method (SRAM), in which dissolved, regenerable electron carriers (ECs) deliver electrons to dispersed olivine iron phosphate (o‐FePO
                    4
                    ) adsorbents. In SRAM, EC‐mediated electron transfer enables electrochemically effective use of dispersed o‐FePO
                    4
                    adsorbents, while interfacial charge accumulation and electric double layer (EDL) formation may hinder further access of ECs to the adsorbent surface, thereby moderating local electron flux and suppressing competing‐ion intercalation. As a result, SRAM achieves a high extraction rate of 40 mA mmol
                    −1
                    o‐FePO
                    4
                    while maintaining high selectivity (separation factors of 700 for Li
                    +
                    /Na
                    +
                    and 2400 for Li
                    +
                    /Mg
                    2+
                    ) from low‐grade brines (70 ppm Li
                    +
                    ). Meanwhile, ECs function as integrated chemical energy‐storage media that can buffer intermittent photovoltaic input and temporally decouple charging from Li extraction, enabling solar‐buffered day–night operation without an external electrical storage unit. Field demonstrations support stable operation (∼9 mg Li g
                    −1
                    h
                    −1
                    ) and provide a lab‐scale validation through 50‐L raw brine processing. Our work establishes EC‐mediated electron transfer as a promising strategy for sustainable Li recovery from previously untapped low‐grade brines.",crossref,0
Aromatic Pummerer‐Promoted Stereospecific Cross‐Coupling of Thiazoles With Boronic Esters,https://onlinelibrary.wiley.com/doi/10.1002/anie.1701592?af=R,Wiley: Angewandte Chemie International Edition: Table of Contents,2026-09-30 23:43:04 UTC,2026-09-30 23:43:04+00:00,10.1002/anie.1701592,Varinder K. Aggarwal,"ABSTRACT
                  
                    Thiazoles are ubiquitous motifs in bioactive molecules, making strategies for the stereospecific installation of chiral C(sp
                    3
                    )‐rich substituents on this scaffold particularly valuable for drug discovery. However, achieving such transformations remains nontrivial, as conventional C(sp
                    2
                    )–C(sp
                    3
                    ) cross‐coupling approaches are often compromised by catalyst deactivation and deleterious side reactions, such as
                    β
                    ‐hydride elimination. Although electrophile‐mediated coupling of alkyl boronic esters with lithiated aromatic compounds offers a potential route to C(sp
                    2
                    )–C(sp
                    3
                    ) bond formation, it is ineffective for thiazoles because the heteroaromatic core lacks sufficient nucleophilicity to engage electrophiles and promote productive 1,2‐migration. Herein, we report a lithiation–borylation–aromatic Pummerer (LiBAP) strategy that enables stereospecific C5 cross‐coupling of thiazoles with boronic esters. A pendant sulfinyl group enables exocyclic electrophilic activation, triggering a Pummerer‐type 1,2‐migration while avoiding unproductive C─B bond fragmentation. The reaction proceeds with complete stereospecificity and broad functional‐group tolerance, furnishing a C2 sulfide handle on thiazole that serves as a versatile linchpin for downstream C–S diversification. A formal asymmetric synthesis of a bioactive thiazole
                    γ
                    ‐secretase inhibitor was demonstrated to further highlight the synthetic utility of our LiBAP protocol.",crossref,0
Catalysis on a Knife's Edge: Detailed Mechanistic Studies Reveal a Fine Balance Between Catalyst Deactivation and Productive Reactivity in CuH‐Catalyzed Alkene Hydrofunctionalization,https://onlinelibrary.wiley.com/doi/10.1002/anie.7673910?af=R,Wiley: Angewandte Chemie International Edition: Table of Contents,2026-09-30 23:48:42 UTC,2026-09-30 23:48:42+00:00,10.1002/anie.7673910,Dennis A. Kutateladze,"ABSTRACT
                  
                    Copper hydride catalyst systems have been widely applied to the hydrofunctionalization of unsaturated compounds, enabling the synthesis of a range of valuable organic products. In particular, copper catalysts supported by bulky bisphosphine ligands such as DTBM‐SEGPHOS have enjoyed noteworthy success across a range of substrate classes, with the highly unstable monomeric LCuH (L = DTBM‐SEGPHOS) often implicated as the active form of the catalyst. Recently, Ryan et al.
                    Angewandte Chemie
                    Novit 2, no. 2 (2026): e70025 have not only characterized the elusive monomeric LCuH, but have provided a suite of kinetic and computational experiments that reveal the mechanisms by which these catalysts form inactive higher order Cu aggregates. Collectively, these important studies substantially increase knowledge of LCuH speciation and the factors that control the relative rates between productive alkene hydrocupration and catalyst deactivation—insights which are anticipated to inform the design of next‐generation catalysts.",crossref,0
Discriminating Monomers and Fibrils of Amyloid‐β1–42 With Site‐Ordered Peptide‐QMFluors,https://onlinelibrary.wiley.com/doi/10.1002/anie.3711838?af=R,Wiley: Angewandte Chemie International Edition: Table of Contents,2026-09-30 23:50:43 UTC,2026-09-30 23:50:43+00:00,10.1002/anie.3711838,Zhiqian Guo,"ABSTRACT
                  
                    The detection of soluble amyloid‐
                    β
                    (A
                    β
                    ), the most neurotoxic species in early Alzheimer's disease (AD), remains a major analytical challenge. Conventional probes are designed to target the
                    β
                    ‐sheet structures of mature fibrils and are thus blind to these transient, nonfibrillar species. Here, we introduce “site‐ordered engineering” strategy, a peptide‐conjugated QMFluors conjugate designed to selectively target A
                    β
                    1–42
                    monomers with high fidelity. We identified the conjugation site order on the fluorophore as the key parameter controlling this molecular topology and self‐assembly behavior. This breakthrough is enabled by a hydrogen‐bond‐driven recognition mechanism, fundamentally departing from classical dyes that target the
                    β
                    ‐sheets of mature fibrils. This yields an unprecedented “inverted selectivity” with a 20‐fold fluorescence enhancement for monomers over fibrils. Using probe
                    N
                    ‐QM‐KLVFF with super‐resolution microscopy, we reveal the nanoscale “core‐shell” biophysical phase diagram of plaques, visualizing dense fibrillar cores surrounded by monomeric/oligomeric halos. Furthermore, the probe demonstrates a limit of detection of pg/mL level and excellent linearity, meeting the stringent requirements for trace cerebrospinal‐fluid‐biomarker analysis. This work provides not only a powerful tool for early diagnosis and pathological investigation, but also establishes “aggregation‐regulated accessibility” as a generalizable principle for designing probes for other dynamic amyloid protein targets.",crossref,0
An Asymmetric Phytochemical as a Building Block for Robust Structurally Resolved Crystalline Frameworks,https://onlinelibrary.wiley.com/doi/10.1002/anie.7543481?af=R,Wiley: Angewandte Chemie International Edition: Table of Contents,2026-09-30 23:51:54 UTC,2026-09-30 23:51:54+00:00,10.1002/anie.7543481,Jiaojiao Shang,"ABSTRACT
                  
                    Plant polyphenols and related oxygen‐donor phytochemicals are attractive natural ligands for metal–organic materials owing to their rich chemical reactivity, structural diversity, and sustainability. However, current phytochemical coordination chemistry remains dominated by amorphous systems, and structurally resolved crystalline frameworks are still largely restricted to simple and symmetric molecules. This gap has hindered atom‐level understanding of phytochemical coordination and limited the rational development of crystalline materials from these abundant natural ligands. Here, we report SCU‐1, the first structurally resolved crystalline coordination framework constructed from hematoxylin (HMT), a historically important but structurally complex and asymmetric phytochemical. Structural modeling, three‐dimensional electron diffraction (3DED), Rietveld refinement, and quantum‐chemical calculations together reveal that such an asymmetric phytochemical can assemble into periodic crystalline frameworks while generating coordination heterogeneity. Structural resolution further defines precise pore architectures, coordination environments, and host–guest interaction sites, thereby enabling direct elucidation of structure–property relationships. Importantly, SCU‐1 exhibits exceptional robustness, strong CO
                    2
                    affinity, and visible‐light‐driven photocatalytic CO
                    2
                    conversion in water with selective ethanol production. These results establish asymmetric phytochemicals as viable building units for robust crystalline metal–organic materials and demonstrate the importance of structural determinacy in advancing phytochemical coordination chemistry and structure–property relationships.",crossref,0
Boosting Photoelectrochemical Water Oxidation of BiVO4 Photoanodes With an Iron‐Based Metal–Organic Framework as a Hole Transport Layer,https://onlinelibrary.wiley.com/doi/10.1002/anie.4897216?af=R,Wiley: Angewandte Chemie International Edition: Table of Contents,2026-09-30 23:55:16 UTC,2026-09-30 23:55:16+00:00,10.1002/anie.4897216,Fei Li,"ABSTRACT
                  
                    Sluggish bulk hole transport fundamentally limits the performance of bismuth vanadate (BiVO
                    4
                    ) photoanodes in photoelectrochemical (PEC) water splitting. Herein, we report a BiVO
                    4
                    /Fe‐MOF/NiFeOOH trilayer photoanode, wherein an iron‐based bipyridine dicarboxylate metal–organic framework (FeBPDCA), grown on BiVO
                    4
                    via coordination‐assisted in situ synthesis, serves as a dedicated hole‐transport layer. The Fe‐MOF layer provides a favorable band alignment and a built‐in electric field at the BiVO
                    4
                    /Fe‐MOF interface to drive directional bulk hole extraction, while NiFeOOH acts as a surface water‐oxidation cocatalyst. Experimental characterization and density functional theory (DFT) calculations reveal that the Fe‐MOF primarily accelerates bulk hole extraction, whereas NiFeOOH suppresses surface recombination through rapid water oxidation, together boosting both bulk charge‐separation efficiency (
                    η
                    bulk
                    ) and surface charge‐transfer efficiency (
                    η
                    trans
                    ) up to 97%. The optimized photoanode achieves a high photocurrent density of 7.15 mA cm
                    −2
                    at 1.23 V vs. RHE, with an onset potential of 0.24 V and a maximum applied bias photon‐to‐current efficiency (ABPE) of 2.56%. This work demonstrates that deliberate tuning of MOF energy levels through metal node and ligand selection enables the simultaneous engineering of favorable band alignment and efficient charge separation at semiconductor/MOF junctions, providing a practical design strategy for photoanodes where bulk charge extraction is the primary efficiency bottleneck.",crossref,0
Sequential Design of Activatable Photosensitizers for Ablation of Glioma Cells in Brain Cancer Tissues,https://onlinelibrary.wiley.com/doi/10.1002/anie.8453410?af=R,Wiley: Angewandte Chemie International Edition: Table of Contents,2026-09-30 23:57:34 UTC,2026-09-30 23:57:34+00:00,10.1002/anie.8453410,Marc Vendrell,"ABSTRACT
                  
                    Photodynamic therapy (PDT) is a promising strategy to eradicate residual glioma cells in brain cancer patients; however, current photosensitizers (PS) show limitations on selective accumulation and controlled activation in glioma cells. In this work, we present the design, synthesis, and characterization of activatable PSs for selective PDT of glioma cells in mouse and human brain tissues. First, we designed and characterized a broad collection of photosensitive metabolite conjugates, from which we prepared
                    Gal‐SeNBD‐oleamide
                    as a β‐galactosidase‐responsive PS with efficient uptake in patient‐derived glioma cells and selectivity over immune cells. Furthermore, we optimized a whole‐tissue illumination strategy using
                    Gal‐SeNBD‐oleamide
                    in mouse brain slices, which led to efficient ablation of cancer cells with minimal damage to surrounding regions. Finally, the proof‐of‐concept application of
                    Gal‐SeNBD‐oleamide
                    directly in tissues from brain cancer patients supports its translational potential for PDT of glioblastoma.",crossref,0
