title,link,source,published_str,pub_date,doi,last_author,abstract,abstract_source,must_have_abstract
The lipidomic architecture of the mouse brain,https://www.nature.com/articles/s41586-026-11050-0,Nature,2026-09-23 00:00:00 UTC,2026-09-23 00:00:00+00:00,10.1038/s41586-026-11050-0,Gioele La Manno,"Lipids are fundamental components of the brain, crucial for synaptic transmission and signal propagation. Altered brain lipid composition is associated with common and rare neuropathologies, yet the spatial organization of the mammalian brain lipidome remains insufficiently characterized compared with other modalities1,2,3,4,5,6. Here we mapped the membrane-lipid architecture of the adult mouse brain at micrometric scale, across sexes and during pregnancy. This lipid brain atlas reveals that lipids describe a fine-grained biochemical structure that aligns with functional anatomy. Membrane-lipid spatial heterogeneity clusters into territories, which we termed ‘lipizones’. Lipizones partially mirror cell-type territories, but also capture distal axon terminals. Through lipizones, we (1) reveal the organizing principles of the grey matter lipidome, related to connectivity and cytoarchitecture; (2) discover a new axis of oligodendrocyte heterogeneity in the white matter; and (3) find biochemical zonation in the choroid plexus and in the ventricular walls. We show that this lipidomic architecture can adapt to changing physiological needs. In the brain of pregnant female mice, the white matter is metabolically activated and the cortex undergoes a lipizone-specific remodelling that is particularly pronounced in layer 4. These results are a foundational resource (https://lbae-v2.epfl.ch/) poised to reshape the understanding of lipids in brain development, physiology and pathology.",nature_html,0
Anomalous metal and superconducting phases in rhombohedral graphene,https://www.nature.com/articles/s41586-026-11033-1,Nature,2026-09-23 00:00:00 UTC,2026-09-23 00:00:00+00:00,10.1038/s41586-026-11033-1,Matthew Yankowitz,"Two-dimensional superconductivity is now well established in graphene-based systems, with many such realizations showing evidence for unconventional pairing1,2,3,4,5,6. Yet, in several of the gate-tuned phases that otherwise exhibit clear signatures of superconductivity, the resistance does not vanish as temperature is lowered, instead saturating at a finite value2,6,7,8,9,10,11,12,13,14,15. Here we report a systematic study of this behaviour in rhombohedral graphene on a WSe2 substrate, finding regions of gate space with zero-resistance superconductivity alongside others with finite saturation resistance. At zero magnetic field, these regions appear as isolated pockets in gate space that otherwise exhibit very similar phenomenology, including abrupt transitions to the normal state as temperature, perpendicular magnetic field and current are raised above critical values. A small in-plane field expands and merges these pockets without qualitatively altering their behaviour, producing a sharp boundary at millikelvin base temperature between states of zero or finite resistance. The finite-resistance state reproduces key phenomenology associated with the anomalous metal, a state that has been observed in thin-film superconductors for decades but lacks an accepted theoretical explanation16,17. The tunability and reproducibility of ultra-clean rhombohedral graphene place strong constraints on extrinsic explanations and provide a new platform for understanding this behaviour.",nature_html,0
Targeting ZMYND8 unleashes IL-2 signalling to override T cell exhaustion,https://www.nature.com/articles/s41586-026-11059-5,Nature,2026-09-23 00:00:00 UTC,2026-09-23 00:00:00+00:00,10.1038/s41586-026-11059-5,Hongbo Chi,"CD8+ T cell exhaustion impedes control of chronic viral infection and cancer. This hypofunctional state is characterized by downregulation of the high-affinity IL-2 receptor (IL-2R) and STAT5 signalling, and differentiation from progenitor exhausted to terminally exhausted T cells rather than cytotoxic effector-like cells1,2,3. The epigenetic mechanisms and regulatory networks that mediate IL-2R–STAT5 signal attenuation and loss of effector-like cell differentiation remain unknown. Here, using in vivo single-cell CRISPR screens of epigenetic factors and IL-2 signalling regulators, we reveal that the chromatin reader ZMYND8 antagonizes IL-2R–STAT5 signals to restrain effector-like states while promoting terminal exhaustion. ZMYND8 expression was upregulated by chronic antigen stimulation, and targeting ZMYND8 in CD8+ T cells promoted both intermediate exhausted T cells and killer cell lectin-like receptor-expressing exhausted T cells. Accordingly, ZMYND8-deficient CD8+ T cells had markedly improved antiviral and antitumour effects, especially in combination with IL-2 therapy or immune checkpoint blockade. Mechanistically, ZMYND8 bound to the active enhancer regions of the Il2ra gene locus that were co-occupied by histone acetyltransferase p300 and suppressed p300 activity. Co-deletion of p300 reversed increased IL-2R expression and effector-like cell differentiation in ZMYND8-deficient cells, suggesting that ZMYND8 represses p300-mediated transcriptional activation to curtail IL-2R–STAT5 signalling. These findings establish an epigenetic rheostat imposing ‘signal 1’ (chronic antigen stimulation)-induced suppression of ‘signal 3’ (IL-2 signalling) to enforce T cell exhaustion, with ZMYND8 deletion unleashing effector-like over terminally exhausted states and enhancing immunotherapeutic efficacy.",nature_html,0
mTORC1 drives cell-autonomous astrocyte reactivity in tuberous sclerosis,https://www.nature.com/articles/s41586-026-11054-w,Nature,2026-09-23 00:00:00 UTC,2026-09-23 00:00:00+00:00,10.1038/s41586-026-11054-w,Helen S. Bateup,"Tuberous sclerosis complex (TSC) is a genetic neurodevelopmental disorder characterized by focal brain malformations called cortical tubers, which are associated with severe, intractable epilepsy1. Tubers are thought to result from somatic second-hit mutations that disrupt the TSC1 or TSC2 genes in neural progenitor cells, driving hyperactive mTORC1 signalling2. Glial abnormalities are commonly observed in tubers3; however, whether glia actively cause disease or merely result from chronic seizure activity has remained unclear. To address this question, we used human brain organoid models to track the developmental fate of mutated progenitor cells in the absence of seizures. Here we show, using single-cell transcriptomics and cyclic immunostaining across human brain organoids and resected tuber tissue from patients, that loss of TSC2 biases neural progenitors to differentiate into enlarged, pro-inflammatory reactive astrocytes in a cell autonomous manner. These mutant astrocytes show downregulated glutamate transporter expression, increased inflammatory cytokine secretion and elevated expression of neurodegenerative disease risk genes such as APOE and CLU. Our findings demonstrate that reactive astrocytes emerge as a primary consequence of TSC2 loss. These results implicate glial dysfunction as a driver of TSC pathogenesis and highlight reactive astrocytes as potential therapeutic targets for TSC-related neuropathology.",nature_html,0
Reference genomes and fossils revise bat family phylogeny and biogeography,https://www.nature.com/articles/s41586-026-11007-3,Nature,2026-09-23 00:00:00 UTC,2026-09-23 00:00:00+00:00,10.1038/s41586-026-11007-3,Emma C. Teeling,"Bats are extraordinary among mammals, having uniquely evolved powered flight and laryngeal echolocation, along with disease resistance, extended healthspans and the ability to hibernate1. However, the evolutionary history of bats and the understanding of these adaptations remain unresolved. We analysed chromosome-level, long-read genome assemblies from 103 bat species, including 42 new assemblies, representing all 21 bat families. This dataset, expanded in scope and assembly quality, yielded a new bat phylogeny. We placed Myzopodidae as the earliest branch within Vespertilionoidea, and resolved yangochiropteran relationships, identifying Emballonuroidea and Vespertilionoidea as sister groups. Our analysis revealed a mosaic evolutionary history across bats and explained why previous phylogenetic studies were misled. Chromosomal ancestral-state reconstructions supported 26 ancestral bat chromosomes. We integrated a morphological dataset of 699 characters for 65 species, including 44 pre-Quaternary fossils and representatives of most living bat families, with neutrally evolving genomic sites. Fossilized birth–death and dispersal–extinction cladogenesis analyses showed that bats, and thus powered flight, probably originated in Europe in the late Palaeocene, refuting African and North American origins. Placement of the fossil †Vielasia in the oldest ‘Eochiroptera’ clade indicates that laryngeal echolocation predates crown-bat diversification. Total evidence dating, including the fossil taxa, significantly reduced unrepresented basal branch lengths compared with molecular-only divergence estimates. By integrating comprehensive genomic and morphological datasets, analysed using innovative methods, we resolve long-standing controversies in bat biology and provide new insights into the evolutionary history and trait diversification of bats.",nature_html,0
A methanogen hydrolase reveals the structure of archaeal peptidoglycan,https://www.nature.com/articles/s41586-026-11028-y,Nature,2026-09-23 00:00:00 UTC,2026-09-23 00:00:00+00:00,10.1038/s41586-026-11028-y,Simonetta Gribaldo,"Peptidoglycan (PG) is a near-universal and essential feature of bacterial cell walls and a major antimicrobial target1. Although archaea generally lack PG2, a PG-like polymer (pseudomurein or archaeal PG) was described decades ago in a major clade of methanogenic archaea3,4,5,6,7,8, yet it has remained poorly characterized, owing to the lack of dedicated analytical tools. Here we identify and characterize ArmA from Methanobrevibacter smithii, a dominant member of the human gut microbiome9, as the first glycosyl hydrolase specific for archaeal PG. ArmA-mediated digestion reveals an unexpected architecture that revises the prevailing model of archaeal PG. The glycan backbone comprises N-acetylglucosamine/N-acetylgalactosamine linked to a previously undescribed sugar, which we name N-acetylarmosamine. Glycan strands alternate β(1,4) and β(1,3) linkages, and the stem peptide is attached by means of an amide bond to the N-acetylarmosamine succinyl group. ArmA has dual enzymatic activity, cleaving both glycosidic linkages and peptide crosslinks. Phylogenetic analyses show that ArmA homologues are restricted to PG-bearing archaea, and we confirm activity across diverse methanogens. We further demonstrate that ArmA is required to complete cytokinesis, cleaving archaeal PG at the site of cell division. Together, these findings overturn a 50-year-old paradigm on archaeal PG structure and establish ArmA as a critical tool that parallels the impact of muramidases in bacteria, enabling biochemical and genetic interrogation of methanogen cell-wall biology. Finally, given the ecological and biotechnological importance of methanogens10,11, our results open new avenues for targeted intervention.",nature_html,0
A design approach for bitopic kinase inhibitors,https://www.nature.com/articles/s41586-026-11056-8,Nature,2026-09-23 00:00:00 UTC,2026-09-23 00:00:00+00:00,10.1038/s41586-026-11056-8,Kevan M. Shokat,"Traditional kinase inhibitors face a trade-off between potency and selectivity because their affinity depends on limited molecular interactions in a single highly conserved binding site. Bitopic inhibitors overcome this limitation by engaging multiple sites on the same target1. Here, using ABL1 and EGFR as model kinases, we systematically explore the bitopic-specific design parameters of ligand choice, linkage vector and linker length and show that they affect potency through inter-ligand cooperativity and linker entropy. We apply this approach to address an unmet clinical need: existing inhibitors of ABL1, an important target in BCR::ABL1-driven leukaemias, are constrained by resistance mutations and off-target effects2. The third-generation inhibitor ponatinib overcomes many resistance mutations, but cardiovascular toxicity limits its clinical use3. We design a bitopic ABL1 inhibitor, PonatiLink-2, that maintains or surpasses the potency of ponatinib against resistance mutants. Moreover, it has an enhanced therapeutic window in vitro and in vivo, which enables increased dosing without apparent toxicity. PonatiLink-2 outperforms clinically relevant treatments in mouse models of BCR::ABL1-driven cancer, both in combination with dasatinib against wild-type BCR::ABL1 and as a single agent against ponatinib-resistant disease. These findings indicate that the bitopic design approach is a promising strategy for developing potent, well-tolerated clinical inhibitors of ABL1 and other targets.",nature_html,0
Hepatocytes promote liver metastasis of pancreatic cancer by providing serine,https://www.nature.com/articles/s41586-026-11051-z,Nature,2026-09-23 00:00:00 UTC,2026-09-23 00:00:00+00:00,10.1038/s41586-026-11051-z,Alec C. Kimmelman,"The liver is the primary site of metastasis in pancreatic ductal adenocarcinoma (PDAC), and liver metastases are a major cause of mortality1,2. Nutrient availability in the metastatic niche influences colonization efficiency; however, the metabolic heterogeneity of disseminated tumour cells can also reshape the local microenvironment3,4,5. Loss of phosphoglycerate dehydrogenase (PHGDH), the rate-limiting enzyme in de novo serine biosynthesis, is observed in nearly 40% of PDACs, and renders these cells dependent on exogenous serine (exSer)6. Although a neuron–tumour metabolic cross-talk supports exSer-dependent PDAC cells at the primary site6, it remains unclear how these cells adapt to the metastatic liver niche. Here we show that exSer-dependent PDAC cells reprogram neighbouring hepatocytes through a CXCL5–CXCR2 axis. Activation of CXCR2 in hepatocytes promotes PI3K–AKT signalling, leading to the sequestration of FOXO3A in the cytoplasm and derepression of PHGDH transcription, thereby enhancing serine production in hepatocytes. This hepatocyte-derived serine supports the outgrowth of exSer-dependent PDAC liver metastases. Accordingly, genetic or pharmacological inhibition of individual nodes within the CXCL5–CXCR2–PI3K–AKT–FOXO3A axis, or hepatocyte-specific deletion of Phgdh or Cxcr2, markedly reduces the liver-metastasis burden in mice and prolongs survival, particularly when dietary serine is restricted. Our findings reveal a cancer cell–hepatocyte metabolic cross-talk and identify therapeutic targets for exSer-dependent PDAC liver metastases.",nature_html,0
Banking records reveal characteristics of financial abuse,https://www.nature.com/articles/s41586-026-11049-7,Nature,2026-09-23 00:00:00 UTC,2026-09-23 00:00:00+00:00,10.1038/s41586-026-11049-7,David Leake,"The experience of financial abuse, a form of domestic abuse involving control over money and finances, can be severe and long-lasting1,2,3, yet difficult to document4. Evidence on the everyday experiences of victim-survivors in the context of financial abuse is drawn primarily from small-scale, qualitative surveys5,6. Using anonymized banking data from a major UK retail bank, we compared the financial outcomes of a group of female victim-survivors of financial abuse (n = 5,428; identified from customer disclosures to the bank) with a control group (n = 15,602; consisting of individuals with no known disclosures). The control group matched the demographic and socioeconomic characteristics of the victim-survivor group 7 years before disclosure. A comprehensive set of 373 transactional and non-transactional financial outcomes were analysed over this period. Results indicate that, compared with controls, victim-survivors exhibited depleting savings and increasing debts, culminating in missed payments and declining credit scores. They also spent less on self-care, incurred higher transport and legal costs, increased cash withdrawals, changed addresses and passwords more frequently and were more likely to claim welfare benefits. Our results demonstrate how victim-survivors lose financial independence, experience economic instability and suffer financial distress.",nature_html,0
Sequence-encoded hexagonal lattices in multichannel peptide nanofibrils,https://www.nature.com/articles/s41586-026-11016-2,Nature,2026-09-23 00:00:00 UTC,2026-09-23 00:00:00+00:00,10.1038/s41586-026-11016-2,Tanja Weil,"Structural complexity in biological matter arises from molecular information that encodes supramolecular assembly across length scales1,2,3. Here we show that minimal nine-residue peptides can encode discrete lateral interaction motifs that direct supramolecular organization. These motifs generate hexagonal pores and hierarchically tile into multichannel nanofibrils with defined topology. Sequence-encoded amphiphilicity combines a cross-β-dimer, an inversion point and a trimeric junction to create complementary interfaces that couple lateral growth to axial stacking, yielding honeycomb lattices with continuous approximately 5-nm solvent-accessible nanochannels. Cryo-electron microscopy resolves the supramolecular architecture and shows that lattice symmetry and pore geometry are preserved across variants. Systematic perturbations establish sequence–structure rules linking residue position to supramolecular symmetry, lattice propagation and channel topology. Molecular dynamics simulations and vibrational spectroscopy show that the channels remain water accessible and show sequence-tunable hydration. These findings establish that a minimal, sequence-encoded interaction hierarchy can programme long-range supramolecular order, providing a general framework for how short peptides can encode complex, symmetry-defined architectures4,5,6,7,8,9,10,11,12.",nature_html,0
Lu+ optical frequency references with accuracy verified at the 19th digit,https://www.nature.com/articles/s41586-026-11072-8,Nature,2026-09-23 00:00:00 UTC,2026-09-23 00:00:00+00:00,10.1038/s41586-026-11072-8,M. D. Barrett,"Optical atomic frequency references1 have far surpassed their microwave frequency predecessors, leading to an anticipated redefinition of the SI (International System of Units) second2. However, as the scientific community seeks consensus on a new standard, and several state-of-the-art optical standards now report evaluated fractional uncertainties below 10−18, verification by same-species comparisons to comparable levels remains an outstanding challenge. Here we report two 176Lu+ single-ion optical frequency references, each with evaluated fractional frequency uncertainty near 1 × 10−19, which are directly compared by correlation spectroscopy and demonstrate agreement, with a measured relative frequency difference of [−0.1 ± (5.7)stat ± (1.0)sys] × 10−19, where ‘stat’ and ‘sys’ indicate the statistical and systematic uncertainty, respectively. Our optical references have been comprehensively assessed with evaluated uncertainties below 10−18, supported by a same-species comparison of independent systems to the 5.7 × 10−19 level. This accuracy, achieved in practical room-temperature systems, will contribute to improving international timekeeping and towards chronometric levelling3,4 at the millimetre scale, as well as tests of fundamental physics5 such as Lorentz invariance6, general relativity7, searches for dark matter8,9 and variation of fundamental constants10,11.",nature_html,0
Single-nucleus transcriptome-wide association study of human brain disorders,https://www.nature.com/articles/s41586-026-10836-6,Nature,2026-09-23 00:00:00 UTC,2026-09-23 00:00:00+00:00,10.1038/s41586-026-10836-6,Panos Roussos,"Common brain disorders impose a substantial health burden, but localizing their genetic risk in the brain remains challenging1. Although genome-wide association studies have identified numerous loci associated with neuropsychiatric and neurodegenerative disorders, many of these loci lie in non-coding regions that influence gene expression in specific cell types2,3,4,5. Traditional bulk brain transcriptomic analyses, which often focus on European ancestry cohorts, average over cellular diversity, obscuring genetic risk-related changes in gene expression. Here we use single-nucleus gene expression profiles from the dorsolateral prefrontal cortex in the multi-ancestry PsychAD cohort to develop transcriptomic imputation models of genetically regulated expression across major brain cell types. Applying these models to neuropsychiatric and neurodegenerative disorders reveals thousands of gene–trait associations that are undetectable in bulk tissue analyses and resolves many signals to discrete neuronal, glial and immune cell populations. Cross-ancestry analyses in the Million Veteran Program confirm these associations, reveal pleiotropic effects of cell-type-specific predicted expression and demonstrate that trait-related dysregulation is conserved across ancestries, enabling mapping of causal genes and pathways. Together, these findings provide a cell-type-resolved and ancestry-aware atlas of genetically regulated expression in the human prefrontal cortex and illustrate how single-nucleus transcriptomics can sharpen gene discovery and therapeutic target prioritization for complex brain disorders.",nature_html,0
Gravitational torque drives multidecadal variations in length of day,https://www.nature.com/articles/s41586-026-10999-2,Nature,2026-09-23 00:00:00 UTC,2026-09-23 00:00:00+00:00,10.1038/s41586-026-10999-2,Mathieu Dumberry,"Fluctuations in the length of day (LOD) on decadal timescales are caused primarily by an exchange of angular momentum between the Earth’s mantle and core1,2,3. Several mechanisms have been proposed to explain this exchange, including electromagnetic4,5,6,7 and topographic8,9,10 coupling at the core–mantle boundary (CMB) and a gravitational torque by the inner core11,12. However, the precise nature of the core–mantle torque remains unknown. Here we show that the seismically reconstructed differential rotation of the inner core13,14,15 and core flows derived from magnetic field changes16,17 suggest that the multidecadal LOD changes are driven primarily by the gravitational torque and resisted by electromagnetic and topographic torques, consistent with results from Earth-like dynamo models18. Our reconstructed torque histories, although tied to the accuracy of the inner core rotation and core flow models, support a lowermost mantle that features near-neutrally buoyant thermochemical piles19,20,21, a post-perovskite (pPv) phase with a low viscosity22 and a highly conducting23,24 iron-enriched layer a few kilometres thick at its base25. Our results also suggest a low-viscosity inner core deforming in only a few years26,27,28 and yield an upper limit on the stratification at the top of the fluid core. Altogether, our study contributes to bringing into focus an emerging picture of the deepest regions of our planet.",nature_html,0
The anthropogenic fingerprint on emerging infectious diseases,https://www.nature.com/articles/s41586-026-11058-6,Nature,2026-09-23 00:00:00 UTC,2026-09-23 00:00:00+00:00,10.1038/s41586-026-11058-6,Colin J. Carlson,"Emerging infectious diseases are a hallmark of the Anthropocene1,2. Human-driven ecosystem changes and human–wildlife–livestock contact can drive the emergence of zoonotic and vector-borne diseases3,4,5, but how much these processes shape landscapes of outbreak risk is poorly understood, beyond a few well-studied systems6,7,8. Here we consolidate 58,319 outbreak event records for 32 diseases and systematically test how 16 hypothesized social and environmental drivers impact outbreak geographies, while accounting for detection and reporting biases. We show that outbreak risks are typically highest in mosaic landscapes where people and livestock live alongside forests and fragmented ecosystems. These combined factors, along with long-term declines in precipitation, share strong impacts across several vector-borne diseases (for example, dengue, Lyme disease and zoonotic arboviruses). By contrast, directly transmitted zoonoses (for example, Ebola and mpox) share few common drivers, and the impacts of most other anthropogenic pressures (for example, deforestation, climate warming and agricultural intensification) vary widely between diseases. Most consistently, the observed geography of outbreaks is shaped by healthcare access: reporting declines by a median of 32% (range across diseases: 1.2–96.7%) for each additional hour’s travel time from a health facility. Our findings underscore that infectious disease spillover and emergence are multi-causal, and that no one-size-fits-all strategy can prevent epidemics and pandemics. Ecosystem-based public health interventions9 should always follow system-specific evidence, and be paired with greater investment in health systems and One Health pathogen surveillance.",nature_html,0
The gene-regulatory evolution of the human skeleton,https://www.nature.com/articles/s41586-026-11053-x,Nature,2026-09-23 00:00:00 UTC,2026-09-23 00:00:00+00:00,10.1038/s41586-026-11053-x,David Gokhman,"Skeletal modifications were central to human evolution, enabling adaptations for bipedalism, large cranial vaults and childbirth1. Despite their importance, the genetic changes that gave rise to the unique human form remain mostly unknown2. Here we systematically map the gene-regulatory changes that shaped human skeletal evolution. Using massively parallel reporter assays (MPRAs) in chondrocytes, we assayed 561,410 human-derived substitutions in promoters and enhancers, identifying 15,077 loci with human-specific regulatory activity. We then generated human–ape hybrid cells and differentiated them into osteochondral progenitors. Integrating the hybrid cells with MPRA measurements produced genome-wide atlases of human-specific changes in cis-regulatory expression, and the sequence variants that drive them. These atlases reveal an extensive rewiring of the extracellular matrix (ECM), including a marked suppression of glycosaminoglycan (GAG) biosynthesis, leading to an approximately three-to-fourfold reduction in joint GAG content in humans compared with non-human apes. We find that this human-specific shift bears signatures of selection, and is likely to be a key contributor to the exceptional susceptibility of humans to degenerative skeletal diseases3,4,5. Together, our results reveal a coordinated evolutionary remodelling of the human skeletal ECM, and establish a comprehensive framework for dissecting the genetic basis of human skeletal biology.",nature_html,0
Chiral oxazolidinones via biocatalytic aziridination of unactivated alkenes,https://www.nature.com/articles/s41586-026-11169-0,Nature,2026-09-23 00:00:00 UTC,2026-09-23 00:00:00+00:00,10.1038/s41586-026-11169-0,Frances H. Arnold,"Chiral oxazolidinones are privileged heterocycles broadly used in asymmetric synthesis (1) and drug discovery (2–3). Conventional synthetic routes rely on a “chiral pool” strategy, where enantiopure amino alcohols are required as key intermediates. Of particular importance are a class of 5-(S)-aminomethyl oxazolidinones that are key scaffolds in next-generation antibiotics targeting multidrug- and extensively drug-resistant Mycobacterium tuberculosis (4–6). While many strategies exist to construct chirality at the 4-position (α-to-nitrogen), methods to install the desired 5-stereocentre (α-to-oxygen) remain underdeveloped. Here we report a haemprotein-catalysed aziridination/ring-expansion cascade that enables direct, enantioselective synthesis of clinically relevant and discovery-stage oxazolidinones from simple alkenes. This work advances haemprotein-catalysed nitrene transfer by enabling functionalisation of unactivated alkenes, a reactivity previously limited to conjugated systems such as styrenes. Computational analysis further reveals that key mutations introduced through directed evolution are responsible for the enantioselective formation of these products.",nature_html,0
Microrobotic cilia that sense and reshape their surroundings,https://www.nature.com/articles/s41928-026-01716-y,Nature Electronics,2026-09-23 00:00:00 UTC,2026-09-23 00:00:00+00:00,10.1038/s41928-026-01716-y,Wenqi Hu,,,0
Finding ferroelectricity,https://www.nature.com/articles/s41928-026-01722-0,Nature Electronics,2026-09-23 00:00:00 UTC,2026-09-23 00:00:00+00:00,10.1038/s41928-026-01722-0,,,,0
Weaving circuits into fibres,https://www.nature.com/articles/s41928-026-01710-4,Nature Electronics,2026-09-23 00:00:00 UTC,2026-09-23 00:00:00+00:00,10.1038/s41928-026-01710-4,Xinge Yu,,,0
Programmable spinning of integrated circuit fibres,https://www.nature.com/articles/s41928-026-01712-2,Nature Electronics,2026-09-23 00:00:00 UTC,2026-09-23 00:00:00+00:00,10.1038/s41928-026-01712-2,Meifang Zhu,"Textiles based on electronic fibres can be used to integrate sensing, processing and feedback into a single wearable platform. However, embedding circuit-level functionality directly into fibres remains challenging due to poor fibre utilization and unstable interconnects. Here we report a programmable microfluidic spinning process to fabricate integrated circuit fibres. The approach combines conductive layers with different functional layers to create distinct modules capable of electron–photon conversion, electron–electron conversion, electron–ion carrier conversion and electro-quasistatic modulation. By arranging and integrating these modules during microfluidic spinning, customizable circuits within a single fibre can be built. The fibres can then be woven, sewn and arranged into textiles, and can withstand repeated deformation and washing. We use the approach to create electroluminescent fibres for light emission, resistor and capacitor fibres for analogue signal processing, organic electrochemical transistor fibres for digital logic operations, and electro-quasistatic fibres for touchless sensing and control.",nature_html,0
Lifespan single-cell transcriptomic atlas of the human prefrontal cortex,https://www.nature.com/articles/s41586-026-10271-7,Nature,2026-09-23 00:00:00 UTC,2026-09-23 00:00:00+00:00,10.1038/s41586-026-10271-7,Panos Roussos,"The human brain undergoes profound changes from early development through late adulthood, shaping cognition, behaviour and vulnerability to disease1,2. Understanding how these changes are organized within specific brain regions and cell types is essential for interpreting normal ageing and its relationship to psychiatric and neurodegenerative disorders. The dorsolateral prefrontal cortex has a central role in higher cognitive functions and is particularly sensitive to age-related decline3, yet its cellular and molecular programs across the human lifespan remain poorly defined. Most existing studies4,5,6,7 have focused on restricted age ranges or disease-affected brains, limiting the ability to distinguish normative developmental and ageing trajectories from pathological processes. Consequently, a comprehensive, lifespan-resolved reference of cellular states in the human prefrontal cortex has been lacking. Here, using a single-nucleus transcriptomic atlas spanning the human lifespan, we show that the dorsolateral prefrontal cortex exhibits non-linear, cell-type-specific transcriptional trajectories characterized by dynamic remodelling during development, relative stability in midlife and selective molecular reactivation in late adulthood. We identify distinct neuronal and glial programs, including early-life neuronal resilience pathways and late-life glial programs associated with immune activation, stress responses and circadian reorganization. These programs are anatomically organized across cortical layers and grey–white matter domains, revealing coordinated spatial and molecular changes. Together, these findings provide a framework for understanding how cellular programs transition from resilience to vulnerability in the human cortex and establish a foundation for interpreting age-related cognitive decline and disease risk.",nature_html,0
Endochondral ossification in a capsule,https://www.cell.com/matter/fulltext/S2590-2385(26)00397-8?rss=yes,Matter,2026-09-23 00:00:00 UTC,2026-09-23 00:00:00+00:00,10.1016/j.matt.2026.103034,João F. Mano,"Carreira et al. develop liquefied microcapsules as permissive niches for in vitro modeling of early endochondral ossification. By enabling multicellular self-organization and matrix remodeling during dynamic culture, the model supports chondrocyte hypertrophy, bone-like matrix mineralization, and endothelial cell retention. The platform may advance developmental studies and endochondral bone tissue engineering.",rss_cell,0
Agricultural liming is a carbon sink in the Mississippi River Basin,https://www.nature.com/articles/s41586-026-11040-2,Nature,2026-09-23 00:00:00 UTC,2026-09-23 00:00:00+00:00,10.1038/s41586-026-11040-2,Noah J. Planavsky,"Application of carbonate minerals to arable lands, known as agricultural liming, is a long-standing practice for counteracting soil acidification1,2,3. Although liming boosts crop yields4, it is also considered a source of agricultural carbon dioxide (CO2) emissions5. Here we show, using century-scale records of agricultural liming and anthropogenic acidity inputs for the Mississippi River Basin, that agricultural liming has acted as a net carbon sink over the past century. Records of river alkalinity fluxes suggest that approximately 90% of the ideal CO2 removal potential of agricultural lime added since 1900 (approximately 0.44 GtCO2) has been realized at the catchment scale, with a decadal-scale time lag owing to soil cation exchange and solute transport. These results are consistent with reactive transport modelling of soil cation throughput, which indicates that net CO2 removal emerges after an initial emissions pulse associated with neutralization of soil acidity pools. Current accounting frameworks implicitly apply an incomplete counterfactual, attributing CO2 emissions to lime addition rather than to the anthropogenic acidity inputs that drive CO2 release. Evaluated against the counterfactual of anthropogenic acidity inputs, agricultural liming represents a net carbon sink in the Mississippi River Basin on decade-to-century timescales. These results suggest that optimized soil pH management can reduce agricultural greenhouse gas emissions while simultaneously improving crop yields and soil health.",nature_html,0
TRAM promotes Toll-like-receptor-free myddosome signal transduction,https://www.nature.com/articles/s41586-026-11052-y,Nature,2026-09-23 00:00:00 UTC,2026-09-23 00:00:00+00:00,10.1038/s41586-026-11052-y,Jonathan C. Kagan,"In the Toll-like receptor (TLR) signal transduction pathways, activated receptors are present for mere minutes within the initial, membrane-proximal signalling complexes called proto-myddosomes1. Proto-myddosomes are rapidly released from TLRs to self-assemble (that is, mature) into enzyme-rich, cytosolic supramolecular organizing centres called myddosomes2,3,4. Myddosomes induce hours-long inflammatory gene expression5,6,7,8,9,10. The mechanism controlling proto-myddosome release and its effect on signal transduction are undefined. Here we identify factors that regulate the maturation process of proto-myddosomes into receptor-free cytosolic myddosomes11. Through a genetic screen in macrophages, we identify TRAM, which was previously described to control MyD88-independent TLR signalling, as a regulator of myddosome assembly. Using biochemistry, live-cell imaging and activity reconstitution with recombinant proteins, we show that the plasma-membrane-associated adapter TIRAP seeds proto-myddosomes12,13, after which TRAM dissociates MyD88 from the TLR–TIRAP complex to enable myddosome maturation and downstream signal transduction14,15,16,17,18,19. In the absence of TRAM, MyD88 cannot dissociate from the TLR–TIRAP complex, resulting in abnormal and unstable MyD88 interactions with downstream signalling enzymes. These findings enabled us to identify TRAM-dependent long-lasting myddosome activities as the determinant of two TLR pathway hallmarks: hours-long NF-κB activation20,21,22,23,24 and secondary response gene expression25,26,27. Chemical dissociation of cytosolic myddosomes disrupted existing inflammatory activities of TLR-stimulated cells in vitro and in vivo. Collectively, this work establishes TRAM as a regulator of myddosome maturation and signalling, providing the molecular basis for receptor-free signal transduction.",nature_html,0
Sterically gated Lewis acid and base pairs enable orthogonal defect passivation in perovskite solar cells,https://www.nature.com/articles/s41557-026-02261-z,Nature Chemistry,2026-09-23 00:00:00 UTC,2026-09-23 00:00:00+00:00,10.1038/s41557-026-02261-z,Edward H. Sargent,"Charged point defects cause efficiency loss and instability in perovskite solar cells. Although Lewis acids and Lewis bases individually passivate anionic and cationic defects, they are known to react with one another. As a result, introducing different combinations to solar cells forms quenching adducts that fail to provide the necessary passivation. Here we report chemically orthogonal Lewis acid and Lewis base families that enable concurrent passivation of targeted ionic defects by weakening mutual interactions. We found that bulky sp3–phosphine bases, which fail to react with fluorinated aromatic acids, can suppress Lewis acid–base orbital overlap. This strategy is effective because surface defect sites are more sterically accessible to each passivator than the two passivators are to one another. Spectroscopic and defect-profiling measurements support the additive suppression of traps, resulting in devices with power conversion efficiencies up to 27.4% (certified steady state of 25.8%).",nature_html,0
Divergent ring opening and functionalization of N-alkyl aziridines via boryl radical fragmentation,https://www.nature.com/articles/s41557-026-02247-x,Nature Chemistry,2026-09-23 00:00:00 UTC,2026-09-23 00:00:00+00:00,10.1038/s41557-026-02247-x,Daniele Leonori,"Aziridine ring opening is a powerful platform for molecular diversification. Unactivated N-alkyl aziridines have long resisted ring opening and cross-coupling, so the installation and removal of N-activating groups followed by N-alkylation remains the most applicable route for aziridine diversification. Here we report a general radical activation mode that directly engages N-alkyl aziridines in ring-opening and divergent functionalization. Coordination of BH3 generates stable aziridine-ligated borane complexes that are selectively converted into aziridine-ligated boryl radicals. These species undergo regioselective β-scission to form β-aminoalkyl radicals that can be intercepted in metal-catalysed cross-coupling reactions. Two complementary platforms were developed: an oxidative copper catalytic system engaging aryl boronic acids, as well as nitrile and sulfide nucleophiles, and a dual photo–nickel catalytic system for cross-coupling with electrophilic aryl bromides. Together, these results establish a general strategy to directly engage N-alkyl aziridines in divergent ring opening and functionalization, thus streamlining access to β-functionalized amines.",nature_html,0
An open-framework boron allotrope exhibiting high conductivity and plasticity,https://www.nature.com/articles/s41557-026-02267-7,Nature Chemistry,2026-09-23 00:00:00 UTC,2026-09-23 00:00:00+00:00,10.1038/s41557-026-02267-7,Yongjun Tian,"Boron allotropes have attracted interest due to their diverse structural motifs and unusual properties; however, despite the many phases identified so far, achieving a boron allotrope that simultaneously exhibits high electrical conductivity and plasticity remains challenging. Here we report the synthesis of Imma-B60, an allotrope that exhibits both high electrical conductivity and plastic deformability, via the high-pressure formation of a Na4B60 precursor followed by sodium degassing. This allotrope features an open-framework architecture comprising B12 icosahedra interconnected by triangular B3 units through two-centre and three-centre σ bonds. Imma-B60 exhibits a narrow bandgap (2 S m−1, seven orders of magnitude higher than β-boron. Remarkably, it demonstrates exceptional plastic deformation (~23%) through dislocation-mediated slip mechanisms. This discovery not only establishes a powerful precursor-based strategy for accessing metastable materials, but also substantially expands boron’s application potential beyond conventional superhard, semiconducting phases.",nature_html,0
Breaking N-alkyl aziridines for cross-coupling reactions,https://www.nature.com/articles/s41557-026-02246-y,Nature Chemistry,2026-09-23 00:00:00 UTC,2026-09-23 00:00:00+00:00,10.1038/s41557-026-02246-y,,,,0
Reconstructed Chern insulator in moderately correlated twisted bilayer MoTe2,https://academic.oup.com/nsr/advance-article/doi/10.1093/nsr/nwag610/8832225?rss=1,National Science Review Advance Access,2026-09-23 00:00:00 UTC,2026-09-23 00:00:00+00:00,10.1093/nsr/nwag610,Xiaobo Lu,"Twisted bilayer MoTe2 (tMoTe2) is a prototypical moiré material in which long-wavelength superlattices amplify electron correlations, enabling a wealth of emergent quantum phases. To date, experimental efforts have focused primarily on small twist angles (typically 2 at a relatively large twist angle of approximately 4.54°, accessing a moderately correlated regime with enhanced bandwidth. In contrast to small-angle devices that predominantly host fractional quantum anomalous Hall or spin Hall responses, we uncover multiple Chern-insulating states with |C| = 1 at moiré fillings ν = −1, −0.53 and −1/2. Strikingly, at ν = −2/3 a magnetic field induces a fractional Chern insulator accompanied by an insulator–metal transition. Our results broaden the topological phase diagram of tMoTe2 and establish large-angle moiré superlattices as a versatile platform for engineering robust topological states beyond the strong-correlation limit.",rss_oup,0
Non-equilibrium nucleation and ultrafast growth of ice VII under ramp compression,https://academic.oup.com/nsr/advance-article/doi/10.1093/nsr/nwag612/8832560?rss=1,National Science Review Advance Access,2026-09-23 00:00:00 UTC,2026-09-23 00:00:00+00:00,10.1093/nsr/nwag612,Jiayu Dai,"Under ramp compression, water can rapidly freeze into ice VII within nanoseconds, in stark contrast to its freezing behavior under ambient conditions, which typically takes several seconds. Understanding this rapid freezing process is essential for planetary science and high-pressure physics. However, the underlying mechanisms, particularly at the molecular scale, remain poorly understood. Here, we employ deep neural network-based molecular dynamics simulations to investigate the ramp compression of water. Two notable phenomena are observed: (1) extreme ramp compression delays nucleation to pressures exceeding those predicted by classical nucleation theory, indicating non-equilibrium nucleation; (2) the formation of a thermally elevated nucleus and an interfacial layer with high rotational mobility accelerates hydrogen bond rearrangement, thereby facilitating ice growth. Inspired by these findings, a scaling law is proposed to predict the transition pressure to ice VII under ramp compression, revealing that the metastable water can be overdriven far beyond its known limits. By bridging atomistic dynamics with macroscopic phase transitions, our work provides transformative insights into phase transitions under dynamic loading.",rss_oup,0
"The Arabian Seas: A Window into Future Oceans – Physical, Biogeochemical, and Ecological Dynamics in Unique Marginal Environments",https://academic.oup.com/nsr/advance-article/doi/10.1093/nsr/nwag607/8832561?rss=1,National Science Review Advance Access,2026-09-23 00:00:00 UTC,2026-09-23 00:00:00+00:00,10.1093/nsr/nwag607,Ibrahim Hoteit,"The Arabian Seas provide a sentinel system for understanding how global Planetary Boundary transgressions manifest through regional ocean processes. Their rapid warming, altered circulation, declining ventilation, deoxygenation, acidification, and ecological reorganization reveal interconnected regional manifestations of pressures associated with the Climate Change, Biogeochemical Flows, Ocean Acidification, and Biosphere Integrity boundaries. Regional physical and biogeochemical amplification compresses the timescale over which these pressures become ecologically consequential, exposing regional responses and increasing risks of regime shifts. Although the Arabian Seas possess distinctive environmental characteristics, the mechanisms linking planetary forcing to regional change are broadly relevant to other tropical and marginal oceans. Their present trajectory therefore provides a conditional, mechanism-based analogue for selected processes expected to intensify across future tropical open-ocean and marginal-sea environments. This illustrates how multiple global boundary transgressions may interact to weaken regional resilience and reorganize marine ecosystem function.",rss_oup,0
Complexity and delay shape oscillatory transitions in complex networks,https://academic.oup.com/nsr/advance-article/doi/10.1093/nsr/nwag608/8832562?rss=1,National Science Review Advance Access,2026-09-23 00:00:00 UTC,2026-09-23 00:00:00+00:00,10.1093/nsr/nwag608,Yongzheng Sun,"Oscillation, as a prevalent emergent phenomenon across physical, biological, and ecological systems, is essential for the development and maintenance of many physiological and physical processes. However, the mechanisms through which propagation delays and structural parameters jointly determine the excitation or suppression of oscillatory dynamics remain poorly understood. Here, we show that variations in network complexity, delays, and interaction types provide a parametric route to tuning oscillatory transitions in complex systems. We further demonstrate that delays function as a critical, tunable parameter that complements network complexity in shaping these dynamics. Interestingly, our results reveal that cooperative interactions most effectively promote the emergence of oscillations, outperforming mixed, competitive, and random interaction schemes. Finally, we validate our theoretical predictions through hardware-in-the-loop emulations and demonstrate how network complexity and propagation delays shape oscillatory transitions in an empirically reconstructed complex-network topology.",rss_oup,0
Magnetic electron-hole asymmetry in cuprates: a computational revisit,https://academic.oup.com/nsr/advance-article/doi/10.1093/nsr/nwag609/8832563?rss=1,National Science Review Advance Access,2026-09-23 00:00:00 UTC,2026-09-23 00:00:00+00:00,10.1093/nsr/nwag609,Kun Jiang,"In this work, we revisit the electron–hole asymmetry of the antiferromagnetic (AFM) response in cuprates by studying the three-band Emery model. Using parameters relevant to La2CuO4, we benchmark the AFM response for a large range of dopings with variational Monte Carlo, determinant quantum Monte Carlo, constrained-path auxiliary-field quantum Monte Carlo, density-matrix embedding theory, and the Gutzwiller approximation. Across methods and accessible sizes/temperatures, we find no significant electron–hole asymmetry in the Néel AFM response when the comparison is restricted to the AFM channel. This result is robust to a moderate oxygen-site repulsion Up and to parameter sets of Nd2CuO4. Incorporating dopant-induced local potentials reveals an extrinsic route to asymmetry: Cu-site defects enhance AFM on the electron-doped side, whereas O-site defects suppress it on the hole-doped side. These results indicate that dopant-driven effects make a non-negligible contribution to apparent electron–hole asymmetry in cuprate AFM magnetism and provide an AFM-channel benchmark for studies of competing orders.",rss_oup,0
A plant that reproduces sexually but has clone-like offspring,https://www.nature.com/articles/d41586-026-02789-7,Nature,2026-09-23 00:00:00 UTC,2026-09-23 00:00:00+00:00,10.1038/d41586-026-02789-7,,"The plant Rhynchospora tenuis has no exchange of DNA between parental chromosomes during the production of male and female sex cells. Even so, it still transmits chromosomes and retains sexual reproduction. This unusual system restores parental genetic variants, leading to clonal-like inheritance across generations despite sex-cell production and fertilization. Only seeds that replicate the parental combination of chromosomes remain viable.",openalex,1
Efficient yet stable large perovskite solar modules made using surface treatment,https://www.nature.com/articles/d41586-026-02937-z,Nature,2026-09-23 00:00:00 UTC,2026-09-23 00:00:00+00:00,10.1038/d41586-026-02937-z,,"Non-uniformities in the layer of passivator molecules, which are used to fix defects and protect the surface of perovskite material in solar cells, can limit the durability of the resulting modules. Large modules treated instead with chemically stable lead carboxylate passivators were efficient, reliable and had a higher yield than did commercial silicon modules. Solar modules treated with lead carboxylate passed the standard test of photovoltaic reliability and had a high yield.",openalex,1
The mutational dynamics of the Arabidopsis centromeres,https://www.nature.com/articles/s41586-026-11046-w,Nature,2026-09-23 00:00:00 UTC,2026-09-23 00:00:00+00:00,10.1038/s41586-026-11046-w,Korbinian Schneeberger,"Centromeres are essential for faithful chromosome segregation during cell division. Yet despite their conserved function, many centromeres contain highly variable but internally remarkably homogenized tandem-repeat arrays1,2,3,4,5 whose evolutionary dynamics remain poorly understood. Here, using replicated genome assemblies of mutation accumulation lines, we define the centromere-specific mutation spectrum in Arabidopsis thaliana. We find that kilobase-sized insertion–deletion mutations (indels) occur frequently and consistently preserve tandem-repeat arrays by adding or removing only complete repeat units. Point mutations accumulate at an almost tenfold higher rate than elsewhere in the genome, probably driven by non-allelic gene conversion between closely linked repeat units. These findings suggest a central role for homology-directed DNA repair in centromere evolution, further supported by the accumulation of more frequent and longer tandem-repeat-preserving indels in Arabidopsis lines that are deficient in the anti-recombinase helicase RTEL1. Forward-in-time simulations parameterized with the observed mutation spectrum show that kilobase-sized indels and point mutations alone are sufficient to generate the megabase-sized homogenized repeat blocks characteristic of natural centromeres. Together, our results show that centromere evolution is driven by a distinct mutational spectrum shaped by homology-directed DNA repair, providing a quantitative framework for understanding how mutational processes generate and maintain the large-scale architecture of centromeric DNA.",nature_html,0
Organic two-dimensional van der Waals heterostructures,https://www.nature.com/articles/s41586-026-11074-6,Nature,2026-09-23 00:00:00 UTC,2026-09-23 00:00:00+00:00,10.1038/s41586-026-11074-6,Xinliang Feng,"Van der Waals heterostructures based on graphene and inorganic two-dimensional (2D) crystals enable exquisite control of interlayer coupling, and emergent electronic and optical phenomena1,2. Extending this concept to organic 2D crystals has been hindered by weak, non-directional interlayer interactions that frustrate lattice registry. Here we introduce a bottom-up strategy for programmable lattice engineering in organic van der Waals heterostructures of 2D polymers. Sequential on-water-surface assembly enables layer-by-layer stacking of chemically distinct 2D polymers with defined lattice registry, stacking sequence and thickness, yielding both lattice-matched and controlled lattice-mismatched heterostructures. Structural characterization reveals commensurate epitaxy in lattice-matched and small-mismatched systems, whereas large-mismatch interfaces exhibit moiré features and strain-relief distortions. Ultrafast spectroscopy demonstrates efficient interfacial charge separation and first-principles calculations reveal built-in electric fields and interfacial potential steps arising from interfacial dipole alignment. Devices exhibit diode-like rectification ratios exceeding 107 that systematically decrease with increasing lattice mismatch, establishing organic 2D polymer van der Waals heterostructures as a lattice-engineered platform for (opto)electronic and quantum phenomena.",nature_html,0
Neuronal detection of social actions directs collective escape behaviour,https://www.nature.com/articles/s41586-026-11041-1,Nature,2026-09-23 00:00:00 UTC,2026-09-23 00:00:00+00:00,10.1038/s41586-026-11041-1,Matthew Lovett-Barron,"Animals in groups obtain information from social partners to engage in adaptive behaviour1,2,3. Social information transmission is observed in fish schools4,5,6, bird flocks7,8 and human groups9,10, but the neural representation of such socially acquired information is poorly understood3,11,12. Here we show that, in the schooling glassfish Danionella cerebrum13,14,15, collective escape from danger can be mediated by an individual’s visual perception of other escaping animals. To understand the neural basis of socially transmitted escape behaviour, we imaged neural activity from adult glassfish viewing the actions of virtual conspecifics. Visual neurons in the midbrain optic tectum16,17 and thalamus18 increased their activity when virtual conspecifics escaped. Escape-responsive neurons also responded to the sudden disappearance of virtual fish, yet were unaffected by the disappearance of stimuli moving with non-biological linear motion. Behaviourally, fish retreated from virtual schools that escaped or disappeared, but only those swimming with biological burst-and-glide motion. Neural encoding of this rapid social offset allows fish to infer danger from social information alone, a potentially effective strategy for animals that are capable of rapid movement but have a limited visual range14,19. These results show how the neural computations of individuals enable rapid information sharing in collectives.",nature_html,0
A quadruped robot designed to complete a marathon on a single battery charge,https://www.nature.com/articles/s41586-026-11102-5,Nature,2026-09-23 00:00:00 UTC,2026-09-23 00:00:00+00:00,10.1038/s41586-026-11102-5,Jemin Hwangbo,"Recent advances in legged robot control have expanded the potential for quadruped robots in real-world applications, such as rescue operations in disaster zones and mountainous regions1. However, practical deployment is hindered by the limited travel range per battery charge: a challenge compounded by the robots’ inherent structural characteristics. Unlike wheeled robots, quadrupeds continuously expend energy at their joints to support body weight and incur kinetic energy losses during intermittent foot–ground contact. Moreover, optimizing energy consumption is complicated by trade-offs among various physical effects2, necessitating a holistic approach encompassing both hardware and software components. Previous research has predominantly addressed isolated aspects of energy loss3,4,5,6. Here we show RAIBO2, an energy-efficient quadruped developed through a comprehensive analysis of its overall energy-loss model. Efficiency is enhanced through a force-transparent, lightweight mechanical hardware, a low-resistance motor driving circuit and a low-energy-dissipation locomotion policy. RAIBO2 completed a full marathon in 4 hours, 19 minutes and 52 seconds on a single battery charge7, achieving a total cost of transport of 0.25: surpassing the human benchmark of 0.37. Compared with existing quadrupeds, RAIBO2 offers more than three times the travel range per battery charge. This breakthrough in energy efficiency paves the way for extended outdoor applications in which prolonged battery life is critical.",nature_html,0
MMEJ repair of breaks at TA repeats maintains ecDNA and cancer fitness,https://www.nature.com/articles/s41586-026-11048-8,Nature,2026-09-23 00:00:00 UTC,2026-09-23 00:00:00+00:00,10.1038/s41586-026-11048-8,Agnel Sfeir,"Extrachromosomal DNA (ecDNA) comprises megabase-sized circular DNA elements that frequently carry oncogene amplifications, driving aggressive tumour phenotypes, therapeutic resistance and poor clinical outcomes across many cancers1,2,3,4. Although ecDNA is thought to arise from canonical double-strand break repair, the pathways that maintain it remain unclear. Here we show that inhibition of microhomology-mediated end joining, but not non-homologous end joining or homologous recombination, selectively depletes ecDNA, induces ecDNA-specific damage and promotes its sequestration into micronuclei, compromising the fitness of cancer cells that depend on ecDNA-driven oncogene amplification. Mechanistically, TA-rich loci on ecDNA are hotspots for DNA damage and breakage5,6. The DNA translocase FANCM suppresses break formation at these sites, while breaks that escape FANCM surveillance are cleaved by ERCC1–ERCC4 and channelled into microhomology-mediated end joining for repair. Single-cell whole-genome sequencing shows that disrupting FANCM or polymerase θ (Polθ) in COLO320DM cells causes structural instability characterized by deletions and small duplications, with breakpoints enriched at TA-rich regions. This fragility is recapitulated in human tumours, in which ecDNA rearrangements are enriched at TA repeats. Collectively, our findings reveal TA repeat fragility as an intrinsic vulnerability of circular DNA and identify Polθ inhibition as a promising strategy to potentially destabilize ecDNA and sensitize ecDNA-driven tumours to therapeutic intervention.",nature_html,0
Single-cell atlas of transcriptomic vulnerability across brain disorders,https://www.nature.com/articles/s41586-025-09573-z,Nature,2026-09-23 00:00:00 UTC,2026-09-23 00:00:00+00:00,10.1038/s41586-025-09573-z,Panos Roussos,"Neurodegenerative and neuropsychiatric diseases impose a considerable societal and public health burden. However, our understanding of the molecular mechanisms underlying these highly complex conditions remains limited1,2. Here, to gain deeper insights into the aetiology of different brain diseases, we used specimens from 1,494 unique donors to generate a population-scale single-cell transcriptomic atlas of the human dorsolateral prefrontal cortex, comprising over 6.3 million individual nuclei. The cohort includes neurotypical controls, as well as donors affected by eight common and complex brain disorders: Alzheimer’s disease (AD), diffuse Lewy body disease (DLBD), vascular dementia (Vas), Parkinson’s disease (PD), tauopathy, frontotemporal dementia, schizophrenia, and bipolar disorder. We show that interindividual variation accounts for a substantial portion of gene expression variation. By comparing transcriptomic variation across diseases, we reveal universal signatures enriched in basic cellular functions such as mRNA processing and protein localization. After discounting these cross-disease signatures, we show stronger genetic and transcriptomic concordance among AD, DLBD, Vas and PD. Furthermore, we characterize transcriptomic variation among different AD phenotypes, distinct from those observed in healthy ageing, revealing a reduction in neuronal abundance in individuals with more severe AD, coupled with an increase in immune and vascular cell populations. Exploring the neuropsychiatric symptoms (NPSs) that frequently accompany AD, we find an increased abundance of deep-layer excitatory neurons associated with a broad range of NPSs. By constructing transcriptome trajectories that capture AD progression, we implicate cell-type-specific responses in the early and late stages of AD. Our disease atlas provides a perspective of the transcriptomic landscape in neurodegenerative and neuropsychiatric disorders, shedding light on shared and distinct processes involving the neurological–immune–vascular systems, and identifying potential targets for therapeutic intervention.",nature_html,0
Lsp2 links early-life diet to adult translation and lifespan in Drosophila,https://www.nature.com/articles/s41586-026-11031-3,Nature,2026-09-23 00:00:00 UTC,2026-09-23 00:00:00+00:00,10.1038/s41586-026-11031-3,Fumiaki Obata,"Nearly a century ago, restricting diet during early-life periods was suggested to extend lifespan in rats and in Daphnia1,2. The effect of juvenile diet on adult physiology and lifespan has subsequently been described in other model organisms, including fruit flies3,4,5 and mice6,7,8; however, its mechanism remains poorly understood. Here, using Drosophila as a model, we show that restricting protein intake during the larval stage (early-life protein restriction; ePR) promotes adult lifespan by reducing the levels of storage proteins. Using stable-isotope tracing, we show that dietary amino acids obtained in the larval stage are retained into early adulthood, and are incorporated into ribosomal proteins in particular. This is mediated by larval serum protein 2 (Lsp2), a major storage protein, the expression of which is durably downregulated by ePR in the early adult stage. Genetic silencing of Lsp2 phenocopies ePR, attenuating ribosomal-protein abundance and translational activity in early adulthood, and extending lifespan. Restricting specific amino acids that are especially enriched in these storage proteins, such as phenylalanine and tyrosine, is sufficient to decrease the levels of early-life Lsp2 and promote longevity. These findings identify Lsp2 as a molecular carrier of nutritional history across developmental transitions, linking juvenile nutritional status to adult translational capacity and lifespan. Our study uncovers a previously unrecognized mechanism of nutritional memory that links early-life diet to lifelong organismal health.",nature_html,0
Lsp2 links mTORC1 to TOP mRNA translation and lifespan in Drosophila,https://www.nature.com/articles/s41586-026-11029-x,Nature,2026-09-23 00:00:00 UTC,2026-09-23 00:00:00+00:00,10.1038/s41586-026-11029-x,Zongzhao Zhai,"Mechanistic target of rapamycin complex 1 (mTORC1) senses nutrient availability to orchestrate metabolic processes that are crucial for physiological homeostasis and ageing1. mTORC1 preferentially regulates the translation of 5′-terminal oligopyrimidine (TOP) motif-containing mRNAs (which encode mainly ribosomal proteins) through the 4E-BP translational repressor2; however, this function of mTORC1 is resistant to rapamycin inhibition3. TOP mRNAs are exceptionally abundant, and thus impose a major translational burden on cells, but how their translation is physiologically tuned and linked with lifespan remains unclear. Here we show that Lsp2, which was previously known to be a storage protein4, is also an adipose effector and feedback activator of mTORC1 that modulates lifespan in Drosophila. Expression of Lsp2 is induced by essential amino acids through mTORC1 and is gated by additional signals of nutrient sufficiency. Genetic ablation of Lsp2 robustly extends lifespan without impairing key life history traits such as reproduction. Translatomic profiling shows that loss of Lsp2 selectively reduces global TOP mRNA translation in a 4E-BP-dependent manner, thereby extending lifespan through a mechanism distinct from the effects of rapamycin. Evolutionarily, TOP motifs co-emerged with 4E-BP and are present in nearly all Drosophila ribosomal protein mRNAs. Moreover, we show that the role of TOP motifs in translational control extends to Drosophila. Collectively, our findings reveal a nutrient-induced physiological factor that amplifies mTORC1 output in TOP mRNA translation and regulates organismal longevity.",nature_html,0
Stacking-induced direct band gap in CVD-grown 1H MoS2 bilayers,https://www.nature.com/articles/s41586-026-11069-3,Nature,2026-09-23 00:00:00 UTC,2026-09-23 00:00:00+00:00,10.1038/s41586-026-11069-3,Yann-Wen Lan,"Bilayer transition metal dichalcogenides offer superior electronic properties over their monolayer counterparts, such as higher carrier mobility and electrically switchable polarity1,2,3,4, positioning them as attractive candidates for next-generation transistors1,5 and sliding ferroelectric devices6,7. However, their inherent indirect band gap severely limits light emission, hindering their integration into optoelectronic systems1,2,5,8,9,10. Here we show bilayer MoS2 with 1H stacking obtained by a two-step chemical vapour deposition process, yielding atomically precise vertical alignment. The 1H bilayers exhibit a direct band gap, as confirmed by angle-resolved photoemission spectroscopy and density functional theory calculations. Photoluminescence measurements show intensified excitonic emission and the absence of indirect bandgap features. Furthermore, these bilayers exhibit stronger valley polarization than monolayers under both resonant and nonresonant excitation, primarily because of the suppressed intervalley scattering in the top layer. Together, these results establish 1H MoS2 as a model system for stacking-engineered quantum materials and underscore its potential for valleytronic and optoelectronic applications.",nature_html,0
Non-bonding orbital programming enables ruthenium oxides for robust and economical proton exchange membrane water electrolysis,https://www.cell.com/joule/fulltext/S2542-4351(26)00366-1?rss=yes,Joule,2026-09-23 00:00:00 UTC,2026-09-23 00:00:00+00:00,10.1016/j.joule.2026.102682,Shengjie Peng,"Ruthenium oxides are promising low-cost anodes for proton exchange membrane water electrolysis but suffer from poor acidic stability. By eliminating non-bonding oxygen states and using oxygen charge as a descriptor, we show that Tb-B-RuO2 achieves high activity and 3,200-h durability in the test of the device, thereby offering a route toward scalable hydrogen production.",rss_cell,0
Microscopic robots that sense and reshape their environment,https://www.nature.com/articles/s41928-026-01709-x,Nature Electronics,2026-09-23 00:00:00 UTC,2026-09-23 00:00:00+00:00,10.1038/s41928-026-01709-x,Itai Cohen,"In natural systems, the physical environment can alter the behaviour of organisms which, in turn, can change how the organisms actively modify their environment. Translating such behaviour to microscopic robots and creating a system that can actively reshape its surroundings through a dynamic closed-loop coupling between the behaviour and environmental cues could lead to emergent functionalities such as collective self-organization and adaptive environmental regulation. Here we report microscopic robots that integrate thermal sensing, programmable complementary metal–oxide–semiconductor logic and electrochemical actuators, and can couple robot behaviour to environmental cues. The robots drive artificial cilia to pump fluid with a direction and speed that adapt in real time to the thermal environment. We demonstrate three temperature-responsive modalities that can drive robot-to-environment coupling: binary sensing for threshold-based flow reversal, continuous sensing for smooth flow-speed modulation and gradient sensing for flow alignment along spatial temperature gradients. We show that the cilia-generated flows can regulate local thermal fields, providing a closed-loop interaction with the environment.",nature_html,0
Adsorption–conversion synthesis of ultrathin intermetallics and high-entropy alloys,https://www.nature.com/articles/s41563-026-02752-x,Nature Materials,2026-09-23 00:00:00 UTC,2026-09-23 00:00:00+00:00,10.1038/s41563-026-02752-x,Xiangfeng Duan,"Two-dimensional intermetallic compounds (IMCs) and high-entropy metallic alloys (HEMAs) have recently attracted much attention for their emergent physical phenomena. However, the synthesis of two-dimensional single crystals of IMCs and HEMAs represents a considerable challenge due to their intrinsic thermodynamic instability and kinetic uncontrollability. Here we report an adsorption–conversion strategy to synthesize diverse Fe-, Co-, Ni-, Cu- and Pd-based ultrathin single crystals of IMCs and HEMAs, including the compositions that were previously inaccessible. During growth, metal atoms liberated from decomposed surface adsorbates incorporate into the metallic matrix, whereas residue surface Cl atoms kinetically drive the formation of two-dimensional structures by enhancing the energy difference among various facets. The resulting materials exhibit a conductivity of up to 3 × 107 S m−1 and an ultralow temperature coefficient of resistance of 2 ppm K−1. Our work establishes a broad family of ultrathin IMCs and HEMAs as a versatile material platform for exploring emergent physicochemical properties.",nature_html,0
Interlayer hybridization promotes superconductivity in bilayer nickelates,https://www.nature.com/articles/s41563-026-02750-z,Nature Materials,2026-09-23 00:00:00 UTC,2026-09-23 00:00:00+00:00,10.1038/s41563-026-02750-z,Yingying Peng,"Ruddlesden—Popper nickelates offer a route to high-temperature superconductivity beyond cuprates and iron pnictides. However, the electronic reconstruction enabling superconductivity in bilayer nickelates remains unresolved, largely due to the difficulty of directly probing superconducting samples. Here we stabilize superconducting (La,Pr)3Ni2O7 thin films with a protective capping layer, enabling direct X-ray absorption and resonant inelastic X-ray scattering measurements. Across insulating, superconducting and metallic samples, we track the evolution of in-plane and out-of-plane electronic states, spin and orbital excitations, and spin-density-wave order. Combined with theoretical analysis, our results show that itinerant dx2&#x2212;y2"" role=""presentation"">dx2−y2{d}_{{x}^{2}-{y}^{2}} states form the in-plane electronic backbone, whereas superconductivity emerges with coherent dz2"" role=""presentation"">dz2{d}_{{z}^{2}}–pz–dz2"" role=""presentation"">dz2{d}_{{z}^{2}} interlayer hybridization, together with suppressed static spin order and strongly damped spin excitations. Oxygen stoichiometry and epitaxial strain both tune this interlayer channel, placing superconductivity within a narrow regime of interlayer coherence and establishing a multiorbital picture of superconductivity in bilayer nickelates.",nature_html,0
Sandwich‐Like Supramolecular Clamp‐Templated Manganese(II) Bromide Scintillators for Multimodal Visualization,https://onlinelibrary.wiley.com/doi/10.1002/anie.5230240?af=R,Wiley: Angewandte Chemie International Edition: Table of Contents,2026-09-23 03:41:07 UTC,2026-09-23 03:41:07+00:00,10.1002/anie.5230240,Mei‐Jin Lin,"ABSTRACT
                  
                    Crown ether‐regulated metal halides feature programmable host‐guest coordination and structurally defined emissive centers, making them promising for multifunctional scintillation applications. However, their strong coordination and supramolecular interactions favor ordered assembly and crystallization, hindering melt‐processing into large‐area, transparent glassy scintillator screens. Here, we develop a “three birds with one stone” strategy using sandwich‐like benzo‐15‐crown‐5‐metal supramolecular clamps to simultaneously regulate [MnBr
                    4
                    ]
                    2−
                    geometry, cation‐associated charge collection, and glass formation. Four Mn(II) bromides, [(B15C5)
                    2
                    @K]
                    2
                    MnBr
                    4
                    (CKMB), [(B15C5)
                    2
                    @Rb]
                    2
                    MnBr
                    4
                    (CRMB), [(B15C5)
                    2
                    @Sr]MnBr
                    4
                    (CSMB), and [(B15C5)
                    2
                    @Ba]MnBr
                    4
                    (CBMB), were obtained. The well‐matched K
                    +
                    ‐B15C5 clamp stabilizes a nearly ideal [MnBr
                    4
                    ]
                    2−
                    tetrahedron in CKMB, affording a photoluminescence quantum yield of 82.2%. The cationic framework contributes to the conduction‐band‐edge states and promotes X‐ray charge collection, yielding a relative light yield of 6.74 × 10
                    4
                    photons MeV
                    −1
                    and a detection limit of 28.5 nGy s
                    −1
                    . Meanwhile, monovalent clamp cations induce steric mismatch and packing frustration, enabling vitrification of CKMB and CRMB. CKMB‐G exhibits T
                    g
                    = 61°C, T
                    g
                    /T
                    m
                    = 0.87, and a retained light yield of 3.20 × 10
                    4
                    photons MeV
                    −1
                    . The complementary crystalline and glassy states enable WLED emission, X‐ray imaging at 32 lp mm
                    −1
                    , dynamic imaging at 2K resolution and 60 fps, and multimodal anti‐counterfeiting, highlighting supramolecular clamps as active cationic templates for multifunctional Mn(II) scintillators.",crossref,0
Ammonia‐Gated Guanyl Hydrazone Photoisomerization Enables Sequential Solid‐State Optical Response in Hydrogen‐Bonded Organic Frameworks,https://onlinelibrary.wiley.com/doi/10.1002/anie.7471326?af=R,Wiley: Angewandte Chemie International Edition: Table of Contents,2026-09-23 03:42:25 UTC,2026-09-23 03:42:25+00:00,10.1002/anie.7471326,Hongxia Yan,"ABSTRACT
                  
                    Light‐driven molecular switches enable precise and noninvasive regulation of molecular structure and function, and thus represent fundamental building blocks for stimuli‐responsive photofunctional materials. However, translating molecular‐level photoswitching into sequence‐dependent macroscopic outputs in the solid state remains a formidable challenge. In this study, we report a supramolecular strategy that integrates guanyl hydrazone switches into hydrogen‐bonded organic frameworks (HOFs) to overcome this limitation. A tetrasulfonate‐substituted tetraphenylethylene anion (
                    
                      TPE
                      4
                      −
                    
                    ) is employed as the host scaffold, while guanyl hydrazone (
                    G2
                    ) functions as the photoresponsive guest, affording a functional framework through cooperative assembly. This system leverages a reversible crystalline–amorphous phase transformation, triggered by acid–base stimuli, to gate the solid‐state photoisomerization of
                    G2
                    . Upon activation, the configurational switching of
                    G2
                    induces a cascade reorganization of the
                    
                      TPE
                      4
                      −
                    
                    packing motifs, leading to pronounced and sequence‐dependent modulation of both fluorescence and macroscopic coloration. In addition, the applicability of this system in information encryption has been demonstrated. This work expands the design paradigm of hydrazone‐based photoswitches in the solid state and provides a supramolecular strategy for constructing intelligent optical materials with high information density and enhanced security.",crossref,0
Ultrafast and High Charge Capability Aluminum‐Ion Storage With Long Term Stability,https://onlinelibrary.wiley.com/doi/10.1002/anie.4624632?af=R,Wiley: Angewandte Chemie International Edition: Table of Contents,2026-09-23 03:43:32 UTC,2026-09-23 03:43:32+00:00,10.1002/anie.4624632,Bao‐Lian Su,"ABSTRACT
                  
                    Aqueous aluminum‐ion batteries (AAIBs) are promising for large‐scale energy storage due to their low cost, high safety, and environmental friendliness, while Prussian blue analogues (PBAs), with their open frameworks, are attractive cathode materials for future AAIB applications. However, poor stability and long charging times, arising from strong lattice distortion, intense electrostatic interactions, and sluggish ion migration kinetics, remain major obstacles to the practical application of AAIBs. Despite significant efforts to overcome these limitations, their charging rate and cycling performance still fall short of industrial requirements. Here we report an engineered PBAs cathode with ultrafast charge capability and long term stability by nickel‐induced electronic self‐compensation strategy to effectively suppress lattice distortion and accelerate Al
                    3+
                    ion diffusion in NiCuHCF. Such cathode delivers an ultrahigh charge capability, achieving a capacity retention of 74.6% after 1600 cycles at 1.0 A g
                    −1
                    , corresponding capacity loss of only ∼0.016% per cycle, and an unprecedented charge rate of 180 C with a charging time of 20 s, far outperforming all previously reported PBAs cathodes. This research provides an ultrafast charging and long‐term cathode material based on PBAs with facile and low cost large‐scale production to meet industrial requirements for durable AAIBs.",crossref,0
C60‐Mediated d‐π Conjugation Induces Electronic Reconstruction to Boost Charge Storage of Nb2C/Nb2O5 Heterostructure Anode,https://onlinelibrary.wiley.com/doi/10.1002/anie.5198340?af=R,Wiley: Angewandte Chemie International Edition: Table of Contents,2026-09-23 03:44:48 UTC,2026-09-23 03:44:48+00:00,10.1002/anie.5198340,Panpan Zhang,"ABSTRACT
                  
                    Regulating orbital electronic structure to enhance the charge‐storage capability of anode materials is critical for developing high‐performance lithium‐ion hybrid capacitors (LIHCs). Herein, we report a novel interfacial engineering strategy that employs fullerene C
                    60
                    ‐mediated
                    d‐π
                    conjugation within a Nb
                    2
                    C/Nb
                    2
                    O
                    5
                    heterostructure (denoted as C
                    60
                    ‐Nb
                    2
                    C/Nb
                    2
                    O
                    5
                    ) to realize simultaneous electronic reconstruction and structural optimization. The introduced C
                    60
                    forms robust
                    d‐π
                    conjugation with the
                    d
                    ‐orbitals of Nb, acting as an electron acceptor to drive directional charge transfer across both the C
                    60
                    /Nb
                    2
                    C and Nb
                    2
                    C/Nb
                    2
                    O
                    5
                    interfaces. Combined theoretical and experimental analyses confirm that orbital engineering between Nb (
                    
                      d
                      xy
                    
                    /
                    
                      d
                      yz
                    
                    ) and C
                    60
                    (
                    p
                    ) facilitates electron backflow, improves intrinsic electronic conductivity, substantially lowers the Li
                    +
                    adsorption barrier, triggers an upward shift of the
                    d
                    ‐band center, and accelerates electron‐transfer kinetics. Consequently, the C
                    60
                    ‐Nb
                    2
                    C/Nb
                    2
                    O
                    5
                    anode delivers a remarkable reversible capacity of 658.8 mAh g−
                    1
                    at 0.1 A g−
                    1
                    and excellent rate capability. The assembled C
                    60
                    ‐Nb
                    2
                    C/Nb
                    2
                    O
                    5
                    //activated carbon LIHC achieves a high energy density of 199.5 Wh kg−
                    1
                    , ranking among the highest values reported for MXene‐based LIHCs. This work elucidates a molecular‐mediated interfacial electronic engineering mechanism for tailoring charge‐storage behavior, providing a rational design strategy for advanced electrochemical energy‐storage systems.",crossref,0
Regulating Metal–Support Interaction via WO3 Crystal Phase Engineering for Enhanced Acidic Water Oxidation,https://onlinelibrary.wiley.com/doi/10.1002/anie.7046071?af=R,Wiley: Angewandte Chemie International Edition: Table of Contents,2026-09-23 04:11:59 UTC,2026-09-23 04:11:59+00:00,10.1002/anie.7046071,Zhen Zhou,"ABSTRACT
                  
                    Metal–support interaction (MSI) is pivotal in tuning the intrinsic activity and structural stability of heterogeneous catalysts, yet precise control of MSI strength remains a major challenge. Herein, we demonstrate crystal‐phase engineering of WO
                    3
                    supports—monoclinic (M‐WO
                    3
                    ), orthorhombic (O‐WO
                    3
                    ), and tetragonal (T‐WO
                    3
                    )—to modulate MSI in Ir single‐atom catalysts. The three WO
                    3
                    crystals exhibit distinct distortion degrees (M‐WO
                    3
                    &gt; O‐WO
                    3
                    &gt; T‐WO
                    3
                    ), where stronger distortion enhances Ir activity but compromises stability. Notably, O‐WO
                    3
                    achieves an optimal modulation balance: the moderate W─O bond strength and distortion induce the strongest MSI, elevating the Ir oxidation state to +5.74, shortening the Ir─O bond, and reinforcing Ir─O covalency. Such favorable electronic and structural modulation substantially promotes intrinsic oxygen evolution reaction (OER) activity. The O─WO
                    3
                    ─Ir catalyst exhibits a low overpotential of 219 mV at 10 mA cm
                    −2
                    and demonstrates outstanding acidic OER stability, with a cumulative operation time over 1000 h under sequential testing at different current densities. The optimized MSI promotes high‐valence Ir formation, accelerates *OO intermediate generation, and suppresses Ir dissolution, thereby addressing sluggish kinetics and unstable active sites. This work provides new insights into regulating MSI strength via crystal‐phase engineering to advance durable and efficient acidic OER catalysts.",crossref,0
Boosting Charge Storage in Ferri/Ferrocyanide‐Based Alkaline Redox Flow Batteries,https://onlinelibrary.wiley.com/doi/10.1002/anie.3588313?af=R,Wiley: Angewandte Chemie International Edition: Table of Contents,2026-09-23 05:50:32 UTC,2026-09-23 05:50:32+00:00,10.1002/anie.3588313,Xiaoliang Wei,"ABSTRACT
                  
                    The ferri/ferrocyanide redox couple has long served as a benchmark catholyte in aqueous redox flow batteries (RBFs), particularly under highly alkaline conditions. However, the limited alkaline solubilities of commercially available Na
                    +
                    and K
                    +
                    forms constrain the attainable energy density of these systems. Here, we demonstrate that Li
                    +
                    substitution substantially boosts the alkaline solubility of ferri/ferrocyanide, offering a promising route to overcome the long‐standing energy density limitation. Complementary spectroscopic and computational analyses reveal a distinct solubilization mechanism in which Li
                    +
                    promotes mixed‐solvation and aggregate‐rich solution structures that sustain highly concentrated, fully dissolved electrolytes beyond the saturation behavior of Na
                    +
                    and K
                    +
                    analogs. When Li
                    3/4
                    Fe(CN)
                    6
                    is paired with polysulfide or organic anolytes, the resulting flow cells demonstrate exceptional cycling stability and energy density in alkaline environments. Using symmetric flow cell configurations, we further elucidate the stability and decomposition mechanisms of the corresponding redox materials, revealing contrasting effects of electrolyte alkalinity: it compromises ferri/ferrocyanide stability while substantially enhancing polysulfide stability. These findings establish complementary molecular insights into redox materials solubilization and stabilization, providing a mechanistic foundation for developing energy‐dense and durable alkaline RBFs.",crossref,0
Synergistic Integration of Thermocatalysis and Electrocatalysis for Isopropanol Dehydrogenation Toward Efficient Hydrogen Production,https://onlinelibrary.wiley.com/doi/10.1002/anie.5026257?af=R,Wiley: Angewandte Chemie International Edition: Table of Contents,2026-09-23 05:53:04 UTC,2026-09-23 05:53:04+00:00,10.1002/anie.5026257,Li Tao,"ABSTRACT
                  
                    Isopropanol dehydrogenation represents a pivotal step in the liquid organic hydrogen carrier cycle. Conventional thermocatalytic routes require high temperatures and entail substantial energy penalties, while low‐temperature electrocatalytic processes suffer from sluggish reaction kinetics. Herein, we report an integrated thermo‐electrocatalytic strategy within a high‐temperature proton exchange membrane electrolyzer (HT‐PEME), enabling highly efficient isopropanol dehydrogenation. A RuIr bimetallic catalyst was designed, wherein Ru sites effectively promote the cleavage of both O─H and C─H bonds in isopropanol, while the incorporation of Ir optimizes the adsorption behavior of reaction intermediates, thereby mitigating Ru site poisoning and significantly enhancing catalytic stability. At 200°C and 0.5 V, the integrated system delivers an exceptional anodic acetone production rate of 1336.36 mmol g
                    −1
                    h
                    −1
                    , coupled with a cathodic H
                    2
                    evolution rate of 1451.31 mmol g
                    −1
                    h
                    −1
                    . This synergistic approach provides a robust and broadly applicable pathway for efficient H
                    2
                    production.",crossref,0
Synergistic Vibrational Suppression and Aggregation Control via a Rigid Dimeric Acceptor for 21.13% Organic Solar Cells,https://onlinelibrary.wiley.com/doi/10.1002/anie.3111048?af=R,Wiley: Angewandte Chemie International Edition: Table of Contents,2026-09-23 05:54:00 UTC,2026-09-23 05:54:00+00:00,10.1002/anie.3111048,Yanming Sun,"ABSTRACT
                  
                    The efficiency bottleneck of organic solar cells (OSCs) is predominantly hindered by severe non‐radiative energy loss (Δ
                    E
                    3
                    ), which primarily originates from strong electron‐phonon coupling and detrimental charge recombination into darker state traps. Herein, we designed and synthesized a highly rigid and polarized dimeric acceptor, DY‐SO by incorporating a sulfone bridged unit. It is revealed that the sulfone bridge's steric hindrance restricts backbone torsion and suppresses molecular vibration, enabling DY‐SO with significantly reduced reorganization energy compared to small molecule L8‐BO, which reduces non‐radiative triplet trapping (CT→T
                    1
                    ) and yields photoluminescence quantum yield (PLQY) of 11.70% and exceptionally low Δ
                    E
                    3
                    of 0.149 eV. Upon deploying DY‐SO into the D18:L8‐BO baseline matrix to evaluate its photovoltaic potential, we further discovered that the inclusion of this rigid dimer successfully tames the film‐formation kinetics, effectively suppressing the excessive self‐agglomeration inherent to rigid structures and promoting more ordered molecular packing and a favorable phase‐separated morphology. Benefiting from these synergistic modulations, the optimal ternary D18:L8‐BO:DY‐SO OSC achieves an outstanding power conversion efficiency of 21.13% (certified as 20.70%). This work demonstrates that by introducing structurally rigidified, highly polarized dimeric acceptor to suppress molecular vibrational coupling, and mitigate non‐radiative dissipation is of great significance for improving the performance of OSCs.",crossref,0
Manipulating Fluorinated Nanochannels in Porous Aromatic Frameworks for Ultra‐Stable Sodium‐Ion Transport,https://onlinelibrary.wiley.com/doi/10.1002/anie.7843737?af=R,Wiley: Angewandte Chemie International Edition: Table of Contents,2026-09-23 05:54:51 UTC,2026-09-23 05:54:51+00:00,10.1002/anie.7843737,Guangshan Zhu,"ABSTRACT
                  
                    Quasi‐solid‐state sodium metal batteries suffer from sluggish Na
                    +
                    transport and unstable interphases due to strong ion pairing and unfavorable solvation structures. Herein, fluorinated nanochannels are constructed by grafting flexible perfluoroalkyl chains into porous aromatic frameworks (PAF‐1‐F), generating a weakly coordinating environment that promotes ion‐pair dissociation and fluorine‐polarization‐assisted Na
                    +
                    transport. The resulting PAF‐1‐F quasi‐solid‐state electrolyte exhibits an impressive ionic conductivity of 2.79 × 10
                    −4
                    S cm
                    −1
                    , a high Na
                    +
                    transference number of 0.562, and a wide electrochemical stability window of 4.98 V. The fluorine‐rich nanochannels further induce the formation of uniform NaF‐rich interphases, enabling stable Na plating/stripping for over 5700 h with suppressed dendritic growth. When evaluated in full cells, the PAF‐1‐F quasi‐solid‐state electrolyte achieves stable cycling over 1300 cycles with 91.3% capacity retention and maintains durable operation for more than 4000 cycles even at −20°C. This work establishes nanochannel‐mediated weak coordination as a strategy for coupling ion transport and interfacial stability in quasi‐solid‐state electrolytes.",crossref,0
Electronic Confinement Induced Single Atom Functionality in Hydroxylamine Synthesis Unveiled by Constant Potential Simulation,https://onlinelibrary.wiley.com/doi/10.1002/anie.1983375?af=R,Wiley: Angewandte Chemie International Edition: Table of Contents,2026-09-23 05:58:04 UTC,2026-09-23 05:58:04+00:00,10.1002/anie.1983375,Jianping Xiao,"ABSTRACT
                  
                    Electrochemical nitric oxide (NO) reduction offers a sustainable route for hydroxylamine (NH
                    2
                    OH) synthesis. Single‐atom catalysts (SACs), featuring isolated metal centers and weaker adsorbate binding than extended metals, are widely regarded as ideal NH
                    2
                    OH‐selective catalysts. However, the recent observation of NH
                    2
                    OH production on highly reactive metals challenges this conventional viewpoint and indicates that SACs are not indispensable in hydroxylamine electrosynthesis. Here, we establish a unified picture in which electronic confinement induces single‐atom functionality that underlies NH
                    2
                    OH selectivity. Specifically, our constant‐potential simulations identify the competition between *HNO and *NOH formation as a key determinant of NH
                    2
                    OH versus NH
                    3
                    selectivity, with preferential *HNO formation directing the reaction toward NH
                    2
                    OH production. Grand canonical Monte Carlo simulations further reveal that highly reactive metals undergo operando surface restructuring, generating isolated metal centers that acquire single‐atom functionality and preferentially stabilize *HNO. Electronic structure analysis uncovers a unified origin of *HNO preference: heteroatom coordination induces strong orbital hybridization, narrowing the metal d‐band and localizing the electronic states of the isolated metal centers. This electronic confinement enables balanced *HNO‐metal interactions while preserving the intramolecular N─O bond, thereby stabilizing *HNO and promoting NH
                    2
                    OH selectivity. These findings establish electronic confinement as a promising and general design principle for developing NH
                    2
                    OH‐selective electrocatalysts beyond predefined SACs.",crossref,0
Single Atoms Couple Molecular Coordination to Near‐Resonant Charge Transfer in Surface‐Enhanced Raman Scattering,https://onlinelibrary.wiley.com/doi/10.1002/anie.4147834?af=R,Wiley: Angewandte Chemie International Edition: Table of Contents,2026-09-23 05:59:59 UTC,2026-09-23 05:59:59+00:00,10.1002/anie.4147834,Zhonghai Zhang,"ABSTRACT
                  
                    Chemical enhancement in surface‐enhanced Raman scattering (SERS) is generally attributed to interfacial charge transfer, yet how atomically defined coordination converts molecular binding into enhanced vibrational polarizability remains unresolved. Here we show that Au‐coordinated Pt single atoms function as charge‐transfer bridges within a TiO
                    
                      x
                    
                    nanocavity/Au nanoparticle architecture, coupling molecular coordination to near‐resonant Raman enhancement. The Pt single atoms serve three interdependent roles: binding target molecules, modulating interfacial electronic states, and mediating charge transfer. Together with photonic confinement and plasmonic hotspots, this atomically defined pathway produces an apparent SERS enhancement factor of 3.6 × 10
                    11
                    and enables measurements within a statistically defined single‐molecule occupancy regime. We term this cooperative process Spatial–Plasmonic Atomic Coupling Enhancement (SPACE), which connects atomic‐scale coordination and energy‐level alignment with macroscopic Raman amplification. As a proof of analytical utility, cysteamine functionalization couples benzaldehyde capture through Schiff‐base formation to the single‐atom‐mediated enhancement pathway, enabling gas‐phase detection down to 0.3 ppbv. These findings establish single‐atom coordination as a general design principle for transforming interfacial molecular binding into near‐resonant vibrational amplification.",crossref,0
Beyond Radical Emitters: Hot‐Exciton Electroluminescence From Singlet Diradicaloids,https://onlinelibrary.wiley.com/doi/10.1002/anie.6379738?af=R,Wiley: Angewandte Chemie International Edition: Table of Contents,2026-09-23 06:02:12 UTC,2026-09-23 06:02:12+00:00,10.1002/anie.6379738,Davide Blasi,"ABSTRACT
                  
                    Overcoming the 25% spin‐statistical limit of fluorescent emitters remains a central challenge in organic electroluminescence. Although radical emitters efficiently harvest doublet excitons in organic light‐emitting diodes, their optoelectronic performance can be affected by limited charge‐carrier mobility and efficiency roll‐off. Here we introduce trityl‐based singlet diradicaloids with small diradical character as a new class of open‐shell emitters and demonstrate their operation in organic light‐emitting transistors (OLETs) using the polychlorinated Thiele hydrocarbon (
                    TTH
                    ) as emitter. Comparison with previously reported radical‐based devices reveals spin utilization around or exceeding 0.38 in
                    TTH
                    ‐based OLETs. Time‐resolved electroluminescence, fs and ns transient absorption measurements, and quantum‐chemical calculations demonstrate that this enhancement does not originate from triplet–triplet annihilation but from hot‐exciton mechanism enabled by the diradical electronic structure, where the T
                    2
                    state efficiently repopulates the emissive singlet via reverse intersystem crossing (RISC). Unlike conventional hot‐exciton emitters based on donor–acceptor architectures, this system demonstrates hot‐exciton behavior in a singlet diradicaloid framework. Reduced charge trapping further highlights singlet diradicaloids with small diradical character as promising platforms for efficient and stable electroluminescent devices.",crossref,0
Sustainable Low‐Valent Iridium Active Sites in Rhenium Doped Perovskite Iridates for Efficient Acidic Oxygen Evolution Reaction via Hybridized Reaction Pathways,https://onlinelibrary.wiley.com/doi/10.1002/anie.1466065?af=R,Wiley: Angewandte Chemie International Edition: Table of Contents,2026-09-23 06:07:00 UTC,2026-09-23 06:07:00+00:00,10.1002/anie.1466065,HyukSu Han,"ABSTRACT
                  
                    Proton exchange membrane water electrolysis (PEMWE) is a promising route for sustainable hydrogen production, yet its adoption is limited by the scarcity and cost of Ir‐based oxygen evolution reaction (OER) catalysts. Here, we first report that a Re‐doped SrZr
                    x
                    Ir
                    1‐x
                    O
                    3
                    (Re‐SZIO) perovskite iridate exhibits outstanding OER performance in acid media, combining a low overpotential (250 mV at 10 mA cm
                    −2
                    ) and high Ir mass activity (&gt; 1,300 A gIr
                    −1
                    ) with robust durability. High‐valent Re doping stabilizes an active low‐valent Ir species in Re‐SZIO, suppresses overoxidation, and promotes sustainable formation of active sites. Combinational mechanistic studies using in situ spectroscopy and grand canonical density functional theory (GC‐DFT) with microkinetic modeling reveal that dynamic Re–Ir–O interactions open an additional oxide path mechanism (OPM) branch alongside the conventional adsorbate evolution mechanism (AEM), yielding a hybrid pathway in which the OPM contributes at low overpotentials while the AEM remains dominant at higher overpotentials. This work demonstrates a viable strategy for designing robust, efficient, and low‐Ir based OER catalysts via precise electronic modulation of both the reaction pathway and the framework stability.",crossref,0
Bioelectronic Photocommutator to Regulate Extracellular Electron Transfer Circuits for Microbial Photovoltaic Energy Storage,https://onlinelibrary.wiley.com/doi/10.1002/anie.7229401?af=R,Wiley: Angewandte Chemie International Edition: Table of Contents,2026-09-23 06:13:20 UTC,2026-09-23 06:13:20+00:00,10.1002/anie.7229401,Zhihui Dai,"ABSTRACT
                  
                    Precise control over bioelectronic circuits is crucial for advancing bioelectrochemical systems, yet achieving dynamic, external regulation of electron flow has remained a fundamental challenge. Here, we create a biotic–abiotic hybrid system where the biosynthesized cadmium sulfide quantum dots (CdS QDs) are interfaced with the extracellular electron transfer (EET) pathway of
                    Shewanella oneidensis
                    MR‐1, forming a bioelectronic photocommutator. This biotic–abiotic hybrid enables light‐dependent, bidirectional control of electron transfer. Under 405 nm illumination, the system enhances outward EET, while switching to inward electron flow under 450 nm illumination. We elucidate the switching mechanism through photoelectrochemical, spectroscopic, XPS, and electrochemiluminescence experiments, revealing that the connection between CdS and EET proteins regulates the energy band structure of CdS via defect‐state passivation, thus establishing two distinct electron transfer circuits. This switching mechanisim allows the QD‐protein nanohybrid to function as the photocommutator on microbial electron transport pathway. Based on this principle, we have constructed a bioelectrochemical system, the microbial photovoltaic cell (MPC), that can be charged and discharged with light, and further demonstrated its application as a thin‐film, flexible power source. This work provides a nano‐bio interface for the active regulation of bioelectrochemical processes, opening an avenue for programmable biotic–abiotic nanohybrids in bioenergy storage and bioelectronics.",crossref,0
Programming Structural Disorder in MOFs for a Stable Bifunctional Water‐Splitting Electrocatalyst,https://advanced.onlinelibrary.wiley.com/doi/10.1002/aenm.71632?af=R,Wiley: Advanced Energy Materials: Table of Contents,2026-09-23 06:26:22 UTC,2026-09-23 06:26:22+00:00,10.1002/aenm.71632,Shi‐Zhang Qiao,"ABSTRACT
                  
                    For practical water electrolysis, electrocatalysts must deliver both high activity and stability. Metal–organic frameworks (MOFs) provide a programmable platform for constructing tailored active sites and coordination environments, offering considerable potential for high activity. However, MOF electrocatalysts typically undergo activation‐induced reconstruction, during which their ordered frameworks transform into disordered active states, generating reconstruction‐induced strain. Poor accommodation of this strain can lead to morphological collapse, metal‐site leaching, and ultimately compromised stability. To address these issues, we leveraged the programmability of MOFs to restrict the long‐range extension of their secondary building units, thereby pre‐introducing disorder into the framework to facilitate strain accommodation during reconstruction. Consequently, activation increased the electrochemically active surface area of the disordered structure, in contrast to the decrease observed for the ordered counterpart, suggesting that destructive reconstruction was effectively mitigated. The resulting active phase retained M–O–M bridging vibrational features even at 1.9 V (vs. RHE), whereas the corresponding features in the ordered MOF were markedly weakened at 1.4 V (vs. RHE), indicating better structural integrity after reconstruction. These advantages enabled stable operation for up to 500 h in an electrolyzer and 1500 h at 1 A cm
                    −2
                    in a two‐electrode cell, demonstrating excellent durability for overall water splitting.",crossref,0
Programmable Doping‐Enabled Engineering of Hydrogel Iontronics for Tailored Soft Ionic Devices,https://advanced.onlinelibrary.wiley.com/doi/10.1002/adma.75133?af=R,Wiley: Advanced Materials: Table of Contents,2026-09-23 06:29:48 UTC,2026-09-23 06:29:48+00:00,10.1002/adma.75133,Huanghao Yang,"ABSTRACT
                  Soft ionic conductors with tunable mechanical properties and biological signal compatibility are essential for facilitating seamless abiotic‐biotic interfaces. However, the lack of precise, scalable control over the intrinsic transport performance of these materials critically restricts their broader deployment in advanced biotechnology. In this work, we present a programmable doping strategy, inspired by conventional semiconductor manufacturing paradigms, aimed at creating high‐performance hydrogel iontronic devices. By systematically modulating polyelectrolyte concentrations and strategically integrating lignosulfonate sodium, we meticulously tailor the semiconducting characteristics of hydrogel heterojunctions. The resulting programmable hydrogels exhibit exceptional operational tunability, successfully functioning as robust ionic diodes, logic circuits, pnp‐type transistors, and synthetic synapses. This scalable method establishes a highly adaptable framework for tailored soft ionic conductors, broadening their potential applications in complex signal transmission and neuromorphic computing.",crossref,0
A Self‐Amplifying Ultrasound‐Activated Polymeric Prodrug Nanoplatform for Synergistic Sonodynamic Immunotherapy,https://advanced.onlinelibrary.wiley.com/doi/10.1002/adma.75117?af=R,Wiley: Advanced Materials: Table of Contents,2026-09-23 06:30:41 UTC,2026-09-23 06:30:41+00:00,10.1002/adma.75117,Jing Sun,"ABSTRACT
                  Ultrasound (US)‐triggered sonodynamic therapy (SDT) combined with immunotherapy shows considerable promise, yet its therapeutic efficacy remains constrained by insufficient intratumoral drug activation and limited immunogenicity. Herein, we report a self‐amplifying US‐responsive nanoplatform (PMB@R848) for synergistic sonodynamic immunotherapy. The nanotherapeutic was constructed by conjugating the sonosensitizer methylene blue (MB) to polylysine through US‐labile urea‐based linkages, providing a stable framework for efficient complexation of immunostimulant R848. Under physiological conditions, PMB@R848 exhibited excellent colloidal stability and biocompatibility. Upon US irradiation, the generated reactive oxygen species (ROS) initiated selective cleavage of urea bonds, exposing protonatable amino groups that enhanced intraparticle electrostatic repulsion under mildly acidic tumor microenvironment. This cascade process further accelerated nanoparticle destabilization and established a self‐amplified release behavior, enabling synchronized liberation of both MB and R848. The released MB markedly enhanced ROS generation, inducing robust immunogenic cell death and tumor antigen release, while R848 further amplified dendritic cell maturation and systemic antitumor immunity. Benefiting from the synergistic integration of self‐amplified SDT and immune activation, PMB@R848 achieved potent inhibition of primary tumors, effectively suppressed recurrence, and established durable immune memory in multiple murine tumor models. This work presents a self‐amplifying, US‐activatable nanoplatform for precision sonodynamic immunotherapy.",crossref,0
Mild Catalytic‐Crystallization‐Confinement Synthesis of Single‐Atom Catalyst on α‐MnO2 With Hundreds‐Fold Enhanced Water Oxidation Activity,https://advanced.onlinelibrary.wiley.com/doi/10.1002/adma.75112?af=R,Wiley: Advanced Materials: Table of Contents,2026-09-23 06:33:20 UTC,2026-09-23 06:33:20+00:00,10.1002/adma.75112,Tianran Zhang,"ABSTRACT
                  
                    Single‐atom catalysts anchored on metal oxide supports (SACs/MO
                    
                      x
                    
                    ) present exceptional activities toward oxygen evolution reaction (OER), owing to the strong metal‐support interactions, maximum atom utilization, and good stability under high oxidation environments. However, conventional synthesis of SACs/MO
                    
                      x
                    
                    involves uncontrollable procedures and harsh conditions, hindering their atomic dispersion and scalable manufacturing. Here, we report a catalytic‐crystallization‐confinement approach for synthesizing SACs on α‐MnO
                    2
                    under low temperature and ambient pressure. This approach leverages noble‐metal atoms to mediate the dissolution‐recrystallization of amorphous oxide precursors, confining the noble‐metal single atoms within the lattice, and lowering the crystallization temperature of the precursor. The fabrication is scalable and generalizable, allowing the synthesis of diverse SACs (e.g. Ir, Ru, Pd, Pt) on α‐MnO
                    2
                    support. The representative Ir‐single‐atom/α‐MnO
                    2
                    exhibits a ∼300‐fold OER activity enhancement over commercial IrO
                    2
                    . This work opens a new avenue for the mild and scalable synthesis of SACs and provides new insight into crystallization mechanism of oxides.",crossref,0
Third-generation ultralong-term latent heat storage glass based on a sugar alcohol mixture,https://www.science.org/doi/abs/10.1126/sciadv.aei4311?af=R,AAAS: Science Advances: Table of Contents,2026-09-23 07:00:00 UTC,2026-09-23 07:00:00+00:00,10.1126/sciadv.aei4311,Takahiro Nomura,"Long-term thermal storage can decarbonize heat utilization by resolving mismatches between heat supply and demand. However, common heat storage materials cannot store energy for long periods. Here, we report an ultralong-term latent heat storage “glass” based on a ternary eutectic sugar alcohol mixture. The as-prepared material exhibits a solid–liquid phase change and glass transition at 423 and 289 K, respectively, with heat release via cold crystallization at 346 K. Remarkably, the glass transition temperature increases to 313 K after aging at ambient temperature for 12 hours due to structural relaxation. This phase change material (PCM) conserves the latent heat of fusion at 423 K for at least 180 days in the glass state at ambient temperature. These results establish a third-generation latent heat storage mode, retaining the charged state as a kinetically arrested amorphous solid and thereby fundamentally shifting the stability criterion from supercooled-liquid nucleation suppression to glass-transition and structural-relaxation kinetics.",crossref,0
Mechanism of GPR84 allosteric modulation at a helix 8–proximate site,https://www.science.org/doi/abs/10.1126/sciadv.aeh5849?af=R,AAAS: Science Advances: Table of Contents,2026-09-23 07:00:00 UTC,2026-09-23 07:00:00+00:00,10.1126/sciadv.aeh5849,Cheng Zhang,"Allosteric modulators offer opportunities for pathway-selective G protein–coupled receptor (GPCR) signaling, but the mechanisms enabling biased allosteric modulation remain poorly understood. We identify a helix 8–proximate allosteric site in the immune-metabolic receptor GPR84 and define how it achieves G
                    i
                    -biased signaling. Cryo–electron microscopy structures of the GPR84-G
                    i
                    complexes bound to the orthosteric agonist OX04539 alone or with the positive allosteric modulator PSB-16671 reveal a helix 8–proximate allosteric site for PSB-16671 formed between transmembrane helices 1 (TM1) and TM7. Molecular dynamics simulations and mutagenesis uncover a polar interaction network linking orthosteric and allosteric sites through conserved residues including Asp66
                    2.50
                    , Asn104
                    3.36
                    , and Asn362
                    7.45
                    , and disrupting this network enhances allosteric cooperativity. PSB-16671 stabilizes a receptor conformation with pronounced TM6 displacement that favors G
                    i
                    coupling while disfavoring β-arrestin recruitment, sustaining macrophage phagocytosis of cancer cells without the desensitization induced by balanced agonists. Sequence analysis suggests that receptor-specific helix 8–proximate allosteric sites may be broadly targetable across class A GPCRs. These findings establish mechanistic principles for biased allosteric modulation applicable beyond GPR84.",crossref,0
Ultrasound-enhanced exosome secretion and antibody-free SERS profiling for Alzheimer’s disease via iPSC-derived cortical organoids,https://www.science.org/doi/abs/10.1126/sciadv.aed3930?af=R,AAAS: Science Advances: Table of Contents,2026-09-23 07:00:00 UTC,2026-09-23 07:00:00+00:00,10.1126/sciadv.aed3930,Byullee Park,"Exosomes offer a promising vehicle for noninvasive diagnosis of neurodegenerative diseases by carrying multiple biomarkers across the blood-brain barrier. However, traditional exosome analysis often misses subtle genotype-specific variations because of weak signals from a few exosomes, reliance on markers, and limited understanding of disease signatures. Here, we present a sound way to understand Alzheimer’s disease through label-free surface-enhanced Raman scattering (SERS) profiling of cortical organoid-derived exosomes. Initially, we enhanced exosomal SERS signal levels by optimizing ultrasound parameters to increase exosome secretion from cortical organoids. Using this strategy, we distinguished apolipoprotein E genotype–dependent differences in intact exosomal fingerprints. Transcriptome analysis confirmed that ultrasound stimulation increased exosome secretion and up-regulated exosome-related genes functionally linked to Alzheimer’s pathology. Ultrasound-based stimulation and label-free exosome profiling reveal genotype-specific pathologies, providing a precision-diagnostic framework for Alzheimer’s disease.",crossref,0
FaBrick: An actuated fabric building platform for constructing scalable and versatile soft robots,https://www.science.org/doi/abs/10.1126/sciadv.aeg1614?af=R,AAAS: Science Advances: Table of Contents,2026-09-23 07:00:00 UTC,2026-09-23 07:00:00+00:00,10.1126/sciadv.aeg1614,Daniel Bruder,"Soft robots have shown promise across applications such as wearable assistance, gripping, manipulation, and locomotion, where adaptability, safety, and compliance are essential. These functions are largely enabled by a small set of fundamental actuation modes: contraction, bending, twisting, rotation, and stiffening; but existing soft actuators that realize these motions are constructed using distinct materials and fabrication methods. This lack of standardization fragments the design process, limits scalability, and restricts accessibility for nonspecialized users. To address these challenges, this paper introduces FaBrick, a modular actuated fabric material made through a scalable manufacturing process that uses heated, patterned rolling to produce it at arbitrary lengths. Through folding, cutting, sealing, and stapling, FaBrick material can be configured to replicate the contractile, twisting, rotational, and bending motions of other soft pneumatic actuators. Each actuator type is fabricated, modeled, and experimentally validated, and the actuators are integrated into (i) wearable robotic limbs, (ii) a one-piece adaptive gripper, (iii) an elephant trunk–inspired manipulator, and (iv) a quadruped-like locomotion robot. Together, these results establish FaBrick as a scalable, versatile, and user-friendly foundation for building integrated soft robotic systems from a single material platform.",crossref,0
The effect of microgravity and flows on the organization and dynamics of the human genome,https://www.science.org/doi/abs/10.1126/sciadv.aeh3116?af=R,AAAS: Science Advances: Table of Contents,2026-09-23 07:00:00 UTC,2026-09-23 07:00:00+00:00,10.1126/sciadv.aeh3116,Alexandra Zidovska,"The human genome is highly organized and dynamic across different length scales. Genome organization and dynamics change upon exposure to mechanical stresses, leading to changes in transcription, replication, and DNA repair. Gravity presents a constant mechanical stress applied to the genome—in its absence, i.e., microgravity, gene expression markedly changes—yet the role of gravity in the genome’s organization and function is unknown. Here, we investigate changes in the genome’s organization and dynamics upon simulated microgravity and flows. We find that the nucleus changes its shape and size, with liquid phases inside the nucleus, such as nucleolus, visibly affected by the lack of buoyancy and convection in the nucleoplasm. Notably, the genome organization and dynamics remain largely preserved. While flows cause DNA damage, simulated microgravity does not. Our study provides fundamental biophysical insights into the nuclear and genome organization, highlighting its robustness against mechanical stresses and revealing key aspects of the role of gravity in the cell.",crossref,0
"Acoustofluidic cryo-EM enables in situ particle manipulation for uniform, high-quality cryo-EM specimens",https://www.science.org/doi/abs/10.1126/sciadv.aeh5900?af=R,AAAS: Science Advances: Table of Contents,2026-09-23 07:00:00 UTC,2026-09-23 07:00:00+00:00,10.1126/sciadv.aeh5900,Tony Jun Huang,"Cryo–electron microscopy (cryo-EM) has revolutionized structural biology by enabling imaging of macromolecular complexes at near-atomic resolution, but its success depends critically on specimen quality. Standard plunge freezing often produces nonuniform particle distributions, resulting in poor particle statistics and reduced imaging quality, particularly for vesicular structures and low-concentration, labile macromolecular complexes. Here, we introduce acoustofluidic cryo-EM (ACE), a noncontact specimen-preparation method that integrates acoustofluidic manipulation into a conventional plunge-freezing workflow. ACE enables localized nanoscale particle manipulation by mechanically coupling acoustic excitation into the cryo-EM grid, where forced vibration generates localized acoustic streaming through viscous boundary-layer effects. Guided by this physical mechanism, validation using liposomes and apoferritin demonstrates that ACE increases particle density by up to fourfold while preserving structural integrity and improving imaging quality. This strategy provides a broadly applicable approach for enhancing cryo-EM specimen quality, improving imaging efficiency, and facilitating high-resolution structural analysis.",crossref,0
Persistent TOP1 cleavage complexes in drug-tolerant cells drive adaptive resistance to EGFR-targeted therapies in lung cancer,https://www.science.org/doi/abs/10.1126/sciadv.aeh9099?af=R,AAAS: Science Advances: Table of Contents,2026-09-23 07:00:00 UTC,2026-09-23 07:00:00+00:00,10.1126/sciadv.aeh9099,Olivier Sordet,"Resistance to targeted cancer therapies often arises from drug-tolerant cells, which survive treatment by entering a nonproliferative state. Over time, these cells can acquire mutations that contribute to cell reproliferation, but how nonproliferating drug-tolerant cells accumulate these mutations remains unclear. Here, we show that EGFR inhibition in
                    EGFR
                    -mutated lung cancer transiently down-regulates tyrosyl-DNA phosphodiesterase 1 (TDP1), a repair enzyme that resolves abortive topoisomerase I cleavage complexes (TOP1ccs). In drug-tolerant cells, elevated reactive oxygen species promote TOP1cc trapping, while TDP1 down-regulation impairs their repair, driving TOP1cc accumulation, resistance mutation acquisition, and cell reproliferation. We further find that TDP1 expression is absent in ∼25% of
                    EGFR
                    -mutated lung cancers. In TDP1-deficient cells, combining EGFR inhibition with a sublethal concentration of topotecan, which further increases TOP1ccs, abolishes cell reproliferation. Together, these findings establish persistent TOP1cc accumulation as a driver of therapy-induced mutagenesis linking drug tolerance to adaptive resistance and reveal TDP1 loss as a targetable vulnerability in EGFR-mutated lung cancers.",crossref,0
Octopus-inspired muscle activation unlocks high-DOF motion from a single actuator,https://www.science.org/doi/abs/10.1126/sciadv.aei4282?af=R,AAAS: Science Advances: Table of Contents,2026-09-23 07:00:00 UTC,2026-09-23 07:00:00+00:00,10.1126/sciadv.aei4282,Cecilia Laschi,"While soft robots leverage compliant materials to offer infinite degrees of freedom (DOFs), achieving dexterous motions usually requires numerous actuators, making the robot bulky, complex to assemble, and discontinuously segmented. Here, inspired by the octopus neuromuscular junctions (NMJs), we present similar wire bonding junctions (WBJs) that enable partitioned activation on a single shape memory alloy (SMA) actuator. By utilizing WBJs, soft robots achieve continuous deformation with approximately twice the workspace and manipulability of traditional stacked designs. We demonstrated that modulating voltage across these junctions allows the SMA to actuate variable lengths, maintaining high dexterity while reducing energy consumption up to 40%. With WBJs, one single SMA actuator could master both soft arm manipulator and its end effector. This compact, lightweight architecture enables the soft robot arm to be rolled for low-encumbrance drone deployment and confined-space sampling. Our results demonstrate a new actuation paradigm for achieving high DOF, offering a compact, efficient blueprint for soft robot design.",crossref,0
Atomic-scale quantification of hydrogen in metal hydrides by electron ptychography,https://www.science.org/doi/abs/10.1126/sciadv.aed5872?af=R,AAAS: Science Advances: Table of Contents,2026-09-23 07:00:00 UTC,2026-09-23 07:00:00+00:00,10.1126/sciadv.aed5872,Zhen Chen,"Direct visualization of hydrogen—the smallest and lightest element—in complex materials remains a fundamental challenge. Owing to its extremely weak electron scattering, high mobility, and the resolution limits of conventional transmission electron microscopy, the atomic-scale occupation sites and spatial distribution of hydrogen have remained largely inaccessible. Here, we demonstrate atomic-resolution imaging and quantitative analysis of hydrogen in metal hydrides using energy-filtered multislice electron ptychography (MEP). By applying MEP to a complex high-entropy alloy (HEA) hydride, we resolve previously inaccessible structural details, including picometer-scale hydrogen displacements and pronounced three-dimensional inhomogeneity. Statistical analysis further reveals that hydrogen incorporation unexpectedly suppresses the intrinsic lattice distortion present in the pristine HEA. These results establish MEP as a powerful platform for quantitative hydrogen imaging at the atomic scale and provide direct insight into the structural role of hydrogen in phenomena ranging from hydrogen embrittlement and hydrogen storage to emergent electronic phase transitions.",crossref,0
Self-organized optofluidic locking enables stable single-frequency lasing in dynamic liquid media,https://www.science.org/doi/abs/10.1126/sciadv.aei3045?af=R,AAAS: Science Advances: Table of Contents,2026-09-23 07:00:00 UTC,2026-09-23 07:00:00+00:00,10.1126/sciadv.aei3045,Handong Sun,"Liquid-state lasers are promising wavelength-agile, reconfigurable coherent light sources, but fluid gain media introduce Brownian motion, thermal transport, and refractive-index fluctuations that destabilize single-frequency emission. Here, we demonstrate that nonequilibrium fluid fluctuations can instead be harnessed to stabilize lasing through optofluidic locking. In anisotropic colloidal nanoplatelets (CNPs), a weak auxiliary continuous-wave optical field induces collective particle migration, reorientation, and accumulation via coupled optical forces and convective flow. The resulting self-organized gain landscape suppresses cavity fluctuations, improves output stability by nearly three orders of magnitude, and reduces the lasing threshold by over 75%. Integrated with high-gain CdSe/CdSeS/CdZnS core/graded-crown/graded-shell nanoplatelets and a Littman-like external cavity, this mechanism enables stable single-frequency lasing with a side-mode suppression ratio above 31 dB, a 0.051 nm linewidth, and 170-nm single-mode tunability across engineered CNP gain media. We further demonstrate applications in WS
                    2
                    photoluminescence pumping and wavelength-tunable topological vertical-cavity lasing.",crossref,0
Structural mechanisms of SAMD9 autoinhibition and pathogenic dysregulation,https://www.science.org/doi/abs/10.1126/sciadv.aeg3967?af=R,AAAS: Science Advances: Table of Contents,2026-09-23 07:00:00 UTC,2026-09-23 07:00:00+00:00,10.1126/sciadv.aeg3967,Yan Xiang,"SAMD9 and SAMD9L (SAMD9/9L) are large cytosolic proteins essential for hematopoietic homeostasis and antiviral defense (
                    
                      1
                    
                    –
                    
                      3
                    
                    ). Germline gain-of-function (GoF) mutations in SAMD9/9L cause severe multisystem disorders and predispose to leukemia, but the mechanisms that regulate SAMD9/9L activity and how pathogenic mutations disrupt these processes remain poorly understood. Here, we report cryo–electron microscopy structures of human SAMD9 in multiple conformational and oligomeric states. SAMD9 predominantly adopts a closed, autoinhibited conformation stabilized by a central ATP-bound nucleotide-binding oligomerization domain (NOD) and an extensive network of intramolecular interactions. Recurrent patient-derived GoF mutations localize to and destabilize these intramolecular interfaces, whereas structure-guided compensatory mutations that restabilize these interfaces restore autoinhibition. We further identify low-abundance asymmetric SAMD9 dimers in which one protomer undergoes large conformational changes and establishes intermolecular interactions that are essential for SAMD9 activation. Together, these findings define the structural basis of SAMD9 autoinhibition and reveal how human GoF mutations disrupt this regulatory mechanism to drive disease.",crossref,0
An ASXL3–thyroid hormone axis in parvalbumin interneurons controls autism-like behaviors,https://www.science.org/doi/abs/10.1126/sciadv.aeh2640?af=R,AAAS: Science Advances: Table of Contents,2026-09-23 07:00:00 UTC,2026-09-23 07:00:00+00:00,10.1126/sciadv.aeh2640,Zilong Qiu,"Pathogenic variants in
                    ASXL3
                    underlie autism spectrum disorder (ASD), but how they perturb neural circuits and whether defects are reversible remain unclear. Here we show that
                    Asxl3
                    haploinsufficiency in mice reduces cortical thickness and upper-layer projection neurons while increasing parvalbumin (PV) interneuron number and producing ASD-like behavioral abnormalities. Mechanistically,
                    Asxl3
                    loss derepresses the thyroid hormone (TH)–inactivating enzyme DIO3 via altered histone H2A monoubiquitination, depleting brain TH. Conditional deletion of the TH receptor
                    Thra
                    in inhibitory neuron progenitors phenocopies the PV interneuron expansion, linking impaired TH signaling to PV circuit remodeling. Neonatal, but not adolescent, TH supplementation restores PV interneuron numbers and rescues behavior in
                    
                      Asxl3
                      +/−
                    
                    mice, defining a critical early window for intervention. An intein-based AAV system that reconstitutes full-length ASXL3 normalizes cortical architecture and behavior in
                    
                      Asxl3
                      +/−
                    
                    mice and drives efficient ASXL3 expression in non-human primate brain, establishing an ASXL3–TH–PV interneuron axis as a targetable pathway in ASD.",crossref,0
Computational design of optimized and preferentially paired human TCR constant regions for improved T cell function,https://www.science.org/doi/abs/10.1126/sciadv.aeb9189?af=R,AAAS: Science Advances: Table of Contents,2026-09-23 07:00:00 UTC,2026-09-23 07:00:00+00:00,10.1126/sciadv.aeb9189,Cyrille J. Cohen,"T cell receptor (TCR) gene transfer is a promising approach for cancer immunotherapy, but its efficacy is limited by mispairing of TCR chains, which reduces surface expression and may generate off-target specificities. We applied the PROSS and FuncLib algorithms to engineer human TCR constant regions for improved stability and preferential pairing. After several screening rounds, we identified a variant, termed structurally enhanced TCR (SET), that exhibited markedly enhanced surface expression, functional avidity, and reduced mispairing. SET-expressing T cells secreted higher cytokine levels, displayed increased activation, and mediated superior cytotoxicity. Notably, SET demonstrated function in CD4
                    +
                    T cells and mediated potent tumor control in xenograft models, significantly delaying tumor growth and improving survival. SET’s benefits were reproducible across six different TCRs, supporting its broad applicability. These findings highlight the potential of rational design to improve the potency of TCR-based therapies.",crossref,0
Grain size and sediment storage explain why postfire debris flows are absent in some mountainous landscapes,https://www.science.org/doi/abs/10.1126/sciadv.aec7923?af=R,AAAS: Science Advances: Table of Contents,2026-09-23 07:00:00 UTC,2026-09-23 07:00:00+00:00,10.1126/sciadv.aec7923,Donald N. Lindsay,"Postfire debris flow occurrence varies widely in mountainous landscapes, even under similar rainfall conditions. To understand why, we investigated two burned landscapes that experienced intense postfire rainfall: one in southern California with over 100 postfire debris flows and one in northern California with no postfire debris flows. Debris flows can initiate from bed failures that are predicted to occur when Shields stress
                    
                      
                        
                          
                            τ
                            ∗
                          
                        
                      
                    
                    exceeds a threshold. We characterized
                    
                      
                        
                          
                            τ
                            ∗
                          
                        
                      
                    
                    at the two sites, investigated bed failure, and conducted numerical experiments to identify controlling factors. Postfire increases in clear-water runoff raised
                    
                      
                        
                          
                            τ
                            ∗
                          
                        
                      
                    
                    by up to threefold, whereas postfire reductions in channel grain size raised
                    
                      
                        
                          
                            τ
                            ∗
                          
                        
                      
                    
                    by two orders of magnitude. No increase in runoff was required to initiate debris flows at the southern California site, yet debris flows were unlikely to initiate at the northern California site even for considerable increases in runoff. These results provide a mechanistic explanation for discrepancies in debris flow occurrence in mountainous landscapes.",crossref,0
Aqueous lignin adhesive for high-performance wood bonding,https://www.science.org/doi/abs/10.1126/sciadv.aee5160?af=R,AAAS: Science Advances: Table of Contents,2026-09-23 07:00:00 UTC,2026-09-23 07:00:00+00:00,10.1126/sciadv.aee5160,Fengxia Yue,"Developing formaldehyde-free and high-performance wood adhesives is imperative for sustainable wood utilization. To overcome performance trade-offs in lignin adhesives, we developed a formaldehyde-free aqueous adhesive formulation via reactive cysteine-functionalized lignin, achieving high performance with an unprecedentedly low lignin loading (20 wt %), which is sprayable and injectable and exhibits excellent fluidity (1.96 mPa·s, 10
                    3
                    s
                    −1
                    ). It undergoes self-curing via forming amide bond, achieving robust bonding performance under simple hot-pressing conditions. The solvent-free lignin adhesive for plywood outperforms commercial resins, demonstrating exceptional dry strength (4.0 MPa), high wet-strength retention (83.7%), and superior durability against extreme temperatures (−196° to 190°C), humid heat aging, and solvents. Cysteine substitution enhances fracture toughness eightfold (reaching 11.06 kJ/m
                    2
                    ) by forming dual covalent/noncovalent networks that facilitate the polarity-enabled adhesion and crosslinking-induced toughening. This work establishes an environmentally friendly and scalable strategy for constructing full bio-based adhesives with exceptional processability and durability, providing a paradigm for lignin valorization within lignin-first biorefinery frameworks.",crossref,0
Photoinitiator-free gelatin hydrogel microneedles for acute gouty arthritis treatment,https://www.science.org/doi/abs/10.1126/sciadv.aei6340?af=R,AAAS: Science Advances: Table of Contents,2026-09-23 07:00:00 UTC,2026-09-23 07:00:00+00:00,10.1126/sciadv.aei6340,Zhipeng Gu,"Photo-crosslinked microneedles (MNs) are widely used in biomedical applications, but their dependence on exogenous photoinitiators continues to pose a fundamental challenge to their further advancement. Herein, we have developed a hydrogel MN system loaded with self-assembled nanoparticles (NPs). The NPs are composed of natural polyphenols and indomethacin. The MN system is rapidly dissolving and is fabricated through an initiator-free photo-crosslinking process. Systematic investigation of the gel composition, swelling behavior, and mechanical properties of lipoic acid-modified gelatin (GelLA)-based MNs demonstrated both swelling and mechanical strength could be readily tuned. Notably, the tunable mechanical feature of GelLA enabled effective penetration of the stratum corneum, facilitating efficient transdermal drug delivery. Compared with gelatin methacryloyl, GelLA-based hydrogel MNs prepared at the same concentration exhibited superior biocompatibility, while eliminating the potential cytotoxicity associated with exogenous photoinitiators. Further in vivo evaluation in an acute gouty arthritis model demonstrated that the MN system could significantly alleviate joint inflammation through rapid drug release, highlighting its potent anti-inflammatory efficacy. Overall, this initiator-free, photo-crosslinkable GelLA-based MNs system offered a safe, efficient, and user-friendly strategy for local drug delivery in the management of acute gouty arthritis.",crossref,0
Thermally driven CO2 adsorption/desorption and its effect on soil respiration,https://www.science.org/doi/abs/10.1126/sciadv.aed9979?af=R,AAAS: Science Advances: Table of Contents,2026-09-23 07:00:00 UTC,2026-09-23 07:00:00+00:00,10.1126/sciadv.aed9979,Ronald Amundson,"Soil respiration counterbalances global photosynthesis, yet several aspects of this process remain unexplained despite decades of research: (i) nighttime negative soil carbon flux in drylands and (ii) diurnal temperature-dependent hysteresis patterns. We propose that abiotic CO
                    2
                    adsorption-desorption in the soil is the cause or contributor to these phenomena. Laboratory isotherms were conducted on desert soil at various diurnal temperatures and CO
                    2
                    partial pressure levels. These results, combined with field data from the Mojave Desert, demonstrate that adsorption causes negative nocturnal CO
                    2
                    fluxes, while desorption during the day leads to positive fluxes. In addition, by accounting for thermally driven physical CO
                    2
                    exchange, the apparent temperature hysteresis commonly observed is reversed. The annual CO
                    2
                    adsorption in the thermally active soil layer ranges from 16.7 to 19.3 grams of CO
                    2
                    -C per square meter per year, indicating a possible abiotic exchange of up to 2.2 to 2.5 billion tonnes of CO
                    2
                    -C with the atmosphere globally. Our findings suggest that gaseous adsorption should be included in the global carbon cycle to more accurately represent land-atmosphere CO
                    2
                    exchange.",crossref,0
Staking out the frontiers: The limits of the metazoan shallow marine fossil record,https://www.science.org/doi/abs/10.1126/sciadv.aeh3920?af=R,AAAS: Science Advances: Table of Contents,2026-09-23 07:00:00 UTC,2026-09-23 07:00:00+00:00,10.1126/sciadv.aeh3920,Mathias Harzhauser,"The fossil record is inherently incomplete, yet its physical limits remain largely uncharted. Here, we quantify the spatiotemporal coverage of the global shallow-marine metazoan fossil record across the Phanerozoic, using a large dataset of georeferenced collections intersected with global geological data. Modeling historical sampling trajectories, we show that for most time intervals, future data accumulation is expected to be negligible, and geographic coverage is approaching saturation. For intervals with remaining potential, we reconstruct the present-day extent of unexplored but geologically accessible strata, providing spatially explicit guidance on where undetected fossil information is most likely to await discovery. Our results constitute a quantitative roadmap for prioritizing fieldwork, completing occurrence databases, and mobilizing unpublished museum collections.",crossref,0
Global dispersal of macroalgae-derived recalcitrant DOC may substantially contribute to deep-ocean carbon storage,https://www.science.org/doi/abs/10.1126/sciadv.aeg3815?af=R,AAAS: Science Advances: Table of Contents,2026-09-23 07:00:00 UTC,2026-09-23 07:00:00+00:00,10.1126/sciadv.aeg3815,Yongyu Zhang,"Macroalgae, the dominant primary producers of Earth’s most productive coastal vegetated ecosystems and a vital component driving ocean carbon sequestration, produce ∼5 to 80% of their net primary productivity as dissolved organic carbon (DOC). However, the global extent, fate, and contribution of this macroalgae-derived DOC to the pelagic carbon pool remain poorly understood. We establish a molecular fingerprint of the dominant coastal macroalga
                    Saccharina japonica
                    –derived DOC (kelp-derived DOC) using ultrahigh-resolution mass spectrometry and conservative filtering. We differentiate the kelp-derived DOC into labile (LDOC) and recalcitrant fractions (RDOC) based on prolonged resistance to microbial degradation, identify discriminating molecular traits through machine learning, and integrate them into a stability metric, molecular recalcitrance score (MRS). Both candidate kelp-associated RDOC signals and the more persistent, semilabile subset of candidate kelp-associated LDOC signals are detected throughout the global ocean, as far as ∼10,000 kilometers from kelp ecosystems and at depths of ∼5500 meters. Detected candidate kelp-associated DOC signals exhibit elevated MRS, with values positively correlated with distance from source regions, indicating selective long-distance transport of intrinsically more stable compounds. We preliminarily estimate that coastal macroalgal ecosystems globally may contribute 320.7 to 481.1 teragrams of carbon per year of RDOC. The detection of candidate kelp-associated RDOC signals throughout the global ocean provides molecular-level evidence of the long-distance export of macroalgae-derived RDOC to the pelagic and deep ocean, highlighting a major, previously unrecognized pathway of long-term storage of macroalgae-derived DOC in global oceans, although the precise fraction exported to the deep ocean remains to be quantified.",crossref,0
A bacterial-killing type IV secretion system as a hidden antifungal device,https://www.science.org/doi/abs/10.1126/sciadv.aeg3743?af=R,AAAS: Science Advances: Table of Contents,2026-09-23 07:00:00 UTC,2026-09-23 07:00:00+00:00,10.1126/sciadv.aeg3743,Guoliang Qian,"Interkingdom competition between bacteria and fungi in nutrient-limited environments drives microbial community dynamics, yet the molecular mechanisms enabling bacterial dominance during bacterial-fungal interaction remain poorly characterized. This study reveals a paradigm-shifting role for bacterial type IV secretion system (T4SS) by demonstrating that a specialized bacterial-killing T4SS (T4SS
                    BK
                    ) in
                    Lysobacter enzymogenes
                    serves as a universal cross-kingdom antifungal weapon. Combining genetic, biochemical, and bioinformatical approaches, we show that T4SS
                    BK
                    mediates direct contact-dependent suppression of phylogenetically diverse fungi—including unicellular yeasts and filamentous species—through delivery of a conserved deoxyribonuclease effector, LtdD. Structural characterization reveals that LtdD homologs are evolutionarily conserved across T4SS
                    BK
                    -harboring bacterial lineages, suggesting widespread ecological deployment of this antifungal strategy. These findings overturn the classical dogma of T4SS
                    BK
                    as an antibacterial apparatus and establish it as a multifunctional microbial combat system capable of trans-kingdom interference. By elucidating a DNA-targeting mechanism of fungal growth inhibition, our work not only redefines the ecological role of T4SS
                    BK
                    in microbial warfare but also provides a molecular blueprint for engineering DNA-based antifungal therapies.",crossref,0
Quantifying CAHOOTS: Measuring a mobile crisis response program’s impact on police response through call diversion and prevention,https://www.science.org/doi/abs/10.1126/sciadv.aeb8064?af=R,AAAS: Science Advances: Table of Contents,2026-09-23 07:00:00 UTC,2026-09-23 07:00:00+00:00,10.1126/sciadv.aeb8064,Rori Rohlfs,"Mobile Crisis Response Programs (MCRPs) have emerged as alternatives to police for emergency mental and behavioral health calls, yet their effectiveness in diverting calls from police remains contested. CAHOOTS (Crisis Assistance Helping Out On The Streets), the United States’ longest-running MCRP, has been subject to widely varying ad hoc diversion rate estimates, from 3 to 20%. We use a systematic difference-in-differences design to estimate the causal effects of CAHOOTS on police call volume by introducing three estimators. The Substitution Diversion Rate (SDR) quantifies MCRP responses that directly replace police responses and estimates the rate at 18% for CAHOOTS. Our results indicate that in addition to substituting for police response, CAHOOTS was associated with reductions in police-handled call volume consistent with a prevention effect. The Prevention-adjusted Diversion Rate (PDR) accounts for both call substitution and prevention, and we estimate it at 23% for CAHOOTS. Last, the Overlapping-mandate Diversion Rate (ODR) quantifies the proportion of mutually answerable calls handled by an MCRP. We estimate CAHOOTS’ ODR at 50%. Our findings provide evidence that MCRPs significantly reduce police response call volume through direct substitution and likely incident prevention.",crossref,0
RNF43 p.G659fs leads to natural killer cell dysfunction in MSI-high colorectal cancer through PI3K/AKT/mTOR signaling and HLA-E up-regulation,https://www.science.org/doi/abs/10.1126/sciadv.adz6907?af=R,AAAS: Science Advances: Table of Contents,2026-09-23 07:00:00 UTC,2026-09-23 07:00:00+00:00,10.1126/sciadv.adz6907,Marios Giannakis,"The RNF43 p.G659fs (
                    
                      RNF43
                      659mut
                    
                    ) mutation occurs in 8% of colorectal cancers (CRCs) and is enriched in microsatellite instability–high (MSI-H) tumors. Although
                    
                      RNF43
                      659mut
                    
                    promotes tumor growth through phosphatidylinositol 3-kinase/protein kinase B/mechanistic target of rapamycin (PI3K/AKT/mTOR) activation independent of WNT signaling, its immunologic effects are poorly defined. We show that
                    
                      RNF43
                      659mut
                    
                    shapes an immunosuppressive natural killer (NK) cell landscape in MSI-H CRC. Single-cell RNA sequencing and multiplex immunohistochemistry revealed increased NK cell infiltration in
                    
                      RNF43
                      659mut
                    
                    tumors, yet these cells displayed inhibitory phenotypes. Bulk RNA sequencing and flow cytometry of NK cells cocultured with
                    
                      RNF43
                      659mut
                    
                    isogenic lines and MSI-H patient-derived organoids demonstrated reduced functional NK subsets, decreased activation markers, increased inhibitory receptors, and impaired cytotoxicity. Mechanistically,
                    
                      RNF43
                      659mut
                    
                    -mediated PI3K/AKT activation induced HLA-E expression, suppressing NK cell function. Pharmacological or small interfering RNA–mediated PI3K/AKT inhibition restored NK cell activity and enhanced tumor cell killing. Spatial analysis of MSI-H patient tumors revealed close proximity between NKG2A
                    +
                    NK cells and HLA-E
                    +
                    tumor cells, which were themselves adjacent to PI3K/AKT-activated tumor cells, highlighting a localized immunosuppressive niche. These findings uncover an immune evasion mechanism in MSI-H CRC, implicating the PI3K/AKT-HLA-E/NKG2A axis as a promising therapeutic target to overcome immunotherapy resistance.",crossref,0
Magmatic origin of the Dewar magnetic anomaly: Implications for an early lunar dynamo,https://www.science.org/doi/abs/10.1126/sciadv.aec0341?af=R,AAAS: Science Advances: Table of Contents,2026-09-23 07:00:00 UTC,2026-09-23 07:00:00+00:00,10.1126/sciadv.aec0341,Max Moorkamp,"The Moon’s ancient magnetic field provides critical insights into lunar thermal and magnetic evolution, yet the lifetime of the interior dynamo remains debated. Returned samples yield complex and contradictory paleomagnetic records, while orbital data reveal crustal magnetic anomalies of uncertain origin from either a core dynamo or transient impact-generated fields. Here, we jointly invert gravity and magnetic observations in the region around the Dewar swirl, a high-albedo feature associated with the Dewar magnetic anomaly. We identify a shallow, magnetized, high-density body consistent with buried mare basalt. Our estimates require a paleointensity exceeding 11 microtesla, suggesting an active lunar dynamo about 4.2 billion years ago, as constrained by the superposed basin ejecta. The results also show that swirl formation requires horizontal magnetization and iron oxide enrichment. These findings link a magnetic anomaly to its geologic origin and magnetizing field, providing constraints on the lunar magnetic and volcanic history.",crossref,0
Cascading magmatic unrest and aseismic faulting in the Aegean Sea enabled by elastic stress relay,https://www.science.org/doi/abs/10.1126/sciadv.aec3198?af=R,AAAS: Science Advances: Table of Contents,2026-09-23 07:00:00 UTC,2026-09-23 07:00:00+00:00,10.1126/sciadv.aec3198,Zachary E. Ross,"Magma reservoirs commonly exist in clusters and situate within complex fault networks, yet sequential triggering of unrest at multiple reservoirs and faults is rarely observed. We show that the 2025 earthquake swarm in the Christiana-Santorini-Kolumbo complex of the Aegean Sea was driven by elastic stress transfer between two magma reservoirs, a 9-kilometer-long dike, and a 17-kilometer-long, southeast-dipping fault. Pressurization of the magma reservoir under Santorini triggered a dike intrusion originating from a separate magma reservoir under the Kolumbo volcano. The dike, in turn, triggered a moment magnitude (
                    
                      
                        
                          
                            
                              M
                              w
                            
                          
                        
                      
                    
                    ) 6.2 aseismic slip transient on a SW-NE trending branch of the Amorgos fault. Episodic bursts of upward-propagating seismicity within the geodetically constrained dike potentially indicate buoyancy-driven, segmented dike opening. We suggest that unrest in rift zones can propagate over spatial scales much larger than individual magma reservoirs and faults via sequential relay of elastic stress.",crossref,0
Ultrasensitive chiral detection by nonlinear chiroptics in spiral plasmonic metastructures surpasses linear limits,https://www.science.org/doi/abs/10.1126/sciadv.aed9129?af=R,AAAS: Science Advances: Table of Contents,2026-09-23 07:00:00 UTC,2026-09-23 07:00:00+00:00,10.1126/sciadv.aed9129,Tao Ding,"Chiral sensing is vital in pharmaceuticals and biomedicine but is hindered by the inherently weak chiroptic signals of molecules. Conventional methods rely on tedious chromatographic techniques with expensive chiral columns. This work introduces a breakthrough in ultrasensitive chiral detection by combining nonlinear optics and tailored chiral plasmonics. We fabricate spiral gold metastructures that provide strong enhancements of both electric and superchiral near fields, which simultaneously optimize both the nonlinear conversion efficiency and dissymmetry factor, thereby generating a prominent nonlinear chiroptic response to chiral molecules. The resulting change of circularly polarized second-harmonic generation (ΔCP
                    SHG
                    ) demonstrates remarkable sensitivity to chiral adsorbates, achieving a record-low detection limit of ∼11 picomolars and an outstanding figure of merit of 3260 per micromolar. A key advantage is the ability to selectively detect specific enantiomers directly within racemic mixtures, thereby dispensing with the need for preliminary chromatographic separation. This platform opens promising avenues for chiral analysis, pushing the boundaries of sensitivity, selectivity, and miniaturization for next-generation biochemical assays.",crossref,0
Transposable elements as evolutionary catalysts of ant macrodiversity,https://www.science.org/doi/abs/10.1126/sciadv.aee0306?af=R,AAAS: Science Advances: Table of Contents,2026-09-23 07:00:00 UTC,2026-09-23 07:00:00+00:00,10.1126/sciadv.aee0306,Guojie Zhang,"Transposable elements (TEs) are key contributors to genome evolution, yet their macroevolutionary roles in adaptive radiations remain poorly understood, as high-quality genomic resources at sufficient phylogenetic breadth and appropriate comparative methods have been lacking. Here, we analyze 163 genomes spanning 12 of 16 extant ant subfamilies to characterize TE impacts over the past 100 million years. We identify convergent TE acquisition bursts in ancestors of the most speciose ant clades, preceding rapid diversification following the Cretaceous-Paleogene extinction event approximately 66 million years ago. We demonstrate that TEs associate with expansions of odorant receptors and other key gene families and reveal notable compartmentalization of ant genomes into faster-evolving TE-rich and more conserved TE-poor regions. Our findings demonstrate the broad-scale impact of TE-dependent genome evolution during ant adaptive radiation and suggest that similar comparative analyses across other major lineages will be worthwhile to reconstruct the wider macroevolutionary impact of TEs.",crossref,0
An eastward-propagating coupled mode amplifying the early growth of extreme El Niño events,https://www.science.org/doi/abs/10.1126/sciadv.aee0444?af=R,AAAS: Science Advances: Table of Contents,2026-09-23 07:00:00 UTC,2026-09-23 07:00:00+00:00,10.1126/sciadv.aee0444,Ayumu Miyamoto,"Extreme El Niño events are among the most consequential climate phenomena, yet their early prediction remains challenging. Here, by analyzing the 1982/1983, 1997/1998, and 2015/2016 events together with a large ensemble of climate model simulations, we identify an unusually early and reproducible ocean-atmosphere precursor to extreme El Niño: a slow, eastward-propagating coupled mode that develops in the western-central equatorial Pacific during boreal winter and spring. This mode features warm sea surface temperature anomalies coupled with sustained westerly wind anomalies. These westerly wind anomalies drive the equatorward transport of warm water, rapidly increasing equatorial ocean heat content and priming extreme El Niño growth in the following summer and fall. Ensemble hindcasts further reveal that East Asian cold surges and the North Pacific Oscillation can stochastically excite this equatorial mode, enabling skillful forecasts of extreme events as early as February and helping to overcome the spring predictability barrier.",crossref,0
A pontomesencephalic-mesolimbic circuit modulates activity-based anorexia,https://www.science.org/doi/abs/10.1126/sciadv.aee1476?af=R,AAAS: Science Advances: Table of Contents,2026-09-23 07:00:00 UTC,2026-09-23 07:00:00+00:00,10.1126/sciadv.aee1476,Shuai Liu,"Anorexia nervosa (AN) is a psychiatric disorder with a high mortality rate. The compulsive nature of the disorder leads to an emerging dopamine (DA)–centered hypothesis. However, the circuit mechanism of AN remains elusive. By examining a pontomesencephalic-mesolimbic circuit, which is implicated in anorexia-like and reinforcement behaviors in naïve mice, we found that this pathway modulates activity-based anorexia (ABA), a well-established animal model of AN. Specifically, glutamatergic lateral parabrachial nucleus (LPBN) neurons indirectly inhibited medial ventral tegmental area (VTA) DA neurons through local GABAergic interneurons. Chronic activation of the LPBN-VTA circuit exacerbated ABA symptoms, whereas circuit suppression alleviated them, demonstrating its sufficiency and necessity. Moreover, VTA DA neurons exhibited impaired high-conductance calcium- and voltage-dependent potassium (BK) channel currents. Pharmacological enhancement of this channel improved the retention rate in ABA mice. Our results elucidate the critical role of the LPBN-VTA circuit and potential channel pathology, which may serve as a key to the development of drug treatments and intervention strategies for AN.",crossref,0
Thalamofrontal synaptic weakening underlies short-term memory deficits from adolescent NMDAR hypofunction,https://www.science.org/doi/abs/10.1126/sciadv.aee2152?af=R,AAAS: Science Advances: Table of Contents,2026-09-23 07:00:00 UTC,2026-09-23 07:00:00+00:00,10.1126/sciadv.aee2152,Jong-Cheol Rah,"Thalamofrontal (TF) dysconnectivity is one of the most consistent circuit-level abnormalities reported in patients with schizophrenia and is linked to deficits in short-term memory (STM). However, the biological mechanisms underlying TF weakening remain unclear. Here, we show that repeated adolescent
                    N
                    -methyl-
                    d
                    -aspartate receptor (NMDAR) antagonism produces STM deficits by impairing TF synaptic transmission. In mice repeatedly exposed to ketamine, STM impairment coincided with reduced release probability and attenuated short-term depression at mediodorsal thalamus (MD) → dorsomedial prefrontal cortex (dmPFC) synapses, without detectable changes in corticocortical synaptic release probability, intrinsic excitability, or gross synaptic ultrastructure. These presynaptic deficits were accompanied by diminished direction-selective population coding in the dmPFC and impaired delayed alternation performance. Chemogenetically strengthening MD → dmPFC projections restored both neural selectivity and behavior. These findings identify a projection-specific presynaptic mechanism through which adolescent NMDAR hypofunction weakens TF communication and produces cognitive impairment, offering a biological explanation for clinically observed TF dysconnectivity and establishing TF synapses as a therapeutic target.",crossref,0
High-fidelity genotyping and therapeutic oligonucleotides analysis by liquid-phase ion trap coupled with mass spectrometry,https://www.science.org/doi/abs/10.1126/sciadv.aee6272?af=R,AAAS: Science Advances: Table of Contents,2026-09-23 07:00:00 UTC,2026-09-23 07:00:00+00:00,10.1126/sciadv.aee6272,Wei Xu,"Rapid and accurate nucleic acid analysis is essential for disease diagnostics and drug development, yet persistent metal cation interference severely limits mass spectrometry’s effectiveness. We developed a liquid-phase ion trap (LPIT) system that utilizes strong electric fields to simultaneously dissociate metal contaminants and enrich purified nucleic acid ions directly in solution. This dual-action mechanism simplifies complex mass spectra, achieving up to a 48-fold improvement in mass accuracy and a 100-fold enhancement in signal intensity for intact DNA molecules. The platform’s versatility was demonstrated through high-resolution genetic variation analysis, rapid influenza virus subtyping from raw PCR products, and precise impurity detection in therapeutic drugs. By eliminating laborious pretreatment, the LPIT-ESI-MS system establishes a robust platform for high-fidelity genotyping and the rigorous analysis of therapeutic oligonucleotides, accelerating both clinical diagnostics and biopharmaceutical quality control.",crossref,0
A strong Pacific Walker Circulation during the Little Ice Age,https://www.science.org/doi/abs/10.1126/sciadv.aee8322?af=R,AAAS: Science Advances: Table of Contents,2026-09-23 07:00:00 UTC,2026-09-23 07:00:00+00:00,10.1126/sciadv.aee8322,Delia W. Oppo,"Reconstructions of climate over the past millennium provide context for disentangling anthropogenic forcing from natural multidecadal variability. However, the strength of the east-west tropical Pacific atmospheric circulation (the Pacific Walker Circulation) during the Little Ice Age (LIA; approximately 1450 to 1850 CE), our most recent cool period, remains a subject of debate. Hydroclimate reconstructions suggest strengthening during the LIA, whereas a decrease in tropical Pacific zonal sea-surface temperature gradient suggests weakening. We present a third line of evidence, the surface-to-thermocline temperature difference in the Indonesian Seas, which was smaller during the LIA than during the Medieval Climate Anomaly (approximately 950 to 1250 CE), suggesting a deeper thermocline, in agreement with hydroclimate evidence for a stronger LIA Walker Circulation. Our finding that the Walker Circulation strengthened in association with LIA cooling is consistent with model projections of a weaker Walker Circulation in a warming world and with the expectation that the recent strengthening trend will ultimately reverse.",crossref,0
Compound food failure on a deteriorated mast system drives Japan’s bear conflict crisis,https://www.science.org/doi/abs/10.1126/sciadv.aej8134?af=R,AAAS: Science Advances: Table of Contents,2026-09-23 07:00:00 UTC,2026-09-23 07:00:00+00:00,10.1126/sciadv.aej8134,Tomohiro Ichinose,"Climate change is recognized as a key amplifier of human-wildlife conflict, yet the underlying mechanism remains poorly understood. Japan’s 2025 bear crisis, which produced 232 casualties, has been widely attributed to rapid population growth, but demographic processes are far too gradual to explain the surge. Using an 18-year dataset across five Tohoku prefectures, we find that it reflects bears responding to a rhythm breakdown of the forest’s food supply. Conflict rises sharply once mast production falls below a threshold. Around 2006, the mast system passed a break point, after which lean years grew more severe and crossed that threshold more often. Conflict is further amplified when the alternative food source, indexed by primary productivity, fails alongside mast, and the 2023/2025 outbreaks provide a natural experiment separating compound from single-source failure. Beyond the Japanese bear-mast system, our analysis yields a generalized diagnostic framework that considers failing food rhythms, compound shortages, and the thresholds at which animals enter human space.",crossref,0
Transmembrane delivery of antimicrobial peptides by engineered eCIS into macrophages for intracellular mycobacteria elimination,https://www.science.org/doi/abs/10.1126/sciadv.aee8463?af=R,AAAS: Science Advances: Table of Contents,2026-09-23 07:00:00 UTC,2026-09-23 07:00:00+00:00,10.1126/sciadv.aee8463,Feng Jiang,"Mycobacterium tuberculosis
                    (
                    M
                    .
                    tuberculosis
                    , Mtb) is an intracellular bacterium persisting in macrophages, which can cause chronic infection and drug resistance. To address transmembrane limitation and improve treatment accuracy, we employed the
                    Photorhabdus
                    virulence cassette (PVC), a typical bacterial extracellular Contractile Injection System (eCIS), to deliver antimicrobial peptides (AMPs) into macrophages for intracellular mycobacteria clearance. We demonstrated that the survival of various intracellular mycobacteria, including
                    Mycobacterium smegmatis
                    (
                    M. smegmatis
                    ),
                    Mycobacterium bovis
                    (
                    M. bovis
                    ),
                    M. tuberculosis
                    and its isoniazid-resistant strain, can be significantly inhibited by PVC-mediated AMP transmembrane delivery. The engineered PVC, loaded with mycobacteriophage-derived AMPs and targeting alveolar macrophages (AMs) through binding to surface receptor CD11b, eliminated AM-dwelling mycobacteria and alleviated inflammation in murine infection models. Notably, the pulmonary mycobacterial load in
                    M. tuberculosis
                    H37Rv-infected mice was reduced by more than tenfold. In summary, this work represents a pioneering application of engineered PVC-based intracellular delivery of biomacromolecules into macrophages, providing a novel therapeutic strategy against mycobacterial infection.",crossref,0
Engineering plant tandem kinase immune receptors expands effector recognition profiles,https://www.science.org/doi/abs/10.1126/sciadv.aef2426?af=R,AAAS: Science Advances: Table of Contents,2026-09-23 07:00:00 UTC,2026-09-23 07:00:00+00:00,10.1126/sciadv.aef2426,Mark J. Banfield,"Plant intracellular immune receptors are widely deployed in breeding to protect crops from disease. In addition to nucleotide-binding leucine-rich repeat receptors (NLRs), tandem kinase proteins (TKPs) have recently emerged as an important family of immune receptors within staple cereal food crops, but how TKPs recognize effectors and whether they are amenable to engineering is essentially unknown. Here, we show that the barley and wheat TKPs Rmo2 and Rwt7 recognize different blast fungus effectors via their integrated HMA domains using different protein interfaces with nanomolar binding affinity. Structural analysis pinpointed interface residues that dictate effector recognition and enabled engineering of dual-specificity TKPs. These results establish integrated HMA domains as programmable modules within TKPs for designing new specificities in plant immunity for diseases relevant to global agriculture.",crossref,0
Beyond statistical thresholds: Mapping sequential ATN cascade transitions via brain structural topography in Alzheimer’s disease,https://www.science.org/doi/abs/10.1126/sciadv.aef3787?af=R,AAAS: Science Advances: Table of Contents,2026-09-23 07:00:00 UTC,2026-09-23 07:00:00+00:00,10.1126/sciadv.aef3787,Alzheimer’s Disease Neuroimaging Initiative,"Alzheimer’s disease is widely conceptualized as a biological continuum initiated by amyloid-β (Aβ) accumulation, followed by tau aggregation and neurodegeneration. Although the ATN framework is commonly used to define disease stages, its static biomarker categories may not fully capture the dynamic pathological transitions that determine the optimal window for anti-Aβ therapies. Here, we introduce a Biological Continuum framework that distinguishes dynamic pathological cascades from static biomarker categories. Using neuroimaging-derived brain network topology, we identify four reproducible subgroups that exhibit distinct biological processes, biomarker signatures, and longitudinal cognitive trajectories. Integrated proteomic analyses suggest that these subgroups reflect sequential molecular transitions corresponding to early vulnerability, initiation, amplification, and terminal stages. Post hoc analysis indicates that slower cognitive decline after amyloid-targeting treatment was observed mainly in the initiation stage group. These findings provide a biologically grounded stratification system that captures disease dynamics overlooked by threshold-based models and offers mechanistic insight into the timing of anti-Aβ therapies.",crossref,0
Spatial organization of AQP4 water channel expression in the human brain,https://www.science.org/doi/abs/10.1126/sciadv.aeg8117?af=R,AAAS: Science Advances: Table of Contents,2026-09-23 07:00:00 UTC,2026-09-23 07:00:00+00:00,10.1126/sciadv.aeg8117,Bratislav Misic,"Aquaporin-4 (AQP4) water channels support the glymphatic system, a brain-wide pathway that clears cerebral waste products. Here, we use
                    AQP4
                    gene expression to reconstruct a whole-brain glymphatic-related topography and link it to vascular physiology, glioma, and vulnerability to neurodegenerative diseases. We find that
                    AQP4
                    expression is highly organized across the brain, peaking in subcortical, ventral, and periventricular territories, consistent with a clearance axis near cerebrospinal fluid reservoirs and perivascular interfaces. Linking
                    AQP4
                    expression to vascular organization,
                    AQP4
                    -enriched regions show lower normative blood perfusion, but lie close to areas commonly affected by cerebral small vessel disease. Turning to neurodegeneration, we find that atrophy patterns colocalize with
                    AQP4
                    expression, most strongly for tau and TDP-43 proteinopathies, and high-atrophy regions lie close to
                    AQP4
                    hotspots in anatomical and structural connectome space. Normative positron emission tomography markers of neuroinflammation strengthen the spatial alignment between
                    AQP4
                    expression and disease atrophy. Last, we show that glioma is most frequent in
                    AQP4
                    -enriched regions. Collectively, this work highlights how
                    AQP4
                    expression relates to brain physiology and vulnerability.",crossref,0
Medial temporal default mode network selectively encodes autobiographical visual imagery,https://www.science.org/doi/abs/10.1126/sciadv.aee4232?af=R,AAAS: Science Advances: Table of Contents,2026-09-23 07:00:00 UTC,2026-09-23 07:00:00+00:00,10.1126/sciadv.aee4232,Feng V. Lin,"The human brain’s capacity to imagine visual scenes from memory is thought to rely on the medial temporal subsystem of the default mode network (MT-DMN), yet the neural codes supporting this ability remain poorly understood. We combined functional magnetic resonance imaging (fMRI) with vision and language artificial intelligence models to characterize neural codes during autobiographical imagination. Fifty participants imagined reexperiencing 20 natural scenarios while undergoing fMRI when cued by generic text prompts (e.g., wedding, exercising, and driving). Individual scenes were modeled using Stable Diffusion to generate personalized synthetic images from verbal descriptions of the scenarios imagined, collected beforehand. These depictions were then transformed into image recognition network hidden state representations. Representational similarity analysis revealed that the MT-DMN encoded the participant-specific representational structure of image representations, even when controlling for semantic features derived from a large language model. This effect was absent in other brain networks and during reading without active imagination, identifying the MT-DMN as a core substrate for the visual reconstruction of autobiographical experiences.",crossref,0
Coordinated neural progenitor adaptations contribute to primate neocortical downscaling,https://www.science.org/doi/abs/10.1126/sciadv.aeg5563?af=R,AAAS: Science Advances: Table of Contents,2026-09-23 07:00:00 UTC,2026-09-23 07:00:00+00:00,10.1126/sciadv.aeg5563,Michael Heide,"Most primates have a large, highly folded (gyrencephalic) neocortex, a feature present in the primate common ancestor. In contrast, several New World monkey species display a comparatively small and largely smooth, unfolded (lissencephalic) neocortex. One prominent example is the common marmoset, an increasingly popular model in neuroscience. This phenotype likely reflects an evolutionary reduction from the ancestral primate condition, implying modifications in neurodevelopmental programs. One essential basis for neocortical development is the activity and behavior of neural progenitor cells (NPCs). Here, we identify coordinated adaptations in NPC biology that bias neurodevelopmental trajectories toward neocortical downscaling. By combining marmoset and human cerebral organoids with analyses of fetal marmoset neocortical tissue and previously published histological data, we uncover multiple adaptations in apical and basal progenitors that converge on reduced progenitor capacity, alter early progenitor dynamics, and likely constrain neuronal output, thereby limiting the size and folding of the marmoset neocortex.",crossref,0
Pacific tsunami records suggest similar rupture locations of two great Kamchatka earthquakes only 73 years apart,https://www.science.org/doi/abs/10.1126/sciadv.aee5294?af=R,AAAS: Science Advances: Table of Contents,2026-09-23 07:00:00 UTC,2026-09-23 07:00:00+00:00,10.1126/sciadv.aee5294,César Araya,"Whether seismic slip can far exceed the slip budget of a subduction megathrust over a short time has important implications to earthquake physics and hazards. The first modern test comes from two great Kamchatka earthquakes of moment magnitude 8.8 to 9.0 in 1952 and 2025. Here, we use tide gauge tsunami records across the Pacific to determine whether the two events ruptured the same or complementary fault areas. We extract records of the 1952 tsunami from analog marigrams at 52 tide gauge stations and minimize their time uncertainties by matching hindcast tides. The 1952 tsunami waveforms and travel times are remarkably similar to those of the 2025 event. Tsunami modeling shows that a range of relative rupture locations can produce the waveform similarity, but only nearly colocated ruptures can explain the travel time similarity. On the basis of conventional rationale, the 2025 earthquake consumed more than twice the megathrust slip deficit accrued since 1952. We explain the conundrum by fast energy accumulation in a viscoelastic Earth.",crossref,0
Social Physiology: Human homeostasis is more efficient in social proximity,https://www.science.org/doi/abs/10.1126/sciadv.aeg4937?af=R,AAAS: Science Advances: Table of Contents,2026-09-23 07:00:00 UTC,2026-09-23 07:00:00+00:00,10.1126/sciadv.aeg4937,Shir Atzil,"Physiological homeostasis is traditionally viewed as an individual process optimized through evolution to minimize the energetic costs of regulation. However, it remains unknown whether social proximity enhances the efficiency of homeostatic regulation, including in systems not traditionally viewed as socially sensitive. Glucose metabolism is one such system. In a set of preregistered experiments, we found that glucose homeostasis following a carbohydrate challenge is more efficient in a Social condition than an Alone condition, exhibiting lower perturbation amplitude and faster recovery (
                    n
                     = 108). The social benefit in homeostasis replicated in thermoregulation during a cold challenge (
                    n
                     = 116) and in sympathetic regulation during stress in adults (
                    n
                     = 115) and infants (
                    n
                     = 56). These findings demonstrate Social Physiology, a cross-domain principle whereby physiological homeostasis is more efficient in social proximity. Evolutionarily, Social Physiology reveals a psychobiological benefit of sociality, beyond its behavioral and ecological advantages, that may contribute to the emergence and maintenance of social bonds.",crossref,0
Fine-grained multi-level gesture recognition based on a stretchable multichannel ultrasonic device,https://www.science.org/doi/abs/10.1126/sciadv.aef1101?af=R,AAAS: Science Advances: Table of Contents,2026-09-23 07:00:00 UTC,2026-09-23 07:00:00+00:00,10.1126/sciadv.aef1101,Jizhou Song,"Discrete gesture recognition provides a direct output form for command-based human-machine interaction, while fine-grained multi-level recognition can expand command capacity by mapping subtle graded finger movements to distinct commands or different levels of the same command, thereby reducing the need for large or repetitive hand gestures. However, reliably distinguishing fine-grained multi-level gestures remains challenging. Here, we present a stretchable multichannel ultrasonic device comprising four functional sites and sixteen piezoelectric modules. Its fan-shaped substrate stretches up to 30%, enabling conformal forearm attachment and alignment with target muscle regions. Experimental characterization demonstrated sub-millimeter spatial resolution and excellent signal quality. Integrated with a one-dimensional convolutional neural network, the system achieved up to 98.75% accuracy in recognizing metacarpophalangeal joint-angle changes below 5°. The multichannel configuration yields high classification accuracy, improved class-wise recognition balance, more effective learning from multi-subject data and enhanced calibration-assisted adaptation to shifted device positions and new users, providing a reliable strategy for low-burden, fine-grained multi-level gesture command control.",crossref,0
Nucleosynthetic constraints on the origin of Bennu and CI-like asteroids,https://www.science.org/doi/abs/10.1126/sciadv.aei9107?af=R,AAAS: Science Advances: Table of Contents,2026-09-23 07:00:00 UTC,2026-09-23 07:00:00+00:00,10.1126/sciadv.aei9107,Ann N. Nguyen,"Analyses of returned samples from asteroids Bennu and Ryugu reveal notable similarities in chemical and isotopic compositions to Ivuna-type (CI) carbonaceous chondrites, prompting reassessment of their origin. We present nucleosynthetic iron (Fe), titanium (Ti), and chromium (Cr) isotope data for Bennu. Minor Cr isotope variations among aliquots likely reflect parent body aqueous alteration, whereas Fe and Ti isotope data are homogeneous and indistinguishable from those of Ryugu and CI chondrites at bulk (&gt;20 milligrams) scale. These results demonstrate that CI-like bodies accreted from a common dust reservoir with affinities to both inner (noncarbonaceous) and outer (carbonaceous) Solar System materials. Combined isotopic, petrographic, and chemical evidence suggests formation near the water ice line inside proto-Jupiter’s orbit, where Jupiter’s growth restricted the inward drift of larger particles, whereas efficient mixing of fine-grained dust produced bodies with near-solar compositions.",crossref,0
Measuring the effects of alternatives to policing in an American city,https://www.science.org/doi/abs/10.1126/sciadv.aem0857?af=R,AAAS: Science Advances: Table of Contents,2026-09-23 07:00:00 UTC,2026-09-23 07:00:00+00:00,10.1126/sciadv.aem0857,Michael Ralph,"CAHOOTS data provide an opportunity to examine how three new diversion metrics clarify the measurable benefits, limits, and policy significance of an alternative-to-policing program.",crossref,0
The hidden cost of positivity: Ensuring integrity in scientific research,https://www.science.org/doi/abs/10.1126/sciadv.ael2131?af=R,AAAS: Science Advances: Table of Contents,2026-09-23 07:00:00 UTC,2026-09-23 07:00:00+00:00,10.1126/sciadv.ael2131,Matthias von Herrath,Positivity bias skews the scientific record by favoring positive results. Understanding the drivers and impact of such bias provides a foundation for creating solutions.,crossref,0
Hypoxia and acidification antagonistically suppress nitrification but enhance its N2O production in coastal waters,https://www.science.org/doi/abs/10.1126/sciadv.aef4314?af=R,AAAS: Science Advances: Table of Contents,2026-09-23 07:00:00 UTC,2026-09-23 07:00:00+00:00,10.1126/sciadv.aef4314,Lijun Hou,"The concurrent intensification of hypoxia and acidification poses a growing threat to estuarine-coastal ecosystems globally, yet their interactive impacts on nitrification, a key process in the nitrogen (N) cycle and a substantial source of nitrous oxide (N
                    2
                    O), remain poorly understood. This knowledge gap hinders reliable projections of future N cycling and climate feedbacks in these critical ecosystems. Here, we demonstrate that along the estuarine-coastal continuum, the co-occurrence of hypoxia and acidification suppresses nitrification rates but stimulates nitrification-derived N
                    2
                    O emissions—although their combined effect is lesser than the sum of their individual effects. Metatranscriptomic analysis provided molecular evidence for these isotopically traced responses and uncovered critical microbial coping strategies through transcriptional adjustments in metabolic pathways for energy conservation and stress tolerance. This previously overlooked interaction disrupts microbial N cycling with potential impacts on N
                    2
                    O emissions and climate feedbacks, highlighting the necessity to revise predictive models by incorporating such multistressor dynamics.",crossref,0
A Wireless Colorimetric Optoelectronic Microneedle Patch for On‐Demand Photodynamic Therapy of Wound Infections,https://advanced.onlinelibrary.wiley.com/doi/10.1002/adma.75113?af=R,Wiley: Advanced Materials: Table of Contents,2026-09-23 07:36:54 UTC,2026-09-23 07:36:54+00:00,10.1002/adma.75113,Wei Huang,"ABSTRACT
                  Wound infections represent a major clinical concern due to their high incidence and subtle early manifestations, often resulting in prolonged healing and increased risk of complications. While wearable bioelectronics facilitate real‐time diagnostics and therapeutic interventions, their widespread clinical translation remains constrained by the complexity, power demands, and high cost of current systems. Here, a wearable platform that integrates colorimetric sensors with a wireless optoelectronic microneedle patch was presented for in situ wound infection status detection and on‐demand photodynamic therapy (PDT). This wireless colorimetric optoelectronic microneedle (COMN) patch enables rapid (15 min) and reliable detection of typical wound infection biomarkers with minor interference. By integrating microneedles and wireless light‐emitting diodes (LEDs), this system supports concurrent delivery of photosensitizers and light into deeper wound tissues, achieving &gt; 99.9% eradication of drug‐resistant bacteria through penetration‐enhanced PDT. In a murine full‐thickness wound infection model, this system promptly assessed the infection status of the wound and then triggered PDT, resulting in &gt; 3 log reduction in bacterial burden and accelerated healing, with &gt; 80% wound closure observed by day 14. This work demonstrates a flexible and adaptive bioelectronic platform based on colorimetric analysis and optoelectronic microneedle therapy, offering an accessible strategy for precision wound care.",crossref,0
Directing Near‐Perfect (001) Orientation in Wafer‐Scale BiOI Thin Films via Halide‐Mediated van der Waals Stacking,https://advanced.onlinelibrary.wiley.com/doi/10.1002/adma.74729?af=R,Wiley: Advanced Materials: Table of Contents,2026-09-23 08:27:24 UTC,2026-09-23 08:27:24+00:00,10.1002/adma.74729,Joel van Embden,"ABSTRACT
                  
                    Controlling crystallographic orientation and facet exposure in 2D bismuth oxyhalide materials is critical for numerous applications, including efficient (photo)catalysis and enhanced charge transport. Oriented bismuth oxyhalide thin films are of strategic importance not only for their intrinsic properties but also as a gateway to many other valuable materials via their ability to undergo facile topotactic reactions. To progress the numerous applications linked to this family of materials this work identifies, for the first time, the mechanism regulating crystal orientation in bismuth oxyhalide (BiOI) thin films. Detailed experiments, backed by density functional theory (DFT) calculations, reveal the pivotal role of iodine (halide) anions to modify the van der Waals stacking energies required to direct orientation. Using our methodology, we demonstrate (001) BiOI thin films on commercially relevant wafer scales with unprecedented (001) crystallographic alignment—addressing the key challenge of scalability. To probe structure‐function relations, we fabricate BiOI photodetectors. Compared to unoriented devices, our (001)‐oriented films demonstrate vastly increased operational stability, fewer trap states, ON/OFF signal switching up to 10
                    5
                    , low (pA) noise levels, and millisecond response times. Our work can be used as a general methodology to control orientations in BiOX and related chalcohalide systems.",crossref,0
Prior‐Guided SEM Image Segmentation Enables Quantitative Morphology Assessment and Process Optimization in Perovskite Solar Cells,https://advanced.onlinelibrary.wiley.com/doi/10.1002/adma.74893?af=R,Wiley: Advanced Materials: Table of Contents,2026-09-23 08:28:15 UTC,2026-09-23 08:28:15+00:00,10.1002/adma.74893,Yiqiang Zhan,"ABSTRACT
                  Perovskite film morphology strongly affects charge transport, nonradiative recombination, and power conversion efficiency, yet scanning electron microscopy (SEM) remains largely qualitative. Here, a prior‐guided SEM analysis framework converts routine micrographs into class‐resolved masks, quantitative morphology descriptors, and a compact SEM‐Derived Morphology Quality Index (MQI). YOLO‐derived grain‐center priors guide U‐MambaBot segmentation, while Class‐Probability TV Regularization improves local coherence. Six descriptors are extracted from the segmented  matrix and ‐like regions, from which four are selected for MQI construction. Across nested, publication‐grouped, and within‐publication validation schemes, MQI retains a significant monotonic association with power conversion efficiency (Spearman  and 0.42). In annealing‐time and additive‐concentration studies, MQI reproduces film‐ and device‐level performance trends and identifies the same optimal processing conditions. Without refitting, it further tracks reported morphology–performance trends across 12 independent studies and 37 processing conditions, yielding a pooled within‐study Spearman  (publication‐level bootstrap 95% CI 0.79–1.00). This framework enables quantitative, morphology‐aware SEM screening and process‐condition ranking for perovskite films.",crossref,0
Heavy‐Atom Tunneling at Room Temperature Revealed by Instanton Theory,https://onlinelibrary.wiley.com/doi/10.1002/anie.2372199?af=R,Wiley: Angewandte Chemie International Edition: Table of Contents,2026-09-23 08:37:57 UTC,2026-09-23 08:37:57+00:00,10.1002/anie.2372199,Jeremy O. Richardson,"ABSTRACT
                  Quantum‐mechanical tunneling enables molecules to react even when their energy is below the activation barrier. Nonetheless, it is not normally expected that the dominant mechanism of chemical reactions relies on tunneling except at very low temperatures, especially when heavy atoms are involved. This assumption is valid for most adiabatic reactions proceeding on a single potential energy surface. However, we argue that heavy‐atom tunneling at room temperature may be more important than previously supposed in the case of nonadiabatic processes, such as spin‐forbidden reactions. In this work, we employ a recently developed computational approach (called nonadiabatic instanton theory) to capture the optimal multidimensional tunneling pathway for the ring closing of various strained organic triplet diradicals to form housane and a cage dione (which is a precursor for cubane). Surprisingly, we find that these reactions are dominated by the tunneling of heavy carbon atoms even at room temperature. This highlights the role of tunneling in spin‐forbidden reactions and may open up the possibility for tunneling control in the synthesis of strained molecules, not just at cryogenic temperatures, but under ordinary laboratory conditions.",crossref,0
Aromaticity Regulation in Isostructural Metal‐Organic Frameworks for Propyne Storage and Propylene Purification,https://onlinelibrary.wiley.com/doi/10.1002/anie.7409022?af=R,Wiley: Angewandte Chemie International Edition: Table of Contents,2026-09-23 08:39:45 UTC,2026-09-23 08:39:45+00:00,10.1002/anie.7409022,Sihai Yang,"ABSTRACT
                  
                    We report the exceptional propyne (C
                    3
                    H
                    4
                    ) storage and propylene (C
                    3
                    H
                    6
                    ) purification in a metal‐organic framework, PKU‐101, controlled via regulation of aromaticity. The pyrene‐fused pore interior of PKU‐101 provides multiple C─H···π interactions for alkyne, resulting in a record C
                    3
                    H
                    4
                    adsorption of 250 cm
                    3
                     cm
                    −3
                    at 298 K and 1 bar, representing a benchmark sorbent for C
                    3
                    H
                    4
                    . Additionally, the supramolecular interactions enable fine thermodynamic discrimination for alkenes, resulting in excellent separation of C
                    2
                    H
                    4
                    /C
                    3
                    H
                    6
                    (
                    v
                    /
                    v = 
                    1/1), delivering simultaneously high productivities of C
                    3
                    H
                    6
                    and C
                    2
                    H
                    4
                    (267 and 174 L kg
                    −1
                    , respectively; C
                    2
                    H
                    4
                    purity &gt; 99.9 %). Effective separation of C
                    3
                    H
                    6
                    /C
                    3
                    H
                    8
                    (
                    v
                    /
                    v 
                    = 1/1) and C
                    3
                    H
                    4
                    /C
                    3
                    H
                    6
                    (
                    v
                    /
                    v = 
                    1/99) with a high C
                    3
                    H
                    6
                    productivity of 532 L kg
                    −1
                    (purity of 99.99 %) has also been achieved by PKU‐101. In situ crystallographic and spectroscopic studies confirmed the key role of enhanced aromaticity on the discrimination of alkanes/alkenes/alkynes. Importantly, these weak supramolecular interactions enable complete regeneration at only 318 K.",crossref,0
Noncovalent‐Interaction–Driven Single‐Molecule Exchange Enables Enantiomer Discrimination of Selected Amino Acids in a Nanopore,https://onlinelibrary.wiley.com/doi/10.1002/anie.6314537?af=R,Wiley: Angewandte Chemie International Edition: Table of Contents,2026-09-23 08:40:32 UTC,2026-09-23 08:40:32+00:00,10.1002/anie.6314537,Hai‐Chen Wu,"ABSTRACT
                  Chiral discrimination of amino acids and short peptides remains challenging due to their subtle stereochemical differences and the limited resolution of conventional analytical techniques. Here, we report a single‐molecule nanopore sensing strategy in which noncovalent‐interaction–driven molecular exchange enables robust discrimination of specific amino acid enantiomers and diastereomeric peptides. By integrating cucurbit[7]uril with an engineered α‐hemolysin nanopore, transient molecular pairs are formed and undergo configuration‐dependent exchange, converting enantiomeric analytes into pseudo‐diastereomeric complexes that generate distinct ionic current signatures. We demonstrate enantiomeric discrimination for selected proteinogenic, and unnatural amino acids bearing aromatic or aliphatic side chains and provide mechanistic insight through symmetry analysis and density functional theory calculations. Beyond amino acids, this platform resolves enzymatically cleaved diastereomeric peptides and enables quantitative monitoring of enzymatic conversion via enantiomeric excess measurements. This work establishes a mechanistic framework for stereochemical recognition under nanoscale confinement and offers a rational design principle for next‐generation nanopore sensors targeting chiral biomolecules.",crossref,0
Engineering van der Waals Heterojunctions Within a 2D Hydrogen‐Bonded Organic Framework for Boosting CO2 Electroreduction,https://onlinelibrary.wiley.com/doi/10.1002/anie.4407565?af=R,Wiley: Angewandte Chemie International Edition: Table of Contents,2026-09-23 08:42:57 UTC,2026-09-23 08:42:57+00:00,10.1002/anie.4407565,Yuan‐Biao Huang,"ABSTRACT
                  
                    Unlike conventional strategies that regulate charge transport in framework electrocatalysts by modifying covalent skeletons or compositions, we demonstrate efficient directional electron transfer by constructing interlayer van der Waals donor–acceptor (D–A) heterojunctions within a hydrogen‐bonded organic frameworks (HOFs). The porphyrin‐based HOF, PFC‐45‐Co, is assembled from electron‐donating 5,10,15,20‐tetra(4‐carboxyphenyl)porphyrin (Co‐TPyP) and electron‐accepting cobalt 5,10,15,20‐tetra(4‐carboxyphenyl)porphyrin (Co‐TCPP) through strong O─H···N hydrogen bonds, while periodic alternating interlayer π–π stacking generates vertical D–A heterojunctions. Mechanistic studies show that close π–π contacts enable through‐space charge transport, and the D–A energy offset drives electron transfer from Co‐TPyP to Co‐TCPP, producing electron‐enriched Co‐TCPP sites that promote CO
                    2
                    activation and suppress hydrogen evolution. As a result, PFC‐45‐Co outperforms the single‐component HOF PFC‐72‐Co in both neutral and acidic media. In neutral electrolyte, PFC‐45‐Co delivers a CO Faradaic efficiency (FE
                    CO
                    ) of 98.4% at −0.9 V versus reversible hydrogen electrode (vs. RHE) and a CO partial current density (
                    j
                    CO
                    ) of 31.3 mA cm
                    −2
                    at −1.2 V versus RHE. In acidic media, it maintains FE
                    CO
                    values of 92%–99% and achieves
                    j
                    CO
                    of 111.1 mA cm
                    −2
                    at −1.6 V versus RHE. This work establishes interlayer van der Waals D–A heterojunctions as an effective motif for regulating charge transfer in HOF electrocatalysts.",crossref,0
Oleylamine‐Assisted Construction of Bi‐Bi2O2CO3 Heterojunction With a Self‐Release‐Replenishing Mars‐van Krevelen‐Type Mechanism for Efficient CO2 Electroreduction,https://onlinelibrary.wiley.com/doi/10.1002/anie.2971119?af=R,Wiley: Angewandte Chemie International Edition: Table of Contents,2026-09-23 08:43:57 UTC,2026-09-23 08:43:57+00:00,10.1002/anie.2971119,Hepeng Zhang,"ABSTRACT
                  
                    Bismuth‐based catalysts for the electrochemical CO
                    2
                    reduction (CO
                    2
                    RR) to formate have been extensively developed, yet the limited mass transport of gaseous CO
                    2
                    remains a sspersistent challenge. Herein, we report a novel Bi‐Bi
                    2
                    O
                    2
                    CO
                    3
                    heterojunction electrocatalyst (Bi‐BOC‐OLA) constructed via an oleylamine‐assisted strategy and disclose a new self‐release‐replenishing Mars‐van Krevelen‐type mechanism that alleviates this constraint. Oleylamine‐induced expansion of [Bi
                    2
                    O
                    2
                    ]
                    2+
                    layers enables the Bi
                    2
                    O
                    2
                    CO
                    3
                    lattice in Bi‐BOC‐OLA to function as an in situ carbon reservoir that continuously supplies carbon–oxygen intermediates to active Bi centers. External CO
                    2
                    replenishes lattice vacancies, creating an energy‐efficient cycle that reduces reliance on gaseous CO
                    2
                    transport. Consequently, Bi‐BOC‐OLA achieves a formate Faradaic efficiency of 97%, a record partial current density of −1.4 A cm
                    −2
                    and stable operation for 160 h at −400 mA cm
                    −2
                    . This work reveals how dynamic lattice participation in Bi‐Bi
                    2
                    O
                    2
                    CO
                    3
                    heterojunctions enables high‐rate CO
                    2
                    ‐to‐formate conversion and provides a new mechanistic basis for the design of Bi‐based CO
                    2
                    RR catalysts.",crossref,0
Complete Pathway Refactoring and Combinatorial Biosynthesis of Anthracyclines for Modulation of Histone Eviction and DNA Damage Bioactivities,https://onlinelibrary.wiley.com/doi/10.1002/anie.1050964?af=R,Wiley: Angewandte Chemie International Edition: Table of Contents,2026-09-23 08:50:24 UTC,2026-09-23 08:50:24+00:00,10.1002/anie.1050964,Mikko Metsä‐Ketelä,"ABSTRACT
                  
                    Anthracyclines including doxorubicin are cornerstone chemotherapeutic agents with high cytotoxic potency, but their use in cancer treatment is limited by irreversible dose‐dependent cardiotoxicity. Recent investigations indicate that cardiotoxicity‐free anthracyclines may be achieved through uncoupling DNA damage from chromatin damage. However, semi‐synthetic derivatization is complicated by anthracycline structural complexity. Here, we report a modular synthetic biology platform for the complete refactoring and combinatorial biosynthesis of anthracyclines in
                    Streptomyces coelicolor
                    M1152Δ
                    matAB
                    . Using standardized synthetic DNA parts, we refactored three full biosynthetic pathways of nogalamycin (38 genes), doxorubicin (31 genes), and aclacinomycin (31 genes). The pathways were organized into four functional modules (aglycone biosynthesis, TDP‐carbohydrate formation, glycosylation, and tailoring reactions) to facilitate efficient reconstruction. The modular design facilitated streamlined combinatorial biosynthesis yielding 16 derivatives, including 13 novel analogs. Bioactivity profiling across human cancer cell lines identified six potent congeners. Their cytotoxicity correlated with in vitro DNA binding affinities. Two hit molecules harbored desired bioactivity profiles promoting histone eviction at a faster rate than doxorubicin, without causing DNA double strand breaks. Our approach highlights the power of synthetic biology in rational natural product engineering and provides a scalable strategy for exploring new and improved anthracycline anti‐cancer agents.",crossref,0
Low‐Threshold Red Lasing in Diketopyrrolopyrrole‐Based Organic Semiconductor Films,https://onlinelibrary.wiley.com/doi/10.1002/anie.7127460?af=R,Wiley: Angewandte Chemie International Edition: Table of Contents,2026-09-23 08:54:43 UTC,2026-09-23 08:54:43+00:00,10.1002/anie.7127460,Chihaya Adachi,"ABSTRACT
                  
                    Achieving low‐lasing threshold organic semiconductor lasers (OSLs) in the red to deep‐red region remains challenging due to the intrinsic trade‐off between long‐wavelength emission and high optical gain. Extended π‐conjugation required for red‐shifted emission typically enhances nonradiative decay and aggregation‐induced quenching, resulting in reduced radiative rate constants (
                    k
                    r
                    ) and increased lasing thresholds (
                    E
                    th
                    ). Here, we report molecular design strategies based on a diketopyrrolopyrrole (DPP) scaffold that independently address high radiative decay and advanced molecular orientation control aimed at low‐threshold red OSLs. For solution‐processed architectures, donor rigidification using hexamethylazatriangulene (HMAT) combined with DPP cores enables precise modulation of excited‐state dynamics, suppressing nonradiative pathways while maintaining high oscillator strength. This strategy affords efficient deep‐red emission and reduced lasing thresholds in distributed feedback (DFB) structures. Further, a miniaturized DPP framework with improved thermal evaporation compatibility enables stable vacuum deposition and promotes preferential horizontal molecular orientation, leading to efficient red DFB lasing with low thresholds. These results establish complementary molecular design strategies for controlling the photophysical properties and molecular orientation of DPP‐based gain media, providing a versatile platform for low‐threshold red OSLs across both solution‐processed and vacuum‐deposited architectures.",crossref,0
Octahedral Ru Centers Modulate Lattice Covalency and Interfacial PCET for Stable Acidic Oxygen Evolution,https://advanced.onlinelibrary.wiley.com/doi/10.1002/adma.75123?af=R,Wiley: Advanced Materials: Table of Contents,2026-09-23 08:58:07 UTC,2026-09-23 08:58:07+00:00,10.1002/adma.75123,Shengli Zhu,"ABSTRACT
                  
                    Developing active and durable catalysts for acidic oxygen evolution reaction (OER) is critical for proton‐exchange membrane water electrolysis (PEMWE). However, it remains challenging because highly active oxides often undergo over‐oxidation and structural degradation under anodic conditions. In this study, we report a Ru‐modified CoMn spinel catalyst in which highly oxyphilic Ru is anchored at octahedral sites to regulate both the lattice electronic structure and the interfacial reaction environment. The strong Ru‐O covalency and pronounced oxygen‐hole character enhance the OER kinetics. Meanwhile, the highly polarized Ru centers reconstruct the interfacial hydrogen‐bond network and accelerate interfacial proton‐coupled electron transfer (PCET). The introduction of Ru can maintain structural stability during OER through restraining excessive Co oxidation and local coordination changes. As a result, Ru‐MnCo
                    2
                    O
                    x
                    catalyst exhibits an overpotential of 203 mV at 10 mA cm
                    −2
                    with over 500 h stability in acid. The Ru‐MnCo
                    2
                    O
                    x
                    ||Pt/C PEMWE device shows a cell voltage of 1.68 V@1.0 A cm
                    −2
                    , which is much lower than that of commercial RuO
                    2
                    ||Pt/C PEMWE device (2.1 V@ 1 A cm
                    −2
                    ). Moreover, the Ru‐MnCo
                    2
                    O
                    x
                    ||Pt/C can be operated steadily at 0.5 A cm
                    −2
                    over 300 h.",crossref,0
Stepped‐Dimensional 2D/3D Tin‐Based Perovskites for High‐Efficiency Light‐Emitting Diodes,https://advanced.onlinelibrary.wiley.com/doi/10.1002/adma.75130?af=R,Wiley: Advanced Materials: Table of Contents,2026-09-23 11:06:50 UTC,2026-09-23 11:06:50+00:00,10.1002/adma.75130,Chunxiong Bao,"ABSTRACT
                  
                    Tin (Sn)‐based perovskite near‐infrared (NIR) light‐emitting diodes (LEDs) show great potential for applications in night vision, biomedical sensing, and optical communications. However, their performance remains limited by uncontrolled crystallization and the facile oxidation of Sn
                    2+
                    . Here, we demonstrate a versatile buried‐interlayer strategy to effectively regulate the crystallization and suppress the Sn
                    2+
                    oxidation by constructing a two‐dimensional/three‐dimensional (2D/3D) heterodimensional structure. We reveal that strong interactions between the buried ligand layer, the perovskite precursor, and the underlying hole‐transport layer promote rapid nucleation, retard crystal growth, and induce a vertical dimensional gradient, leading to reduced defect density and enhanced radiative recombination. As a result, NIR Sn‐based perovskite LEDs achieve a record external quantum efficiency of 13.7% with a radiance of 103 W sr
                    −1
                    m
                    −2
                    . Furthermore, the buried‐interlayer strategy enables dual‐functional Sn‐based perovskite devices capable of both efficient light emission and photodetection, which are successfully integrated into a compact heart‐pulse monitoring system. Our work suggests a synergistic crystallization and dimensional‐regulation strategy for achieving high‐performance Sn‐based perovskite optoelectronic devices.",crossref,0
Correction to “Selective Charge Extraction Allows Fast Photomultiplication and Imaging in Rigid and Ultra‐Flexible SWIR Organic Photodiodes”,https://advanced.onlinelibrary.wiley.com/doi/10.1002/aenm.71562?af=R,Wiley: Advanced Energy Materials: Table of Contents,2026-09-23 11:18:30 UTC,2026-09-23 11:18:30+00:00,10.1002/aenm.71562,,,,0
Plasmonic Foam‐Enabled Dual‐Modal Biohybrid Chemical Sensor,https://advanced.onlinelibrary.wiley.com/doi/10.1002/adma.75082?af=R,Wiley: Advanced Materials: Table of Contents,2026-09-23 11:37:06 UTC,2026-09-23 11:37:06+00:00,10.1002/adma.75082,Srikanth Singamaneni,"ABSTRACT
                  Chemical sensing systems with high sensitivity, molecular specificity, and universality across diverse chemical species are critical in numerous applications, including homeland security, environmental monitoring, industrial process monitoring, and healthcare. Existing synthetic chemical sensors remain suboptimal against their biological counterparts when sensitivity, specificity, versatility, and stability are evaluated jointly. Insect olfaction‐based biohybrid sensors have been proposed, but their accuracy scales with the number of insects and does not extend across chemically diverse species, limiting universality. In this study, we overcome this deficiency by integrating the insect olfactory system with a synthetic chemical sensor, yielding a hybrid platform that identifies a broader range of chemicals than either system alone. We realized an ultralight, highly porous, three‐dimensional (3D) surface‐enhanced Raman scattering (SERS) substrate and interfaced it with the locust antenna and wings to harness the insect's active odor‐sampling abilities. Notably, the plasmonic foam provided molecular vibrational‐fingerprint information without interfering with the insect's innate chemical‐sensing and locomotion abilities. By leveraging their complementary information, confidence‐weighted fusion of neural and SERS responses outperformed either modality alone, improving odor‐detection performance across all chemicals tested. This approach demonstrates the potential of interfacing functional nanomaterials with biological olfaction systems to create biohybrid chemical sensing systems with higher accuracy, specificity, and universality.",crossref,0
Engineered Extracellular Vesicle Revitalizing Macrophage Energy Metabolism for Aged Wound Repair,https://advanced.onlinelibrary.wiley.com/doi/10.1002/adma.75099?af=R,Wiley: Advanced Materials: Table of Contents,2026-09-23 12:22:11 UTC,2026-09-23 12:22:11+00:00,10.1002/adma.75099,Jiansong Ji,"ABSTRACT
                  One major obstacle for aged wound healing is the abnormal senescence of macrophages in chronic wounds which causes immunosenescence. Tissue homeostasis depends on regulation of metabolism in accumulating senescent cells (SnCs) with aging, and cell activation for aged tissue repair requires sufficient energy. Therapeutic advancements are potential by employing metabolic strategies for intervention. First, a disorder of arginine‐oxidative phosphorylation metabolism in aging skin was found, which may be the main culprit of aging. Engineered EVs (4‐octyl itaconate (4OI)‐EVs) which possess naturally abundance of mitochondrial proteins have been developed here. Our findings demonstrate that 4OI‐engineered EV (4OI‐EV) may accelerate the repair of aged mouse skin and diabetic mouse skin, reduce cellular senescence, and recover cell dysfunctions. After 4OI‐EV therapy, metabolism has been notably altered, with decreased glycolysis and increased arginine‐oxidative phosphorylation axis through enhanced argininosuccinate synthetase 1 (ASS1) level. We demonstrate how 4OI‐EV partially restores macrophages senescence by reversing mitochondrial dysfunctions and mitophagy suppressions via ASS1 which may be identified as a potential effective target for alleviating skin aging.",crossref,0
Aqueous Synthesis of Na3‐2xSb1‐xWxS4‐xIx Chalcogenide Solid‐State Electrolytes With Ultrahigh Ionic Conductivity (Adv. Energy Mater. 36/2026),https://advanced.onlinelibrary.wiley.com/doi/10.1002/aenm.71477?af=R,Wiley: Advanced Energy Materials: Table of Contents,2026-09-23 13:21:16 UTC,2026-09-23 13:21:16+00:00,10.1002/aenm.71477,Changgui Lin,"Solid-State Batteries In article number e71294, Chengwei Gao, Yuanzheng Yue, Changgui Lin, and co-workers present a highly conductive chalcogenide solid-state electrolyte (SSE) synthesized via aqueous strategy. Unexpectedly, oxygen rather than moisture is identified as the dominant factor driving the chemical degradation, owing to a higher oxidation potential and lower decomposition barrier of SSEs. This work provides a scalable strategy for advancing high-performance all-solid-state sodium batteries.",openalex,0
Direct Hydrogen Storage From Water to Diphenylmethane via Liquid Organic Hydrogen Carrier Electrochemical Hydrogenation System (Adv. Energy Mater. 36/2026),https://advanced.onlinelibrary.wiley.com/doi/10.1002/aenm.71498?af=R,Wiley: Advanced Energy Materials: Table of Contents,2026-09-23 13:21:16 UTC,2026-09-23 13:21:16+00:00,10.1002/aenm.71498,Hee‐Young Park,"Hydrogen Storage In article number e71322, Jong Hyun Jang, Hyung-Kyu Lim, Seung-Ho Yu, Hee-Young Park, and co-workers demonstrate, for the first time, an electrochemical hydrogenation system for direct hydrogen storage from water to diphenylmethane. The practically relevant full-cell couples diphenylmethane hydrogenation with water oxidation at a proton-exchange-membrane water-electrolyzer-type anode, integrating hydrogen production and storage within a single electrochemical process.",openalex,0
Record‐High Capacitive Energy Density in Polyimide Dielectrics at 300°C via Conformational–Vibrational Engineering,https://advanced.onlinelibrary.wiley.com/doi/10.1002/adma.75078?af=R,Wiley: Advanced Materials: Table of Contents,2026-09-23 13:21:31 UTC,2026-09-23 13:21:31+00:00,10.1002/adma.75078,Dou Zhang,"ABSTRACT
                  
                    Polymer dielectrics are crucial for capacitors in various applications, including electric vehicles, geothermal instrumentation, and aerospace systems. However, polymers tend to exhibit strongly nonlinear conduction at high temperatures and under high electric fields, leading to a rapid increase in leakage current and typically limiting the stable operating temperature to around 250°C. Here, we report a coupled conformational and vibrational engineering strategy in polyimide (PI) dielectrics that weakens electronic coupling and suppresses specific molecular vibrations governing thermally assisted charge transport. This dual‐action design effectively delays the onset of high‐field nonlinear conduction and suppresses leakage current at extreme temperatures. Consequently, the resulting PI dielectric films achieve a maximum discharged energy density of 5.9 J cm
                    −3
                    at 300°C and maintain 2.8 J cm
                    −3
                    with 90% efficiency, while sustaining over 10
                    5
                    charge–discharge cycles at 300°C, surpassing state‐of‐the‐art polymer dielectrics in operating temperature and cycling reliability. This strategy provides a fundamentally different route from conventional bandgap engineering approaches for high energy density polymer dielectrics operating at 300°C.",crossref,0
"Microgels Enable iPSCs to Assemble, Expand, and Differentiate Into Organoids—From Sizable to High‐Throughput",https://advanced.onlinelibrary.wiley.com/doi/10.1002/adma.75116?af=R,Wiley: Advanced Materials: Table of Contents,2026-09-23 13:47:12 UTC,2026-09-23 13:47:12+00:00,10.1002/adma.75116,Laura De Laporte,"ABSTRACT
                  Organoid research holds tremendous potential for personalized medicine and drug development. However, current limitations include reproducibility issues largely due to the use of biologically derived materials, which are prone to batch‐to‐batch variations. Here, we report a chemically defined microgel‐based method for human induced pluripotent stem cell (iPSC)‐based organoid generation, enabling expansion of iPSCs and their subsequent differentiation within one construct across different scales, including compatibility with automated 384‐well plate workflows. Chemically defined poly(ethylene glycol) (PEG)‐based microgels are produced via parallelized step‐emulsification microfluidics, enabling scalable production. This approach leverages the self‐organization of iPSCs with microgels to build three‐dimensional constructs, driven by robust cell‐material interactions achieved through vitronectin‐coated PEG microgels. This technology allows the iPSCs to expand and retain their pluripotency, after which they can be differentiated into the three germ layers, providing a suitable platform for organoid differentiation. This was further extended by differentiation into cardiac organoids and retinal photoreceptors to demonstrate two exemplary tissues.",crossref,0
120‐Channel High‐Fidelity Optical Multiplexing Using a Minimal Meta‐Atom Set,https://advanced.onlinelibrary.wiley.com/doi/10.1002/adma.75132?af=R,Wiley: Advanced Materials: Table of Contents,2026-09-23 14:14:56 UTC,2026-09-23 14:14:56+00:00,10.1002/adma.75132,Songlin Zhuang,"ABSTRACT
                  
                    High‐capacity optical multiplexing is crucial for next‐generation intelligent information systems, spanning high‐speed communications, optical computing, and immersive displays. A fundamental challenge is to maximize the number of independent channels while maintaining high fidelity, compact footprint, and low structural complexity, constraints that severely limit existing diffractive optical elements. Here, we overcome these long‐standing trade‐offs by introducing a multi‐dimensional reconfigurable diffractive neural network (MRDNN) that enables high‐capacity, high‐fidelity optical multiplexing within an exceptionally compact and simple architecture through the co‐design of predictive neural optimization and multi‐physical‐dimension multiplexing. Experimentally, a dual‐layer MRDNN realizes 24 independent channels for distinct functionalities, including focusing, beam steering, and holographic image reconstruction. Owing to its excellent scalability, only four metasurface layers comprising a minimal library of 200
                    2
                    meta‐atoms achieve 120 distinct optical channels with low crosstalk and high fidelity (measured mean structural similarity index measure of over 0.8), representing a record experimental multiplexing capacity with one of the smallest normalized footprints and simplest structural configurations in a metasurface‐enabled system. This work establishes a scalable and efficient paradigm for extreme optical multiplexing in multifunctional and reconfigurable photonics systems.",crossref,0
Biomimetic Confined Crystallization of Large‐Sized Single‐Crystalline Multicomponent Mesoporous Metal Oxides,https://onlinelibrary.wiley.com/doi/10.1002/anie.1975103?af=R,Wiley: Angewandte Chemie International Edition: Table of Contents,2026-09-23 16:12:03 UTC,2026-09-23 16:12:03+00:00,10.1002/anie.1975103,Zhen‐An Qiao,"ABSTRACT
                  
                    The performance of mesoporous metal oxides (MMOs) depends strongly on the composition, crystallinity, and size. However, soft‐templating synthesis of multicomponent systems is typically constrained by poor structural control arising from phase separation, uncontrolled nucleation, and structural collapse. Inspired by biomineralization, this study proposes a biomimetic confined crystallization strategy based on constructing a 3D continuous poly(acrylic acid) matrix. This matrix forms a flexible organic–inorganic network that stabilizes intermediate species, regulates crystallization kinetics, suppresses burst nucleation, and promotes integrated crystal growth, thereby playing a role analogous to the organic framework in natural biomineralization. In addition, the template directs mesostructure formation through its space‐occupying effect and decomposition‐induced gas evolution. As a result, large‐sized single‐crystalline multicomponent MMOs were successfully synthesized. More importantly, this strategy enables precise and tunable control of crystallinity and particle size and can be readily extended to more than ten multicomponent systems. As a representative example, La
                    2
                    FeCuO
                    6
                    exhibits a Faradaic efficiency of 98.2% for electrocatalytic nitrate reduction, benefiting from the synergistic effects of optimized electronic structure, mesoporosity, and single crystallinity. Overall, this work establishes a biomimetic route to overcome the intrinsic limitations of conventional soft‐templating approaches, particularly phase separation, polycrystallization, and the difficulty of achieving large‐sized crystal growth under high‐temperature calcination.",crossref,0
Second‐Sphere Aromatic Substitutions That Tune H‐Atom Transfer Reactivity Observed for a Series of S = 1 Nonheme FeIV=O Complexes: An Enthalpy‐Entropy Compensation Effect,https://onlinelibrary.wiley.com/doi/10.1002/anie.1885847?af=R,Wiley: Angewandte Chemie International Edition: Table of Contents,2026-09-23 16:15:47 UTC,2026-09-23 16:15:47+00:00,10.1002/anie.1885847,Lawrence Que Jr.,"ABSTRACT
                  
                    Synthetic nonheme Fe
                    IV
                    ═O complexes reported thus far often have
                    S
                     = 1 ground states, demonstrating markedly lower oxidative reactivity in C─H bond breakage compared to their
                    S
                     = 2 counterparts. Recently, we have identified that incorporating cycloalkyl groups into the second coordination sphere of the nitrilotris(benzimidazole) ligand produce the most reactive Fe
                    IV
                    ═O complexes within the tripodal ligand family, exhibiting an
                    S
                     = 1 ground state. Here, we have synthesized six
                    S
                     = 1 complexes having the NTB ligand framework with either electron‐rich or electron‐poor aromatic groups in the secondary coordination sphere of the ligand. These complexes have been characterized by Mössbauer data at 4 K and
                    1
                    H NMR spectra at 193 K with quite similar electronic characteristics despite having distinct electronically tuned ligands. Nevertheless, the complexes show substrate oxidation rates that differ by nearly an order of magnitude from each other, giving rise to a notable linear correlation between activation enthalpies and activation entropies of HAT reactions. These outcomes thus enable further investigation of the Enthalpy‐Entropy Compensation Effect (EECE) in HAT reactions involving these oxoiron(IV) complexes. Finally, the role played by steric attributes of the secondary coordination sphere group in regulating the reactivity of this series of complexes has been explored.",crossref,0
Tandem Interphase Design Achieves Two‐Year Cycling of Aqueous Zinc Metal Batteries Under Extreme Conditions,https://onlinelibrary.wiley.com/doi/10.1002/anie.4098089?af=R,Wiley: Angewandte Chemie International Edition: Table of Contents,2026-09-23 16:19:20 UTC,2026-09-23 16:19:20+00:00,10.1002/anie.4098089,Shenglin Xiong,"ABSTRACT
                  
                    The development of aqueous zinc metal batteries (AZMBs) is impeded by their limited lifespan, especially at extreme conditions (high current, low temperature etc.), primarily because the solid electrolyte interphase (SEI) on Zn anode cannot simultaneously balance the solvation/desolvation kinetics and deposition/stripping stability of Zn
                    2 +
                    . The inherent incompatibility of the two properties stems from the inability of the SEI to simultaneously achieve hydrophilic‐zincophobicity for rapid desolvation and hydrophobic‐zincophilicity for stable deposition, which are inherently contradictory characteristics. Herein, we present a tandem structure SEI possessing outer‐hydrophilicity/inner‐zincophilicity (OHIZ) for Zn anode. Carboxylated carbon nanotubes (CCNT) and metallic tin (Sn) are screened as the outer/inner SEI (CCNT‐Sn/Zn) via systematic screening framework. This tandem‐structured SEI achieves a balance between the desolvation kinetics and deposition stability of Zn
                    2 +
                    even at extreme current (100 mA cm
                    
                      −
                    
                    2
                    ) and temperature (–30°C∼‐86°C). Moreover, the inner Sn undergoes a spontaneous phase transformation from β to α‐phase at low temperature, leading to boosted ion transport kinetics. Correspondingly, the CCNT‐Sn/Zn symmetric cells achieve remarkable stability more than two years at –30°C. The 1.3 Ah CCNT‐Sn/Zn||LiMn
                    2
                    O
                    4
                    pouch cells exhibit 94% capacity retention after 100 cycles. Our strategy provides valuable insight into the advancement of AZMBs.",crossref,0
Who leads the global gas market? Geopolitics and price transmission between the U.S. and Europe,https://www.sciencedirect.com/science/article/pii/S0301421526005276?dgcid=rss_sd_all,ScienceDirect Publication: Energy Policy,2026-09-24 00:00:00 UTC,2026-09-24 00:00:00+00:00,,Cosimo Magazzino,,,0
Energy transition and corporate geographic expansion,https://www.sciencedirect.com/science/article/pii/S0301421526005537?dgcid=rss_sd_all,ScienceDirect Publication: Energy Policy,2026-09-24 00:00:00 UTC,2026-09-24 00:00:00+00:00,,Yong Jiang,,,0
Club convergence in energy poverty of Belt and Road Initiative countries: The role of China's outward foreign direct investment,https://www.sciencedirect.com/science/article/pii/S0301421526005513?dgcid=rss_sd_all,ScienceDirect Publication: Energy Policy,2026-09-24 00:00:00 UTC,2026-09-24 00:00:00+00:00,,Dan Yang,,,0
Machine learning-genetic algorithm coupled optimization of heteroatom-doped carbon electrodes for vanadium redox flow batteries,https://www.sciencedirect.com/science/article/pii/S0306261926015837?dgcid=rss_sd_all,ScienceDirect Publication: Applied Energy,2026-09-24 00:00:00 UTC,2026-09-24 00:00:00+00:00,,Ya Ji,,,0
"Toward wind-resilient cable-supported photovoltaic system: nonlinear stiffness, dynamic identification, and parametric instability",https://www.sciencedirect.com/science/article/pii/S0306261926015151?dgcid=rss_sd_all,ScienceDirect Publication: Applied Energy,2026-09-24 00:00:00 UTC,2026-09-24 00:00:00+00:00,,Mingshui Li,,,0
Spatially decoupled design and AI-driven optimization for thermal uniformity and nitridation resistance in NH3-fueled micro-tubular SOFCs,https://www.sciencedirect.com/science/article/pii/S030626192601514X?dgcid=rss_sd_all,ScienceDirect Publication: Applied Energy,2026-09-24 00:00:00 UTC,2026-09-24 00:00:00+00:00,,Liming Dai,,,0
From electrode scaffold to hydrogen-system value: a reverse-boundary qualification framework for direct seawater electrolysis,https://www.sciencedirect.com/science/article/pii/S0306261926015795?dgcid=rss_sd_all,ScienceDirect Publication: Applied Energy,2026-09-24 00:00:00 UTC,2026-09-24 00:00:00+00:00,,Zhixi Liu,,,0
A dynamic parallelized hybrid optimization method for 22 MW large-scale floating offshore wind turbines,https://www.sciencedirect.com/science/article/pii/S030626192601576X?dgcid=rss_sd_all,ScienceDirect Publication: Applied Energy,2026-09-24 00:00:00 UTC,2026-09-24 00:00:00+00:00,,Weifei Hu,,,0
Understanding performance loss in proton exchange membrane fuel cells under intermediate temperature and low humidity operation,https://www.sciencedirect.com/science/article/pii/S0306261926015321?dgcid=rss_sd_all,ScienceDirect Publication: Applied Energy,2026-09-24 00:00:00 UTC,2026-09-24 00:00:00+00:00,,Zhigang Shao,,,0
Agri-LLM forecaster: A physics-semantics-guided large language model for zero-shot load forecasting in low-carbon integrated agricultural energy systems,https://www.sciencedirect.com/science/article/pii/S0306261926015394?dgcid=rss_sd_all,ScienceDirect Publication: Applied Energy,2026-09-24 00:00:00 UTC,2026-09-24 00:00:00+00:00,,Jidong Luo,,,0
"Grid-interactive data centers for sustainable and resilient energy systems: Evolution, trends, and future directions",https://www.sciencedirect.com/science/article/pii/S0306261926014984?dgcid=rss_sd_all,ScienceDirect Publication: Applied Energy,2026-09-24 00:00:00 UTC,2026-09-24 00:00:00+00:00,,Li Li,,,0
Copula-based joint distributionally robust chance-constrained low-carbon operation of renewable power-to-methanol systems,https://www.sciencedirect.com/science/article/pii/S0306261926015333?dgcid=rss_sd_all,ScienceDirect Publication: Applied Energy,2026-09-24 00:00:00 UTC,2026-09-24 00:00:00+00:00,,Junyi Zhai,,,0
Data-enhanced economic model predictive control for sustainable wastewater treatment: energy optimization and GHG mitigation in cold regions,https://www.sciencedirect.com/science/article/pii/S0306261926015539?dgcid=rss_sd_all,ScienceDirect Publication: Applied Energy,2026-09-24 00:00:00 UTC,2026-09-24 00:00:00+00:00,,Hongliang Wang,,,0
Can they compete? Cost competitiveness of non-light-water reactors for heat and power supply in a decarbonized european energy system,https://www.sciencedirect.com/science/article/pii/S0306261926015588?dgcid=rss_sd_all,ScienceDirect Publication: Applied Energy,2026-09-24 00:00:00 UTC,2026-09-24 00:00:00+00:00,,Leonard Göke,,,0
Building retrofit for energy and carbon reduction: identifying future research priorities and trends from a critical analysis and systematic mapping review of the global literature,https://www.sciencedirect.com/science/article/pii/S0306261926015515?dgcid=rss_sd_all,ScienceDirect Publication: Applied Energy,2026-09-24 00:00:00 UTC,2026-09-24 00:00:00+00:00,,Alice Moncaster,,,0
Market-driven equilibria for distributed photovoltaic panel investment,https://www.sciencedirect.com/science/article/pii/S0306261926015606?dgcid=rss_sd_all,ScienceDirect Publication: Applied Energy,2026-09-24 00:00:00 UTC,2026-09-24 00:00:00+00:00,,Xiaojun Lin,,,0
Hyperimage-based multivariate short-term photovoltaic power forecasting,https://www.sciencedirect.com/science/article/pii/S0306261926015746?dgcid=rss_sd_all,ScienceDirect Publication: Applied Energy,2026-09-24 00:00:00 UTC,2026-09-24 00:00:00+00:00,,Jie Su,,,0
PV-anchored hybrid solar systems across output grade and storage horizon: an exergy-informed temporal architecture review,https://www.sciencedirect.com/science/article/pii/S0306261926015102?dgcid=rss_sd_all,ScienceDirect Publication: Applied Energy,2026-09-24 00:00:00 UTC,2026-09-24 00:00:00+00:00,,Ya-Ling He,,,0
Non-iterative low-carbon coordinated optimal dispatch of distribution system and microgrids via power-cost-emissions equivalent projection,https://www.sciencedirect.com/science/article/pii/S0306261926014145?dgcid=rss_sd_all,ScienceDirect Publication: Applied Energy,2026-09-24 00:00:00 UTC,2026-09-24 00:00:00+00:00,,Chongqing Kang,,,0
Modeling and analysis of the operational and investment costs of hydrogen sea transportation applied to NH3 and LH2 energy derivatives,https://www.sciencedirect.com/science/article/pii/S0306261926015540?dgcid=rss_sd_all,ScienceDirect Publication: Applied Energy,2026-09-24 00:00:00 UTC,2026-09-24 00:00:00+00:00,,Le Goff Elise,,,0
A trustworthy intent-driven LLM-agent workflow with state verification for power system simulation,https://www.sciencedirect.com/science/article/pii/S0306261926015242?dgcid=rss_sd_all,ScienceDirect Publication: Applied Energy,2026-09-24 00:00:00 UTC,2026-09-24 00:00:00+00:00,,Jian Ma,,,0
Assessing the impact of stack degradation and replacement on the levelized cost of hydrogen over multi-decadal horizons,https://www.sciencedirect.com/science/article/pii/S030626192601545X?dgcid=rss_sd_all,ScienceDirect Publication: Applied Energy,2026-09-24 00:00:00 UTC,2026-09-24 00:00:00+00:00,,Felix Gehlhoff,,,0
"Corrigendum to “Marginal curtailment of wind and solar PV: Transmission constraints, pricing and access regimes for efficient investment” [Energy Pol. 191 (2024) 114206]",https://www.sciencedirect.com/science/article/pii/S0301421526005379?dgcid=rss_sd_all,ScienceDirect Publication: Energy Policy,2026-09-24 00:00:00 UTC,2026-09-24 00:00:00+00:00,,Darryl R. Biggar,,,0
Evolution from out-of-plane to in-plane metallo-annulenes: Theoretical investigations of putative planar transition metallo-annulenes,https://www.cell.com/chem/fulltext/S2451-9294(26)00331-1?rss=yes,Chem,2026-09-24 00:00:00 UTC,2026-09-24 00:00:00+00:00,10.1016/j.chempr.2026.103265,Haiping Xia,"The annulenes typically coordinate with transition metals to form out-of-plane metallo-annulene. Expanding the ring cavity shifts the metal into the ring core via metal–carbon σ bonds, establishing a unique structural paradigm. Herein, we systematically explore planar metallo-[n]annulenes (12 ≤ n ≤17), mapping out their spatial boundaries. By establishing a “periodic table” for in-plane metallo-annulenes, this work offers key conceptual insights to guide the rational design of novel organometallic architectures.",rss_cell,0
Multilevel molecular weaving,https://www.nature.com/articles/s41563-026-02754-9,Nature Materials,2026-09-24 00:00:00 UTC,2026-09-24 00:00:00+00:00,10.1038/s41563-026-02754-9,Feihe Huang,"The emergence of molecular weaving provides a bottom-up strategy for topological control of material properties. However, current molecularly woven polymer networks are fundamentally limited by their single-level woven structures, containing only one type of woven topology. Here we present a two-dimensional, multilevel woven polymer network that incorporates multiple woven topologies, similar to the structure of macroscale complex fabrics. Single-crystal X-ray analysis and integrated low-dose and cryogenic electron microscopy imaging confirm the presence of a multilevel woven structure. In situ pressure-dependent Raman spectroscopy combined with theoretical calculations reveals a hierarchical stress-regulation mechanism in the multilevel woven polymer network distinct from that of its single-level counterpart. Breakthrough experiments simulating industrial separation processes further demonstrate that the synergistic channels generated by the multilevel woven topology provide distinct advantages for precise toluene/methylcyclohexane separation. Hence, the transition from single-level to multilevel woven topologies is not merely a structural upgrade, but introduces unique properties and functions that lie beyond the reach of single-level systems.",nature_html,0
The recycle reality: A process-level perspective on catalytic CO2 hydrogenation to methanol,https://www.cell.com/chem/fulltext/S2451-9294(26)00330-X?rss=yes,Chem,2026-09-24 00:00:00 UTC,2026-09-24 00:00:00+00:00,10.1016/j.chempr.2026.103264,André Bardow,"Sustainable methanol production via CO2 hydrogenation is critical for a circular carbon economy. Yet, progress remains bottlenecked because catalyst innovation and process engineering advance in isolation. Here, we present a process-level paradigm shift that unifies catalyst design with process design and thermodynamic realities. This multiscale integration prevents industrial performance losses and provides a blueprint to scale up CO2 utilization technologies for a net-zero chemical industry.",rss_cell,0
"Does geopolitical risk shape green hydrogen innovation? Policy ecosystem, governance, energy poverty, and global heterogeneity in an age of fragmentation",https://www.sciencedirect.com/science/article/pii/S0301421526005331?dgcid=rss_sd_all,ScienceDirect Publication: Energy Policy,2026-09-24 00:00:00 UTC,2026-09-24 00:00:00+00:00,,Brahim Bergougui,,,0
AlphaFold 'goes viral': database adds protein complexes of common viruses,https://www.nature.com/articles/d41586-026-03022-1,Nature,2026-09-24 00:00:00 UTC,2026-09-24 00:00:00+00:00,10.1038/d41586-026-03022-1,Ewen Callaway,,,0
Electrolyte design for future batteries,https://www.nature.com/articles/s41578-026-00958-8,Nature Reviews Materials,2026-09-24 00:00:00 UTC,2026-09-24 00:00:00+00:00,10.1038/s41578-026-00958-8,Atsuo Yamada,"Electrolyte design remains a central challenge for advancing batteries, which underpin carbon-neutral energy systems and modern technological infrastructures. Progress in electrolyte research, however, has largely relied on empirical discovery of materials and formulations that target individual performance metrics without fully accounting for the thermodynamic and kinetic constraints governing practical full-cell operation. Electrolytes do more than transport ions; they reshape the energetic landscape of battery systems. This Review examines electrolyte design through the lens of charge-carrier chemical potentials, focusing on how their modulation regulates electrode reaction potentials, redefines the electrolyte potential window and influences interphase dynamics during repeated cycling. Intrinsic challenges associated with advanced electrolytes are also discussed, including the simultaneous requirements of chemical and electrochemical stability, robust interphase formation and durability, rapid ion transport, and operational safety. Integrating these considerations establishes a framework for rational electrolyte design and provides a comprehensive perspective on optimizing full-cell energetics and stabilizing interphases in next-generation batteries.",nature_html,0
A Paleogene fossil from southwestern China reveals the origin and adaptive evolution of loquat,https://academic.oup.com/nsr/advance-article/doi/10.1093/nsr/nwag613/8834035?rss=1,National Science Review Advance Access,2026-09-24 00:00:00 UTC,2026-09-24 00:00:00+00:00,10.1093/nsr/nwag613,Jian Huang,Fossil evidence indicates that loquat originated in southwestern China. Adaptation to karst environments may allow tropical plants to expand into colder regions.,crossref,0
A Survey on Parallel Reasoning,https://academic.oup.com/nsr/advance-article/doi/10.1093/nsr/nwag599/8834022?rss=1,National Science Review Advance Access,2026-09-24 00:00:00 UTC,2026-09-24 00:00:00+00:00,10.1093/nsr/nwag599,Enhong Chen,"As Large Language Models (LLMs) evolve, parallel reasoning has emerged as a vital inference paradigm that enhances robustness by concurrently exploring multiple thought trajectories. Unlike fragile sequential methods, parallel reasoning expands inference breadth to significantly improve problem-solving performance. This paper provides a comprehensive survey of the progress and challenges in this burgeoning field. We first formally define parallel reasoning and distinguish it from sequential paradigms like Chain-of-Thought. Then, we propose a novel taxonomy to categorize advanced techniques into non-interactive reasoning, interactive collaboration, and efficiency-oriented decoding strategies. Furthermore, we examine diverse application scenarios, including complex problem-solving and reliability enhancement. Finally, we identify core challenges and outline future research directions. This work serves as a strategic roadmap to foster further innovation in parallel reasoning.",rss_oup,0
Inoculating lithium against dendrites,https://www.nature.com/articles/s41563-026-02757-6,Nature Materials,2026-09-24 00:00:00 UTC,2026-09-24 00:00:00+00:00,10.1038/s41563-026-02757-6,Naga Phani B. Aetukuri,,,0
AI agent hacks government website for first time: why this breach matters,https://www.nature.com/articles/d41586-026-03024-z,Nature,2026-09-24 00:00:00 UTC,2026-09-24 00:00:00+00:00,10.1038/d41586-026-03024-z,Rachel Fieldhouse,,,0
El Agente Quntur: A research collaborator agent for quantum chemistry,https://www.cell.com/chem/fulltext/S2451-9294(26)00325-6?rss=yes,Chem,2026-09-24 00:00:00 UTC,2026-09-24 00:00:00+00:00,10.1016/j.chempr.2026.103259,Alán Aspuru-Guzik,"Pérez-Sánchez, Zou, et al. present El Agente Quntur, a domain-specific multi-agent system that translates open-ended chemistry questions into literature-informed computational workflows. Benchmarks against a general-purpose coding agent and research-level case studies show that specialized reasoning improves workflow reliability, method selection, error recovery, and result interpretation while revealing persistent limitations in geometric reasoning and post-analysis.",rss_cell,0
Programming semiconducting two-dimensional conjugated metal–organic frameworks via anisotropic reticular chemistry,https://www.nature.com/articles/s41557-026-02251-1,Nature Chemistry,2026-09-24 00:00:00 UTC,2026-09-24 00:00:00+00:00,10.1038/s41557-026-02251-1,Renhao Dong,"Electrically conductive two-dimensional (2D) conjugated metal–organic frameworks (c-MOFs) are emerging electronic materials with tunable topologies and metal nodes. However, the uniform reactivity of conventional high-symmetry ligands typically leads to homogeneous linking, limiting the programmable construction of diverse topologies and metal nodes from a single-type ligand. Here we report an anisotropic reticular chemistry strategy using the 1,2,5,6,9,10,12,13-octahydroxydibenzo-[fg,op]naphthacene ligand with diverse catechol reactivities to construct seven distinct c-MOF crystals. Site-selective coordination of 1,2,5,6,9,10,12,13-octahydroxydibenzo-[fg,op]naphthacene yields three topologically distinct copper-based c-MOFs, including 2D square-arranged (Cu-2D-sql), 2D honeycomb-arranged (Cu-2D-hcb) and one-dimensional linear (Cu-1D) structures. Cu-1D could further react with metal ions to produce four bimetallic CuM-2D-sql (M = Ni, Co, Zn or Mn) with defined bimetal node arrangements. Theoretical modelling and single-crystal electrical measurements reveal that this structural programming effectively modulates the charge transport behaviour. The anisotropic reticular chemistry strategy thus provides a route towards atomic-level control over the structures and electronic properties of conductive frameworks.",nature_html,0
Bumblebees don’t mind a little plastic in their honeypots,https://www.nature.com/articles/d41586-026-02988-2,Nature,2026-09-24 00:00:00 UTC,2026-09-24 00:00:00+00:00,10.1038/d41586-026-02988-2,,,,0
Synthesis and optimization of ionizable lipids for RNA delivery,https://www.cell.com/chem/fulltext/S2451-9294(26)00310-4?rss=yes,Chem,2026-09-24 00:00:00 UTC,2026-09-24 00:00:00+00:00,10.1016/j.chempr.2026.103244,Xuexiang Han,"Lipid nanoparticles have transformed RNA therapeutics, with ionizable lipids serving as primary drivers of delivery, safety, and targeting. This review bridges ionizable-lipid chemistry and structural design to functional performance and clinical translation, while highlighting key strategies to overcome current limitations.",rss_cell,0
Youthful fans of YouTube sports videos stick to the sofa,https://www.nature.com/articles/d41586-026-02989-1,Nature,2026-09-24 00:00:00 UTC,2026-09-24 00:00:00+00:00,10.1038/d41586-026-02989-1,,,,0
GLP-1 drugs fail to help some people lose weight — scientists are on a quest for answers,https://www.nature.com/articles/d41586-026-03020-3,Nature,2026-09-24 00:00:00 UTC,2026-09-24 00:00:00+00:00,10.1038/d41586-026-03020-3,Mariana Lenharo,,,0
AI system helps lab devices ‘talk’ with each other — streamlining research,https://www.nature.com/articles/d41586-026-02990-8,Nature,2026-09-24 00:00:00 UTC,2026-09-24 00:00:00+00:00,10.1038/d41586-026-02990-8,Kaia Glickman,,,0
Hierarchical Accessibility and Framework‐Al Organization in Ultra‐High‐Silica ZSM‐5 Enable Efficient Cracking of Polyolefin Waste to Light Olefins,https://onlinelibrary.wiley.com/doi/10.1002/anie.8344174?af=R,Wiley: Angewandte Chemie International Edition: Table of Contents,2026-09-24 04:22:05 UTC,2026-09-24 04:22:05+00:00,10.1002/anie.8344174,Yan Li,"ABSTRACT
                  
                    Selective conversion of waste polyolefins to light olefins offers a promising route for waste‐plastic valorization but is often limited by the trade‐off between cracking activity and secondary reactions over acidic zeolites. Here we report a tetrapropylammonium hydroxide‐directed synthesis strategy assisted by cetyltrimethylammonium bromide (CTAB) and tert‐butanol (TBA) to construct an ultra‐high‐silica hierarchical ZSM‐5 with a highly isolated framework‐Al distribution within a low‐acidity environment. Under hydrogen‐free conditions at 450°C, the optimized catalyst CTAB
                    2.5
                    /TBA
                    5
                    ‐ZSM‐5 achieves a gas yield of 95.3 wt%, a C
                    2–
                    C
                    4
                    olefin selectivity of 88.2% in the gas phase, and a light‐olefin yield of 84.0 wt%, while maintaining a light‐olefin yield of ∼77 wt% over 20 consecutive cycles without regeneration. The catalyst also maintains high gas yields and light‐olefin selectivity across representative post‐consumer polyolefin feedstocks. Structural and catalytic analyses show that the superior performance stems from enhanced mass transport through the hierarchical pore network coupled with a highly isolated, channel‐preferential framework‐Al distribution, thereby suppressing deep secondary conversion. The concerted control of hierarchical accessibility and framework‐Al distribution in low‐acidity zeolites offers a useful framework for designing efficient polyolefin‐cracking catalysts.",crossref,0
Fluoroalcohol‐Mediated Solvation for Self‐Assembled Molecules Anchoring Optimization Toward High‐Performance Organic Solar Cells and Flexible Module,https://onlinelibrary.wiley.com/doi/10.1002/anie.4528541?af=R,Wiley: Angewandte Chemie International Edition: Table of Contents,2026-09-24 04:22:21 UTC,2026-09-24 04:22:21+00:00,10.1002/anie.4528541,Yongfang Li,"ABSTRACT
                  
                    The uniform chemisorption of phosphonic acid‐based self‐assembled molecules (SAMs) onto the indium tin oxide (ITO) substrate is fundamentally hindered by the thermodynamic limitations of interfacial heterocondensation reactions, limiting the photovoltaic performance and stability of organic solar cells (OSCs). Herein, we develop a facile solvation regulation strategy to address this issue by utilizing the solvation effect of 2,2,2‐trifluoroethanol (TFE) solvent. It is found that TFE can form a robust intermolecular hydrogen bond (O─H···O═P) with the SAM 2PACz, thereby polarizing the phosphoryl moiety (P═O) bond, enhancing the electrophilicity of the phosphorus atom, and substantially elevating the thermodynamic driving force for the interfacial anchoring reaction. Consequently, the assistance of TFE for 2PACz leads to a more uniform and stronger anchoring 2PACz layer onto the ITO substrate, elevating the power conversion efficiency (PCE) of the D18:L8‐BO‐based device from 19.79% to 20.60%. Additionally, this solvation strategy effectively improves the scale‐up processing capability of 2PACz, delivering a PCE of 15.89% in the flexible OSC module with an active area of 11.9 cm
                    2
                    . Furthermore, the mechanism established in this work demonstrates broad universality across diverse active layer systems, SAM materials, and fluoroalcohol solvents.",crossref,0
Insights into the Degradation Mechanism of Aqueous LiMn2O4–Cathode Interfaces by Computational Vibrational Spectroscopy,https://onlinelibrary.wiley.com/doi/10.1002/anie.3712910?af=R,Wiley: Angewandte Chemie International Edition: Table of Contents,2026-09-24 04:25:49 UTC,2026-09-24 04:25:49+00:00,10.1002/anie.3712910,Jörg Behler,"ABSTRACT
                  (LMO) is a versatile and earth‐abundant Li intercalation compound of high interest for sustainable energy storage and conversion. Yet, its broader adoption as a cathode in Li‐ion batteries or as a water‐splitting electrocatalyst is hindered by severe degradation reactions at the solid–electrolyte interface. This instability is rooted in its mixed‐valence / electronic structure, which is governed by the Li content. Still, the atomistic link between the lithiation state and interfacial degradation remains elusive. Here, we investigate aqueous LMO interfaces across varying lithiation states by atomistic simulations using an ab initio‐quality machine learning potential. We demonstrate that the local Li content determines surface Mn oxidation states and reveal their decisive role in interfacial acid–base chemistry. By analyzing the vibrational features of interfacial species, we identify the O–H stretching band as a sensitive spectroscopic probe of the surface electronic structure. Distinct, oxidation‐state‐dependent shifts reveal a fundamental vulnerability of the mixed‐valence spinel surface: the coexistence of Lewis‐acidic  centers and oxygen sites neighboring , which are susceptible to electrophilic attack. These findings provide a compelling atomistic rationale extending the conventional ‐centric view of acid‐promoted Mn dissolution toward a dual‐site mechanism driven by LMO's mixed‐valent nature.",crossref,0
Metal–Organic Framework‐Confined Iron Pincer Complex for Highly Efficient and Selective Borylation of Methane and Ethane,https://onlinelibrary.wiley.com/doi/10.1002/anie.5648702?af=R,Wiley: Angewandte Chemie International Edition: Table of Contents,2026-09-24 04:29:57 UTC,2026-09-24 04:29:57+00:00,10.1002/anie.5648702,Kuntal Manna,"ABSTRACT
                  
                    We report the design and development of a heterogeneous NNP‐pincer ligand, 6‐((diisopropylphosphaneyl)amino)‐(2,2′‐bipyridine), which is integrated within a porous zirconium metal–organic framework (mNNP‐UiO‐67) to synthesize highly active earth‐abundant metal catalysts for alkane functionalization. The mNNP‐UiO‐67 MOF‐supported mononuclear iron(II)‐dihydride (mNNP‐UiO‐FeH
                    2
                    ) exhibits high efficiency in catalyzing selective monoborylation of methane and ethane. mNNP‐UiO‐FeH
                    2
                    ‐catalyzed borylation of methane using pinacolborane (HBpin) produces CH
                    3
                    Bpin in 76% yield, while significantly suppressing the formation of thermodynamically favored over‐borylated products. The catalyst remains active over six recycling cycles, achieving a cumulative turnover number (TON) of 10,793, a methane utilization efficiency of 5.5%, and a space‐time productivity of 13.5 gL
                    −1
                    h
                    −1
                    . The catalyst is also effective for ethane activation, yielding 36% of C
                    2
                    H
                    5
                    Bpin with 100% selectivity and a TON of 774. In stark contrast, the analogous homogeneous control is barely active, giving a TON of only 8 in methane borylation due to its rapid decomposition. Experimental results indicate that the stabilization of NNP‐Fe
                    II
                    H
                    2
                    active sites and the catalytic intermediates such as NNP‐Fe
                    0
                    and NNP‐Fe
                    II
                    H(Bpin) within the MOF through active‐site isolation is crucial for the remarkably high activity and selectivity. Mechanistic studies suggest the
                    σ
                    ‐bond metathesis between the Fe─Bpin bond of NNP‐Fe
                    II
                    H(Bpin) and the C─H bond of methane as turnover‐limiting in the catalytic cycle.",crossref,0
Catalysis by a Metastable Photoswitchable Cage,https://onlinelibrary.wiley.com/doi/10.1002/anie.8106106?af=R,Wiley: Angewandte Chemie International Edition: Table of Contents,2026-09-24 04:33:51 UTC,2026-09-24 04:33:51+00:00,10.1002/anie.8106106,Jonathon E. Beves,"ABSTRACT
                  
                    The introduction of
                    ortho
                    ‐methyl substituents on aryl‐substituted
                    ortho
                    ‐tetrafluoroazobenzene photoswitches breaks the π‐conjugation and improves photoswitching selectivity and increases the thermal half‐life of the metastable isomer. Using this approach, a visible‐light‐responsive ligand was assembled with a non‐switchable ligand and palladium(II) ions into a mixture of molecular cages. When irradiated with 530 nm light, the system converges to form a single product, a metastable, mixed‐ligand molecular cage. This cage can be reversibly disassembled using 424 nm light, an example of integrative self‐sorting controlled by light. The metastable assembly can catalyze both Michael addition and nitroaldol reactions. Importantly, visible light accesses a metastable catalytic state inaccessible under thermodynamic control. We demonstrate that the active assembled species can be switched on and off at will using visible irradiation and the metastable species is the most catalytically active assembly.",crossref,0
Oil pollution threatens the Strait of Hormuz,https://www.science.org/doi/abs/10.1126/science.ael4900?af=R,AAAS: Science: Table of Contents,2026-09-24 06:00:04 UTC,2026-09-24 06:00:04+00:00,10.1126/science.ael4900,Abolfazl Jalali Shahrood,,,0
Alternative immunity,https://www.science.org/doi/abs/10.1126/science.aem6505?af=R,AAAS: Science: Table of Contents,2026-09-24 06:00:04 UTC,2026-09-24 06:00:04+00:00,10.1126/science.aem6505,Mitch Leslie,"A little-known arm of the immune system respond to lipids, with a protein called CD1 driving reactions to bee stings, bacteria, and possibly poison ivy",crossref,0
Satellite reveals a world of altered rivers,https://www.science.org/doi/abs/10.1126/science.aem6543?af=R,AAAS: Science: Table of Contents,2026-09-24 06:00:04 UTC,2026-09-24 06:00:04+00:00,10.1126/science.aem6543,Paul Voosen,SWOT is exposing how humans reshape rivers—and challenging models used to predict floods,crossref,0
"Single wildfire smoke exposure causes lasting harm, natural experiment in monkeys hints",https://www.science.org/doi/abs/10.1126/science.aem6545?af=R,AAAS: Science: Table of Contents,2026-09-24 06:00:04 UTC,2026-09-24 06:00:04+00:00,10.1126/science.aem6545,Sara Reardon,Infant macaques showed immune changes and signs of faster aging years after inhaling smoke,crossref,0
Ecological risks of the Taklamakan project,https://www.science.org/doi/abs/10.1126/science.ael3607?af=R,AAAS: Science: Table of Contents,2026-09-24 06:00:04 UTC,2026-09-24 06:00:04+00:00,10.1126/science.ael3607,Zekai Yang,,,0
Hedging El Niño isn’t the same as adapting to it,https://www.science.org/doi/abs/10.1126/science.aem2972?af=R,AAAS: Science: Table of Contents,2026-09-24 06:00:04 UTC,2026-09-24 06:00:04+00:00,10.1126/science.aem2972,Justin S. Mankin,"Record-setting warm waters slosh eastward across the tropical Pacific, forming El Niño. This recurrent climate pattern reconfigures severe weather worldwide, and with it, the global economy. Scientists have forecast El Niño for decades, but never one this strong. Financial markets are responding rationally, minimizing their exposure in the regions most at risk. But hedging is not the same as adapting. At best, its dollar logic obscures El Niño’s human costs, and at worst, it pulls capital from the very places that need investment most.",crossref,0
White House efforts to control NIH grants lead to new court challenge and Oval Office tussle,https://www.science.org/doi/abs/10.1126/science.aem6547?af=R,AAAS: Science: Table of Contents,2026-09-24 06:00:04 UTC,2026-09-24 06:00:04+00:00,10.1126/science.aem6547,Jocelyn Kaiser,Lawsuit argues political screening of grants violates researchers’ freedom of speech,crossref,0
Why AI agents invent their own language if you let them chat,https://www.science.org/doi/abs/10.1126/science.aem6544?af=R,AAAS: Science: Table of Contents,2026-09-24 06:00:04 UTC,2026-09-24 06:00:04+00:00,10.1126/science.aem6544,Tom Howarth,“Weird terms” are a natural—but disturbing—byproduct of agent swarms,crossref,0
Research at gunpoint,https://www.science.org/doi/abs/10.1126/science.aek0179?af=R,AAAS: Science: Table of Contents,2026-09-24 06:00:04 UTC,2026-09-24 06:00:04+00:00,10.1126/science.aek0179,Fábio Hepp,,,0
Science still has expertise; what it’s lost is authority,https://www.science.org/doi/abs/10.1126/science.aem5190?af=R,AAAS: Science: Table of Contents,2026-09-24 06:00:04 UTC,2026-09-24 06:00:04+00:00,10.1126/science.aem5190,H. Holden Thorp,"In the years since the pandemic and the political turmoil surrounding the American scientific establishment, much time has been spent discussing why science has lost influence on public policy in the United States. A time when scientific advice about vaccination, nutrition, and environmental regulation was more readily heeded seems a distant memory. Scientific expertise has been decoupled from a sense of authority and standing to dictate policy on matters ranging from public health to climate change. The explanations for this separation include the rise of technologies like the internet and artificial intelligence, mistakes made by scientists and scientific institutions, and weaponization of anti-science ideas by political actors. But what if there’s a larger historical trend that suggests the disconnect between expertise and authority was inevitable? A new idea in philosophy called the “unicontext” suggests that the advance of technology, along with basic human desires, has been leading to this point for the past century.",crossref,0
Enhancing Europe’s competitiveness by empowering researchers as innovators,https://www.science.org/doi/abs/10.1126/science.ady2388?af=R,AAAS: Science: Table of Contents,2026-09-24 06:00:04 UTC,2026-09-24 06:00:04+00:00,10.1126/science.ady2388,Dario Polli,Overlooked opportunities can help turn academic research into socioeconomic impact across Europe,crossref,0
In Science Journals,https://www.science.org/doi/abs/10.1126/science.aem6085?af=R,AAAS: Science: Table of Contents,2026-09-24 06:00:04 UTC,2026-09-24 06:00:04+00:00,10.1126/science.aem6085,Sarah H. Ross,"Highlights from the
                    Science
                    family of journals",crossref,0
Giant cuttlefish’s stunning mating aggregation decimated by toxic algae off Australia,https://www.science.org/doi/abs/10.1126/science.aem6546?af=R,AAAS: Science: Table of Contents,2026-09-24 06:00:04 UTC,2026-09-24 06:00:04+00:00,10.1126/science.aem6546,Erik Stokstad,Algal bloom has almost wiped out a unique population of the meter-long cephalopod,crossref,0
Observation and exploration widen the menu,https://www.science.org/doi/abs/10.1126/science.ael7040?af=R,AAAS: Science: Table of Contents,2026-09-24 06:00:04 UTC,2026-09-24 06:00:04+00:00,10.1126/science.ael7040,Noa Truskanov,Orangutans expand their foraging skills by combining observation with trial-and-error learning,crossref,0
How 8 years of social and individual learning interact to shape ecological competence in orangutans,https://www.science.org/doi/abs/10.1126/science.adz6415?af=R,AAAS: Science: Table of Contents,2026-09-24 06:00:04 UTC,2026-09-24 06:00:04+00:00,10.1126/science.adz6415,Caroline Schuppli,"Cultural learning permeates human skill and knowledge acquisition. To understand its importance for nonhuman apes, we analyzed just under 7000 records of behavioral bouts of social and individual learning across wild orangutans’ 8-year dependency period to assess their combined effects on ecological competence, which is crucial for independent survival. Social learning was five times more frequent than individual learning and influenced subsequent learning for hours. Immature orangutans varied substantially in their learning propensities, and those with heightened social and individual learning propensities developed the most expansive diet profiles at independence. Furthermore, social learning had a compensatory effect on diet profile development when individual learning was low. Our findings advance the science of cultural evolution by showing how multiyear social and individual learning interact to shape great apes’ broad ecological competence.",crossref,0
Nanotherapy against senescence,https://www.science.org/doi/abs/10.1126/science.ael2714?af=R,AAAS: Science: Table of Contents,2026-09-24 06:00:04 UTC,2026-09-24 06:00:04+00:00,10.1126/science.ael2714,Jesús Gil,Targeting senescence decreases fibrosis and boosts the response of cancer cells to immunotherapy,crossref,0
The Smallest Lights in the Universe: A Memoir,https://www.science.org/doi/abs/10.1126/science.aem0084?af=R,AAAS: Science: Table of Contents,2026-09-24 06:00:04 UTC,2026-09-24 06:00:04+00:00,10.1126/science.aem0084,,,,0
How not to lose the science race,https://www.science.org/doi/abs/10.1126/science.aek6295?af=R,AAAS: Science: Table of Contents,2026-09-24 06:00:04 UTC,2026-09-24 06:00:04+00:00,10.1126/science.aek6295,Elie Dolgin,The postwar scientific boom that transformed medicine shows how the US built its edge—and could lose it,crossref,0
Two-dimensional topological quantum chemistry and catalog of topological materials,https://www.science.org/doi/abs/10.1126/science.adu2107?af=R,AAAS: Science: Table of Contents,2026-09-24 06:00:04 UTC,2026-09-24 06:00:04+00:00,10.1126/science.adu2107,Luis Elcoro,"Two-dimensional (2D) topological materials host symmetry-protected, disorder-robust edge states central to quantum technologies. Yet they remain scarce compared with their 3D counterparts. We adapted the topological quantum chemistry formalism to layer groups and studied the band topology of 8872 entries from the computational materials databases C2DB and MC2D. We found 4073 topological or obstructed entries, including 905 topological insulators and 1003 obstructed atomic insulators, greatly expanding the library of such materials in two dimensions. Detailed electronic and topological properties of all materials have been compiled into a Topological 2D Materials Database (2D-TQCDB), and the edge states of selected new materials have been studied in detail. Our methodology has been implemented in publicly available programs, designed to study the topology of any nonmagnetic monolayer or multilayer material.",crossref,0
Finding hidden factors of a battery’s life,https://www.science.org/doi/abs/10.1126/science.ael3782?af=R,AAAS: Science: Table of Contents,2026-09-24 06:00:04 UTC,2026-09-24 06:00:04+00:00,10.1126/science.ael3782,Bing Joe Hwang,Two new descriptors enable precise evaluation of rechargeable lithium-metal battery performance,crossref,0
Embracing triplet nitrenes for C-to-N replacement of complex bicyclic (hetero)aryl azides,https://www.science.org/doi/abs/10.1126/science.aef3511?af=R,AAAS: Science: Table of Contents,2026-09-24 06:00:04 UTC,2026-09-24 06:00:04+00:00,10.1126/science.aef3511,Mark D. Levin,"Despite recent proof-of-concept advances, aromatic carbon-to-nitrogen replacement reactions remain substrate specific and exhibit an overreliance on harsh oxidation methods that preclude their deployment in demanding contexts. Transformations relying on singlet nitrene valence isomerization, in particular, have suffered from competitive intersystem crossing to the triplet spin state, which does not undergo the same rearrangement. In this work, we report a reaction that productively engages triplet aryl nitrenes for carbon-to-nitrogen replacement on the benzenoid ring of a range of bicyclic heteroarenes, including naphthalenes, anthracene, indoles, benzofurans, benzothiophene, indazoles, and benzisothiazoles. The reaction proceeds under mild conditions, which enables its application to complex, sensitive natural products.",crossref,0
Prussian blue regulates ion dynamics in perovskite solar cells,https://www.science.org/doi/abs/10.1126/science.aef5487?af=R,AAAS: Science: Table of Contents,2026-09-24 06:00:04 UTC,2026-09-24 06:00:04+00:00,10.1126/science.aef5487,Nanfeng Zheng,"Perovskite photovoltaics are limited by structural instabilities initiated during crystallization and amplified under operation. We report that a lattice-matched Prussian blue scaffold directs heterogeneous nucleation to produce highly oriented, strain-relaxed films. Its redox-active Fe–C≡N–Fe network mediates the conversion of Pb
                    0
                    and I
                    0
                    defects, and its rigid open framework suppresses A-site cation redistribution and the resulting electronic inhomogeneity under bias. This strategy yielded champion power conversion efficiencies of 26.1% (n-i-p) and 26.9% (p-i-n; 26.2% certified), scaling to 23.4% in 6-centimeter–by–6-centimeter minimodules and a certified 22.9% in 30-centimeter–by–30-centimeter submodules. Submodules with initial power conversion efficiencies ranging from 20.2 to 21.0% showed robust durability under accelerated aging and no discernible decline relative to a silicon reference over 5 months of outdoor testing.",crossref,0
Escape of the BC200 gene to a human poxvirus reveals its persistent transposition in primates,https://www.science.org/doi/abs/10.1126/science.aeh3441?af=R,AAAS: Science: Table of Contents,2026-09-24 06:00:04 UTC,2026-09-24 06:00:04+00:00,10.1126/science.aeh3441,Cheng Sun,"Transposable elements mobilize within and occasionally between genomes, including from host to virus. We identified two insertions of the human
                    BC200
                    noncoding RNA gene in the poxvirus molluscum contagiosum virus (MCV), which were likely acquired through long interspersed nuclear element 1 (LINE-1 or L1)–mediated retrotransposition during modern human history. Although
                    BC200
                    was co-opted approximately 40 million years ago to regulate neuronal translation, we show that it never lost its mobilization capacity. Rather,
                    BC200
                    functioned as a “master” source of L1-mediated germline retrotransposition events throughout anthropoid evolution, spawning hundreds of lineage-specific insertions. Additionally,
                    BC200
                    has produced insertion polymorphisms segregating in the human population, including individual-specific insertions indicative of ongoing transposition activity. Thus,
                    BC200
                    blurs the line between gene and transposon, combining stable function with persistent mobilization, including a recent escape into a human poxvirus.",crossref,0
Neural evidence that dogs segment the speech they hear with a humanlike consonant bias,https://www.science.org/doi/abs/10.1126/science.adw7709?af=R,AAAS: Science: Table of Contents,2026-09-24 06:00:04 UTC,2026-09-24 06:00:04+00:00,10.1126/science.adw7709,Attila Andics,"Across many human languages, consonants carry more lexical information than vowels. During speech segmentation, humans, unlike nonhuman primates, rely more on consonant than vowel patterns, despite vowels’ greater acoustic saliency. To investigate whether this consonant bias is specific to humans or could also emerge in other species exposed to human speech, we performed noninvasive electroencephalography in humans and dogs. Intertrial coherence measures of neural entrainment and event-related potentials revealed enhanced word-level tracking for consonant- compared with vowel-structured streams in both species. This suggests that dogs, similar to humans, exhibit consonant bias when segmenting the speech they hear. Linguistic regularity–based processing biases can thus also emerge in a nonspeaking species exposed to speech.",crossref,0
An in-body networking system for communication between wearable and implantable therapeutics,https://www.science.org/doi/abs/10.1126/science.adz5300?af=R,AAAS: Science: Table of Contents,2026-09-24 06:00:04 UTC,2026-09-24 06:00:04+00:00,10.1126/science.adz5300,Alex Abramson,"Networks of bioelectronic sensors and actuators enable closed-loop therapies that connect distant, related physiological dynamics. Currently, device interactions are limited by communication methods that inefficiently penetrate tissue and require bulky components. Inspired by the ionic signaling of the nervous system, we engineered a communication platform that uses tissue as a conductive medium to transmit signals among implants and wearables through epidermal, subcutaneous, intraperitoneal, and gastrointestinal spaces. Devices generate transient electric fields that selectively activate other devices when receiving pulses that switch on their specific transistor circuits. Implants are syringe-injectable, require negligible power consumption in listening states, and provide &gt;10× greater tissue communication coverage than Bluetooth. In vivo in rats, we demonstrate coordinated, full-body networks of sensors and neural interfaces that enable wireless dual-limb motor control.",crossref,0
Ancient introgression drives wild boar expansion and phenotypic diversification of domestic pigs,https://www.science.org/doi/abs/10.1126/science.adq7553?af=R,AAAS: Science: Table of Contents,2026-09-24 06:00:04 UTC,2026-09-24 06:00:04+00:00,10.1126/science.adq7553,Shuhong Zhao,"Despite the ubiquity of wild boar populations across Eurasia, their origins, routes of dispersal, and phenotypic evolution remain uncertain. Here, using 745 genomes representing populations across Eurasia, we demonstrate that wild boar expanded from South Asia during the Middle Pleistocene. This expansion was preceded by a Pliocene introgression (~3 to 5 million years ago) in South Asia from an archaic Suinae lineage that introduced a ~43 megabase X-chromosomal haplotype into the ancestral wild boar population. This haplotype includes loci associated with increased body size and adaptation to cold climates. During domestication, this region was selected at least three times independently to develop modern large-bodied breeds. Our findings reveal a long-lasting evolutionary legacy of this ancient introgression, which provided genetic material that was later shaped by natural and artificial selection.",crossref,0
Fibroblasts restrain gut inflammation by IGF1-dependent regulation of innate lymphocytes,https://www.science.org/doi/abs/10.1126/science.aei0062?af=R,AAAS: Science: Table of Contents,2026-09-24 06:00:04 UTC,2026-09-24 06:00:04+00:00,10.1126/science.aei0062,Lei Zhou,"Fibroblasts exhibit phenotypic and functional heterogeneity in chronic inflammatory diseases, but how these changes impact immune outcomes remains poorly understood. We identified that a fibroblast population expressing insulin-like growth factor 1 (IGF1) was reduced in patients with inflammatory bowel disease (IBD). Using mouse models of intestinal inflammation, we found cross-talk between IGF1-expressing fibroblasts and group 3 innate lymphoid cells (ILC3s). IGF1 stimulation limited the ability of ILC3s to produce C-X-C motif chemokine ligand 10 (CXCL10) and recruit plasmacytoid dendritic cells (pDCs) to restrain gut inflammation. We propose that this regulatory pathway is conserved in human ILC3s but may become impaired in IBD. Our results define that anti-inflammatory fibroblasts safeguard the gut through regulation of an innate lymphocyte–pDC axis.",crossref,0
No need to pretend,https://www.science.org/doi/abs/10.1126/science.aem6083?af=R,AAAS: Science: Table of Contents,2026-09-24 06:00:04 UTC,2026-09-24 06:00:04+00:00,10.1126/science.aem6083,Jingkai Lin,,,0
In Other Journals,https://www.science.org/doi/abs/10.1126/science.aem6086?af=R,AAAS: Science: Table of Contents,2026-09-24 06:00:04 UTC,2026-09-24 06:00:04+00:00,10.1126/science.aem6086,Jake S. Yeston,Editors’ selections from the current scientific literature,crossref,0
King sulfur,https://www.science.org/doi/abs/10.1126/science.ael0139?af=R,AAAS: Science: Table of Contents,2026-09-24 06:00:04 UTC,2026-09-24 06:00:04+00:00,10.1126/science.ael0139,Richard Possemato,Mammalian cells produce and store a sulfur compound for antioxidant protection,crossref,0
Conformal oxides decouple chemical stability and energetics at NiOx/perovskite interfaces,https://www.science.org/doi/abs/10.1126/science.aei2836?af=R,AAAS: Science: Table of Contents,2026-09-24 06:00:04 UTC,2026-09-24 06:00:04+00:00,10.1126/science.aei2836,Joseph M. Luther,"Nickel oxide (NiO
                    
                      x
                    
                    ) is a common hole transport layer (HTL) in perovskite photovoltaics, but the chemical reactivity of NiOx surfaces accelerates degradation when contacting perovskites. We developed an ultrathin, conformal tin oxide (SnO
                    
                      x
                    
                    ) interlayer to suppress interfacial reactivity between NiO
                    
                      x
                    
                    and perovskite. SnO
                    
                      x
                    
                    is typically an electron transport layer, but we show that the energy alignment can be modified for hole extraction using molecules with dipoles. This synergy yielded high efficiency in perovskite photovoltaic devices and showed an ~10x improvement in
                    T
                    90 lifetime in open-circuit conditions under AM1.5G at 65°C. This structure also improves resilience to thermomechanical durability, as minimodules retained 95.7% of their initial performance after 1000 thermal cycles (−65° to 85°C), highlighting the importance of interfaces for robust perovskite photovoltaic modules.",crossref,0
"Extending El Sayed's Rule by 1(n,π*)–3(n,π*) Rotation via Intramolecular Secondary Interaction Enables Room‐Temperature Circularly Polarized Phosphorescence in Solution",https://onlinelibrary.wiley.com/doi/10.1002/anie.8360226?af=R,Wiley: Angewandte Chemie International Edition: Table of Contents,2026-09-24 06:16:59 UTC,2026-09-24 06:16:59+00:00,10.1002/anie.8360226,Ludovic Favereau,"ABSTRACT
                  
                    The development of purely organic chiral room temperature (RT) phosphorescent emitters is in the limelight. However, the key parameters governing the polarized luminescence are difficult to predict and rationalize since the phosphorescence emission is rarely obtained in solution, despite the introduction of heavy atoms (Br, I) or carbonyl groups, and engineering of total angular momentum, for example, singlet/triplet states corresponding to n‐π*/π‐π* transitions (or vice‐versa), as prescribed by El‐Sayed's rule. Here, we show that intramolecular secondary interactions can induce an efficient ISC between formally identical
                    1
                    (n,π*) and
                    3
                    (n,π*) states in chiral thionated phthalimide derivatives. This unprecedented type of inter‐system crossing (ISC) extends the usual thinking of the El‐Sayed principle and enables the realization of circularly polarized (CP) RT phosphorescence (RTP) in solution with
                    g
                    lum
                    of up to 4 × 10
                    −3
                    . These results bring additional molecular design guidelines to reach CP‐RTP in solution and offer new insights into the subtle relationships between excited states of different spin multiplicities that enable higher CP phosphorescence intensity.",crossref,0
Electrified Acetylene Removal From Ethylene Streams Enabled by Facet‐Engineered Cu–TiO2 Interfaces,https://onlinelibrary.wiley.com/doi/10.1002/anie.1044891?af=R,Wiley: Angewandte Chemie International Edition: Table of Contents,2026-09-24 06:18:40 UTC,2026-09-24 06:18:40+00:00,10.1002/anie.1044891,Shuaijun Pan,"ABSTRACT
                  
                    Removal of trace acetylene from ethylene is essential for polymer‐grade olefin production, yet current thermocatalytic purification requires elevated temperatures and hydrogen input. Here we report an electrified route for acetylene removal from ethylene streams using facet‐engineered Cu–TiO
                    2
                    interfaces. By tuning the exposed facets of anatase TiO
                    2
                    , we regulate the interfacial electronic interaction with supported Cu nanoclusters and thereby the balance among acetylene hydrogenation, hydrogen evolution, and carbon–carbon coupling. Among the catalysts examined, Cu–TiO
                    2
                    {001} provides the most effective interfacial environment for selective acetylene‐to‐ethylene conversion, delivering an ethylene Faradaic efficiency (FE) of 95.4% under acetylene‐rich feed. Under purification‐relevant acetylene‐lean conditions, a 25 cm
                    2
                    flow electrode suppresses residual acetylene to below 5 ppm while maintaining H
                    2
                    FE below 5% during prolonged operation. Combined spectroscopy and theory indicate that the {001} facet strengthens Cu–TiO
                    2
                    electronic coupling, stabilizes the Cu electronic structure and key hydrogenation intermediates under operating conditions, and disfavors competing pathways. Techno‐economic analysis supports the process potential of this electrified purification strategy.",crossref,0
Electro‐Organic Synthesis at a Stable Oil/Water/Solid Three‐Phase Interface Reactor,https://onlinelibrary.wiley.com/doi/10.1002/anie.3415969?af=R,Wiley: Angewandte Chemie International Edition: Table of Contents,2026-09-24 06:22:23 UTC,2026-09-24 06:22:23+00:00,10.1002/anie.3415969,Bin Liu,"ABSTRACT
                  Electro‐organic synthesis offers a green and efficient method to produce high‐value organic chemicals under mild conditions, but it suffers from poor water solubility of organic reactant(s) and tedious separation processes for organic product(s) in the conventional electrochemical reaction systems. Herein, we report a porous membrane electrode (PME) reactor design that allows electro‐organic synthesis with concentrated or neat organic reactant(s), achieving product concentrations above 6 M in representative reactions with simplified separation. The PME reactor is demonstrated across several representative electro‐organic transformations, including reduction, oxidation, and oxidation–reduction coupled reactions. The PME reactor can be run at a low operating voltage (∼2 V) with excellent long‐term stability (for more than 400 h) and has achieved the synthesis of pharmaceutical intermediate on a 500‐g scale. The exceptional performance of the PME reactor is associated with its unique interfacial structure, which can create a stable oil/water/solid three‐phase electrochemical reaction interface.",crossref,0
Surface Potential Well‐Gated Piezocarrier Escape for Reversible Oxygen Redox in Lithium–Oxygen Chemistry,https://onlinelibrary.wiley.com/doi/10.1002/anie.6056264?af=R,Wiley: Angewandte Chemie International Edition: Table of Contents,2026-09-24 06:23:45 UTC,2026-09-24 06:23:45+00:00,10.1002/anie.6056264,Qingchao Liu,"ABSTRACT
                  
                    Piezocatalysis offers a promising way to harness intrinsic mechanical energy for accelerating sluggish oxygen redox reactions in lithium–oxygen batteries. However, its efficiency depends not just on piezoelectric polarization strength, but critically on whether stress‐induced charge carriers can escape surface potential traps at terminations and reach interfacial reactive states. Here, we introduce a surface‐trap‐gated carrier escape mechanism via a chemically bridged Co
                    3
                    O
                    4
                    @Ti
                    3
                    C
                    2
                    T
                    x
                    MXene (Co
                    3
                    O
                    4
                    @TMX) interface. Co─O─Ti coupling induces local secondary symmetry breaking in Ti
                    3
                    C
                    2
                    T
                    x
                    ‐MXene and reshapes the electrostatic potential at termination sites, converting deep‐trapped states into low‐barrier interfacial escape pathways. During battery operation, periodic Li
                    2
                    O
                    2
                    evolution generates intrinsic mechanical stress, continuously activating the piezoelectric response. The resulting electrons overcome termination confinement, inject into the active domains of Co
                    3
                    O
                    4
                    , and sustain electron flux for O
                    2
                    activation and reduction intermediate generation. Concurrently, interfacial holes create transient electron‐deficient regions that extract electrons from Li
                    2
                    O
                    2
                    , promoting its oxidative decomposition. This shifts the core piezocatalytic criterion from “Can sufficient piezoelectric potential be generated?” to “Can piezoelectric carriers transition from trapped to interfacial reactive states?”, enabling synergistic coupling of mechanical stress, interfacial potential, and oxygen electrochemistry.",crossref,0
Visible‐Light‐Induced Deuteration of Benzylic C(sp3)─H Bonds in D2O via Heterolytic Dissociation Mode,https://onlinelibrary.wiley.com/doi/10.1002/anie.9855820?af=R,Wiley: Angewandte Chemie International Edition: Table of Contents,2026-09-24 06:26:18 UTC,2026-09-24 06:26:18+00:00,10.1002/anie.9855820,Yi‐Tao Dai,"ABSTRACT
                  
                    CD
                    3
                    ‐containing molecules are promising as new drug candidates in the pharmaceutical industry. However, conventional synthetic routes via hydrogen isotope exchange (HIE) usually require expensive isotopic sources (D
                    2
                    , DMSO‐
                    d
                    6
                    , acetone‐
                    d
                    6
                    ), metal complex catalysts, or hazardous operations (e.g., ≥120 °C and 10 bar H
                    2
                    ). Here, we report a visible‐light‐induced deuteration strategy for benzylic C(
                    sp
                    3
                    )–H bonds using a Pd/C
                    3
                    N
                    4
                    photocatalyst in D
                    2
                    O under 410 nm irradiation and 1 bar Ar at room temperature. The protocol enabled the late‐stage benzylic deuteration of 54 alkyl(hetero)arenes (containing diverse electron‐withdrawing or electron‐donating groups) with excellent deuteration incorporation up to 99%, including highly functionalized natural products and pharmaceuticals. The successful gram‐scale synthesis of a CD
                    3
                    ‐containing drug (2.17 g, 10 mmol) also demonstrated the scalability and sustainability of our photo‐induced approach. Mechanism studies revealed that active D species (Pd–D
                    δ−
                    and N–D
                    δ+
                    ) from heterolytic dissociation at the interface between Pd nanoparticles and the C
                    3
                    N
                    4
                    support could initiate deuteration of benzylic C(
                    sp
                    3
                    )–H bonds in D
                    2
                    O.",crossref,0
Fast‐Charging All‐Solid‐State Lithium Selenium–Tellurium Batteries Enabled by Se–Te Alloy Cathode,https://onlinelibrary.wiley.com/doi/10.1002/anie.9950898?af=R,Wiley: Angewandte Chemie International Edition: Table of Contents,2026-09-24 06:26:26 UTC,2026-09-24 06:26:26+00:00,10.1002/anie.9950898,Ning Hu,"ABSTRACT
                  
                    All‐solid‐state batteries (ASSBs) are considered as a promising pathway toward high energy density and improved safety. However, achieving fast charging capability in energy‐dense ASSBs remains a major challenge, primarily due to sluggish ion transport within solids and poor interfacial compatibility between electrodes and solid electrolytes. These limitations result in inadequate rate capability, low reversible capacity, and shortened cycle life. Here, we report a predominantly amorphous selenium (Se)–tellurium (Te) alloy (a‐Se
                    0.8
                    Te
                    0.2
                    ) cathode that enables fast‐charging all‐solid‐state lithium Se–Te batteries (ASSLSTBs). Unlike conventional crystalline or single‐chalcogen cathodes, this amorphous alloy exhibits synergistic redox activity, triggering a synergistic redox reaction with the argyrodite Li
                    5.4
                    PS
                    4.4
                    Cl
                    1.6
                    electrolyte during mechanical milling. The reaction generates a surface‐enriched Li
                    2
                    TeS
                    3
                    /LiCl layer and bulk intermixing Li
                    2
                    Se species, which facilitates Li
                    +
                    transport and enhances redox kinetics. The resulting ASSLSTBs deliver high specific capacity of 971.2 mAh g
                    −1
                    at 0.1C, exceptional fast‐charging rate of 5C (7.7 mA cm
                    −2
                    ), and stable cycling over 2200 cycles at 2.5 mg cm
                    −2
                    loading. Even at an ultrahigh loading of 9.68 mg cm
                    −2
                    , areal capacity of 3.03 mAh cm
                    −2
                    is maintained after 200 cycles at 0.5C. This work shows rationally designed amorphous alloy cathodes can overcome kinetic limits of solid‐state conversion reactions, offering a promising strategy for fast‐charging.",crossref,0
Elasticity‐Driven Periodic Polarization Patterns in a Chiral Ferroelectric Nematic Fluid,https://advanced.onlinelibrary.wiley.com/doi/10.1002/adma.75002?af=R,Wiley: Advanced Materials: Table of Contents,2026-09-24 06:56:10 UTC,2026-09-24 06:56:10+00:00,10.1002/adma.75002,Nerea Sebastián,"ABSTRACT
                  Ferroelectric nematic phases are a new class of polar fluids in which spontaneous polarization is directly coupled to the orientational order, providing unique opportunities for creating self‐organized materials with spatially modulated electric polarization and nonlinear optical response. Here we report the spontaneous emergence of polarization‐modulated textures in a chiral ferroelectric nematic material close to the transition to the chiral twist‐bend ferroelectric nematic phase. By systematically varying cell thickness and surface anchoring conditions, we map the formation of these modulated states, revealing stripe, square, and hexagonal morphologies determined via confinement conditions. These structures are directly translated into periodic modulation of the nonlinear optical response, as evidenced by second harmonic generation imaging. Comparison with an elasticity‐based theoretical framework and numerical free energy minimization shows that the instability originates from the softening of the bend elastic constant in the chiral nematic phase as the system approaches the lower‐temperature heliconical polar phase. The resulting elastic frustration, combined with confinement, drives the formation of spatially periodic director distortions, highlighting ferroelectric nematic fluids as a promising platform for self‐assembled nonlinear optical materials.",crossref,0
Ternary Field‐Effect Transistor by Antiferroelectric Gating,https://advanced.onlinelibrary.wiley.com/doi/10.1002/adma.75141?af=R,Wiley: Advanced Materials: Table of Contents,2026-09-24 06:56:21 UTC,2026-09-24 06:56:21+00:00,10.1002/adma.75141,Jiangyu Li,"ABSTRACT
                  The exponential surge in demand for high‐efficiency, low‐latency data processing has created an urgent need for “more‐than‐Moore” strategies to enable high‐throughput computing. Ternary logic offers inherent advantages in data density, interconnection complexity, and computational throughput, but existing implementations are overly complex and rely on multiple binary transistors combined with additional components to achieve ternary states. This paper presents a ternary field‐effect transistor using antiferroelectric gating, which provides distinct ternary conduction states at the single‐transistor level that are robust and dynamically reconfigurable. A simple inverter based on a single ternary transistor is also demonstrated, which reduces transition time by 82% compared with a much more complex complementary metal‐oxide‐semiconductor device. Antiferroelectric field‐effect ternary transistors may pave the way for broad adoption of ternary logic systems.",crossref,0
Erratum for the Research Article “Modeling of late-onset Alzheimer’s disease neuropathology via direct neuronal reprogramming”,https://www.science.org/doi/abs/10.1126/science.aem2402?af=R,AAAS: Science: Table of Contents,2026-09-24 07:00:00 UTC,2026-09-24 07:00:00+00:00,10.1126/science.aem2402,,,,0
Targeting an atypical G protein–coupled receptor signaling pathway for cardiac fibrosis therapy,https://www.science.org/doi/abs/10.1126/science.aej5896?af=R,AAAS: Science: Table of Contents,2026-09-24 07:00:00 UTC,2026-09-24 07:00:00+00:00,10.1126/science.aej5896,Joseph C. Wu,"Cardiac fibrosis independently predicts adverse outcomes in heart failure (HF), yet no Food and Drug Administration–approved therapy directly targets fibrotic remodeling in the heart. To address this unmet clinical need, we used a multidimensional drug discovery pipeline centered on a human induced pluripotent stem cell (iPSC)–based platform. Through high-throughput screening, we identified CGS15943 (CGS) as the lead antifibrotic compound and validated its activity in human cardiac fibroblasts, three-dimensional engineered heart tissues, and animal models of HF. Mechanistic studies revealed an atypical adenosine receptor (AR)–dependent signaling pathway in which AR subtypes converge on Gβγ (the βγ subunits of heterotrimeric GTP-binding proteins) to activate phosphoinositide 3-kinase (PI3K)–AKT and yes-associated protein (YAP). CGS suppressed this signaling axis, thereby reducing fibrotic gene expression and fibroblast activation. These findings establish AR-driven Gβγ signaling as a potential therapeutic target for cardiac fibrosis.",crossref,0
Senescence-directed nanotherapy ameliorates fibrosis and overcomes immune exclusion in cancer,https://www.science.org/doi/abs/10.1126/science.aeg4791?af=R,AAAS: Science: Table of Contents,2026-09-24 07:00:00 UTC,2026-09-24 07:00:00+00:00,10.1126/science.aeg4791,Scott W. Lowe,"Fibrotic remodeling of tissues and tumors establishes immunosuppressive microenvironments that drive organ dysfunction and, in cancer, limit response to immunotherapy. Senescent-like cells are conserved drivers of fibrosis and therapeutic targets, yet their functional heterogeneity complicates therapeutic intervention. Here, we show that P-selectin is expressed by a subset of senescent-like cells in fibrotic tissues and tumors. Leveraging fucoidan-based nanoparticles that bind P-selectin, we developed senescence-modulating nanoparticles (SMNPs) to selectively target these disease-associated states. SMNPs exerted potent antifibrotic and immunomodulatory effects while improving the therapeutic index. Mechanistically, we identified a pathogenic, immunosuppressive macrophage population as a functional target in vivo. In fibrotic tumors, niche remodeling restored immune infiltration and sensitized tumors to immune checkpoint–based therapies. These findings establish SMNPs as a generalizable strategy to target pathogenic senescent cell subsets across fibrosis and cancer.",crossref,0
Unlocking cycle life of lithium metal batteries,https://www.science.org/doi/abs/10.1126/science.aee1630?af=R,AAAS: Science: Table of Contents,2026-09-24 07:00:00 UTC,2026-09-24 07:00:00+00:00,10.1126/science.aee1630,Chunsheng Wang,"Lithium-ion Coulombic efficiency (Li CE) is widely used to evaluate interfacial stability and predict cycle life in lithium-ion batteries but fails in lithium-metal batteries (LMBs), in which higher Li CE does not reliably lead to longer cycle life. Here, we reveal that electrolyte depletion caused by unstable solid electrolyte interphases (SEIs) leads to electrolyte dry-out and induces lithium compensation through anode-to-cathode cross-talk, whereby soluble anionic species formed at the anode migrate to the cathode and release Li
                    +
                    from electrolyte salts upon oxidation. We establish quantitative relationships among SEI quality, electrolyte consumption, and lithium compensation, enabling accurate cycle life prediction. The SEI quality–based framework derives quantitative guidelines for electrolyte design to extend electrolyte lifetime and sustain long cycle life in high-energy LMBs under ultra-lean electrolyte conditions.",crossref,0
Mammals produce cyclo-octasulfur to suppress lipid peroxidation and ferroptosis,https://www.science.org/doi/abs/10.1126/science.aec5473?af=R,AAAS: Science: Table of Contents,2026-09-24 07:00:00 UTC,2026-09-24 07:00:00+00:00,10.1126/science.aec5473,Takaaki Akaike,"Elemental sulfur is an evolutionarily ancient metabolite, yet its generation, storage, and function in animals have remained unclear. We show that mammals harbor elemental sulfur in the form of its most stable allotrope,
                    cyclo
                    -octasulfur (S
                    8
                    ). We found that S
                    8
                    accumulates to millimolar concentrations in mitochondrial membranes and in lipid droplets in both mouse and human cells. We further identified lipid droplet–associated nitric oxide synthase as a source of S
                    8
                    biosynthesis and found that S
                    8
                    accumulation in lipid droplets limits lipid peroxidation and suppresses ferroptosis. Accordingly, intra-articular injection of solubilized S
                    8
                    reduces lipid peroxidation in a mouse model of osteoarthritis. Together, these findings reveal an endogenous pool of S
                    8
                    in mammals that may protect cells from oxidative membrane damage by modulating cellular sensitivity to ferroptosis.",crossref,0
Ceramide synthesis mediates colorectal cancer metastasis through a YAP-driven regenerative program,https://www.science.org/doi/abs/10.1126/science.adw8520?af=R,AAAS: Science: Table of Contents,2026-09-24 07:00:00 UTC,2026-09-24 07:00:00+00:00,10.1126/science.adw8520,Ömer H. Yilmaz,"Mechanisms by which primary tumor cells acquire metastatic capability through metabolic and signaling adaptations are currently poorly understood. We demonstrate that tumor-intrinsic ceramide metabolism, amplified by dietary fat, initiates colorectal cancer metastasis. We observed that dietary fat exposure triggers a sustained increase in de novo ceramide biosynthesis, mediated by the dihydroceramide desaturase
                    Degs1
                    . Ceramide accumulation activates yes-associated protein (YAP) through protein phosphatase 2A (PP2A)–mediated dephosphorylation, promoting a durable shift toward a distinct YAP-driven regenerative (YAP-DR) program, marked by
                    Basp1
                    , that promotes metastasis. Selective elimination of
                    
                      Basp1
                      high
                    
                    cancer cells prevented metastatic seeding.
                    Degs1
                    loss reduced ceramide levels, YAP activity, YAP-DR signatures, and metastasis without affecting primary tumor growth, whereas blocking ceramide degradation enhanced YAP activity and metastasis. These findings identify ceramide-induced YAP signaling as a key mediator of metastatic initiation, operating independently of primary tumor expansion.",crossref,0
2D theoretically twistable material database,https://www.science.org/doi/abs/10.1126/science.adu1550?af=R,AAAS: Science: Table of Contents,2026-09-24 07:00:00 UTC,2026-09-24 07:00:00+00:00,10.1126/science.adu1550,B. Andrei Bernevig,"The study of twisted two-dimensional (2D) materials, in which twisting layers create moiré superlattices, has created opportunities for investigating topological phases and strongly correlated physics. The broader potential of a seemingly infinite set of twistable 2D materials remains largely unexplored. Here, we define “theoretically twistable materials” as single- or multilayer structures that allow for the construction of simple continuum models of their moiré structures. Our high-throughput algorithm systematically searches for theoretically twistable semimetals and insulators based on the Topological 2D Materials Database
                    
                    (2D-TQCDB). By analyzing key electronic properties, we identify thousands of candidate materials, propose representative twistable materials, and provide examples of crystal growth and exfoliation for several of them. Our results provide a resource for future experimental and theoretical studies of moiré systems.",crossref,0
What should governance reconsider as digital technologies change?,https://www.science.org/doi/abs/10.1126/science.ael4485?af=R,AAAS: Science: Table of Contents,2026-09-24 07:00:00 UTC,2026-09-24 07:00:00+00:00,10.1126/science.ael4485,Urs Gasser,,,0
Programmable Carrier‐Free All‐Enzyme Beads for Modular Continuous‐Flow Biocatalysis,https://advanced.onlinelibrary.wiley.com/doi/10.1002/adma.75120?af=R,Wiley: Advanced Materials: Table of Contents,2026-09-24 07:00:23 UTC,2026-09-24 07:00:23+00:00,10.1002/adma.75120,Christof M. Niemeyer,"ABSTRACT
                  Carrier‐free enzyme materials offer maximal catalytic density but are typically limited to monolithic or amorphous architectures with restricted process compatibility. Here, we introduce programmable carrier‐free all‐enzyme beads as structurally defined, porous biocatalytic particles for modular continuous‐flow operation. The beads are generated via droplet‐based self‐assembly of complementary enzyme building blocks, followed by cryogenic consolidation, yielding mechanically robust and monodisperse protein particles that retain full catalytic competence after drying and rehydration. Using mechanistically distinct model systems, including cofactor‐independent decarboxylation and metal‐dependent C─C bond formation, we demonstrate stable long‐term continuous‐flow operation exceeding 80 h and compatibility with biphasic solvent systems at elevated substrate concentrations. Beyond single‐enzyme catalysis, the bead architecture accommodates binary cofactor‐regenerating assemblies, integrated ternary cascades with dual cofactor recycling, and modular combinations of distinct bead populations enabling sequential nucleotide phosphorylation. Notably, flow‐induced restructuring leads to adaptive consolidation of packed beds, enhancing effective catalytic volume without compromising mass transport. By uniting structural programmability, high catalytic density, architectural modularity, and adaptive behavior under flow, carrier‐free all‐enzyme beads bridge molecular enzyme engineering and reactor design, expanding the materials toolbox for scalable and reconfigurable continuous biocatalysis.",crossref,0
A Cu2S/NiOOH Heterojunction Enables Highly Selective Ammonia‐to‐Nitrite Electrooxidation at Industrially Relevant Current Densities,https://advanced.onlinelibrary.wiley.com/doi/10.1002/adma.75079?af=R,Wiley: Advanced Materials: Table of Contents,2026-09-24 07:03:56 UTC,2026-09-24 07:03:56+00:00,10.1002/adma.75079,Zhenguo Huang,"ABSTRACT
                  
                    Electrocatalytic ammonia oxidation reaction (AOR) offers a green route to nitrite (NO
                    2
                    −
                    ) synthesis while coupling hydrogen evolution reaction. However, maintaining NO
                    2
                    −
                    selectivity at high current density remains challenging due to the narrow thermodynamic windows for NO
                    2
                    −
                    and nitrate (NO
                    3
                    −
                    ) formation and competition of oxygen evolution reaction at high anodic potentials. Herein, we report a Cu
                    2
                    S/NiOOH heterojunction that sustains high NO
                    2
                    −
                    selectivity over a wide oxidative window at industrially relevant current densities. Operando Raman spectroscopy, X‐ray photoelectron spectroscopy and density functional theory calculations reveal that the heterointerface induces interfacial electronic redistribution within the Ni–O framework, strengthens NH
                    3
                    adsorption, and rebalances AOR energetics, favoring NO
                    2
                    −
                    release over oxidation. Consequently, in a membrane electrode assembly‐based flow cell, Cu
                    2
                    S/NiOOH delivers a Faradaic efficiency for NO
                    2
                    −
                    (FE(NO
                    2
                    −
                    )) exceeding 90% at 800 mA cm
                    −
                    2
                    with a high production rate of 383.2 mg cm
                    −2
                    h
                    −1
                    . These results highlight the potential of Cu
                    2
                    S/NiOOH for NO
                    2
                    −
                    electrosynthesis at industrial production rate.",crossref,0
Pushpita Ghosh,https://onlinelibrary.wiley.com/doi/10.1002/anie.4693701?af=R,Wiley: Angewandte Chemie International Edition: Table of Contents,2026-09-24 07:23:32 UTC,2026-09-24 07:23:32+00:00,10.1002/anie.4693701,Pushpita Ghosh,"""My favorite example of science in everyday life is the spontaneous self-organization found throughout nature, where simple local interactions between molecules can give rise to complex structures, patterns, and dynamic behavior… Modern science needs to focus on understanding how complexity emerges from simple interactions and on bringing together ideas from different disciplines to address increasingly interconnected scientific questions…"" Find out more about Pushpita Ghosh in her Introducing… Profile.",pubmed,0
Divergent Chiral Self‐Sorting of Covalent Organic Pillars Switched by Subtle Conformational Preferences,https://onlinelibrary.wiley.com/doi/10.1002/anie.8661735?af=R,Wiley: Angewandte Chemie International Edition: Table of Contents,2026-09-24 07:26:09 UTC,2026-09-24 07:26:09+00:00,10.1002/anie.8661735,Andrew C.‐H. Sue,"ABSTRACT
                  
                    Chiral self‐sorting enables molecular systems to translate stereochemical information from small building blocks into highly organized architectures across length scales, echoing the hierarchical expression of chirality in biological systems. However, predicting whether a system will favor homochiral or heterochiral organization, let alone rationally controlling the sorting outcome, remains challenging. Here we show that the chiral self‐sorting of covalent organic pillars (COPs) can be selectively switched through minimal structural variation in the linker units. Two diamine linkers, 2,6‐bis(aminomethyl)pyridine and
                    m
                    ‐xylylenediamine, were used to connect pairs of stereolabile penta‐aldehyde tiara[5]arene macrocycles through dynamic covalent [2+5] imine condensation. Despite their close resemblance, these linkers lead to divergent outcomes. Whereas 2,6‐bis(aminomethyl)pyridine directs social chiral self‐sorting to give a
                    meso
                    COP,
                    m
                    ‐xylylenediamine promotes narcissistic chiral self‐sorting to afford enantiomeric COPs. In both cases, the products form cleanly without detectable stereoisomeric byproducts, and their stereochemical assignments are confirmed by X‐ray crystallography. Computational analyses support the view that distinct linker conformational preferences provide a rationale for the divergent sorting pathways. This work establishes COPs as a model platform for understanding chiral self‐sorting and provides a conceptual basis for selecting, amplifying, and expressing stereochemical information in complex molecular architectures.",crossref,0
Product‐Triggered Adaptive Evolution From a Pd4L2 to a Pd6L3 Conjoined Cage via Catalytic Dehydration of p‑Quinone Methide Precursors,https://onlinelibrary.wiley.com/doi/10.1002/anie.8746400?af=R,Wiley: Angewandte Chemie International Edition: Table of Contents,2026-09-24 07:31:55 UTC,2026-09-24 07:31:55+00:00,10.1002/anie.8746400,Qing‐Fu Sun,"ABSTRACT
                  
                    Supramolecular chemistry aims to emulate the dynamic structural adaptations and induced‐fit conformational changes of enzymes that are fundamental to their biological function. In this work, we synthesized an adaptive Pd
                    4
                    L
                    2
                    coordination cage using the newly developed pyridinium‐based ligand
                    L
                    with
                    cis
                    ‐capped Pd (II) salt. Upon guest encapsulation, conformational adjustment provides direct structural evidence for the adaptive nature of cage
                    1
                    by X‐ray crystallographic study. Within the hydrophobic pocket of the capsule, 4‐(1‐hydroxy‐1‐phenylethyl) phenol (
                    S1
                    ), a known
                    para
                    ‐quinone methide (
                    p
                    ‐QM) precursor, undergoes spontaneous dehydration to the alkene product
                    P1
                    in water. Kinetic studies and control experiments reveal that the cage
                    1
                    plays a vital role in significantly accelerating the dehydration process, affording the alkene product with markedly enhanced efficiency compared to the background reaction. Then generated alkene products act as a chemical stimulus driving the transformation of Pd
                    4
                    L
                    2
                    to a Pd
                    6
                    L
                    3
                    conjoined cage through an induced‐fit mechanism, as unambiguously confirmed by SCXRD. This work offers fresh insights into enzyme‐like adaptive behavior and unveils responsive supramolecular catalysis.",crossref,0
Current‐Induced Domain Wall Dynamics in Pt/Co/Ni/Co Nanoribbons With Curvilinear Cross‐Sections,https://advanced.onlinelibrary.wiley.com/doi/10.1002/adma.74919?af=R,Wiley: Advanced Materials: Table of Contents,2026-09-24 07:34:03 UTC,2026-09-24 07:34:03+00:00,10.1002/adma.74919,Stuart S. P. Parkin,"ABSTRACT
                  Recent advances in compact and readily fabricated magnetic thin film devices have created great interest for their application in magnetic memory technologies, in particular, racetrack memories. However, most work to date has been carried out using two‐dimensional racetracks but the full potential of racetrack memory can only be achieved with three‐dimensional architectures. A range of 3D geometries can significantly influence magnetic interactions through spatial curvature. In this work, we investigate nanoribbons with curvilinear surfaces onto which Pt/Co/Ni/Co multilayers are formed by sputter deposition techniques and the consequent current‐induced domain wall dynamics. Nanoribbons with controllable cross‐sectional curvatures are formed by advanced multiphoton lithography. We show that the surface curvature, whether concave or convex, can either enhance or suppress the current‐induced domain wall motion. These different responses arise from Oersted fields generated by the current flowing through these curvilinear geometries. In these structures, up‐down and down‐up domain walls move at the same velocity under current injection. However, by introducing more complex hybrid structures that incorporate both concave and convex sections across the nanoribbon's width, we show that up‐down and down‐up domain walls have distinct velocities, and consequently can act as a domain wall filter.",crossref,0
Dual‐Site Interaction Tailoring Dynamic Reconstruction of Pt‐Ni Dual‐Site Catalysts for Advanced Zn‐Urea‐Air Batteries,https://onlinelibrary.wiley.com/doi/10.1002/anie.5859599?af=R,Wiley: Angewandte Chemie International Edition: Table of Contents,2026-09-24 07:36:20 UTC,2026-09-24 07:36:20+00:00,10.1002/anie.5859599,Lin Jiang,"ABSTRACT
                  
                    Dynamic reconstruction of single‐atom sites generates high‐activity species but typically leads to irreversible aggregation and degradation during prolonged operation, presenting a fundamental dilemma for durable electrocatalysis. Here, we propose and demonstrate a strategy to master this reconstruction by constructing synergistic dual single‐atom sites, where one stable site guides the evolution of a neighboring reconstruction‐prone site. Using an underpotential electrodeposition method, a Pt‐Ni dual single‐atom (DSA) catalyst with locally coupled PtO
                    4
                    and NiO
                    6
                    sites was fabricated. In situ characterizations and theoretical calculations reveal that the Pt‐Ni interaction guides a self‐optimizing reconstruction for enhanced activity. During oxygen evolution and urea oxidation reactions (OER/UOR), Ni sites are dynamically transformed into ultrafine and stabilized NiOOH clusters anchored around PtO
                    4
                    ‐SA sites, forming an integrated PtO
                    4
                    ‐SA/NiOOH active center; while PtO
                    4
                    sites demonstrate enhanced oxygen reduction reaction (ORR) activity due to the dual‐site electronic interaction. When deployed in a zinc‐urea‐air battery (ZUAB), the catalyst enables a superior energy efficiency (61%) and long‐term durability (&gt; 500 h). This work not only offers fundamental insights into the dual‐site interaction guiding the self‐optimization in DSAs, but also provides a generalizable design principle for creating active and stable catalysts by proactively tailoring dynamic site reconstruction.",crossref,0
Influence of Substitution on the Interplay of Photochemical Switching and Phase Transitions in Azobenzene‐Based Molecular Materials,https://onlinelibrary.wiley.com/doi/10.1002/anie.8543657?af=R,Wiley: Angewandte Chemie International Edition: Table of Contents,2026-09-24 07:36:36 UTC,2026-09-24 07:36:36+00:00,10.1002/anie.8543657,Hermann A. Wegner,"ABSTRACT
                  
                    Understanding and translating molecular‐scale switching of azobenzenes into a macroscopic, functional response in the solid state remains a challenge. Herein, the photochemical and thermal properties of different substituted
                    p
                    ‐Ohexyl‐azobenzenes were systematically investigated to establish structure‐property relationships to optimize the performance of azobenzene (AB) based materials for energy storage applications. The influence of various alkyl substituents in different positions on the AB was screened to address the effect of increasing bulkiness on the multidimensional parameters required for efficient energy storage. For example, substituents in the
                    meta
                    ‐ and
                    para
                    ‐positions increased the isomerization enthalpy (∆
                    H
                    iso.
                    ) due to attractive intermolecular interactions; 2,6‐F‐ and 2,6‐Me‐substitution induces an increased half‐life, however, it also a reduced isomerization enthalpy. Substitution in
                    ortho
                    ‐ and
                    meta
                    ‐positions leads to a suppressed crystallization process and ineffective energy release. Interestingly, it was demonstrated that even sterically demanding
                    para
                    ‐substituents exhibit sharp crystallization behavior. Additionally, photoisomerization efficiency in the condensed state was investigated, which revealed a strong relation with the melting points (
                    T
                    melt.
                    ) of the solid (
                    E
                    )‐isomers. These systematic findings connecting photochemistry, thermal properties, and phase change parameters will be a solid foundation for the rational development of new AB‐based materials also beyond energy storage applications.",crossref,0
Wavelength‐ and Humidity‐Controlled Reversible Photoconductivity Switching in a Novel Hybrid Polyoxoniobate,https://advanced.onlinelibrary.wiley.com/doi/10.1002/adma.75124?af=R,Wiley: Advanced Materials: Table of Contents,2026-09-24 07:36:40 UTC,2026-09-24 07:36:40+00:00,10.1002/adma.75124,Shou‐Tian Zheng,"ABSTRACT
                  
                    Reversing the sign of photoconductivity in a single material has long been a formidable challenge, yet achieving this goal could open the door to a new generation of adaptive optoelectronics. Here, we report the first case of an inorganic‐organic hybrid polyoxometalate (POM), [Ni(BTP)]
                    4
                    [Nb
                    10
                    O
                    26
                    ]·35H
                    2
                    O (
                    1
                    , BTP = Bis‐tris propane), capable of fully reversible switching between positive photoconductivity (PPC) and negative photoconductivity (NPC). This switching is dually controlled by excitation wavelength and relative humidity. Short‐wavelength excitation and low humidity give conventional PPC, whereas long‐wavelength excitation and high humidity induce NPC. This anomalous polarity inversion stems from the competition between two coexisting mechanisms: one is the photoelectric effect, which generates charge carriers within the POM; the other is the light‐induced water desorption process, which suppresses the electron donation from adsorbed H
                    2
                    O molecules, thereby reducing the carrier density. Resonant microcantilever measurements directly confirm the light‐induced water desorption process, and systematic wavelength/humidity‐dependent photoconductivity mapping reveals a well‐defined phase boundary that governs reversible PPC–NPC interconversion. This work represents a rare polarity‐switchable photoconductive material, expanding POM applications in optoelectronics.",crossref,0
Photoswitchable Ambiphilicity: Light‐Gated Frustrated Lewis Pair Reactivity and Z‐Type Interaction,https://onlinelibrary.wiley.com/doi/10.1002/anie.5038244?af=R,Wiley: Angewandte Chemie International Edition: Table of Contents,2026-09-24 07:38:00 UTC,2026-09-24 07:38:00+00:00,10.1002/anie.5038244,Lutz Greb,"ABSTRACT
                  
                    Ambiphilic molecules, species containing both Lewis acidic and basic sites, enable a broad range of phenomena in chemistry, from frustrated Lewis pairs (FLPs) to supported Z‐type interactions. However, the balance between their Lewis acidic and basic functions is normally fixed by molecular synthesis. Combining these features with photoswitchable architectures offers untapped potential for reversible substrate binding and control of transition metal properties. Here, we demonstrate that the incorporation of a photoswitchable Lewis acid into intramolecular phosphorus/boron Lewis pairs allows for stimuli‐responsive modulation of ambiphilicity. In the context of FLP‐type reactivity, both thermodynamic and kinetic control over substrate activation is achieved, culminating in the light‐gated binding and release of CO
                    2
                    . Implementing these ambiphiles as ligands in transition metal chemistry enables control over metal‐boron Z‐type interactions. Photoswitchable ambiphilicity thus provides a common light‐addressable handle for controlling substrate‐binding thermodynamics, reaction kinetics, and transition‐metal electronic structure.",crossref,0
Working Mechanism of Chlorine‐Containing Electrolyte in Conversion‐Type Cathode Materials for Rechargeable Magnesium‐Ion Batteries,https://onlinelibrary.wiley.com/doi/10.1002/anie.2509086?af=R,Wiley: Angewandte Chemie International Edition: Table of Contents,2026-09-24 07:39:26 UTC,2026-09-24 07:39:26+00:00,10.1002/anie.2509086,Fei Wang,"ABSTRACT
                  
                    Rechargeable magnesium‐ion batteries (RMBs) have garnered significant attention due to their high theoretical capacity, low cost, and outstanding safety. However, the detailed working mechanism of RMBs cathode, especially conversion‐type cathode, in chloride‐containing electrolytes remains poorly understood. Convincing experimental evidence is still lacking to clearly elucidate the reaction pathway. Herein, electrochemical quartz crystal microbalance (EQCM) was employed to track the dynamic mass changes of cathode during the cycling. Combined with comprehensive spectroscopic characterizations and electrochemical analyses, main active species reacting with transition metal chalcogenide cathode materials was unambiguously identified as [MgCl]
                    +
                    , instead of Mg
                    2+
                    . Through systematic screening, the optimal electrolyte formulation was identified, and the CoS cathode delivers an excellent specific capacity of 260 mAh g
                    −1
                    at a current density of 100 mA g
                    −1
                    . This study reveals the charge‐carrier of RMBs cathode and provides a solid theoretical foundation for the electrolyte design for RMBs.",crossref,0
Biotactic Nanodrugs Induce Tumor‐Localized and Durable Embolization via Programmatic Participation in Physiological Biochemical Reactions,https://advanced.onlinelibrary.wiley.com/doi/10.1002/adma.75085?af=R,Wiley: Advanced Materials: Table of Contents,2026-09-24 07:45:53 UTC,2026-09-24 07:45:53+00:00,10.1002/adma.75085,Xian‐zheng Zhang,"ABSTRACT
                  The clinical application of tumor vascular obstruction therapy (TVOT) is mainly hindered by imprecise obstruction localization and transient embolic effects. We developed a biotactic nanodrug termed PDA‐A@Fib to achieve precise and sustained TVOT by programmatically participating in the physiological biochemical reactions related to the coagulation–fibrinolysis axis. Composed of a polydopamine (PDA) core loaded with aminomethylbenzoic acid (AA) and coated with fibrinogen (Fib), PDA‐A@Fib was recruited to the tumor site following DMXAA‐primed vascular damage via Fib–platelet interactions. Subsequently, thrombin converted the Fib coating to fibrin, seamlessly integrating the nanodrug into the evolving thrombus through crosslinking with endogenous fibrin. The dual reinforcement through the fibrin network and PDA cohesion conferred exceptional stability to the thrombus. Furthermore, the sustained release of AA confined within the thrombus inhibited plasmin, conferring robust resistance to fibrinolysis. This programmed engagement with the hemostatic cascade resulted in durable, tumor‐localized vascular occlusion, achieving inhibition rates of 96.67% in early‐stage and 87.09% in advanced‐stage subcutaneous breast cancer models, respectively. In an orthotopic model, this strategy ensured a survival rate exceeding 80% over 65 days, demonstrating superior efficacy to conventional TVOT and showcasing the rational hijacking of innate biological pathways for safe and potent therapy.",crossref,0
Synergy of Low‐ and High‐Polarity Cations for Stabilizing 2D Perovskites,https://advanced.onlinelibrary.wiley.com/doi/10.1002/adma.75134?af=R,Wiley: Advanced Materials: Table of Contents,2026-09-24 07:47:28 UTC,2026-09-24 07:47:28+00:00,10.1002/adma.75134,Yicheng Zhao,"ABSTRACT
                  Perovskite solar cells (PSCs) employing three‐dimensional/two‐dimensional (3D/2D) heterostructures achieve high efficiencies but suffer from limited operational stability. Combining high‐throughput experiments with first‐principles simulations, we unveil that 2D perovskites are intrinsically susceptible to thermal degradation due to the deprotonation of spacer cations and subsequent escape of hydrogen iodide. Through artificial intelligence analysis of 278 distinct perovskites, we identify the surface electrostatic properties and molecular polarity of spacer cations as the key descriptors governing thermal resilience. Finally, we discover a bi‐cationic 2D perovskite that integrates low‐polarity phenylethylammonium with high‐polarity pentafluorophenylethylammonium (5FBA), synergistically resolving phase segregation and thermal degradation beyond what either cation can achieve alone. The bi‐cationic 3D/2D perovskite film stack shows suppressed ion migration owing to the robust interaction between 5FBA and 3D perovskite. Consequently, the resulting PSCs retain over 92% of their initial efficiency after 1500 h of thermal aging at 85°C and over 90% after 2000 h of continuous operation under 1‐Sun illumination.",crossref,0
