title,link,source,published_str,pub_date,doi,last_author,abstract,abstract_source,must_have_abstract
Author Correction: DNA methylation-free Arabidopsis reveals crucial roles of DNA methylation in regulating gene expression and development,https://www.nature.com/articles/s41467-026-78327-w,Nature Communications,2026-10-02 00:00:00 UTC,2026-10-02 00:00:00+00:00,10.1038/s41467-026-78327-w,Jian-Kang Zhu,"In the version of the article initially published, there were copy–paste errors in the Fig. 6a source data. The Source Data file and figure have now been corrected, as seen in Fig. 1 below. This correction has been made to the HTML and PDF versions of the article.",openalex,1
Anti-Kasha fluorescence and persistent room-temperature phosphorescence from a nearly flat non-symmetric polycyclic hydrocarbon,https://www.nature.com/articles/s41467-026-78107-6,Nature Communications,2026-10-02 00:00:00 UTC,2026-10-02 00:00:00+00:00,10.1038/s41467-026-78107-6,Harald Bock,"Polycyclic aromatic hydrocarbons are molecular frameworks that enable the development of efficient emitters owing to their extensive conjugation and rigid structure. Here, we introduce monohomotruxene (MHTX), designed by reducing the symmetry of homotruxene (HTX) and truxene (TX). This partial planarization greatly enhances the complex photophysics over symmetric, triply twisted HTX, substantially increasing the photoluminescence quantum yield (PLQY), a result we attribute to its enhanced molecular rigidity and symmetry breaking. MHTX displays an unconventional violation of Kasha’s rule, yielding excitation-dependent dual emission. Excitation of the S2 state under anaerobic conditions produces intense, 455–480 nm, ultralong room-temperature phosphorescence (RTP), lasting over 12 s at room temperature. In contrast, excitation into the S1 state yields prompt fluorescence and weak delayed fluorescence (DF) by triplet-triplet annihilation (TTA) in the neat film. Aggregate species also present a complex emissive behavior with weak orange phosphorescence and TTA-DF. These findings establish MHTX as a promising emissive scaffold, highlighting the potential for accessing complex excited-state dynamics and advanced photophysical functionalities.",nature_html,0
A model of brain function to predict tau across Alzheimer’s disease and related disorders,https://www.nature.com/articles/s41467-026-78300-7,Nature Communications,2026-10-02 00:00:00 UTC,2026-10-02 00:00:00+00:00,10.1038/s41467-026-78300-7,David T. Jones,"We developed a machine learning framework grounded in a computational model of brain function and FDG-PET imaging to predict Alzheimer’s disease (AD)-type tau across AD and related disorders (ADRD). The model was trained on 1088 research participants spanning normal aging and ADRD with FDG-PET and flortaucipir-PET (FTP-PET). Validation was conducted in: (1) a longitudinal subset of the training cohort (n = 215), (2) Alzheimer’s Disease Neuroimaging Initiative (n = 295), and (3) a heretogeneous clinical cohort (n = 264; n = 28 with FTP-PET). Results showed that the model accurately predicted FTP-PET when applied at the participant-level (R2 ~ 0.34-0.71). It performed well in clinical scenarios, including classification of low versus high tau stages (79–95% accuracy) and prediction of tau in a heterogeneous clinical cohort without FTP-PET. These findings advance the understanding of the relationship between neurodegeneration and AD-type tau and provide a framework for estimating AD-type tau across ADRD.",nature_html,0
A crystalline uranium Fischer-type carbyne,https://www.nature.com/articles/s41557-026-02260-0,Nature Chemistry,2026-10-02 00:00:00 UTC,2026-10-02 00:00:00+00:00,10.1038/s41557-026-02260-0,Stephen T. Liddle,"Since their discovery in 1973, transition metal Fischer carbynes have become a foundational class of metal–carbon triple bond in organometallic chemistry. However, even though the uranium Fischer carbyne bonding motif has been a fundamental target in f-element chemistry, its isolation has remained challenging. Here we report the synthesis and characterization of the uranium Fischer-type carbyne complex [N″3U(μ-CNN)UN″3] (N″ = N(SiMe3)2). Single-crystal X-ray diffraction analysis reveals a uranium–carbyne distance of 2.379(15) Å, and density functional theory calculations combined with experimental quantum crystallography Hirshfeld atom refinement reveal the presence of two-electron C→U σ-donation, weak two-electron C→U π-donations and two orthogonal one-electron U→C π-back-bonds, demonstrating σ2π1π1 Fischer-type carbyne bonding overall. This work redefines the range of bonding modes for the diazomethanediide ligand and reveals a uranium–carbon triple-bond interaction that is related, yet distinct from transition metal Fischer carbynes, providing a basis to develop and understand f-element carbyne chemistry.",nature_html,0
AI-accelerated scalable synthesis of nanocrystals for cost-effective photovoltaics,https://www.nature.com/articles/s41467-026-78268-4,Nature Communications,2026-10-02 00:00:00 UTC,2026-10-02 00:00:00+00:00,10.1038/s41467-026-78268-4,Jianyu Yuan,"Metal halide perovskite nanocrystals (PNCs) are promising candidates for next-generation optoelectronics. However, their commercial application necessitates low-cost synthesis and processing methods that surpass conventional lab-scale techniques. To address this, we report a ligand triggered room-temperature injection (LTRI) method that initiates nanocrystal nucleation by tuning precursor reactivity with addition of short-chain octanoic acid (OcA). Subsequently, integrating automation synthesis and machine learning, we further develop an efficient AI-accelerated framework towards fast and target synthesis of the FAPbI3 (FA: formamidinium) PNCs. Leveraging machine learning modeling, we identify that the critical size and distribution of FAPbI3 PNCs can be effectively optimized by tuning the feed ratio of OcA to the precursor formamidinium acetate. Furthermore, our LTRI method is fully compatible with flow-synthesis system for scale-up production, enabling a substantial reduction in production cost to US$2.16 g−1, significantly lower than the widely adopted hot-injection method (US$118.81 g−1). For practical application, we achieve a power conversion efficiency of 19.37% in photovoltaic applications with significant enhancement in device stability, matching the highest reported results for nanocrystal-based solar cells.",nature_html,0
Risk-managed routes to space-based solar power,https://www.nature.com/articles/s44359-026-00223-9,Nature Reviews Clean Technology,2026-10-02 00:00:00 UTC,2026-10-02 00:00:00+00:00,10.1038/s44359-026-00223-9,Yang Gao,,,0
Polarization vortices in a ferromagnetic metal via twistronics,https://www.nature.com/articles/s41563-026-02755-8,Nature Materials,2026-10-02 00:00:00 UTC,2026-10-02 00:00:00+00:00,10.1038/s41563-026-02755-8,Gustau Catalan,"Advances in moiré engineering have revealed new pathways for manipulating lattice distortions and electronic properties in low-dimensional materials via stacking two crystalline layers with a twist angle between them. Here we demonstrate that twisted bilayer stacking can induce dipolar vortices in metallic SrRuO3 membranes, despite the presence of free charge. These vortices are correlated with moiré-periodic flexoelectricity induced by shear strain gradients, and their magnitude depends on both the twist angle and proximity to the interface. In addition, below the ferromagnetic Curie temperature of the films, ferromagnetic order coexists—and appears to compete—with the dipolar order, showing opposite twist-angle dependencies of the respective magnitudes of the two multiferroic order parameters. Density functional theory calculations provide insight into the microscopic origin of these observations. These findings extend the scope of topological polarization design beyond dielectric materials and into metals.",nature_html,0
Single-stripe magnetic order and bilayer spin dynamics in single-crystalline La3Ni2O7,https://www.nature.com/articles/s41563-026-02768-3,Nature Materials,2026-10-02 00:00:00 UTC,2026-10-02 00:00:00+00:00,10.1038/s41563-026-02768-3,Jun Zhao,"High-temperature superconductivity in pressurized and thin-film nickelates has generated intense interest, yet magnetism in their ambient-pressure parent phases remains poorly understood, despite its potentially crucial role in pairing. Progress has been limited by the lack of large single crystals suitable for neutron spectroscopy. Here we overcome this limitation and map the spin order and excitations of single-crystalline La3Ni2O7. We find single-stripe magnetic order with a finite spin gap, anisotropic in-plane excitations and pronounced bilayer modulation revealing antiferromagnetic interlayer coupling. The dispersion is captured by a bilayer Heisenberg-type model with strong interlayer exchange and competing in-plane couplings. Absolute normalization reveals that, although the spin-wave bandwidth is only about 25% of that in cuprates, the local dynamic susceptibility at comparable energies is enhanced, yielding a comparable total fluctuating moment. These results highlight intense mid-energy spin excitations rooted in substantial electronic correlations, establishing a magnetic framework distinct from cuprates and relevant to superconductivity in nickelates.",nature_html,0
Author Correction: A mutually antagonistic mechanism mediated by RNA m6A modification in plant-virus interactions,https://www.nature.com/articles/s41467-026-78523-8,Nature Communications,2026-10-02 00:00:00 UTC,2026-10-02 00:00:00+00:00,10.1038/s41467-026-78523-8,Cheng-Guo Duan,"In the version of this article initially published, due to data transfer errors, Ct values for Fig. 7h and associated Source Data were incorrect. The figure and Source Data are now updated in the HTML and PDF versions of the article. For comparison, the original Fig. 7 is available as Supplementary Information accompanying this amendment.",openalex,1
Adaptive Electrochemical Self‐Cleaning via Surface Reconstruction Enables Fluoride‐Free and Batch‐Consistent Cathode Regeneration,https://advanced.onlinelibrary.wiley.com/doi/10.1002/adma.75182?af=R,Wiley: Advanced Materials: Table of Contents,2026-10-02 03:00:32 UTC,2026-10-02 03:00:32+00:00,10.1002/adma.75182,Wei Zhang,"ABSTRACT
                  
                    Direct recycling of spent lithium‐ion battery (LIB) cathodes holds great promise for sustainable materials recovery. However, residual fluorinated impurities, including inorganic fluoride species and polyvinylidene fluoride (PVDF), remain a persistent challenge due to their chemical persistence and heterogeneous distribution. Here, we report an electrochemically driven self‐cleaning strategy that enables fluoride‐free adaptive direct recycling of spent cathodes. Using LiNi
                    0.5
                    Co
                    0.2
                    Mn
                    0.3
                    O
                    2
                    (NMC532) as a model system, anodic polarization activates oxygen‐evolution‐driven surface reconstruction, generating hydroxylated transition metal (TM) interfaces that trigger the cooperative elimination of fluorinated contaminants. Specifically, the reconstruction promotes proton‐assisted dissolution of LiF and related inorganic fluoride species, while simultaneously inducing a hydrophobic‐to‐hydrophilic interfacial transition that weakens PVDF adhesion and facilitates its removal. These coupled redox‐hydrolysis‐interfacial processes synergistically eradicate fluorinated residues while preserving the bulk composition and structural integrity of the cathode. The regenerated NMC532 delivers a high discharge capacity of 145.1 mAh·g
                    −1
                    , comparable to commercial material. When implemented in pouch cells, this strategy achieves an inter‑batch capacity variation of less than 1.3%, dramatically outperforming the ∼24.1% variation typical of conventional recycling and meeting commercial consistency standards (± 3%–5%). This reconstruction‐enabled self‐cleaning strategy is broadly applicable across diverse cathode chemistries, providing a scalable and chemically selective pathway toward impurity‑free, high‑performance battery material regeneration.",crossref,0
Solid‐Solution Reactions in Layer‐Structured Oxide Cathodes Driven by Local Disorder and Electron Delocalization,https://advanced.onlinelibrary.wiley.com/doi/10.1002/adma.75238?af=R,Wiley: Advanced Materials: Table of Contents,2026-10-02 03:03:07 UTC,2026-10-02 03:03:07+00:00,10.1002/adma.75238,Wen‐Bin Luo,"ABSTRACT
                  
                    Layer‐structured transition metal oxides show great potential in alkali metal ion batteries, their structural phase transitions, however, lead to mechanical disintegration, resulting in capacity decay and severely limiting the lifespan. Traditional modification strategies struggle to suppress phase transitions at their thermodynamic root cause, while the ideal solid‐solution reaction paradigm faces the challenge of difficult‐to‐control electronic structures. A novel physical paradigm was proposed that drives the solid‐solution‐dominated reaction by reshaping the electronic state through a quenching process herein. A locally disordered layered oxide, K
                    0.5
                    (Mn
                    0.85
                    Fe
                    0.1
                    Ti
                    0.05
                    )
                    0.99
                    (V
                    TM
                    B
                    i
                    )
                    0.01
                    O
                    2
                    (KMFTB), was constructed through a quenching‐assisted vacancy‐mediated boron (B) incorporation process, in which TM vacancies (V
                    TM
                    ) capture B
                    i
                    and reconstruct the local coordination into stable [BO
                    4
                    ] units. Experiments and theoretical calculations confirm that the synergistic interaction between the locally disordered structure and strong B─O bonds not only stabilizes the transition metal framework through the pinning effect, but also induces a significant band broadening and electronic delocalization. This electronic structure restructuring enables KMFTB to suppress destructive phase transitions and achieve a highly reversible solid‐solution‐dominated reaction pathway, providing profound theoretical insights for the rational design of high‐performance cathode materials.",crossref,0
Structural and kinetic mechanisms of state-dependent potassium channel inhibition,https://www.science.org/doi/abs/10.1126/sciadv.aef8456?af=R,AAAS: Science Advances: Table of Contents,2026-10-02 07:00:00 UTC,2026-10-02 07:00:00+00:00,10.1126/sciadv.aef8456,David Fedida,"The KCNQ1 (Kv7.1) potassium ion (K
                    +
                    ) channel plays a critical role in cardiac repolarization, while loss- or gain-of-function mutations increase the risk of life-threatening arrythmias and sudden death. Like many channels, KCNQ1 exhibits state-dependent pharmacological properties with inhibitors such as UCL2077 displaying higher potency for intermediate over activated states. Here, we report cryo-EM structures and MD simulations of KCNQ1 in complex with UCL2077 in two activation states. UCL2077 breaks tetrameric symmetry and binds in diagonally opposed protomers in pockets formed by the S5-S6 helices from one protomer and the S6 of an adjacent protomer. UCL2077 binding drives distortion of the S6 helix and causes an allosteric collapse of the pore. Specificity arises via structural configurations in the pore that occur with greater frequency in the intermediate state and are stabilized upon drug binding.",crossref,0
Precise molecular sieving in polycrystalline covalent organic framework membranes,https://www.science.org/doi/abs/10.1126/sciadv.aee9683?af=R,AAAS: Science Advances: Table of Contents,2026-10-02 07:00:00 UTC,2026-10-02 07:00:00+00:00,10.1126/sciadv.aee9683,Dan Zhao,"Covalent organic frameworks (COFs) unlock opportunities to unite rapid mass transport with molecular-level sieving through membranes. However, achieving long-range crystallographic order within these membranes remains a central challenge that limits their separation precision. Here, we report a monomer-driven strategy for the ambient-condition fabrication of COF polycrystalline membranes featuring definite lattice order and polyhedral textures, reminiscent of benchmark metal-organic framework counterparts. Using a rigid, π-conjugated pyrene-centered tetraamine, we enable nonepitaxial intergrowth of faceted COF crystals on a porous support, yielding a 350-nanometer-thick membrane with a record-high Brunauer-Emmett-Teller surface area of 2121 square meters per gram among COF separation membranes of comparable pore size. The resulting COF membrane preserves its crystallographic order and polyhedral texture even after 1 month of solvent exposure while uniquely combining increased surface stiffness with high tensile ductility. Notably, we demonstrate its superior liquid-phase molecular selectivity, outperforming COF analogs with considerably smaller pore apertures, and elucidate an unambiguous correlation between crystallographic order and permselectivity. This work positions crystallographic ordering as a guiding principle for COF membranes, opening more possibilities at the intersection of framework materials and separation technologies.",crossref,0
Chip-scale modulation-free laser stabilization using vacuum-gap micro-Fabry–Pérot cavity,https://www.science.org/doi/abs/10.1126/sciadv.aed9945?af=R,AAAS: Science Advances: Table of Contents,2026-10-02 07:00:00 UTC,2026-10-02 07:00:00+00:00,10.1126/sciadv.aed9945,Peter T. Rakich,"Narrow-linewidth lasers are essential for a wide range of applications in atomic clocks and precision sensing, where achieving high-frequency stability is as critical as ensuring scalability, portability, and cost-effectiveness in developing stable laser systems. Conventional electro-optic stabilization techniques, such as Pound–Drever–Hall locking to ultrahigh-finesse resonators held in a vacuum chamber, provide excellent performance but remain challenging to scale. Here, we demonstrate a cavity-coupled interferometric laser stabilization technique implemented on a silicon photonic chip and integrated with a wafer-scale vacuum-gap micro-Fabry–Pérot cavity. The optical cavity operates in air, achieving a
                    Q
                    factor of 2.0 × 10
                    9
                    and a fractional frequency instability of 1.45 × 10
                    −12
                    at 1-second averaging time. Integration of the proposed technique with the compact cavity yields more than 38-fold reduction in the integrated linewidth and 30-decibel suppression of frequency noise at 10-hertz offset. The hybrid-integrated platform provides a route to scalable ultrastable lasers for field-deployable precision systems beyond laboratory environments.",crossref,0
Gliadin-specific CD4+ T cells exhibit functional diversity independent of TCR usage or epitope specificity,https://www.science.org/doi/abs/10.1126/sciadv.aei3175?af=R,AAAS: Science Advances: Table of Contents,2026-10-02 07:00:00 UTC,2026-10-02 07:00:00+00:00,10.1126/sciadv.aei3175,Nicole L. La Gruta,"Celiac disease (CeD) is driven by pathogenic CD4
                    +
                    T cell responses, primarily targeting four HLA-DQ2.5–restricted immunodominant epitopes derived from α-gliadin and ω-gliadin. While gliadin-specific CD4
                    +
                    T cells have been investigated, how transcriptional and effector phenotypes in CeD vary across distinct epitope specificities remains unclear, as do the signature TCR motifs governing gliadin epitope specificity and cross-reactivity. Single-cell transcriptomic and TCR profiling of gliadin epitope-specific peripheral blood CD4
                    +
                    T cells from patients with CeD after gluten challenge revealed T cells with an activated T
                    H
                    1 effector, conventional regulatory T cell (T
                    reg
                    cell) or cytotoxic phenotypes across specificities, with no evidence of functional specialization driven by specific epitopes. Moreover, we identified core TCR motifs that dictate gliadin epitope specificity and cross-reactivity and elucidated the structural basis of their cognate pMHC recognition. These motifs enabled accurate prediction of gliadin specificity from unassigned TCRs. Collectively, these findings advance our understanding of immune responses in CeD and provide a foundation for tracking disease-relevant T cells.",crossref,0
Intramolecular charge redistribution of phosphate anions enabling ultrahigh-voltage lithium metal battery of 600 Wh kg−1,https://www.science.org/doi/abs/10.1126/sciadv.aei9659?af=R,AAAS: Science Advances: Table of Contents,2026-10-02 07:00:00 UTC,2026-10-02 07:00:00+00:00,10.1126/sciadv.aei9659,Guanglei Cui,"The advancement of ultrahigh-voltage lithium metal batteries (LMBs) is hindered by the lack of efficient guidelines for electrolyte material development, with current approaches still largely relying on inefficient trial-and-error methods. Herein, we report a high-performance additive design and screening strategy. A library of phosphorus-centered candidates (containing 15,200 molecules) is constructed by simultaneously introducing electron-withdrawing and electron-donating groups to induce intramolecular charge redistribution and tune the electrochemical properties of the molecules. Through unsupervised machine learning–assisted screening, lithium diperfluoropinacolatophosphate (LiDPFP) is identified as the optimal candidate. LiDPFP features localized electron-deficient and electron-rich regions, which tune interfacial reactivity and enhance lithium ion (Li
                    +
                    ) coordination to promote contact ion pairs. This unique structure leads to the formation of a phosphorus-oxygen polymer-rich cathode electrolyte interphase and a Li
                    2
                    O (lithium oxide)–rich solid electrolyte interphase, effectively suppressing cathode degradation and lithium dendrite growth. Consequently, the as-assembled NCM811||Li cells exhibit stable cycling at 4.8 volts over a wide temperature range from −40° to 80°C. A practical 4.7-volt pouch cell with the energy density of 628 Wh kg
                    −1
                    (watt-hours per kilogram) exhibits an 80% capacity retention rate after 112 cycles. This work combines machine learning with molecular design, exhibiting a paradigm for practical ultrahigh-energy-density LMBs.",crossref,0
Targeting the ENO1 metabolic checkpoint via microenvironment-responsive nanotherapeutics promotes postinfarction cardiac repair,https://www.science.org/doi/abs/10.1126/sciadv.aeg3270?af=R,AAAS: Science Advances: Table of Contents,2026-10-02 07:00:00 UTC,2026-10-02 07:00:00+00:00,10.1126/sciadv.aeg3270,Tongda Xu,"Myocardial infarction (MI) triggers persistent inflammatory dysregulation, wherein macrophages undergo glycolytic reprogramming and adopt an inflammatory phenotype that impairs cardiac repair. However, the specific metabolic drivers underlying post-MI macrophage dysfunction remain unclear. Here, we identify enolase 1 (ENO1)—a glycolytic enzyme up-regulated in post-MI macrophages—as a critical regulator of macrophage metabolic fate and inflammatory function. To intervene, we engineered an acid-responsive nanocarrier (PECS) that externalizes phosphatidylserine within the acidic infarct microenvironment, facilitating selective macrophage uptake. Intracellular delivery of siENO1 suppressed glycolytic flux, thereby curbing lactate accumulation and relieving its metabolic inhibition of KLF4, which initiated anti-inflammatory reprogramming. In vivo, PECS-loaded siENO1 (siENO1@PECS) treatment attenuated infarct size, fibrosis, and cardiomyocyte apoptosis while improving ventricular function. Collectively, these findings identify ENO1 as a critical metabolic checkpoint in post-MI macrophage regulation and demonstrate a bioresponsive nanocarrier strategy for precise gene modulation to enhance cardiac repair.",crossref,0
Macrophage-supported metabolic adaptation drives tumor survival under nutrient stress,https://www.science.org/doi/abs/10.1126/sciadv.aei2831?af=R,AAAS: Science Advances: Table of Contents,2026-10-02 07:00:00 UTC,2026-10-02 07:00:00+00:00,10.1126/sciadv.aei2831,Kayvan R. Keshari,"Triple-negative breast cancer (TNBC) develops in hypoxic, nutrient-limited tumors enriched with macrophages and cell death. We show that metabolically distinct TNBCs differentially exploit macrophage-derived nutrients, influencing tumor growth and therapeutic response. Prolonged hypoxia reprogrammed mouse and human macrophages, enabling them to release metabolites that rescued the growth of select TNBC cell lines during glutamine deprivation or glutamine metabolism inhibition. Hypoxic macrophages reduced glutamine consumption, increased arginine utilization, and secreted higher levels of ornithine, an intermediate of arginine metabolism. Exogenous ornithine, but not arginine, restored the growth of responsive TNBC cells. Mechanistically, TNBC cells diverted ornithine into proline biosynthesis, supporting oxidative pentose phosphate pathway activity. In vivo, depletion of tumor-associated myeloid cells reduced tumor growth and impaired proline synthesis in glutaminase inhibitor–resistant TNBC. These findings identify hypoxia-driven metabolic cross-talk between macrophages and TNBC cells, revealing ornithine-dependent proline metabolism as a mechanism by which macrophages sustain tumor growth under nutrient stress and contribute to resistance to glutamine-targeted therapies.",crossref,0
Synapse-like specializations at dopamine release sites orchestrate efficient and precise neuromodulatory signaling,https://www.science.org/doi/abs/10.1126/sciadv.aei0203?af=R,AAAS: Science Advances: Table of Contents,2026-10-02 07:00:00 UTC,2026-10-02 07:00:00+00:00,10.1126/sciadv.aei0203,Abraham G. Beyene,"Neuromodulators are generally understood to act through expansive projections that broadcast signals relatively indiscriminately, in stark contrast to the precise, synapse-bound organization of fast neurotransmitters like glutamate and GABA. This dichotomy has left the local architecture of neuromodulatory release and receptor engagement largely obscure. Here, using dopamine as a model system, we reveal that neuromodulatory signaling can be guided by precise molecular specificity. We show that dopamine axons exhibit a tropism for neurons expressing D1 or D2 dopamine receptors. Single-bouton–resolved optical imaging of release shows that dopamine is not broadcast stochastically but is highly localized to varicosities that form direct, synapse-like appositions with receptor-expressing somata and dendrites. To map endogenous receptor organization relative to release sites, we generated ALFA-tagged D1 and D2 receptor knock-in mice (ALFADoR mice). In cultures and intact tissue, D1 and D2 receptors formed discrete puncta rather than exhibiting diffuse membrane distributions. Across striatum, amygdala, and prefrontal cortex, receptor puncta were preferentially positioned near dopamine varicosities, and apposed receptor puncta were larger than nonapposed puncta. These findings reveal a synapse-like architecture for dopamine signaling in which release sites and receptor clusters are spatially coupled to support a precise and efficient neuromodulation.",crossref,0
Aging-associated SATB1 deficiency remodels 3D genome architecture and transcriptional programs in naive CD4+ T cells,https://www.science.org/doi/abs/10.1126/sciadv.aeg1622?af=R,AAAS: Science Advances: Table of Contents,2026-10-02 07:00:00 UTC,2026-10-02 07:00:00+00:00,10.1126/sciadv.aeg1622,Qian Bian,"Precise three-dimensional (3D) genome organization is crucial for regulating gene expression during development, yet its role in age-related transcriptional changes and physiological decline remains elusive. Here, we show that aging reshapes chromatin architecture and gene regulation in murine naive CD4
                    +
                    T cells, a quiescent T cell population essential for adaptive immunity. Aged naive CD4
                    +
                    T cells exhibit intrinsic transcriptional reprogramming marked by increased expression of inflammatory and T cell activation–related genes, rendering them more prone to activation. Intriguingly, these changes are accompanied by pronounced alterations in 3D genome organization, including widespread weakening of topologically associating domain (TAD) boundaries and extensive enhancer-promoter rewiring. Mechanistically, we demonstrate that these age-associated structural changes can be partly attributed to the diminished expression of chromatin organizer SATB1. SATB1 colocalizes with CCCTC-binding factor (CTCF) in young naive T cells to spatially constrain CTCF-binding sites. Its decline with age extends the range of CTCF-mediated interactions without altering CTCF occupancy, leading to remodeling of chromatin architecture and up-regulation of proinflammatory and proactivation genes. Conditional SATB1 deletion in naive T cells recapitulates the 3D genome and transcriptional changes observed in aging. Our findings reveal a critical role for SATB1 in maintaining 3D genome integrity in naive T cells and suggest that the dysregulation of genome architecture contributes to immune and organismal aging.",crossref,0
Bulk ferroelectric heterostructures,https://www.science.org/doi/abs/10.1126/sciadv.aef9861?af=R,AAAS: Science Advances: Table of Contents,2026-10-02 07:00:00 UTC,2026-10-02 07:00:00+00:00,10.1126/sciadv.aef9861,David A. Hall,"Interfaces in oxide heterostructures act as critical regions to induce emergent and novel types of functionality in thin films. Herein, we demonstrate the creation of bulk ferroelectric heterostructures (BFHs) in monolithic ferroelectrics by nanoscale elemental partitioning, unlocking functionalities beyond the reach of conventional ferroelectrics and thin-film devices. The unique percolating, compositionally modulated networks act as built-in heterointerfaces that generate coupled ferroelectric-electrostatic-elastic fields, which stabilize charged domain walls and imprint predefined domain configurations throughout the bulk. In exemplar BiFeO
                    3
                    -BaTiO
                    3
                    ceramics, the BFH approach raises the Curie temperature to 824°C (increment Δ
                    T
                    C
                     &gt; 350°C) and yields superior high-temperature piezoelectric responses (
                    d
                    33
                     &gt; 400 picocoulombs per newton,
                    k
                    33
                     &gt; 0.4), surpassing those of existing high-temperature piezoelectrics. Domain-engineered BFHs further unlock programmable control of domain switching, enabling the strongest yet tunable internal bias fields (&gt;8 megavolts per meter) in bulk materials and record-high reversible shear electrostrains (up to 0.98%) at supercoercive field levels. The BFH design concept provides a transformative platform for next-generation ferroelectric and electromechanical transduction devices with extended temperature, high-power, and high-stress capability. It also establishes a universal framework for programmable control across ferroic families, including ferroelastic, ferromagnetic, and multiferroic materials in polycrystalline, single-crystal, and thin-film forms.",crossref,0
An anoxygenic photosynthesis-inspired dual biohybrid for light-enhanced chemical production,https://www.science.org/doi/abs/10.1126/sciadv.aef4504?af=R,AAAS: Science Advances: Table of Contents,2026-10-02 07:00:00 UTC,2026-10-02 07:00:00+00:00,10.1126/sciadv.aef4504,Yiliang Lin,"Integrating light-harvesting materials with non-photosynthetic microbes offers a promising route to convert sunlight into chemicals. However, many existing biohybrid systems lack a clear architectural basis linking external light capture to intracellular redox processes. Inspired by the modular architecture of anoxygenic photosynthesis, we report a dual biohybrid system for light-enhanced chemical production in
                    Escherichia coli
                    . The system combines extracellular conjugated polymer nanoparticles as light-harvesting antenna with intracellularly biomineralized CdS nanoparticles as reaction-center–like charge-separation modules. This architecture supports light-enhanced malate production, yielding nearly a 30-fold enhancement relative to unmodified cells. Illumination-dependent studies reveal that activity is governed by light absorption, photon flux, and the intracellular redox environment. Fluorescence lifetime imaging microscopy further indicates photophysical coupling between the polymer and CdS components, consistent with energy transfer across the bio–synthetic interface and enhanced intracellular redox activity. Together, these results show how modular organization at the bio–synthetic interface can couple light harvesting with intracellular redox chemistry in living systems.",crossref,0
Observation of orbital-angular-momentum-driven temperature modulation via the spin Peltier effect,https://www.science.org/doi/abs/10.1126/sciadv.aej1838?af=R,AAAS: Science Advances: Table of Contents,2026-10-02 07:00:00 UTC,2026-10-02 07:00:00+00:00,10.1126/sciadv.aej1838,Ken-ichi Uchida,"Angular-momentum transport provides a pathway for controlling energy flow in solids beyond conventional charge-based mechanisms. Although spin currents are known to mediate spin-caloritronic phenomena such as the spin Peltier effect (SPE), the role of orbital angular momentum (OAM) in heat transport remains largely unexplored. Here, we demonstrate OAM-driven temperature modulation via the SPE in yttrium-iron-garnet/Pt/CuO
                    
                      x
                    
                    heterostructures. Using wedge-shaped CuO
                    
                      x
                    
                    layers combined with spatially resolved active thermal measurement techniques, we map the continuous thickness dependence and quantitatively disentangle the spin- and orbital-current-mediated contributions within a single device. The orbital-mediated component exhibits a pronounced maximum at an intermediate thickness, revealing a characteristic length scale for interfacial OAM generation and propagation at the Cu/CuO
                    
                      x
                    
                    interface. These results provide direct experimental evidence that charge-current-driven OAM can drive SPE-induced temperature modulation, establishing interfacial orbital processes as an additional channel for heat transport and providing a pathway toward spin-orbit caloritronics.",crossref,0
Trans-Eurasian steppe herder and barley farmer migrations shaped paternal genomic dynamics in Northwest China and Hui evolution,https://www.science.org/doi/abs/10.1126/sciadv.aeg8897?af=R,AAAS: Science Advances: Table of Contents,2026-10-02 07:00:00 UTC,2026-10-02 07:00:00+00:00,10.1126/sciadv.aeg8897,Guanglin He,"Human populations across Eurasia have long been connected through the steppe corridor and Silk Road, yet their paternal genetic history remains poorly understood. We integrated large-scale Y-chromosome data, including 1053 previously unreported sequenced genomes, to reconstruct Eurasian spatiotemporal paternal phylogeny. This resource identified 15,810 previously unidentified variants, improving the resolution of Y-chromosome phylogeny and enabling more accurate placement of ancient Eurasians. Paternal lineages in Northwest China changed gradually over time. Bronze Age Xinjiang populations were largely dominated by Xiaohe-related local lineages or western steppe herder lineages, while Iron Age and later populations showed increasing paternal contributions from East Asian farmers, eastern steppe pastoralists, and Southwest/Central Asian farmers. Modern Altaic–speaking populations showed strong paternal continuity with Iron Age ancestry, and northwestern Han displayed a west-to-east gradient of paternal lineages. Four Hui substructures showed differentiated paternal profiles shaped by both migration and cultural assimilation. Overall, the results revealed a complex pattern of population movements shaping paternal ancestry across northwestern East Asia.",crossref,0
Single-photon controlled phase shifts with colloidal quantum dots at room temperature,https://www.science.org/doi/abs/10.1126/sciadv.aee1340?af=R,AAAS: Science Advances: Table of Contents,2026-10-02 07:00:00 UTC,2026-10-02 07:00:00+00:00,10.1126/sciadv.aee1340,Xingsheng Xu,"Quantum logic gates based on quantum electrodynamics (QED) in strong coupling regime between quantum dots and microcavities are key elements for scalable quantum computing and all-optical quantum networks. Here, a single colloidal quantum dot was site-selectively positioned onto a dielectric photonic crystal hybrid microcavity using a soft nanoprobe technique, enabling the study of strong coupling between the colloidal quantum dots and bound states in the continuum in the cavity. By combining photoluminescence spectroscopy, Michelson interferometry, and continuous-wave pump-probe technology, the wavelength- and power-dependent phase shifts were systematically characterized. Controlled π-phase shifts of a single photon were experimentally demonstrated in both single colloidal quantum dot and high-concentration colloidal quantum dots coupled microcavity systems. This work provides an experimental basis for the development of room temperature quantum optoelectronic devices, including quantum phase gates and ultralow power optical switches.",crossref,0
Once yearly cell-based therapy for sustained and dose-tunable delivery of monoclonal antibodies,https://www.science.org/doi/abs/10.1126/sciadv.aej5440?af=R,AAAS: Science Advances: Table of Contents,2026-10-02 07:00:00 UTC,2026-10-02 07:00:00+00:00,10.1126/sciadv.aej5440,Omid Veiseh,"More than 200 monoclonal antibodies (mAbs) are approved for clinical use, yet their therapeutic potential is constrained by dependence on repeated injections or infusions that drive nonadherence, limit access in low-resource settings, and generate peak-trough pharmacokinetics linked to adverse effects and reduced efficacy. Here, we developed an immunomodulatory, encapsulated cell–based “biologics factory” that overcomes mAb instability, immunogenicity, and the fibrotic foreign body response that have limited previous approaches, enabling continuous in situ production of therapeutic antibodies from a single administration. Screening chemically modified alginate biomaterials in immunocompetent mice identified a lead immunomodulatory alginate formulation that sustains stable serum titers of the HIV-neutralizing mAb 3BNC117 for 1 year. Single-cell RNA sequencing revealed that this formulation promotes a local anti-inflammatory, proresolving immune niche that attenuates fibrosis. The platform’s versatility was demonstrated by the production of 13 diverse mAbs from an allogeneic cell chassis, with sustained in vivo delivery of a subset including ipilimumab, pembrolizumab, adalimumab, and PGT121. Integration into a retrievable macrodevice enabled on-demand therapeutic termination and reimplantation for dose-proportional tuning. In a nonhuman primate, subcutaneous implantation maintained stable ipilimumab titers for more than 6 months with no detectable toxicity, antidrug antibodies, or adverse events, and dose-dependent exposure was confirmed across a three-dose escalation. These results demonstrate a clinically translatable platform that offers a practical strategy to replace frequent injections with single-administration therapy. A cell-based delivery platform within an antifibrotic minimally invasive device enables year-long mAb delivery.",crossref,0
Reappraising the topology of cell-free fetal DNA in maternal blood toward improved prenatal genetic diagnostics,https://www.science.org/doi/abs/10.1126/sciadv.aef5425?af=R,AAAS: Science Advances: Table of Contents,2026-10-02 07:00:00 UTC,2026-10-02 07:00:00+00:00,10.1126/sciadv.aef5425,Benjamin Thierry,"Noninvasive prenatal testing (NIPT) is a pregnancy screening test that analyses cell-free fetal DNA (cffDNA) in maternal plasma to detect fetal genetic abnormalities during pregnancy. Earlier and safer detection of fetal genetic abnormalities facilitated by NIPT has markedly transformed maternal-fetal medicine. However, NIPT is currently limited to be only a screening test due to fundamental biological bottlenecks, namely, the small proportion of cffDNA compared to cell-free maternal DNA in maternal plasma, the challenge to reliably distinguish between fetal and maternal DNA, and discordance between cffDNA and the true fetal genotype. Despite millions of NIPT being conducted each year, the exact origin and structural topology of cffDNA remain unexpectedly unclear. Elucidating the origin and structure of cffDNA could unlock new technological advances that address the current bottlenecks limiting NIPT toward realizing the full potential of state-of-the-art sequencing approaches for NIPT. In this Review, we critically discuss current cffDNA knowledge, including its origin, release into maternal blood circulation, and structures relevant to contemporary NIPT.",crossref,0
Engineering neurovascular thrombosis: Light-based bioprinting for patient-specific modeling and women’s cerebrovascular health,https://www.science.org/doi/abs/10.1126/sciadv.aeh3952?af=R,AAAS: Science Advances: Table of Contents,2026-10-02 07:00:00 UTC,2026-10-02 07:00:00+00:00,10.1126/sciadv.aeh3952,Lining Arnold Ju,"Cerebral venous sinus thrombosis (CVST) and carotid web (CW) are distinct cerebrovascular disorders where vascular geometry, disturbed hemodynamics, and endothelial activation interact to drive thrombosis. Both conditions disproportionately affect women, yet remain understudied because of the inability of traditional platforms to replicate complex three-dimensional lumen profiles. This perspective positions light-based lithography as a powerful biofabrication strategy for patient-specific modeling. Digital light processing and volumetric bioprinting render enclosed, perfusable hydrogel networks with high-fidelity surface topography. When integrated into dynamic vessel-on-chip perfusion loops guided by clinical imaging and computational fluid dynamics, these platforms simulate pathological flow stasis and recirculation zones, heterogeneous shear-stress gradients, and site-specific cellular aggregation. This biofabrication approach enables personalized disease modeling and translationally relevant risk assessment, providing a critical platform for advancing women’s cerebrovascular health.",crossref,0
How climate change affects mosquito-borne infectious disease: The different trajectories of malaria and dengue,https://www.science.org/doi/abs/10.1126/sciadv.aei0953?af=R,AAAS: Science Advances: Table of Contents,2026-10-02 07:00:00 UTC,2026-10-02 07:00:00+00:00,10.1126/sciadv.aei0953,Katherine L. Anders,"As climate change increases temperatures, additional warmth combines with rainfall and humidity to enhance conditions for mosquito populations to thrive. Greater spread of
                    Anopheles
                    and
                    Aedes
                    vectors increases the risk of transmission of the world’s most prevalent mosquito-borne infectious diseases, malaria and dengue. Yet the impacts of climate drivers on disease transmission are complex: Relationships are nonlinear, effects are seasonal, and there is substantial local variability. Further complexity is added by the many nonclimate factors that influence disease transmission, including movement of people, population growth, immunity levels, land use change, urbanization, control interventions, and quality of health care systems. Here, we explain why, despite climate drivers having broadly similar effects on malaria and dengue transmission parameters, the trajectories of the two diseases differ, with rapid growth in dengue but long-term decline in malaria.",crossref,0
Harnessing interfacial kosmotropic effect for reversible quasi-solid-state zinc-iodine batteries,https://www.science.org/doi/abs/10.1126/sciadv.aeg8302?af=R,AAAS: Science Advances: Table of Contents,2026-10-02 07:00:00 UTC,2026-10-02 07:00:00+00:00,10.1126/sciadv.aeg8302,Wenjun Zhang,"Simultaneously achieving fast kinetics and interfacial stability remains a formidable challenge for quasi-solid-state zinc-iodine batteries. Herein, we introduce the interfacial kosmotropic effect via a low-cost CaSO
                    4
                    ·2H
                    2
                    O ionic matrix to actively reconstruct the interfacial chemistry. Through the precise regulation of the electrical double layer, the strong electrostatic fields from surface-bound kosmotropic ions organize limited water molecules into a low-activity, confined network, fundamentally reshaping the solvation structure. Benefiting from this optimized atomic-level architecture, the reaction pathways are fundamentally altered: on the cathode, it unlocks a single-step I
                    −
                    /I
                    2
                    redox process that effectively severs the formation pathway of polyiodides; on the anode, it induces coordinatively unsaturated structures to accelerate desolvation and suppress parasitic reactions. Consequently, the system circumvents intrinsic kinetic limitations and facilitates a transition from electric-field-driven electromigration to regulated diffusion-dominated transport. This optimizes ion flux and enables stable Zn anode operation for &gt;1000 h (99.7% avg. Coulombic efficiency). The Zn-I
                    2
                    full cells deliver a high areal capacity of 0.91 mAh cm
                    −2
                    with 93% capacity retention after 2500 cycles at 1.0 mA cm
                    −2
                    . Impressively, this strategy enables a minimalist iodine-free cathode design and successfully scales to pouch cells (stable for &gt;600 cycles), offering a paradigm shift for developing safe, high-rate and durable quasi-solid-state batteries.",crossref,0
Psychological and computational evidence that merit is a constructed evaluative process,https://www.science.org/doi/abs/10.1126/sciadv.aeh5472?af=R,AAAS: Science Advances: Table of Contents,2026-10-02 07:00:00 UTC,2026-10-02 07:00:00+00:00,10.1126/sciadv.aeh5472,Alan G. Sanfey,"Merit is a foundational moral principle invoked to justify inequality between people, yet an individual’s productivity is shaped not only by their efforts but also their opportunities. How, then, do people construct merit judgements? Across four preregistered, incentivized studies with US-based samples (total
                    N
                     = 759), we provide psychological and computational evidence that merit is not the product of a fixed rule, but rather the outcome of a subjective valuation. In a two-stage paradigm, participants first completed a real-effort tournament that dissociated performance (effort) from structural productivity (output dependent on opportunity). Thereafter, groups of observers and stakeholders allocated resources to tournament players. Across studies, a player’s performance and structural productivity influenced how people judged deservingness. Computational modeling revealed that decision-makers integrated these dimensions of merit into a value computation that shaped allocations. Crucially, individuals differed in their latent weighting patterns, yielding subgroups with directly opposing conceptions of deservingness. By revealing merit as a nonuniform ideal, these findings provide a mechanistic account of how deservingness is determined, helping explain the compelling yet contested nature of meritocracy.",crossref,0
"A rapid, inexpensive diagnostic for bacterial pathogen and resistance detection in resource-limited settings",https://www.science.org/doi/abs/10.1126/sciadv.aeb6630?af=R,AAAS: Science Advances: Table of Contents,2026-10-02 07:00:00 UTC,2026-10-02 07:00:00+00:00,10.1126/sciadv.aeb6630,Roby P. Bhattacharyya,"Antimicrobial resistance is a major global health threat, with disproportionate impact in regions with limited diagnostic infrastructure. To address this challenge, we developed BADLOCK (Bacterial and AMR Detection by SHERLOCK), a rapid, low-cost molecular diagnostic platform for direct detection of bacterial pathogens and resistance genes from clinical samples. BADLOCK operates as a one-pot CRISPR-Cas13a reaction capable of detecting nine bacterial species and four major resistance genes directly from positive blood culture. It requires only a heat block and a basic fluorometer for operation. We validated BADLOCK on 194 sequentially collected clinical blood culture specimens growing Gram-negative rods, supplemented with 69 mock samples generated from banked isolates enriched for targeted resistance genes. In all, we conducted 2224 individual reactions, achieving 97.6% accuracy (2171 of 2224) at the reaction level. At the assay level, 89.5% (274 of 306) showed perfect or partial concordance with gold-standard species and resistance gene detection, including 255 assays with perfect concordance and 19 with partial concordance (correct detection of at least one pathogen). This included an evaluation of BADLOCK as a potential culture-free diagnostic for urinary tract infections (UTIs), achieving 98.0% reaction-level accuracy. At the assay level, 95.3% (41 of 43) were partially or perfectly concordant with gold-standard detection of both species and resistance genes. To our knowledge, this represents the first demonstration of the CRISPR-Cas13a diagnostic platform on clinical bloodstream infections to date and supports BADLOCK’s potential as a practical and scalable solution for rapid pathogen and resistance gene detection in resource-constrained settings.",crossref,0
"Highly stretchable, hair-compatible multichannel neural interface with time-stable hydrogel for high-fidelity long-term EEG sensing",https://www.science.org/doi/abs/10.1126/sciadv.aee1540?af=R,AAAS: Science Advances: Table of Contents,2026-10-02 07:00:00 UTC,2026-10-02 07:00:00+00:00,10.1126/sciadv.aee1540,Huiliang Wang,"Reliable brain-computer interfaces (BCIs) require electroencephalography (EEG) sensors that maintain conformal, low-impedance contact through hair, motion, and repeated use. Here, we present MindStretcH, a stretchable and hair-compatible EEG platform integrating a kirigami-patterned elastomeric mesh, deformable eutectic gallium-indium (EGaIn) interconnects, and detachable hydrogel-based conical electrodes. The system adapts to variations in head geometry, preserves electrical performance under substantial mechanical deformation, and maintains stable electrode-scalp contact over prolonged use. Longitudinal motor-imagery recordings and repeated online BCI experiments showed consistent task-related EEG activity without measurable deterioration in recording quality. These results establish MindStretcH as a reusable platform for long-term EEG monitoring and BCI applications in laboratory, clinical, and home settings.",crossref,0
The landscape of allele-specific expression in human kidneys,https://www.science.org/doi/abs/10.1126/sciadv.aeg3462?af=R,AAAS: Science Advances: Table of Contents,2026-10-02 07:00:00 UTC,2026-10-02 07:00:00+00:00,10.1126/sciadv.aeg3462,Dongwon Lee,"Allele-specific expression (ASE), the preferential expression of one gene copy, is a key mechanism of genomic regulation. However, its role in human kidney disease remains poorly understood. In this study, we generated a high-quality, genome-wide ASE map using paired whole-genome sequencing and RNA sequencing from microdissected glomerular and tubulointerstitial compartments of patients with proteinuric kidney disease. We showed that the majority of common ASE events were deterministic and sequence-mediated. We also found that diseased kidneys exhibited significantly more ASE in glomeruli (GLOM) than tubulointerstitium (TUBE) compared to controls. Unexpectedly, higher ASE in GLOM than TUBE was significantly associated with improved kidney disease outcomes in the disease cohort. Differential gene expression analysis suggested that this was the result of an active, protective transcriptional response, including ribosome and adenosine 5′-triphosphate synthesis up-regulation, rather than pathogenic dysregulation. Our work reveals glomerular ASE as a marker of adaptive transcriptional activity in proteinuric kidney disease.",crossref,0
Entanglement-induced resilience of quantum dynamics,https://www.science.org/doi/abs/10.1126/sciadv.aef3416?af=R,AAAS: Science Advances: Table of Contents,2026-10-02 07:00:00 UTC,2026-10-02 07:00:00+00:00,10.1126/sciadv.aef3416,Qi Zhao,"Quantum many-body devices suffer from imperfections that destabilize dynamics and limit scalability. We show that the dynamical growth of entanglement can intrinsically protect generic quantum dynamics against coherent noise and local perturbative noise. Through rigorous theoretical analysis of general quantum dynamics and numerical simulations of spin chains and fermionic lattices, we prove that entanglement entropy growth confines the influence of local Hamiltonian perturbations, thereby suppressing dynamical errors. The degree of protection correlates quantitatively with the entanglement entropy of subsystems, on which the perturbations act, and applies broadly to both analog quantum simulators and real-time control protocols. This entanglement-induced resilience is conceptually distinct from quantum error correction or dynamical decoupling: It passively leverages native many-body correlations without additional qubits, measurements, or control overhead. Our results reveal a generic mechanism linking entanglement growth to dynamical stability and provide practical guidelines for designing noise-resilient quantum devices.",crossref,0
S-Nitrosylation of glycogen phosphorylase regulates nuclear glycogenolysis and is impaired in metabolic liver disorders,https://www.science.org/doi/abs/10.1126/sciadv.aej6157?af=R,AAAS: Science Advances: Table of Contents,2026-10-02 07:00:00 UTC,2026-10-02 07:00:00+00:00,10.1126/sciadv.aej6157,Nicola Brunetti-Pierri,"Nuclear glycogen storage has been known for nearly 100 years. However, its role in diseases remains unclear. Here, we found nuclear glycogen storage in livers of mice and humans with argininosuccinic aciduria (ASA), an inborn error of metabolism. Nuclear glycogenolysis sustains histone acetylation and liver homeostasis. We show that hepatic nuclear glycogenolysis is regulated by nitric oxide (NO)–dependent control of the nuclear abundance of liver glycogen phosphorylase (PYGL), an enzyme involved in glycogen breakdown that translocates from the cytosol to the nucleus. In vivo, NO supplementation restored the nuclear content of PYGL by promoting its
                    S
                    -nitrosylation at cysteine-446 and its nuclear translocation. Next, we found that nuclear import of PYGL is mediated by HNRNPF, a regulator of RNA maturation that shuttles between the nucleus and cytosol, thus linking control of gene expression to RNA metabolism. Similar changes were detected in both rodent and human livers with metabolic dysfunction-associated steatotic liver disease (MASLD), a global health concern with limited therapies, that shares with ASA a decrease in NO synthesis. In conclusion, our findings reveal a mechanism underlying reduced glycogenolysis and hepatic nuclear glycogen storage disorders, a new group of metabolic disorders.",crossref,0
Parallel multilayer photoacoustic microscopy of slide-free histology using a droplet-shaped UV beam,https://www.science.org/doi/abs/10.1126/sciadv.aeh1153?af=R,AAAS: Science Advances: Table of Contents,2026-10-02 07:00:00 UTC,2026-10-02 07:00:00+00:00,10.1126/sciadv.aeh1153,Xiaocong Yuan,"Label-free and slide-free histological imaging of surgical tissues is vital for guiding surgical decisions during tumor resection. UV photoacoustic microscopy can be employed to discern atypical cytologic characteristics without using exogenous contrast agents, but the narrow depth of field limits image quality and delays histological visualization when scanning unprocessed tissue specimens with large thicknesses and irregular surfaces. Here, we develop a liquid crystal-based metalens for precise wavefront engineering of the incident UV light to create a droplet-shaped photoacoustic excitation beam. An axially extended depth of field with subcellular lateral resolution is achieved using multiple optical foci during photoacoustic microscopy, enabling parallel discrete multilayer imaging of slide-free specimens. Fast and accurate observations of microarchitectural details offer label-free high-throughput histology insights of unprocessed human glioma specimens without sectioning and staining, demonstrating the feasibility of rapid multilayer histological imaging in thick tissues and supporting the future development of intraoperative pathological assessment techniques.",crossref,0
Re-evaluating molecular clock maximum age calibrations revives pre-Ediacaran divergence estimates for animals,https://www.science.org/doi/abs/10.1126/sciadv.aeg6289?af=R,AAAS: Science Advances: Table of Contents,2026-10-02 07:00:00 UTC,2026-10-02 07:00:00+00:00,10.1126/sciadv.aeg6289,Ross P. Anderson,"Divergent models persist for the emergence of animals. Lipid biomarkers suggest animals originated before 635 million years ago (Ma), but their body fossil record extends to only 574 Ma. Molecular clocks might differentiate between these records, but we demonstrate how their accuracy and precision hinge on maximum age calibrations. We evaluate the Ediacaran Weng’an Biota (China) as a maximum calibration utilizing microfossils from the Kheseen Biota (Mongolia). These two biotas have similar preservation and microfossil assemblages, containing no definitive animals. The Kheseen Biota, deposited at a time (∼550–526 Ma) when animals were undoubtedly present, questions the validity of the Weng’an calibration. We discuss the uncertainty in maximum calibration strategies and propose multiple pre-Ediacaran deposits with favorable taphonomy, preserving both non-animal body fossils and biomarkers, as currently the most reliable calibrations. Our analyses support a late Tonian to mid-Cryogenian (∼800–700 Ma) origin for Metazoa.",crossref,0
Transposon end recognition and pairing by I-F3 CRISPR-associated transposase,https://www.science.org/doi/abs/10.1126/sciadv.aee1374?af=R,AAAS: Science Advances: Table of Contents,2026-10-02 07:00:00 UTC,2026-10-02 07:00:00+00:00,10.1126/sciadv.aee1374,Elizabeth H. Kellogg,"To develop gene therapy tools based on CRISPR-associated transposons (CASTs), it is essential to define how transposon ends are recognized and paired during transposition. Transposon
                    7
                    (Tn7)–like transposons typically contain asymmetric left- and right-end sequences that flank and define DNA cargo. However, how the transposase recognizes these different sequences and assembles them into a catalytically competent state for cut-and-paste transposition remains unknown. Here, we present the cryo–electron microscopy structure of the VchCAST transposase TnsB in complex with transposon DNA ends and host factor IHF, along with biochemistry, molecular dynamics, and in vivo analyses. Our structure reveals the stoichiometry and architecture of the assembly, as well as the DNA distortions required to accommodate transposon end asymmetry. Molecular dynamics suggests that these distortions are required for the coordinated assembly of the complex. Physical association of asymmetric left and right ends results in a previously uncharacterized protein-protein interface that is required for transposition efficiency. Our findings explain how transposases regulate the pairing of transposon end sequences for high-fidelity recognition, reveal a model of transposon-end synapsis, and suggest future avenues to engineer DNA cargo for genome-editing applications.",crossref,0
Room-temperature spin control in WS2 enabled by chiral seeded lead-free chiral perovskites,https://www.science.org/doi/abs/10.1126/sciadv.aef0681?af=R,AAAS: Science Advances: Table of Contents,2026-10-02 07:00:00 UTC,2026-10-02 07:00:00+00:00,10.1126/sciadv.aef0681,Jia Liang,"Because of the temperature-induced intervalley scattering, transition metal dichalcogenides (TMDCs) typically exhibit diminished valley polarization at room temperature, limiting their application in valleytronic devices. To address this issue, combining chiral perovskites with monolayer TMDCs provides a promising route for room-temperature valley polarization control. Here, the enhanced chiral-induced spin selectivity (CISS) effect in
                    R
                    -(+)- and
                    S
                    -(−)-α-methylbenzylamine (MBA)–based tin perovskites is substantially strengthened by introducing chiral seed layers. Leveraging spin-valley coupling, spin extraction at the chiral perovskite interface improves the valley polarization of monolayer tungsten disulfide (WS
                    2
                    ) to reach as high as 14.9% at room temperature. The enhanced CISS effect enables more efficient spin-selective charge transfer, thereby amplifying the carrier population imbalance between the K and K′ valleys in monolayer WS
                    2
                    . This asymmetry is further improved by the high-quality chiral perovskite substrates, which help suppress valley carrier recombination. Our study offers a promising approach by combining chiral seed–induced enhancement of the CISS effect in chiral perovskite with monolayer TMDCs to achieve excellent performance of valley manipulation.",crossref,0
"An immunocompetent, multifluorescent resource for real-time analysis of osteosarcoma progression, metastasis, and response to therapy",https://www.science.org/doi/abs/10.1126/sciadv.aed6938?af=R,AAAS: Science Advances: Table of Contents,2026-10-02 07:00:00 UTC,2026-10-02 07:00:00+00:00,10.1126/sciadv.aed6938,Giuseppe Intini,"Despite substantial treatment improvements, the 5-year survival rate for metastatic osteosarcoma (OS) is still as low as 20%. Immunocompetent genetic mouse models of OS have been introduced, enabling in vivo OS studies. Here, we present the ROCCIA mouse, a quintuple-mutant extension of these models that develops multifluorescent OS tumors, allowing distinct fluorescently labeled OS cell populations to be identified and traced both within tumors and in the circulation. In addition, this model enables postnatal inactivation of the
                    p53
                    and
                    Rb1
                    genes, thus resembling development and progression of OS in humans. Using this model, we show that osterix (
                    Osx
                    )–expressing fluorescent tumor cells appear in circulation upon OS development and predominate in lung metastases, thus representing a potential target for future therapies. We also show that the immunological landscape of this model’s tumor microenvironment mimics the previously described human OS microenvironment. Therefore, this immunocompetent, quintuple mutant, multifluorescent mouse model represents a powerful resource to analyze OS tumor development and metastasis in real time and to test translational therapies.",crossref,0
Tumor cell–intrinsic stress states drive sensitivity to CAR T cell therapy in pancreatic cancer,https://www.science.org/doi/abs/10.1126/sciadv.aeh8973?af=R,AAAS: Science Advances: Table of Contents,2026-10-02 07:00:00 UTC,2026-10-02 07:00:00+00:00,10.1126/sciadv.aeh8973,Michael T. Hemann,"Chimeric antigen receptor (CAR) T cell therapy has transformed the treatment of hematologic cancers but has shown limited efficacy in solid tumors, including pancreatic ductal adenocarcinoma (PDAC). The cellular and molecular factors that influence CAR T cell therapy response remain largely unknown. By integrating modular in vivo CRISPR screens with single-cell genomics and immunocompetent orthotopic models of PDAC, we uncover oxidative and proteotoxic stress pathways as previously unknown modulators of CAR T cell therapy response. Disruption of stress regulatory genes, particularly
                    Keap1
                    and
                    Slc33a1
                    , sensitizes PDAC tumors to CAR T cell killing in vivo. Hyperactivation of the Nrf2 pathway by genetic ablation of
                    Keap1
                    or endogenous engineering of clinically observed
                    Keap1
                    or
                    Nfe2l2
                    mutations enhances tumor susceptibility to CAR T cell therapy. Thus, tumor-intrinsic molecular stress phenotypes can induce unexpected cell state–specific vulnerabilities to cell-based immunotherapies. These findings provide a foundation to improve efficacy of CAR T cell therapy in solid malignancies and to better stratify patients with cancer by tumor genotype.",crossref,0
DeCoRE: A computational method to resolve RNA structural heterogeneity from RNA structure probing data by direct RNA sequencing,https://www.science.org/doi/abs/10.1126/sciadv.aef0670?af=R,AAAS: Science Advances: Table of Contents,2026-10-02 07:00:00 UTC,2026-10-02 07:00:00+00:00,10.1126/sciadv.aef0670,Qiangfeng Cliff Zhang,"RNA molecules are inherently dynamic, forming complex structural ensembles of alternative conformations that direct their cellular functions. Current methods for resolving RNA structural heterogeneity and dynamics have been developed for short-read sequencing–based structure probing, limiting their sensitivity and resolution. Here, we introduce DeCoRE (deconvolving complex RNA structural ensembles), a computational method that leverages direct RNA sequencing to resolve RNA structural heterogeneity and dynamics at the individual transcript level. DeCoRE combines enhanced structural signal detection with direct clustering of sequencing reads to sensitively deconvolve RNA structural ensembles at single-nucleotide resolution. We demonstrate DeCoRE’s capabilities by resolving the known alternative conformations of the lysine and TPP riboswitches and uncover a previously uncharacterized cotranscriptional folding pathway of bacterial ribosomal RNA, where two conformations coexist during early elongation and progressively converge into a single mature conformation. DeCoRE represents a powerful tool for dissecting RNA structural heterogeneity and dynamics, advancing our understanding of RNA function.",crossref,0
Ultrahigh discharge voltage plateau of 3.2 V achieved in Li-CO2 batteries using iron polyphthalocyanine,https://www.science.org/doi/abs/10.1126/sciadv.aei5080?af=R,AAAS: Science Advances: Table of Contents,2026-10-02 07:00:00 UTC,2026-10-02 07:00:00+00:00,10.1126/sciadv.aei5080,Xiao-Fei Hu,"Rechargeable lithium-carbon dioxide (Li-CO
                    2
                    ) batteries offer great potential for greenhouse gas use and high-energy-density storage. However, their practical application is hindered by the formation of a thermodynamically stable Li
                    2
                    CO
                    3
                    (lithium carbonate) product that is hard to decompose during charging. Highly crystalline and conductive reticular material iron polyphthalocyanine (pFe
                    II
                    Pc) as a solid-state redox mediator into Li-CO
                    2
                    batteries tailors the cathode reaction pathway, enabling stable Li
                    2
                    C
                    2
                    O
                    4
                    (lithium oxalate) generation and an extraordinary discharge plateau of 3.2 V beyond the theoretical limit. Beyond delivering an ultrahigh discharge capacity of 28,790 milliampere-hours per gram and reversible cyclability over 1400 hours (cutoff capacity of 1000 milliampere-hours per gram) at 100 milliamperes per gram, the Li-CO
                    2
                    batteries exhibit excellent temperature adaptability (−40 to 80°C). The Li-CO
                    2
                    pouch cells using pFe
                    II
                    Pc as the solid-state redox mediator achieve a high energy density of 678 watt-hours per kilogram on the basis of total device mass and maintain reversible cycling for 251 hours. Our work pioneers a promising pathway toward practical high-efficiency Li-CO
                    2
                    batteries.",crossref,0
A folate receptor–targeted NIR-II probe improves intraoperative imaging and surgery of metastatic ovarian cancer,https://www.science.org/doi/abs/10.1126/sciadv.aed7722?af=R,AAAS: Science Advances: Table of Contents,2026-10-02 07:00:00 UTC,2026-10-02 07:00:00+00:00,10.1126/sciadv.aed7722,Xin Wang,"Intraoperative fluorescence imaging holds great promise for achieving complete cytoreduction in ovarian cancer, but its clinical utility is currently constrained by the limitations of existing imaging agents. In particular, the leading clinical probe, OTL38, operates in the near-infrared I (NIR-I; 700 to 1000 nanometers) window, which suffers from limited tissue penetration and suboptimal resolution. Here, a folate receptor α (FRα)–targeted NIR-II (1000 to 3000 nanometers) imaging probe was developed by incorporating a 4-(4-iodophenyl)butanoic acid moiety. This structural modification enables albumin binding, thereby prolonging systemic circulation and enhancing accumulation in FRα-positive tumors. In murine models of peritoneal metastasis, our probe enabled precise visualization of occult lesions undetectable by the naked eye. Compared to OTL38, this probe demonstrated superior tumor detection sensitivity (90.20% versus 78.75%) and allowed for the reliable identification of elusive lesions less than or equal to 3 millimeters in diameter. These findings highlight the potential of albumin-binding NIR-II imaging strategies to overcome the limitations of current clinical probes and enhance precision fluorescence–guided surgery.",crossref,0
In situ evidence of tiered adaptations buffering a chemosynthetic clam holobiont against environmental sulfide fluctuations,https://www.science.org/doi/abs/10.1126/sciadv.aed8728?af=R,AAAS: Science Advances: Table of Contents,2026-10-02 07:00:00 UTC,2026-10-02 07:00:00+00:00,10.1126/sciadv.aed8728,Pei-Yuan Qian,"Deep-sea holobionts adapt to extreme environmental fluctuations, but the molecular mechanisms underlying resilience remain poorly understood. We investigated the vesicomyid clam
                    Archivesica marissinica
                    and its sulfur-oxidizing symbionts during sulfide shortage via in situ transplant experiments at the Haima cold seep. Transplanting clams to sulfide-depleted conditions (moderate at HM-3 and severe at HM-2) revealed distinct response patterns of host-symbiont interaction. Symbionts may mitigate sulfide loss by shifting from sulfide oxidation to thiosulfate oxidation, supported by thiosulfate generated through host sulfide detoxification pathways. Notably, symbiont abundance remained stable under moderate sulfide shortage (HM-3), accompanied by down-regulation of host endosomal maturation and fusion with lysosomes, potentially limiting symbiont turnover. Conversely, severe sulfide shortage (HM-2) was associated with up-regulation of lysosomal pathways and lower symbiont abundance. These results demonstrate tiered molecular adaptations—metabolic flexibility and shifts in symbiont dynamics—enabling holobiont resilience to spatially heterogeneous sulfide availability in deep-sea seeps, supporting ecosystem stability.",crossref,0
Children from six cultures reliably help their peers—but in different ways,https://www.pnas.org/doi/abs/10.1073/pnas.2515233123?mi=eymic2&af=R&access=on&content=articlesChapters&publication=pnas&sortBy=Earliest&target=default,Proceedings of the National Academy of Sciences: Keyword search for query,2026-10-02 07:00:00 UTC,2026-10-02 07:00:00+00:00,10.1073/pnas.2515233123,Michael Tomasello,"Helping others is an integral part of human sociality, but systematic cross-cultural comparisons of children’s helping behavior are rare. Existing work has mainly focused on interactions between adults and children, paying less attention to peer dynamics—which are more relevant in many cultural settings. Here, we report a study of 4- to 9-y-old children’s (N = 336) spontaneous helping in 6 highly diverse populations in Latin America, Africa, and Europe (Wichí, Quechua, ≠Akhoe Hai||om, Samburu, Kikuyu, and Germans). In all settings, we observed pairs of same-aged children in an experimental task in which one partner could assist the other by providing either instrumental help or information. Across cultures, children reliably helped their peers by offering either type of help, with the provision of information increasing over age. We found striking commonalities in peer helping in all settings, with only small culture-specific patterns in children’s responses. This suggests that helping among children is a universal human behavior which is subtly shaped by local norms and practices.",crossref,0
A structure-aware generative AI framework for revealing functional relationships in protein families,https://www.pnas.org/doi/abs/10.1073/pnas.2536965123?mi=eymic2&af=R&access=on&content=articlesChapters&publication=pnas&sortBy=Earliest&target=default,Proceedings of the National Academy of Sciences: Keyword search for query,2026-10-02 07:00:00 UTC,2026-10-02 07:00:00+00:00,10.1073/pnas.2536965123,Davit A. Potoyan,"Proteins can be studied through their sequence statistics or structural properties. These represent complementary views that are useful but lack a quantitative framework to tell, family by family, which is most informative and how to combine them. We introduce a framework that builds both views in parallel: amino acid (AA) alignments are translated into parallel alignments over a 3D interaction (3Di) structure-informed alphabet. Variational autoencoders compress each into a two-dimensional map, and direct coupling analysis places a shared coevolutionary energy on both maps, turning them into latent generative landscapes. On these landscapes, we define information-theoretic distance metrics that quantify how sequence changes drive structural and functional variation in protein families. We demonstrate the framework on five families: in malate dehydrogenases, the 3Di landscape identifies the structurally conserved scaffold that this family uses to encode thermal adaptation via sequence variability revealed in the AA landscape. In globins and transient receptor potential melastatin (TRPM), the 3Di landscape recovers known functional subfamilies. In the Flaviviridae E1 and E2 glycoproteins, structure reveals evolutionary relationships invisible at the sequence level. Because many sequences encode the same fold, our framework lets us disentangle family-sequence variability from structural and functional variation. These generative landscapes allow sampling near functional regions, and we show they can help us gain mechanistic insight into the evolutionary forces shaping sequence–structure–function variation and guide the design of new proteins.",crossref,0
Convergent innovation of (crypto)vivipary via asymmetric dismantling of seed desiccation and dormancy machinery,https://www.pnas.org/doi/abs/10.1073/pnas.2602105123?mi=eymic2&af=R&access=on&content=articlesChapters&publication=pnas&sortBy=Earliest&target=default,Proceedings of the National Academy of Sciences: Keyword search for query,2026-10-02 07:00:00 UTC,2026-10-02 07:00:00+00:00,10.1073/pnas.2602105123,Wenwu Wu,"Cryptovivipary and vivipary, referred to as (crypto)vivipary, occur across multiple angiosperm lineages and enable embryos to continue developing before dispersal. Yet, this trait raises a fundamental question: how are seed-specific abscisic acid (ABA) responses modulated to support continuous embryonic growth without compromising ABA-dependent vegetative stress tolerance? Here, integrating phylogenomic analyses of independently evolved (crypto)viviparous lineages with spatiotemporal transcriptomics and functional validation, we show that (crypto)vivipary evolved via a convergent “less-is-more” strategy rather than through novel genes or single master loci (e.g.,
                    DOG1
                    ). While upstream hormonal cores (e.g., ABA/GA signaling) are largely conserved, downstream seed desiccation and dormancy effectors are asymmetrically dismantled across cryptoviviparous and viviparous lineages. This remodeling, encompassing 38 shared contracted orthogroups and hundreds of lineage-specific losses, converges on eliminating the execution machinery for seed desiccation tolerance and dormancy maintenance. Consistently, orthologs of the contracted genes are enriched for dry-seed–specific expression and ABA responsiveness in non-(crypto)viviparous species. Furthermore, disrupting representative
                    Arabidopsis
                    orthologs (e.g.,
                    SESA1
                    ,
                    TIP3.2
                    ,
                    LEA25
                    ,
                    ECP63
                    ) recapitulates (crypto)viviparous-like phenotypes, including precocious germination, elevated seed moisture, and in most mutants, compromised storage longevity. Together, our findings demonstrate how structured contraction of terminal seed-specific modules uncouples seed developmental fate from systemic stress signaling, illuminating the molecular architecture of (crypto)vivipary.",crossref,0
"Deep learning of fossil pollen morphology reveals 25,000 y of ecological change in eastern African grasslands",https://www.pnas.org/doi/abs/10.1073/pnas.2607372123?mi=eymic2&af=R&access=on&content=articlesChapters&publication=pnas&sortBy=Earliest&target=default,Proceedings of the National Academy of Sciences: Keyword search for query,2026-10-02 07:00:00 UTC,2026-10-02 07:00:00+00:00,10.1073/pnas.2607372123,Surangi W. Punyasena,"Grass (Poaceae) pollen is largely overlooked in investigations of grassland evolution because the pollen of most species cannot be differentiated using traditional optical microscopy. However, the combination of superresolution microscopy and deep learning enables the capture and quantification of distinct morphological variation across the pollen of grass species. Using a semisupervised deep-learning strategy, we trained convolutional neural networks (CNNs) on superresolution images of known modern and unlabeled fossil grass pollen. We used learned CNN features to estimate taxonomic diversity and discriminate between C
                    3
                    and C
                    4
                    grass species—applying Shannon entropy as a measure of morphological variability and a gradient-boosted decision tree as a classifier of photosynthetic type. We validated the method on modern grass pollen assemblages and then applied our trained models to fossil assemblages from a 25,000-y lake-sediment record from Mt. Kenya, correlating shifts in grass diversity through time with changes in atmospheric CO
                    2
                    concentration and proxy records of local temperature, precipitation, and fire occurrence. Our data show that the species diversity of these montane grasslands declined substantially between 21,500 and 16,000 years ago, coincident with the most severe regional cooling of the last ice age, and that the fraction of C
                    4
                    grasses gradually decreased after the late-glacial–Holocene transition, associated with higher temperatures and decreasing fire activity. Our results demonstrate that CNN features of pollen morphology can advance palynological analysis and enable robust estimation of changes in grass diversity and C
                    4
                    grass abundance in ancient grassland ecosystems.",crossref,0
PAK4 exacerbates melanoma immunosuppression by promoting exosome release,https://www.pnas.org/doi/abs/10.1073/pnas.2536086123?mi=eymic2&af=R&access=on&content=articlesChapters&publication=pnas&sortBy=Earliest&target=default,Proceedings of the National Academy of Sciences: Keyword search for query,2026-10-02 07:00:00 UTC,2026-10-02 07:00:00+00:00,10.1073/pnas.2536086123,Feng Li,"Melanoma remains a lethal malignancy with frequent resistance to immune checkpoint blockade therapy. Clinical evidence associates elevated PAK4 expression with poor response to anti-PD-1 treatment in melanoma patients. While tumor-derived exosomes are recognized as key immunosuppressive mediators, the role of PAK4 in regulating exosome secretion to induce immunosuppression remains incompletely understood. Here, we demonstrate that PAK4-mediated phosphorylation of Annexin-A2 (ANXA2) at Ser26 promotes its nuclear-to-cytoplasmic translocation, facilitating the formation of S100A10-ANXA2 heterotetramers that drive multivesicular body docking to the plasma membrane. Furthermore, PAK4 stabilizes synaptotagmin-1 by suppressing Trim21-mediated ubiquitin degradation, enabling SNARE complex assembly for membrane fusion. PAK4-driven exosomes exhibit potent immunosuppressive activity, substantially reducing CD8
                    +
                    T cell numbers and impairing their function in mouse models. Notably, melanoma cells with high PAK4 expression secrete PD-L1-enriched exosomes that promote systemic immune evasion. In patient-derived xenograft models, pharmacological inhibition of PAK4 attenuates tumor progression and reduces circulating exosomal PD-L1 levels. Our study unveils a dual mechanism through which PAK4 drives exosome-dependent immunosuppression, providing a rationale for combining PAK4 pathway inhibitors with immune checkpoint blockade and offering translational strategies to overcome melanoma immunotherapy resistance.",crossref,0
Lineage and renewal dynamics of sebaceous glands govern skin barrier integrity in mice,https://www.pnas.org/doi/abs/10.1073/pnas.2615179123?mi=eymic2&af=R&access=on&content=articlesChapters&publication=pnas&sortBy=Earliest&target=default,Proceedings of the National Academy of Sciences: Keyword search for query,2026-10-02 07:00:00 UTC,2026-10-02 07:00:00+00:00,10.1073/pnas.2615179123,Zhuzhen Zhang,"Sebaceous glands (SGs) are essential for maintaining skin homeostasis and barrier function. However, the cell biology and lineage of SGs remain poorly understood in vivo. Here we performed bulk isolation of murine SGs, uncovered their molecular features, and generated SG-specific tool mouse models. Tracing with SG-Chaser mice revealed SG heterogeneity and their dynamic and distinct responses to common external stimuli. Specifically, some SG stem cell (SGSC) descendants homed back to the bulge and underwent redifferentiation, the toggling of which is critical for preserving stem cell pool and maintaining SG homeostasis. Combining single-cell RNA sequencing with lineage tracing, we identified the origin of murine SGs and found that
                    Krt15
                    + cells gave rise to both typical and atypical SGs via divergent differentiation trajectories. As lipid-rich cells, murine sebocytes exhibit a differentiation program closely resembling that of adipocytes and highly reliant on Pparγ. Topical pharmacological regulation of Pparγ can effectively modulate sebocytes homeostasis in both mice and humans. Together, these results unveil the multilayered dynamics of murine SGs and suggest viable approaches to modulate SG homeostasis and maintain barrier integrity.",crossref,0
Dynamic tRNA modification programs align codon usage with growth-phase-specific gene expression in Pseudomonas aeruginosa,https://www.pnas.org/doi/abs/10.1073/pnas.2615985123?mi=eymic2&af=R&access=on&content=articlesChapters&publication=pnas&sortBy=Earliest&target=default,Proceedings of the National Academy of Sciences: Keyword search for query,2026-10-02 07:00:00 UTC,2026-10-02 07:00:00+00:00,10.1073/pnas.2615985123,Susanne Häussler,"Post-transcriptional transfer RNA (tRNA) modifications dynamically regulate translational capacity, yet whether the tRNA epitranscriptome is temporally coordinated with gene expression programs during bacterial growth remains unknown. Here, we combine time-resolved nanopore tRNA sequencing, liquid chromatography–tandem mass spectrometry modification profiling, transcriptomics, and proteomics across the
                    Pseudomonas aeruginosa
                    PA14 growth cycle to show that tRNA-modifying enzymes, the corresponding tRNA modifications, and modification-dependent genes are expressed in a coordinated temporal cascade. GidA-dependent 5-methylaminomethyl-2-thiouridine (mnm
                    5
                    s
                    2
                    U) modifications exemplify this program: GidA expression peaks during early growth, followed by rising mnm
                    5
                    s
                    2
                    U levels coinciding with maximal expression of genes enriched in rare AGA and UUA codons, with a concomitant enrichment of virulence-associated functions. This sequential pattern is consistent with a feedforward architecture in which the modification machinery acts in advance of translational demands. This mechanism is especially relevant for a set of horizontally acquired genes, suggesting that temporally programmed tRNA epitranscriptomic remodeling may help bridge local codon usage deviations between horizontally acquired genes and the core translational context.",crossref,0
Suspended particles for omnidirectional template sacrifice for rapid vascular patterning within engineered tissues,https://www.science.org/doi/abs/10.1126/sciadv.ady4531?af=R,AAAS: Science Advances: Table of Contents,2026-10-02 07:00:00 UTC,2026-10-02 07:00:00+00:00,10.1126/sciadv.ady4531,Kelly R. Stevens,"Engineered tissues offer great promise for therapeutic organ repair. Yet, biofabrication of organ-scale tissues can take hours or days for large constructs with geometric complexity, during which living cells in the construct lack vascular support. To address this, we developed an approach to accelerate biofabrication by embedding microreservoirs of evacuation reagents throughout geometrically patterned sacrificial agents. We call this approach Suspended Particles for Omnidirectional Template Sacrifice (SPOTS). We show that microparticles can serve as both structural impurities as well as depots for dissolution agents within sacrificial materials, both of which facilitate accelerated degradation of sacrificial materials and vascular templates. We used SPOTS to produce branched vascular networks in engineered tissue constructs. These networks support perfusion and endothelialization, improve the viability of human cells embedded in the construct, and support phenotype and function of human hepatocytes in the surrounding matrix. By accelerating biofabrication processes, SPOTS thus addresses a critical remaining challenge hindering translation of engineered tissues.",crossref,0
Topology-enforced synthesis of atomically precise silver nanoclusters in 3D DNA lattices,https://www.science.org/doi/abs/10.1126/sciadv.aec2365?af=R,AAAS: Science Advances: Table of Contents,2026-10-02 07:00:00 UTC,2026-10-02 07:00:00+00:00,10.1126/sciadv.aec2365,Simon Vecchioni,"DNA nanotechnology leverages the molecular design resolution of the DNA double helix to fold and tile matter into designer architectures. Recent advances in bioinorganic chemistry have exploited DNA/Ag
                    +
                    affinity to carry out the templated reduction of silver nanoclusters. Here, we develop a unified method that leverages the topology of DNA triangles with embedded silver base pairs to nucleate controlled cluster growth in a mesoporous 3D lattice. Use of confocal fluorescence microscopy allows for the direct observation of reaction kinetics and reconstruction of the optical bandgap. These crystals yield molecular structures of Ag
                    4
                    and Ag
                    6
                    by x-ray diffraction in varying pyrimidine:pyrimidine pairs. Intercluster distances of less than 2 nanometers show observable electronic coupling, with red shifting observed relative to literature standards. A thorough computational investigation establishes a theoretical basis for our observed behavior and establishes the interplay between cluster size, charge, geometry, and resonance. We anticipate that these results will yield advances in materials synthesis, DNA-based plasmonic crystals, and optically active nanoelectronics.",crossref,0
A TERRA-NONO axis drives fibroblast reprogramming in cancer,https://www.science.org/doi/abs/10.1126/sciadv.aed3358?af=R,AAAS: Science Advances: Table of Contents,2026-10-02 07:00:00 UTC,2026-10-02 07:00:00+00:00,10.1126/sciadv.aed3358,Gian Paolo Dotto,"The molecular mechanisms linking chromosome homeostasis to fibroblast reprogramming into cancer-associated fibroblasts (CAFs) remain poorly understood. Here, we identify a clinically relevant, telomere-associated nuclear pathway driving CAF activation across multiple human cancers. The long noncoding RNA TERRA is consistently elevated in CAFs from skin, lung, and breast tumors. We show that the androgen receptor (AR) represses TERRA transcription through subtelomeric binding, and its loss enables TERRA up-regulation and interaction with the RNA binding protein NONO. This interaction forms a CAF-specific nuclear complex that reprograms gene expression. Mechanistically, NONO is directly recruited to and binds the promoters of key CAF effector genes, where it regulates their transcription in a TERRA-dependent manner. Disrupting the TERRA-NONO axis, via TERRA silencing or pharmacologic NONO inhibition, reverses CAF activation and suppresses tumor-stroma interactions in vitro and in vivo, highlighting its therapeutic potential.",crossref,0
Cell size modulates SBF and Whi5 chromatin association to regulate the Start of the budding yeast cell cycle,https://www.pnas.org/doi/abs/10.1073/pnas.2607883123?mi=eymic2&af=R&access=on&content=articlesChapters&publication=pnas&sortBy=Earliest&target=default,Proceedings of the National Academy of Sciences: Keyword search for query,2026-10-02 07:00:00 UTC,2026-10-02 07:00:00+00:00,10.1073/pnas.2607883123,Rodrigo Reyes-Lamothe,"Cell growth and division are tightly coordinated with cell size. In budding yeast, increasing cell size promotes the G1/S transition, called
                    Start
                    , by activating the transcription factor SBF, which regulates cell cycle–dependent gene expression. Part of this regulation arises because the concentration of the SBF inhibitor Whi5 decreases as cells grow. However, cells lacking Whi5 can still maintain accurate size control when the SBF activator Cln3 is also removed, indicating that additional size control mechanisms exist. To understand how cell size is translated into the activity of SBF-regulated promoters, we quantified the chromatin-association dynamics of Whi5 and SBF in live cells using single-molecule fluorescence microscopy. We found that increasing cell size is associated with a reduced fraction of Whi5 molecules in a low-mobility state, consistent with chromatin association, and an increased fraction of SBF molecules in this state, together with a higher abundance of SBF relative to Whi5. Mobility trends under basal and Whi5 overexpression conditions indicate that Whi5 restricts SBF association with chromatin. The onset of
                    CLN1
                    /
                    CLN2
                    expression, two SBF targets required for commitment to division, coincides with the cell size at which SBF and Whi5 mobility changes occur. Increased Whi5 mobility reflects changes in chromatin-association frequency rather than residence time, as Whi5 and SBF dwell times on chromatin remain approximately 10 s and are largely independent of cell size. Together, these results show how changes in SBF and Whi5 abundance and chromatin association transmit size information to the genome to regulate the
                    Start
                    transition in budding yeast.",crossref,0
Proximity‐Induced Disulfide Rebridging Enables Modular Construction of Stable Antibody–Drug Conjugates,https://onlinelibrary.wiley.com/doi/10.1002/anie.3744091?af=R,Wiley: Angewandte Chemie International Edition: Table of Contents,2026-10-02 07:30:27 UTC,2026-10-02 07:30:27+00:00,10.1002/anie.3744091,Xun‐Cheng Su,"ABSTRACT
                  Disulfide rebridging chemistry is a promising strategy for site‐specific modification of native antibodies. Current disulfide rebridging strategies using homofunctional rebridging reagents typically favor either rapid conjugation with compromised stability or stable linkage formation with reduced reaction efficiency. Here, we report a kinetically differentiated rebridging strategy using a class of heterotrifunctional rebridging reagents, 5‐fluoro‐4‐(phenylsulfonyl)pyridine derivatives, which can efficiently rebridge reduced disulfide bonds in antibodies to construct diverse types of antibody conjugates under physiological conditions. The kinetically differentiated bis‐thiol‐reactive system enables rapid initial thiol substitution followed by proximity‐accelerated subsequent conjugation, in which the spatially vicinal cysteine thiols generated upon disulfide reduction sequentially replace fluorine and phenylsulfonyl groups on the pyridine derivatives, thereby combining efficient disulfide rebridging with high linkage stability. The resulting pyridyl aldehyde in the rebridged antibodies enables conjugation of functional probes or payloads, yielding multifunctional antibody conjugates. Based on this method, we have constructed antibody‐fluorophore conjugates, demonstrating high plasma stability and efficient internalization into target cell lines, and antibody–drug conjugates (ADCs) with potent cytotoxicity in vitro. This method provides robust linkage stability and expands the toolkit of disulfide bridging reagents for constructing stable antibody conjugates and disulfide‐containing biomolecules under mild conditions.",crossref,0
Bifunctional Molecular Regulation Couples Halide Homogenization With Deep‐Level Defect Control in MA‐Free Wide‐Bandgap Perovskites for Tandem Solar Cells,https://onlinelibrary.wiley.com/doi/10.1002/anie.2375835?af=R,Wiley: Angewandte Chemie International Edition: Table of Contents,2026-10-02 07:33:28 UTC,2026-10-02 07:33:28+00:00,10.1002/anie.2375835,Xiaodan Zhang,"ABSTRACT
                  Methylammonium‐free (MA‐free) wide‐bandgap mixed‐halide perovskites are highly promising for stable perovskite/silicon tandem solar cells. However, the halide homogenization process readily induces deep‐level defects because iodide incorporation into bromide‐rich phases is hard to control. Here, we report a bifunctional ammonium salt strategy that achieves sequential defect control during this process. We find that iodide interstitial and antisite incorporation into the perovskite lattice leads to the formation of halide trimer motifs, which constitute a common structural origin of deep‐level defects. Our strategy uses 4‐(2‐aminoethyl)benzenesulfonic acid hydrochloride, where the sulfonic acid group kinetically regulates iodide incorporation within the narrow homogenization window, while the ammonium moiety reconstructs the local atomic configurations of halide trimer motifs, enabling the spontaneous sequential suppression and deactivation of these deep‐level defects. This strategy delivers a champion efficiency of 23.81% for MA‐free perovskite solar cells and 32.3% for perovskite/silicon tandem devices, which retain over 90% of their initial efficiency after 1000 h of continuous illumination in ambient air. This work advances the understanding and molecular control of deep‐level defects arising from halide homogenization in wide‐bandgap perovskites.",crossref,0
"Epitaxial Growth of Metal–Organic Framework Thin‐Film Scintillators for Temperature‐Adaptive, High‐Resolution X‐Ray Imaging",https://advanced.onlinelibrary.wiley.com/doi/10.1002/adma.75236?af=R,Wiley: Advanced Materials: Table of Contents,2026-10-02 07:36:04 UTC,2026-10-02 07:36:04+00:00,10.1002/adma.75236,Qiushui Chen,"ABSTRACT
                  
                    Solution‐processed scintillators are attractive for large‐area X‐ray imaging. However, their performance in thin‐film architectures is constrained by low effective density, severe light scattering, and insufficient thermal stability. Here, we report a solution‐processed epitaxial growth strategy to fabricate large‐area, monolithic metal–organic framework (MOF) thin‐film scintillators for temperature‐adaptive, high‐resolution X‐ray imaging. Mechanistic investigation reveals that surface hydroxyl‐mediated, molecularly oriented epitaxial growth reconstructs the interfacial energy landscape, enabling optically continuous, densely packed terbium–terephthalate (Tb‐BDC) films on solid substrates. The Tb‐BDC scintillator demonstrates a light yield of 44,380 photons MeV
                    −1
                    and exceptional thermal stability in scintillation performance. At 513 K, it retains 95.2% of its room‐temperature radioluminescence intensity, surpassing the 42.6% retained by commercial Gd
                    2
                    O
                    2
                    S:Tb. Furthermore, it maintains 93.7% of its initial radioluminescence intensity following cumulative X‐ray irradiation up to 67.4 Gy. Notably, its radioluminescence intensity remains within 3.6% of the pristine value after 24 h immersion in water. By integrating self‐supervised machine learning‐assisted image reconstruction, temperature‐adaptive X‐ray imaging with a spatial resolution of 21.7 lp mm
                    −1
                    is achieved. This work establishes an epitaxial microstructural design paradigm for solution‐processed scintillator screens operating under demanding thermal conditions.",crossref,0
W–H Bond‐Mediated “Anti‐Overoxidation Valve”: 100% Formaldehyde Selectivity Among Detected Products in Photocatalytic Methane‐to‐Formaldehyde Conversion,https://onlinelibrary.wiley.com/doi/10.1002/anie.2226950?af=R,Wiley: Angewandte Chemie International Edition: Table of Contents,2026-10-02 07:36:18 UTC,2026-10-02 07:36:18+00:00,10.1002/anie.2226950,Jiancheng Wang,"ABSTRACT
                  
                    Direct photocatalytic conversion of methane to formaldehyde is highly efficient, avoiding energy‐intensive methanol oxidation. However, its selectivity and activity are severely limited by uncontrollable over‐oxidation: Formaldehyde has lower C‐H dissociation energy than methane, prone to deep overoxidation to CO
                    2
                    . Herein, we report H/WO
                    2.72
                    hydrogenated nonstoichiometric tungsten oxide photocatalyst. At ambient temperature, it attains 100% HCHO selectivity over all detectable carbonaceous products at 30.94 µmol·h
                    −1
                    , with 11‐fold higher activity than commercial WO
                    3
                    and outperforming most conventional photocatalysts. Operando spectroscopic studies and density functional theory (DFT) calculations reveal that surface W‐H bonds act as a kinetically gated “Anti‐Overoxidation valve,” W–H bonds are preferentially cleaved by reactive oxygen species (·OOH), as they are thermodynamically weaker than the C–H bonds in HCHO and its over‐oxidation intermediate (*HCOOH). Then the generated hydrogen radicals (H*) drive a reverse reduction pathway to convert the *HCOOH back to *HCHO, interrupting deep oxidation. Concurrently, hydrogenation optimizes the electronic structure of WO
                    2.72
                    , lowering the HCHO desorption barrier to facilitate timely product release. This work provides a dynamic strategy for complete selectivity in catalytic CH
                    4
                    conversion, emphasizing the value of precise kinetic pathway modulation for methane valorization.",crossref,0
Solvent‐Free Synthesis of Covalent Organic Frameworks: Achievements and Challenges,https://onlinelibrary.wiley.com/doi/10.1002/anie.4432478?af=R,Wiley: Angewandte Chemie International Edition: Table of Contents,2026-10-02 07:36:23 UTC,2026-10-02 07:36:23+00:00,10.1002/anie.4432478,Zhifang Wang,"ABSTRACT
                  Covalent organic frameworks (COFs) represent a powerful class of ordered porous materials, yet conventional solvothermal synthetic routes often hinder their practical implementation. Solvent‐free strategies have emerged as attractive alternatives, not only for reducing the use of conventional solvents but also for creating distinct reaction environments for framework formation, crystallization, and materials processing. Mechanochemical activation, ionothermal media, melt‐ or flux‐assisted polymerization, and vapor‐assisted interfaces provide different modes of molecular transport and reaction regulation, thereby influencing bond formation, nucleation, crystal growth, and morphology evolution. This minireview summarizes recent advances in these strategies, with particular attention to their reaction characteristics, structural scope, and applicability to different COF systems. Selected approaches further enable the integration of framework construction with direct shaping into films, membranes, monoliths, foams, and platelets, as well as gram‐ to kilogram‐scale production. Finally, we outline remaining challenges in crystallization pathways, structural integrity, and reproducible scale‐up to guide the future industrial translation of COF technologies.",crossref,0
Topology‐Directed Biomimetic Confinement in Covalent Organic Frameworks Couples Electrocatalytic Water Activation to Reactive Oxygen Species Evolution for Dual‐Potential Electrochemiluminescence,https://onlinelibrary.wiley.com/doi/10.1002/anie.7934270?af=R,Wiley: Angewandte Chemie International Edition: Table of Contents,2026-10-02 07:38:03 UTC,2026-10-02 07:38:03+00:00,10.1002/anie.7934270,Jian‐Ding Qiu,"ABSTRACT
                  
                    Enzymatic confined microenvironments cooperatively modulate reactive oxygen species (ROS) dynamics to enhance biocatalytic efficiency. Drawing inspiration from this natural mechanism, we developed covalent organic frameworks (COFs) with programmable nanoscale confinement, achieved via topology‐directed assembly. This design enables precise spatiotemporal regulation of ROS generation and scavenging, thereby facilitating highly efficient and unprecedented dual‐potential electrochemiluminescence (ECL). The resulting confined COF architecture exhibits enhanced electronic coupling, attributable to dense π‐stacking, and a well‐ordered, continuous hydrogen‐bonding network templated by functionalized pore walls. By mimicking enzymatic proton‐coupled electron transfer (PCET), the confined environment not only promotes site‐specific ROS generation from electrocatalytic water oxidation but also directs ROS‐mediated redox consumption pathways toward selective population of emissive excited states. As a result, we report the first dual‐potential ECL emission in a COF‐based system, achieving cathodic and anodic ECL efficiencies of 40.5% and 21.2%, respectively, representing 11.3‐ and 8.2‐fold enhancements relative to analogous unconfined COFs. Moreover, size‐selective binding of UO
                    2
                    2+
                    within the confined pores provides direct experimental evidence for confinement‐enabled ROS regulation, yielding quantitative, analyte‐responsive ECL signals. Collectively, these findings establish a broadly applicable principle of confinement‐directed reactivity, grounded in mechanistic understanding and offering a rational, structure‐function‐guided strategy for the design of advanced functional materials.",crossref,0
Molecular Gating of the Reactive Water Topological Network for Stable Aqueous Zn Batteries,https://onlinelibrary.wiley.com/doi/10.1002/anie.7342949?af=R,Wiley: Angewandte Chemie International Edition: Table of Contents,2026-10-02 07:40:43 UTC,2026-10-02 07:40:43+00:00,10.1002/anie.7342949,Jiang Zhou,"ABSTRACT
                  
                    The instability of aqueous Zn batteries originates not only from the intrinsic reactivity of water, but also from the continuous hydrogen‐bonded network that enables cooperative interfacial degradation. In conventional aqueous electrolytes, this percolated water network supports proton relay, hydrogen evolution reaction (HER), local alkalization, by‐product precipitation, and Zn
                    2+
                    flux distortion, thereby forming a self‐amplifying failure loop at the Zn/electrolyte interface. Herein, we propose a molecular gating strategy to regulate this reactive water network using 4‐hydroxy‐2‐butanone (HBN) as a dual‐site hydrogen‐bond modulator. The carbonyl and hydroxyl groups of HBN competitively interact with water, fragmenting the continuous H
                    2
                    O–H
                    2
                    O hydrogen‐bond network into low‐cooperativity water domains and suppressing proton‐relay HER. Concurrently, HBN mildly reshapes the Zn
                    2+
                    solvation sheath environment toward a less water‐dominated configuration, moderating interfacial charge‑transfer while preserving essential Zn
                    2+
                    transport. This topology‐gated aqueous regime simultaneously suppresses water‐induced side reactions, prevents alkaline passivation‐driven Zn
                    2+
                    flux distortion, and enables compact Zn deposition. Consequently, the optimized electrolyte affords highly reversible Zn plating/stripping with an average Coulombic efficiency of 99.12% over 800 cycles and supports a 1.0 Ah‐level NVO||Zn pouch cell for 70 cycles with negligible capacity decay.",crossref,0
Dehydrogenation of Biomass‐Derived Aromatic Diol to Value‐Added Acyloin and Hydrogen Production Over Zn0.3Cd0.7S Solid Solution With Defect Clusters and Its Photocatalytic Mechanism,https://onlinelibrary.wiley.com/doi/10.1002/anie.5837873?af=R,Wiley: Angewandte Chemie International Edition: Table of Contents,2026-10-02 07:41:31 UTC,2026-10-02 07:41:31+00:00,10.1002/anie.5837873,Lianmeng Zhang,"ABSTRACT
                  
                    Solar‐driven acceptorless dehydrogenation over semiconductor photocatalysts offers an integrated strategy for selective valorization of biomass and hydrogen evolution. However, the spatial confinement of the dehydrogenation and proton reduction processes generally induces strong Coulombic coupling of photoinduced charges, resulting in frustrated reaction kinetics. In this study, we develop a defect‐cluster synergistic strategy to overcome the above challenges. We construct Mo
                    
                      δ
                    
                    +
                    substitution‐Zn vacancy (Mo
                    Zn
                    V
                    Zn
                    ) defect clusters in Zn
                    0.3
                    Cd
                    0.7
                    S via in situ charge compensation. The quasi‐continuous defect states arising from these associated point defects enable the persistent decoupling of 56.3% of the photoinduced charges with a lifetime of 2542.9 ps. The Mo
                    Zn
                    V
                    Zn
                    defect clusters also serve as synergistic active sites, simultaneously facilitating hole‐mediated dehydrogenation and the entire electron‐mediated sequence from proton‐coupled electron transfer to surface‐adsorbed hydrogen transfer. Consequently, a lignin‐derived aromatic diol achieves 90.4% conversion in 1 h, yielding hydrogen and value‐added aromatic acyloin at rates of 7.4 and 7.3 mmol·g
                    −1
                    ·h
                    −1
                    , respectively. This study offers an integrated strategy that simultaneously decouples photoinduced charges and engineers catalytic sites in spatially confined photoredox reactions, opening up an alternative avenue for the sustainable and versatile valorization of biomass resources.",crossref,0
Water‐Mediated Reversible Crystalline Phase Transformation Enables Color Switching and Circularly Polarized Luminescence Handedness Inversion,https://onlinelibrary.wiley.com/doi/10.1002/anie.8313043?af=R,Wiley: Angewandte Chemie International Edition: Table of Contents,2026-10-02 07:44:57 UTC,2026-10-02 07:44:57+00:00,10.1002/anie.8313043,Yongli Yan,"ABSTRACT
                  Stimuli‐responsive circularly polarized luminescence (CPL) modulation is highly sought for adaptive chiroptical systems, yet achieving reversible CPL handedness inversion in crystalline solids remains challenging. Here, we report organic ionic crystals composed of luminescent cations and chiral anions that undergo crystal‐to‐crystal transformations through hydration/dehydration cycling. These transformations induce in situ switching between yellow and red emission, accompanied by complete inversion of CPL handedness. Structural analyses reveal that reversible changes in lattice hydration reorganize the supramolecular architecture from a double‐helical hydrogen‐bonded framework to a single‐helical architecture with opposite helicity, while simultaneously reshaping chromophore packing. Theoretical investigations further show that this structural reconfiguration alters intermolecular electronic delocalization and reorients the electric and magnetic transition dipole moments, with the angle between them crossing the critical 90° threshold, thereby accounting for the inversion of both circular dichroism and CPL responses. The reversible optical response is robust over multiple switching cycles, and can be spatially patterned to generate multidomain CPL heterostructures, highlighting its potential for multi‐parameter photonic encoding. This work offers fundamental insight into hydration‐regulated chiral transfer in molecular crystals, and establishes a design platform for adaptive chiroptical materials.",crossref,0
Conformationally Switchable Copper(I) Complexes Amplify BODIPY Triplet Photosensitization,https://onlinelibrary.wiley.com/doi/10.1002/anie.6218520?af=R,Wiley: Angewandte Chemie International Edition: Table of Contents,2026-10-02 07:45:03 UTC,2026-10-02 07:45:03+00:00,10.1002/anie.6218520,Lisa Olshansky,"ABSTRACT
                  
                    With its potential to surpass the Shockley–Queisser limit, triplet‐triplet annihilation upconversion (TTA‐UC) has been heralded as a powerful solution in direct solar‐to‐fuel energy conversion. TTA‐UC combines low‐energy photons to generate high‐energy states for photocatalysis. TTA‐UC requires a triplet photosensitizer (PS), commonly a precious‐metal complex, whose structurally rigid MLCT state facilitates intersystem crossing (ISC). However, these metals are costly, toxic, and have low extinction coefficients relative to organic PSs, while organic PSs have limited ISC efficiencies. Taking a bioinspired approach, we combine a light‐harvesting organic chromophore with a structurally switchable earth‐abundant transition metal. Characterizing the ground and excited state properties of this construct, its metal‐free analog, and a version incapable of conformational switching, we show that both the metal ion and its conformational switching are crucial for enhanced photostability, ISC, and energy transfer during TTA‐UC. Ultimately, we increase upconversion quantum yields from 6.6% to 12.1% at low threshold power density (0.037 W/cm
                    2
                    ), and double photocatalysis yields relative to the chromophore alone. These results unveil a new approach in PS design using conformational gating to amplify photocatalysis.",crossref,0
Enhanced Hydrogen Evolution Activity of MoS2 Through Solid Solution Modification of Its Edge Sites With Ruthenium,https://onlinelibrary.wiley.com/doi/10.1002/anie.1871980?af=R,Wiley: Angewandte Chemie International Edition: Table of Contents,2026-10-02 07:46:00 UTC,2026-10-02 07:46:00+00:00,10.1002/anie.1871980,Michael K.H. Leung,"ABSTRACT
                  
                    In hydrogen production, electrocatalysts featuring edge sites as active centers, modulation of its edge site coordination environment could greatly improve the reaction kinetics by effectively reducing the energy barrier. Here, we report a novel catalyst formulation obtained by the electrochemical deposition of ruthenium onto the edge sites and near‐edge basal plane of MoS
                    2
                    to yield Ru‐coordinated solid solution species. The Ru atom acts as a site for water dissociation, increasing the proton supply rate and, in turn, the catalytic activity of MoS
                    2
                    . Based on the Tafel slope, in situ Raman, and electrochemical impedance spectroscopy (EIS) analysis, the edge solid solution creates a locally acidic chemical environment, enhancing the kinetics of the hydrogen evolution reaction by altering the reaction pathway from Volmer–Heyrovsky observed for pristine MoS
                    2
                    to Volmer–Tafel. Edge‐coordinated Ru solid solution catalyst features a very high current density in anion exchange membrane water electrolysis (AEMWE) and demonstrates excellent long‐term stability when compared with other reported MoS
                    2
                    ‐ and Ru‐based catalysts. Overall, our studies demonstrate that modification of MoS
                    2
                    by the incorporation of an edge solid solution can markedly improve its catalytic activity and, therefore, represents a promising strategy for materials design in the field of renewable fuel generation.",crossref,0
Conformation‐Selective Binding Domains of Intramolecular Chemically Induced Protein Dimerisation Systems,https://onlinelibrary.wiley.com/doi/10.1002/anie.9707369?af=R,Wiley: Angewandte Chemie International Edition: Table of Contents,2026-10-02 07:47:54 UTC,2026-10-02 07:47:54+00:00,10.1002/anie.9707369,Kirill Alexandrov,"ABSTRACT
                  Chemically induced protein dimerisation (CID) is a widely used approach for detecting and actuating small‐molecule‐protein interactions. Here, we demonstrate that CID systems can be used as building blocks for higher‐order ligand‐controlled protein systems. To this end, we converted classical FK506‐ and cyclosporine A‐controlled CIDs into single‐chain pseudo‐allosteric proteins. These systems displayed 15‐ and 50‐fold gains in ligand affinity compared with the parental components operating in trans. Using these fusion proteins as baits in mRNA display, we identified FN3con binding domains that recognise the holo state of each bait with subnanomolar affinity and &gt;100‐fold selectivity over the apo form. Integration of the binding domains and intramolecular CIDs into two‐component enzymatic protein biosensors enabled quantification of the cognate ligands with low‐nanomolar limits of detection (LODs). ELISA assays based on the developed systems displayed mid‐picomolar LODs and accurately quantified FK506 and cyclosporine A in unprocessed blood samples from transplant patients with accuracy comparable to that of LC‐MS/MS. This work establishes a generalisable strategy for harnessing the affinity gains of intramolecular CID systems to create gain‐of‐signal assays for small molecules and ions.",crossref,0
A DNA G‐Quadruplex‐Targeting Ligand Suppresses c‐MYC Expression: Implications for Gemcitabine‑Resistant Pancreatic Cancer,https://onlinelibrary.wiley.com/doi/10.1002/anie.8584442?af=R,Wiley: Angewandte Chemie International Edition: Table of Contents,2026-10-02 07:48:46 UTC,2026-10-02 07:48:46+00:00,10.1002/anie.8584442,Wing‐Leung Wong,"ABSTRACT
                  
                    The MYC oncogene is dysregulated in nearly 70% of human cancers and plays a central role in tumor initiation and progression. However, direct targeting of c‐MYC remains challenging because of its “undruggable” nature. Stabilization of DNA G‐quadruplex (G4) structures within the c‐MYC promoter offers an alternative strategy to suppress c‐MYC transcription. Here, we report the synthesis and biological evaluation of a series of styryl quinolinium ligands, identifying
                    PQB‐4
                    as a selective c‐MYC DNA G4‐binder (
                    
                      K
                      D
                    
                    &lt;1.0 µM).
                    PQB‐4
                    exhibited marked antiproliferative activity against pancreatic cancer cell lines, including MIA PaCa‐2 (IC
                    50
                     = 2.9 µM), PANC‐1 (IC
                    50
                     = 4.5 µM), and gemcitabine‐resistant PANC‐1 cells (IC
                    50
                     = 5.0 µM), while showing substantially lower toxicity toward noncancerous HK‐2 cells (IC
                    50
                     = 40.1 µM). Mechanistically,
                    PQB‐4
                    stabilized c‐MYC DNA G4‐structures, suppressed c‐MYC mRNA and protein expression, induced G0/G1 cell‐cycle arrest, and activated a p53‐dependent DNA damage response.
                    PQB‐4
                    also promoted telomere damage, cellular senescence, mitochondrial dysfunction, ferroptosis, and mitophagy, while inhibiting cancer cell migration, proliferation, and survival. Notably,
                    PQB‐4
                    synergized strongly with gemcitabine in resistant PANC‐1 cells (CI = 0.027). In a PANC‐1 xenograft model,
                    PQB‐4
                    reduced tumor weight by 44%. These findings highlight c‐MYC DNA G4 targeting by
                    PQB‐4
                    as a feasible therapeutic strategy for pancreatic cancer, particularly in gemcitabine‐resistant disease.",crossref,0
Parity‐Dependent THz Harmonic Generation in Electrically Pumped Micro‐Lasers Exploiting Topological Insulator–Metamaterial Gratings,https://advanced.onlinelibrary.wiley.com/doi/10.1002/adma.75115?af=R,Wiley: Advanced Materials: Table of Contents,2026-10-02 13:54:53 UTC,2026-10-02 13:54:53+00:00,10.1002/adma.75115,Miriam S. Vitiello,"ABSTRACT
                  The intersection of topological photonics and nonlinear optics provides new opportunities for compact, tunable light sources. Here, we demonstrate even and odd harmonic generation, in the 6–10 THz range, in electrically driven micro‐lasers by integrating a set of different topological insulator (TI)–metamaterials. The unique surface states of TI, characterized by robust symmetry properties, enable enhanced nonlinear interactions when coupled with the tailored dispersion and field confinement of metamaterials. By leveraging the nonlinear susceptibilities of the composite structure by electrical gating, we demonstrate controlled generation of second‐ or third‐harmonic signals of up to 33 µW or 6.4 µW power, respectively, dominated either by the topological surface states or by the bulk. Moreover, by selectively pumping resonant infrared (IR) phonons with the intracavity‐generated THz pulses, we induce dynamic lattice distortions that modulate the electronic band structure and further enhance the nonlinear optical susceptibilities. The interplay between phonon‐driven lattice anharmonicities and the topologically protected surface states, leads to a pronounced enhancement in nonlinear THz response, offering new mechanisms for nonperturbative light–matter interactions in quantum materials. Our findings establish a novel versatile framework for compact, tunable sources of coherent radiation across multiple frequency bands, so far inaccessible in a solid‐state laser, and pave the way for applications in integrated photonics, on‐chip frequency conversion, and quantum information processing.",crossref,0
Construction and Regulation of Defect Electrocatalysts for Rechargeable Li–O2 Batteries,https://advanced.onlinelibrary.wiley.com/doi/10.1002/adma.75179?af=R,Wiley: Advanced Materials: Table of Contents,2026-10-02 13:58:01 UTC,2026-10-02 13:58:01+00:00,10.1002/adma.75179,Xiaolin Wang,"ABSTRACT
                  
                    Li–O
                    2
                    batteries (LOBs) have garnered significant interest due to their extraordinarily high theoretical energy density. Nonetheless, their development is severely constrained by sluggish kinetics at the cathodic three‐phase interfaces. Addressing these limitations hinges on the rational design of electrocatalysts capable of efficiently promoting both the oxygen reduction reaction (ORR) and oxygen evolution reaction (OER). Central to catalytic performance is the precise modulation of electronic structure, particularly the creation of nonuniform surface charge distributions to expose highly active sites and optimize the adsorption energy of key intermediates. Among various strategies, defect engineering has emerged as a powerful approach for tailoring surface electronic properties. This review systematically summarizes recent advances in defect‐engineered cathode materials for nonaqueous LOBs. The characteristic defect types and their influences on oxygen electrocatalysis are analyzed, followed by an in‐depth discussion of the fundamental roles of defects in electronic structure modulation, interfacial synergistic catalysis, and catalyst stability. By correlating defect configurations with electrochemical performance, this review aims to establish clear structure–activity–performance relationships for rational catalyst design. Finally, future opportunities involving promising catalyst systems, advanced defect design strategies, integrated catalytic systems, and remaining challenges for defect electrocatalysts are outlined to promote the practical implementation of LOB technologies.",crossref,0
Sunlight‐Driven Gram‐Scale Nitrate Reduction to Ammonia by an In Situ Formed Fe3+1‐xFe2+xOOH/CdSeS Photocatalyst,https://advanced.onlinelibrary.wiley.com/doi/10.1002/adma.75249?af=R,Wiley: Advanced Materials: Table of Contents,2026-10-02 14:00:35 UTC,2026-10-02 14:00:35+00:00,10.1002/adma.75249,Li‐Zhu Wu,"ABSTRACT
                  
                    Sunlight‐driven conversion of NO
                    3
                    −
                    ‐to‐NH
                    3
                    holds immense significance for fostering a green and sustainable society. However, most of the existing photocatalysts have weak light absorption and a wide band gap, making the synthesis of NH
                    3
                    challenging on a large scale under sunlight. Herein, a photocatalyst Fe
                    3+
                    1‐x
                    Fe
                    2+
                    x
                    OOH/CdSeS that was in situ formed from MPA‐CdSe QDs and transition metal ions (i.e., Fe
                    3
                    +
                    used here) under visible light irradiation at room temperature, accomplished a gram‐scale synthesis of NH
                    3
                    in a 625 cm
                    2
                    plate‐type reactor. Under sunlight, 177.18 mmol NH
                    3
                    was synthesized, and 7.83 g of NH
                    4
                    Cl solid was collected after five cycles totaling 115 h, and the solar‐to‐ammonia (STA) was 0.664%. Experimental characterization and density functional theory (DFT) calculations reveal that the formation of Fe
                    3+
                    1‐x
                    Fe
                    2+
                    x
                    OOH/CdSeS nanostructures is the key to the exceptional activity. The reversible Fe
                    3+
                    /Fe
                    2+
                    redox cycling within the clusters facilitates charge separation and interfacial transfer from CdSeS QDs to Fe
                    3+
                    1‐x
                    Fe
                    2+
                    x
                    OOH under irradiation, while oxygen vacancies in Fe
                    3+
                    1‐x
                    Fe
                    2+
                    x
                    OOH clusters bind NO
                    3
                    −
                    for subsequent NH
                    3
                    formation. The apparent quantum yield is 15.89% ± 1.75% at 436 nm, and the yield of NH
                    3
                    is 522.47 mmol g
                    cat
                    −1
                    h
                    −1
                    based on Fe
                    3+
                    1‐x
                    Fe
                    2+
                    x
                    OOH/CdSeS photocatalyst, a 5.82‐fold enhancement over the reported record of 89.79 mmol g
                    cat
                    −1
                    h
                    −1
                    , demonstrating remarkable application potential for sunlight‐driven NO
                    3
                    −
                    reduction to NH
                    3
                    .",crossref,0
Strain‐Adaptive Micro‐Wrinkled Carbon Films Enable Flexible High‐Fidelity Intelligent Health Monitoring,https://advanced.onlinelibrary.wiley.com/doi/10.1002/adma.75209?af=R,Wiley: Advanced Materials: Table of Contents,2026-10-02 14:01:29 UTC,2026-10-02 14:01:29+00:00,10.1002/adma.75209,Wei Huang,"ABSTRACT
                  
                    Wrinkled microstructures provide an effective strategy for constructing stable and low‐noise soft bioelectronic interfaces, yet their large‐area, continuous, and controllable fabrication remains challenging. Here, we report a large‐area continuous ultrathin micro‐wrinkled film that rapidly forms wrinkle microstructures through interfacial stress instability at a rate of 70 µm·s
                    −1
                    . The film exhibits excellent geometric deformability and mechanical compliance, enabling effective relaxation of local stress concentration at dynamic interfaces. Flexible strain sensors based on this microstructure achieve sensitive and rapid responses over a broad strain adaptability, with a detection range from 23 to 2350 µε and a response time as low as 50 ms, allowing stable monitoring of diverse physiological signals, including pulse, respiration, voice, and muscle motion. Furthermore, owing to its good biocompatibility and conformal contact capability, the film can function as a cardiac interface for high‐fidelity cardiac mechanical activity acquisition and electrical regulation of arrhythmia. Building on this platform, we further integrated flexible signal acquisition hardware with machine‐learning algorithms to establish a skin‐brain inspired intelligent sensing system capable of real‐time physiological signal analysis and high‐accuracy classification. This work provides a general strategy for developing stable and highly biocompatible next‐generation bioelectronic interfaces.",crossref,0
Harnessing Multi‐Effect Coupling for Deep‐Level Trap Engineering in Graphene/Liquid Crystal Polymer Composites Toward High‐Fidelity Electrostatic Loudspeakers,https://advanced.onlinelibrary.wiley.com/doi/10.1002/adma.75250?af=R,Wiley: Advanced Materials: Table of Contents,2026-10-02 14:02:23 UTC,2026-10-02 14:02:23+00:00,10.1002/adma.75250,Zhongfan Liu,"ABSTRACT
                  Electrostatic loudspeakers (ESLs) demand lightweight, robust diaphragms with stable high‐density charge storage, yet conventional electrets suffer from rapid charge dissipation, shallow trap levels, and severe environmental sensitivity. This work reports a microstructural regulation strategy based on the strong interaction between liquid crystal polymer (LCP) and multilayer graphene (MLG), combined with fluorinated liquid crystals (F‐LC). The strong π–π stacking interaction between the rigid mesogenic units of LCP and MLG modulates the band structure of MLG and induces Maxwell–Wagner–Sillars (MWS) interfacial polarization. It constructs deep‐level charge traps and increases the density of charge traps. The strong electrostatic attraction of F‐LC enhances charge‐trapping capability and improves the hydrophobicity of the composite, delivering superior environmental stability. Thermally stimulated discharge current (TSDC) measurements confirm a trap energy level of 1.8 eV, with an average absolute surface potential of 8.7 kV. The resulting electrostatic loudspeaker achieves a maximum sound pressure level (SPL) of 91.4 dB at 775 Hz and extremely low total harmonic distortion (THD &lt; 0.53%) over a wide frequency range (3–20 kHz). This work provides a promising pathway for high‐fidelity, bias‐free flexible acoustic transducers, overcoming the long‐standing bottleneck for ESLs in consumer and automotive applications.",crossref,0
Elastic Ion‐Conducting Layer Enables Stable Si‐Based All‐Solid‐State Batteries,https://advanced.onlinelibrary.wiley.com/doi/10.1002/adma.75157?af=R,Wiley: Advanced Materials: Table of Contents,2026-10-02 14:04:02 UTC,2026-10-02 14:04:02+00:00,10.1002/adma.75157,Jiangxuan Song,"ABSTRACT
                  
                    Si‐based all‐solid‐state batteries with sulfide solid electrolytes are strong contenders for next‐generation high‐safety, high‐energy‐density batteries. However, Si‐based anodes inevitably suffer from irreversible delamination and side reactions at the rigid Si/solid electrolyte interface during cycling, making it challenging to achieve long cycle life. Here, we develop an elastic ion‐conducting layer on the Si surface that transforms the rigid interface into a conformal and recoverable elastic contact, achieving highly stable Si anode. The layer comprises a lithium bis(fluorosulfonyl)imide‐containing block copolymer, whose hydrogen‐bond‐rich hard domains provide mechanical robustness and elasticity. Ion‐conductive soft segments, together with an in situ‐formed inorganic‐rich solid electrolyte interphase on the Si surface, construct a three‐dimensional ion transport network. This interfacial architecture simultaneously mitigates interfacial stress and accelerates lithium‐ion transport within the Si anode. Consequently, the full‐cell exhibits stable cycling over 10,000 cycles at a high rate of 5C (8.7 mA cm
                    −2
                    ), and the 0.6 Ah pouch cell retains 91% capacity after 650 cycles. Such interfacial layer holds great promise for accelerating the commercialization of Si‐based all‐solid‐state batteries.",crossref,0
Nonplanar Bouligand Architectures for Enhanced Mechanical Performance in Cementitious Composites,https://advanced.onlinelibrary.wiley.com/doi/10.1002/adma.75205?af=R,Wiley: Advanced Materials: Table of Contents,2026-10-02 14:06:57 UTC,2026-10-02 14:06:57+00:00,10.1002/adma.75205,Pablo D. Zavattieri,"ABSTRACT
                  
                    Brittle and quasi‐brittle materials such as hydraulic cement‐based materials, glass, and ceramics exhibit limited toughness and poor energy absorption, often leading to catastrophic failure under extreme loading. Inspired by the dactyl club of the
                    Mantis shrimp
                    , we introduce a sinusoidal Bouligand architecture into concrete enabled by nonplanar additive manufacturing. Under quasi‐static compression, the elements with sinusoidal Bouligand architecture exhibit a 53.6% higher compressive strength and a 216.1% greater work of failure than regular 3D‐printed elements, while also outperforming cast counterparts by 13.5% in strength and 35% in work of failure. Under impact loading, the sinusoidal Bouligand samples exhibit up to a 68.6% increase in peak load and a 49.2% increase in absorbed energy compared to cast counterparts. These improvements enable the architected samples to maintain structural integrity without catastrophic failure, whereas the cast samples fail by highly localized fracture. Fiber alignment during 3D printing induces strong and tunable local anisotropy which, coupled with the sinusoidal Bouligand architecture, enables interfacial crack deflection, crack twisting, and damage delocalization. These results demonstrate the effective translation of biological toughening principles into engineered materials and establish a design paradigm for cementitious composites with enhanced damage tolerance and energy‐absorbing capability.",crossref,0
Lactate‐Depleting Nanotherapy Reprograms the Immunometabolic Microenvironment to Overcome Biofilm Tolerance in Implant‐Associated Infections,https://advanced.onlinelibrary.wiley.com/doi/10.1002/adma.75214?af=R,Wiley: Advanced Materials: Table of Contents,2026-10-02 14:07:52 UTC,2026-10-02 14:07:52+00:00,10.1002/adma.75214,Yunfeng Chen,"ABSTRACT
                  Biofilm formation in implant‐associated infections (IAIs) establishes an immunosuppressive microenvironment while conferring profound antibiotic tolerance. Through multi‐omics profiling of clinical IAI samples, we identify lactate as a key metabolite associated with immunosuppression within the biofilm‐associated microenvironment of IAIs. Guided by this insight, we engineer a nanotherapeutic platform (LMVM) comprising vacancy‐engineered hollow magnetite nanoparticles (VE‐HMN) coloaded with lactate oxidase (LOX) and metronidazole (MNZ). By depleting lactate, LMVM remodels the immunosuppressive microenvironment and restores antimicrobial immunity, thereby highlighting lactate as an immunometabolic regulator in biofilm‐associated infections. Simultaneously, lactate oxidation intensifies local hypoxia, which redirects bacterial metabolism to activate MNZ against tolerant subpopulations while suppressing staphyloxanthin (STX)‐dependent antioxidant defenses. As a result, this immunometabolism‐guided nanotherapy achieves robust biofilm eradication in murine IAI models and promotes tissue repair. Collectively, these findings identify lactate‐mediated immunosuppression as a therapeutically actionable feature of biofilm‐associated infections and support a clinically guided materials strategy that couples immunometabolic microenvironment remodeling with the eradication of antibiotic‐tolerant biofilms.",crossref,0
Deliverability matters? Modeling capacity and energy market equilibrium under PJM-inspired framework,https://www.sciencedirect.com/science/article/pii/S0306261926015904?dgcid=rss_sd_all,ScienceDirect Publication: Applied Energy,2026-10-03 00:00:00 UTC,2026-10-03 00:00:00+00:00,,Jinping Zhang,,,0
Corridor-scale coupling of stochastic passenger EV charging demand and photovoltaic power supply at expressway service areas,https://www.sciencedirect.com/science/article/pii/S0306261926015990?dgcid=rss_sd_all,ScienceDirect Publication: Applied Energy,2026-10-03 00:00:00 UTC,2026-10-03 00:00:00+00:00,,YuFeng Luo,,,0
A transient equivalent circuit model of lithium-ion batteries for the external short circuit fault in BESS,https://www.sciencedirect.com/science/article/pii/S0306261926015771?dgcid=rss_sd_all,ScienceDirect Publication: Applied Energy,2026-10-03 00:00:00 UTC,2026-10-03 00:00:00+00:00,,Chao Li,,,0
Catalysts or constraints? The dual role of natural resources and greenfield investment amid geopolitical risk,https://www.sciencedirect.com/science/article/pii/S0301421526005616?dgcid=rss_sd_all,ScienceDirect Publication: Energy Policy,2026-10-03 00:00:00 UTC,2026-10-03 00:00:00+00:00,,Hemachandra Padhan,,,0
Sustainability cost of defect engineering in color centers for quantum communications,https://www.nature.com/articles/s41467-026-78261-x,Nature Communications,2026-10-03 00:00:00 UTC,2026-10-03 00:00:00+00:00,10.1038/s41467-026-78261-x,Julie M. Schoenung,"Quantum communication relies on optically active color centers for scalable spin-photon networking, yet the sustainability implications of defect engineering remain largely unexplored. We comparatively evaluate twenty host crystal-defect generation combinations across diamond, SiC, h-BN, GaN, ZnO using ion implantation, e-beam irradiation, laser writing, and heteroepitaxial growth techniques. A multi-attribute cradle-to-gate framework integrating life cycle, chemical hazard, human health toxicity, and technoeconomic assessments reveals distinct thermodynamic, chemical, health, and economic tradeoffs emerge across defect engineering pathways. h-BN paired with laser writing shows the lowest overall burdens, with low energy demand, global warming potential 2 eq./chip, minimal hazard/toxicity profiles, and lowest fabrication cost. SiC provides a balanced near-term pathway by retaining strong quantum functionality while moderating sustainability burdens. ZnO and GaN show selective process-level advantages for integrated photonics, whereas diamond remains burden-intensive due to energy-demanding growth and complex post-defect stabilization requirements. Identified greener interventions enable scalable and resource-conscious quantum communication hardware.",nature_html,0
"Coherent, credible and comprehensive or diffuse and ineffective? The energy poverty policy mix in Norway during geopolitical changes",https://www.sciencedirect.com/science/article/pii/S0301421526005495?dgcid=rss_sd_all,ScienceDirect Publication: Energy Policy,2026-10-03 00:00:00 UTC,2026-10-03 00:00:00+00:00,,Siddharth Sareen,,,0
Near-atomistic simulations reveal the molecular principles that control chromatin structure and phase separation,https://www.nature.com/articles/s41467-026-78050-6,Nature Communications,2026-10-03 00:00:00 UTC,2026-10-03 00:00:00+00:00,10.1038/s41467-026-78050-6,Rosana Collepardo-Guevara,"Understanding how chromatin’s physicochemical properties shape its emergent organization is central to deciphering genome function. To address this, we present OpenCGChromatin, a high-performance coarse-grained model that achieves near-atomistic simulations of chromatin systems an order of magnitude larger than previously possible, spanning biomolecular condensates and fibers tens of kilobases in length. OpenCGChromatin simulations independently predict, from physicochemical principles, the linker-DNA-dependent chromatin structures observed by cryo-ET and the relative thermodynamic stability of condensates inferred from biochemical assays. Crucially, OpenCGChromatin resolves histone-tail dynamics and interaction networks that remain inaccessible experimentally, explaining how linker-DNA length controls histone tail accessibility and the resulting multiscale structure of chromatin condensates. Extending simulations to 108-nucleosome fibers shows that acetylation disrupts chromatin compaction in a pattern-specific manner by weakening key tail-mediated interactions, with H4K16 and H3K9 emerging as the most energetically disruptive modifications. These results position OpenCGChromatin as a powerful framework for linking molecular detail to emergent chromatin organization.",nature_html,0
Bulk mesophases modeling of ferroelectric nematic liquid crystals,https://www.nature.com/articles/s41467-026-78039-1,Nature Communications,2026-10-03 00:00:00 UTC,2026-10-03 00:00:00+00:00,10.1038/s41467-026-78039-1,Miha Ravnik,"Ferroelectric nematic liquid crystals (FNLCs) are emerging materials that combine orientational order with spontaneous macroscopic polarization. They exhibit distinctive properties, such as polar domain formation, field-tunable textures, and strong electro-elastic couplings. However, due to the complexity of the underlying mechanisms, the bulk structure of the emergent mesophases is not yet fully understood, and a generalized description of all observed phases is still lacking. Here, we demonstrate the bulk mesophases of FNLCs as stabilized by a combination of flexoelectricity, elasticity, bulk ordering, and polarization-nematic couplings. Specifically, we develop Landau de-Gennes-like free energy framework that predicts and explains the structure of major experimentally observed ferroelectric nematic phases, including ferroelectric nematic, antiferroelectric splay nematic, apolar nematic, and isotropic phase, notably together with the correct phase transition sequences. Additionally, we predict the possible existence of new bend-instability-driven mesophase characterized by periodic splay-bend structure. Finally, we calculate a complete phase diagram of bulk ferroelectric nematics as dependent on the key coupling mechanisms, which could possibly enable the predictive design and applications of these novel emergent ferroelectric nematic materials.",nature_html,0
Assessing the global viability of solid gravity storage in decentralized hybrid microgrids,https://www.sciencedirect.com/science/article/pii/S030626192601603X?dgcid=rss_sd_all,ScienceDirect Publication: Applied Energy,2026-10-03 00:00:00 UTC,2026-10-03 00:00:00+00:00,,Mohamad T. Araji,,,0
Thermally programmed disassembly and reconstruction of 2D polymer platelets via melting-governed crystallization-driven self-assembly,https://www.nature.com/articles/s41467-026-77973-4,Nature Communications,2026-10-03 00:00:00 UTC,2026-10-03 00:00:00+00:00,10.1038/s41467-026-77973-4,Maria C. Arno,"Crystallization-driven self-assembly (CDSA) has emerged as a powerful methodology to precisely control the morphology and size of polymer nanostructures, enabling the formation of 1D and 2D nanomaterials. Yet, the melting behavior of polymer crystals grown in solution using this technique has remained largely unexplored. Here, we show that melting temperature is a structurally sensitive descriptor and an active design parameter for 2D poly(ε-caprolactone) platelets formed by seeded living CDSA. Using nano differential scanning calorimetry, we establish quantitative thickness-melting correlations consistent with Gibbs-Thomson theory for finite, solution-grown lamellae. Leveraging these insights, we engineer multilayer platelets with programmed thermal stability gradients that undergo rapid, selective disassembly under mild conditions (37 °C), yielding uniform hollow architectures within minutes. Upon cooling, released polymer chains undergo spatially confined recrystallization, allowing reversible reconstruction and self-healing of the platelet framework. This work establishes melting as a powerful thermodynamic handle for probing and reconfiguring CDSA-derived nanostructures in solution.",nature_html,0
Carbon pricing and clean energy markets: Policy effectiveness in an era of trade wars,https://www.sciencedirect.com/science/article/pii/S0301421526005586?dgcid=rss_sd_all,ScienceDirect Publication: Energy Policy,2026-10-03 00:00:00 UTC,2026-10-03 00:00:00+00:00,,Jiayue Jiang,,,0
A novel transient zero-dimensional physics-based model of vanadium redox flow batteries with electrolyte crossover-induced capacity fade,https://www.sciencedirect.com/science/article/pii/S0306261926015989?dgcid=rss_sd_all,ScienceDirect Publication: Applied Energy,2026-10-03 00:00:00 UTC,2026-10-03 00:00:00+00:00,,Xinan Zhang,,,0
From surrogate task to multiscale external-reference consistency learning: Adaptation-free cross-topology early warning of thermal runaway in electric vehicle batteries,https://www.sciencedirect.com/science/article/pii/S0306261926016132?dgcid=rss_sd_all,ScienceDirect Publication: Applied Energy,2026-10-03 00:00:00 UTC,2026-10-03 00:00:00+00:00,,Ying Zhang,,,0
Coordinated scheduling of flexibility sources in an air-conditioning system with chilled water storage under dynamic electricity pricing,https://www.sciencedirect.com/science/article/pii/S0306261926015618?dgcid=rss_sd_all,ScienceDirect Publication: Applied Energy,2026-10-03 00:00:00 UTC,2026-10-03 00:00:00+00:00,,Jinqing Peng,,,0
Reductive regeneration of iron-based fuels in a fixed-bed reactor for renewable energy storage: multiphysics simulation and comparative case evaluation,https://www.sciencedirect.com/science/article/pii/S0306261926016156?dgcid=rss_sd_all,ScienceDirect Publication: Applied Energy,2026-10-03 00:00:00 UTC,2026-10-03 00:00:00+00:00,,Jun Sui,,,0
Role of high-temperature reservoir thermal energy storage during discharge in enhancing steady-state grid stability,https://www.sciencedirect.com/science/article/pii/S030626192601593X?dgcid=rss_sd_all,ScienceDirect Publication: Applied Energy,2026-10-03 00:00:00 UTC,2026-10-03 00:00:00+00:00,,Erhan Kutanoglu,,,0
"Intercell nonuniformity and dominant mechanisms analysis in industrial-scale water electrolyzer stacks: a unified comparative multiphysics modeling across AWE, AEM and PEM",https://www.sciencedirect.com/science/article/pii/S0306261926015400?dgcid=rss_sd_all,ScienceDirect Publication: Applied Energy,2026-10-03 00:00:00 UTC,2026-10-03 00:00:00+00:00,,Xiaobo Yang,,,0
Incorporating extreme scenarios into multi-stage planning of multi-timescale energy storage,https://www.sciencedirect.com/science/article/pii/S0306261926015898?dgcid=rss_sd_all,ScienceDirect Publication: Applied Energy,2026-10-03 00:00:00 UTC,2026-10-03 00:00:00+00:00,,Guangsheng Pan,,,0
More-efficient water splitting utilizing heated-cooled active pure water with reduced hydrogen bonds,https://www.sciencedirect.com/science/article/pii/S0306261926015850?dgcid=rss_sd_all,ScienceDirect Publication: Applied Energy,2026-10-03 00:00:00 UTC,2026-10-03 00:00:00+00:00,,Yu-Chuan Liu,,,0
A comprehensive review on accurate numerical simulation of proton exchange membrane fuel cell,https://www.sciencedirect.com/science/article/pii/S0306261926015825?dgcid=rss_sd_all,ScienceDirect Publication: Applied Energy,2026-10-03 00:00:00 UTC,2026-10-03 00:00:00+00:00,,Chun-Yu Zheng,,,0
A comprehensive review of machine learning in proton-exchange membrane fuel cells: From materials to intelligent systems,https://www.sciencedirect.com/science/article/pii/S0306261926015710?dgcid=rss_sd_all,ScienceDirect Publication: Applied Energy,2026-10-03 00:00:00 UTC,2026-10-03 00:00:00+00:00,,Marc Secanell,,,0
Computational design of water splitting electrocatalysts: From d-band center to machine learning descriptors,https://www.sciencedirect.com/science/article/pii/S0306261926015953?dgcid=rss_sd_all,ScienceDirect Publication: Applied Energy,2026-10-03 00:00:00 UTC,2026-10-03 00:00:00+00:00,,Xin-Zheng Yue,,,0
Grid integration of bidirectional dynamic wireless charging for electric vehicles: A review on grid-side challenges and opportunities,https://www.sciencedirect.com/science/article/pii/S0306261926015448?dgcid=rss_sd_all,ScienceDirect Publication: Applied Energy,2026-10-03 00:00:00 UTC,2026-10-03 00:00:00+00:00,,Alan Brent,,,0
"Advances in self-reconstructing stainless-steel electrocatalysts for water splitting: surface activation, alloy engineering, stability, and DFT insights",https://www.sciencedirect.com/science/article/pii/S0306261926016181?dgcid=rss_sd_all,ScienceDirect Publication: Applied Energy,2026-10-03 00:00:00 UTC,2026-10-03 00:00:00+00:00,,Sung Jin Kim,,,0
"Data-driven modeling and optimization of anode-side structural, transport and electrochemical properties in PEM water electrolyzers",https://www.sciencedirect.com/science/article/pii/S0306261926015709?dgcid=rss_sd_all,ScienceDirect Publication: Applied Energy,2026-10-03 00:00:00 UTC,2026-10-03 00:00:00+00:00,,Rüdiger-A. Eichel,,,0
Volitional control of wearable robots,https://www.nature.com/articles/s41467-026-78416-w,Nature Communications,2026-10-03 00:00:00 UTC,2026-10-03 00:00:00+00:00,10.1038/s41467-026-78416-w,Gregory S. Sawicki,,,0
