title,link,published,source,pub_date
How big tech is building a military–industrial complex in the age of AI,https://www.nature.com/articles/d41586-026-03134-8,2026-10-05 00:00:00 UTC,Nature,2026-10-05 00:00:00+00:00
Daily briefing: Medicine Nobel prize goes to optogenetics,https://www.nature.com/articles/d41586-026-03185-x,2026-10-05 00:00:00 UTC,Nature,2026-10-05 00:00:00+00:00
Medicine Nobel awarded for brain ‘switch’ that controls neurons with light,https://www.nature.com/articles/d41586-026-03091-2,2026-10-05 00:00:00 UTC,Nature,2026-10-05 00:00:00+00:00
Membrane scale-up for industrial propylene/propane separation,https://www.nature.com/articles/s44286-026-00453-5,2026-10-05 00:00:00 UTC,Nature Chemical Engineering,2026-10-05 00:00:00+00:00
AI biohazard hype must not divert attention from the real risks we face now,https://www.nature.com/articles/d41586-026-03135-7,2026-10-05 00:00:00 UTC,Nature,2026-10-05 00:00:00+00:00
Metasurfaces for the nanoscale engineering of light–matter coupling,https://www.nature.com/articles/s41578-026-00951-1,2026-10-05 00:00:00 UTC,Nature Reviews Materials,2026-10-05 00:00:00+00:00
From gigawatts to critical mineral demands for EU solar and wind,https://www.nature.com/articles/s41560-026-02147-x,2026-10-05 00:00:00 UTC,Nature Energy,2026-10-05 00:00:00+00:00
"The top cancer success stories of the past 50 years, by the numbers",https://www.nature.com/articles/d41586-026-03157-1,2026-10-05 00:00:00 UTC,Nature,2026-10-05 00:00:00+00:00
Stereochemical origin of potential hysteresis in lithium metal batteries with lithium-rich cation-disordered rocksalt positive electrodes,https://www.nature.com/articles/s41565-026-02301-2,2026-10-05 00:00:00 UTC,Nature Nanotechnology,2026-10-05 00:00:00+00:00
Dynamic adaptive artificial ligament with mineralized micro-wrinkles,https://academic.oup.com/nsr/advance-article/doi/10.1093/nsr/nwag629/8864996?rss=1,2026-10-05 00:00:00 UTC,National Science Review Advance Access,2026-10-05 00:00:00+00:00
Continuous hydrogenolysis of polyolefins at ambient pressure,https://academic.oup.com/nsr/advance-article/doi/10.1093/nsr/nwag620/8864979?rss=1,2026-10-05 00:00:00 UTC,National Science Review Advance Access,2026-10-05 00:00:00+00:00
Carbonate rock weathering substantially promotes soil microbial-derived carbon accumulation,https://academic.oup.com/nsr/advance-article/doi/10.1093/nsr/nwag627/8864976?rss=1,2026-10-05 00:00:00 UTC,National Science Review Advance Access,2026-10-05 00:00:00+00:00
A precursor-degassing approach for accessing boron allotropes,https://www.nature.com/articles/s41557-026-02281-9,2026-10-05 00:00:00 UTC,Nature Chemistry,2026-10-05 00:00:00+00:00
The radical-radical cross-coupling of alkyl carboxylic acids and organoborons,https://www.nature.com/articles/s41557-026-02237-z,2026-10-05 00:00:00 UTC,Nature Chemistry,2026-10-05 00:00:00+00:00
Dexterous Manipulation with Robotic Hands: A Contact-Centric Perspective from Explicit Contact Models to Learned Policies,https://academic.oup.com/nsr/advance-article/doi/10.1093/nsr/nwag618/8865302?rss=1,2026-10-05 00:00:00 UTC,National Science Review Advance Access,2026-10-05 00:00:00+00:00
‘What took them so long?’ This year’s medicine Nobel winner is overdue,https://www.nature.com/articles/d41586-026-03094-z,2026-10-05 00:00:00 UTC,Nature,2026-10-05 00:00:00+00:00
SECI launches next renewable ammonia auction in India,https://ammoniaenergy.org/articles/seci-launches-next-renewable-ammonia-auction-in-india/,2026-10-05 01:18:29 UTC,Articles – Ammonia Energy Association,2026-10-05 01:18:29+00:00
Method for controlling brain cells with light wins Nobel,https://www.science.org/content/article/method-controlling-brain-cells-light-wins-nobel,2026-10-05 05:40:00 UTC,Latest News from Science Magazine,2026-10-05 05:40:00+00:00
Nocturnal neurons shape daytime visual receptive fields in the retina,https://www.pnas.org/doi/abs/10.1073/pnas.2629155123?mi=eymic2&af=R&access=on&content=articlesChapters&publication=pnas&sortBy=Earliest&target=default,2026-10-05 07:00:00 UTC,Proceedings of the National Academy of Sciences: Keyword search for query,2026-10-05 07:00:00+00:00
Reply to Cantwell Chater and Shahsavar: Clarifying PDB deposition records and local model interpretation in GlyT2 structures,https://www.pnas.org/doi/abs/10.1073/pnas.2621667123?mi=eymic2&af=R&access=on&content=articlesChapters&publication=pnas&sortBy=Earliest&target=default,2026-10-05 07:00:00 UTC,Proceedings of the National Academy of Sciences: Keyword search for query,2026-10-05 07:00:00+00:00
The lack of characterization of inferential operators leaves the robustness of global insect richness estimates undetermined,https://www.pnas.org/doi/abs/10.1073/pnas.2626184123?mi=eymic2&af=R&access=on&content=articlesChapters&publication=pnas&sortBy=Earliest&target=default,2026-10-05 07:00:00 UTC,Proceedings of the National Academy of Sciences: Keyword search for query,2026-10-05 07:00:00+00:00
The Benjamini–Hochberg procedure can fail to control the FDR for correlated two-sided Gaussian tests,https://www.pnas.org/doi/abs/10.1073/pnas.2626267123?mi=eymic2&af=R&access=on&content=articlesChapters&publication=pnas&sortBy=Earliest&target=default,2026-10-05 07:00:00 UTC,Proceedings of the National Academy of Sciences: Keyword search for query,2026-10-05 07:00:00+00:00
Pelvis shows Neanderthals differed from humans in locomotion but not in birth,https://www.pnas.org/doi/abs/10.1073/pnas.2626806123?mi=eymic2&af=R&access=on&content=articlesChapters&publication=pnas&sortBy=Earliest&target=default,2026-10-05 07:00:00 UTC,Proceedings of the National Academy of Sciences: Keyword search for query,2026-10-05 07:00:00+00:00
Apomixis imposes evolutionary costs by reducing recombination efficiency and disrupting segregation,https://www.pnas.org/doi/abs/10.1073/pnas.2618289123?mi=eymic2&af=R&access=on&content=articlesChapters&publication=pnas&sortBy=Earliest&target=default,2026-10-05 07:00:00 UTC,Proceedings of the National Academy of Sciences: Keyword search for query,2026-10-05 07:00:00+00:00
Untangling microbial diversification in Antarctic soils—One strain at a time,https://www.pnas.org/doi/abs/10.1073/pnas.2629157123?mi=eymic2&af=R&access=on&content=articlesChapters&publication=pnas&sortBy=Earliest&target=default,2026-10-05 07:00:00 UTC,Proceedings of the National Academy of Sciences: Keyword search for query,2026-10-05 07:00:00+00:00
Chronic cigarette smoke exposure induces distinct stem cell states driving genetic driver–specific non–small cell lung cancer subtypes,https://www.pnas.org/doi/abs/10.1073/pnas.2604393123?mi=eymic2&af=R&access=on&content=articlesChapters&publication=pnas&sortBy=Earliest&target=default,2026-10-05 07:00:00 UTC,Proceedings of the National Academy of Sciences: Keyword search for query,2026-10-05 07:00:00+00:00
Reply to Fattorini and Borges: Conditional CIs and sensitivity analysis characterize uncertainty in global insect richness estimates,https://www.pnas.org/doi/abs/10.1073/pnas.2631365123?mi=eymic2&af=R&access=on&content=articlesChapters&publication=pnas&sortBy=Earliest&target=default,2026-10-05 07:00:00 UTC,Proceedings of the National Academy of Sciences: Keyword search for query,2026-10-05 07:00:00+00:00
"Correction for Tomek et al., Beyond “non-significant” results: Why and how to test for practical equivalence",https://www.pnas.org/doi/abs/10.1073/pnas.2632391123?mi=eymic2&af=R&access=on&content=articlesChapters&publication=pnas&sortBy=Earliest&target=default,2026-10-05 07:00:00 UTC,Proceedings of the National Academy of Sciences: Keyword search for query,2026-10-05 07:00:00+00:00
"Correction for Rørstadbotnen and Landrø, Detecting silent whales using seabed fiber-optic cables",https://www.pnas.org/doi/abs/10.1073/pnas.2632392123?mi=eymic2&af=R&access=on&content=articlesChapters&publication=pnas&sortBy=Earliest&target=default,2026-10-05 07:00:00 UTC,Proceedings of the National Academy of Sciences: Keyword search for query,2026-10-05 07:00:00+00:00
"Correction for Chi et al., Urban tree canopy fragmentation and child mortality in low- and middle-income countries",https://www.pnas.org/doi/abs/10.1073/pnas.2632542123?mi=eymic2&af=R&access=on&content=articlesChapters&publication=pnas&sortBy=Earliest&target=default,2026-10-05 07:00:00 UTC,Proceedings of the National Academy of Sciences: Keyword search for query,2026-10-05 07:00:00+00:00
"Correction for Chakravarti et al., Induced multipotency in adult keratinocytes through down-regulation of ΔNp63 or DGCR8",https://www.pnas.org/doi/abs/10.1073/pnas.2633437123?mi=eymic2&af=R&access=on&content=articlesChapters&publication=pnas&sortBy=Earliest&target=default,2026-10-05 07:00:00 UTC,Proceedings of the National Academy of Sciences: Keyword search for query,2026-10-05 07:00:00+00:00
Opposing activity of SOX9 and Wnt in the developing otocyst ensures SOX10 control of endolymphatic development,https://www.pnas.org/doi/abs/10.1073/pnas.2617028123?mi=eymic2&af=R&access=on&content=articlesChapters&publication=pnas&sortBy=Earliest&target=default,2026-10-05 07:00:00 UTC,Proceedings of the National Academy of Sciences: Keyword search for query,2026-10-05 07:00:00+00:00
An evil much exaggerated? The consequences of cousin marriage,https://www.pnas.org/doi/abs/10.1073/pnas.2630039123?mi=eymic2&af=R&access=on&content=articlesChapters&publication=pnas&sortBy=Earliest&target=default,2026-10-05 07:00:00 UTC,Proceedings of the National Academy of Sciences: Keyword search for query,2026-10-05 07:00:00+00:00
"A 2,623-year temperature reconstruction from the Colorado Rocky Mountains reveals warm and cool droughts",https://www.pnas.org/doi/abs/10.1073/pnas.2612779123?mi=eymic2&af=R&access=on&content=articlesChapters&publication=pnas&sortBy=Earliest&target=default,2026-10-05 07:00:00 UTC,Proceedings of the National Academy of Sciences: Keyword search for query,2026-10-05 07:00:00+00:00
Recurrent hypermotif regulatory circuits in developmental programs,https://www.pnas.org/doi/abs/10.1073/pnas.2538056123?mi=eymic2&af=R&access=on&content=articlesChapters&publication=pnas&sortBy=Earliest&target=default,2026-10-05 07:00:00 UTC,Proceedings of the National Academy of Sciences: Keyword search for query,2026-10-05 07:00:00+00:00
An unidentified reservoir of comet 81P/Wild 2 chondrules,https://www.pnas.org/doi/abs/10.1073/pnas.2612680123?mi=eymic2&af=R&access=on&content=articlesChapters&publication=pnas&sortBy=Earliest&target=default,2026-10-05 07:00:00 UTC,Proceedings of the National Academy of Sciences: Keyword search for query,2026-10-05 07:00:00+00:00
"Ancient DNA challenges to admixture narratives: Insights from Notre-Dame Cemetery (1683–1796) in Colonial Montreal, Canada",https://www.pnas.org/doi/abs/10.1073/pnas.2523026123?mi=eymic2&af=R&access=on&content=articlesChapters&publication=pnas&sortBy=Earliest&target=default,2026-10-05 07:00:00 UTC,Proceedings of the National Academy of Sciences: Keyword search for query,2026-10-05 07:00:00+00:00
Tyrosine phosphorylation unfolds nucleophosmin and disrupts its integration into the nucleolus,https://www.pnas.org/doi/abs/10.1073/pnas.2533263123?mi=eymic2&af=R&access=on&content=articlesChapters&publication=pnas&sortBy=Earliest&target=default,2026-10-05 07:00:00 UTC,Proceedings of the National Academy of Sciences: Keyword search for query,2026-10-05 07:00:00+00:00
Structural considerations on xeGlyT2 substrate and inhibitor recognition,https://www.pnas.org/doi/abs/10.1073/pnas.2612775123?mi=eymic2&af=R&access=on&content=articlesChapters&publication=pnas&sortBy=Earliest&target=default,2026-10-05 07:00:00 UTC,Proceedings of the National Academy of Sciences: Keyword search for query,2026-10-05 07:00:00+00:00
Regulation of morphogen signaling pathways by recurrent hypermotif circuits,https://www.pnas.org/doi/abs/10.1073/pnas.2538060123?mi=eymic2&af=R&access=on&content=articlesChapters&publication=pnas&sortBy=Earliest&target=default,2026-10-05 07:00:00 UTC,Proceedings of the National Academy of Sciences: Keyword search for query,2026-10-05 07:00:00+00:00
Extended fractional Hofstadter states at high field in twisted bilayer graphene above the magic angle,https://www.pnas.org/doi/abs/10.1073/pnas.2602080123?mi=eymic2&af=R&access=on&content=articlesChapters&publication=pnas&sortBy=Earliest&target=default,2026-10-05 07:00:00 UTC,Proceedings of the National Academy of Sciences: Keyword search for query,2026-10-05 07:00:00+00:00
"Correction for Doughty et al., Compounded effects on wetland greenhouse gas fluxes from climate change and water management along a saline to freshwater gradient",https://www.pnas.org/doi/abs/10.1073/pnas.2633441123?mi=eymic2&af=R&access=on&content=articlesChapters&publication=pnas&sortBy=Earliest&target=default,2026-10-05 07:00:00 UTC,Proceedings of the National Academy of Sciences: Keyword search for query,2026-10-05 07:00:00+00:00
Formation of a swelling gel underlies a morphological transition in Bacillus subtilis biofilms,https://www.pnas.org/doi/abs/10.1073/pnas.2608188123?mi=eymic2&af=R&access=on&content=articlesChapters&publication=pnas&sortBy=Earliest&target=default,2026-10-05 07:00:00 UTC,Proceedings of the National Academy of Sciences: Keyword search for query,2026-10-05 07:00:00+00:00
Causality-integrated graph learning for multi-endpoint toxicity prediction,https://www.pnas.org/doi/abs/10.1073/pnas.2608919123?mi=eymic2&af=R&access=on&content=articlesChapters&publication=pnas&sortBy=Earliest&target=default,2026-10-05 07:00:00 UTC,Proceedings of the National Academy of Sciences: Keyword search for query,2026-10-05 07:00:00+00:00
Brain weight across the adult lifespan in great apes,https://www.pnas.org/doi/abs/10.1073/pnas.2609260123?mi=eymic2&af=R&access=on&content=articlesChapters&publication=pnas&sortBy=Earliest&target=default,2026-10-05 07:00:00 UTC,Proceedings of the National Academy of Sciences: Keyword search for query,2026-10-05 07:00:00+00:00
"The more you automate, the less you see: Hidden pitfalls of autonomous AI scientists",https://www.pnas.org/doi/abs/10.1073/pnas.2610214123?mi=eymic2&af=R&access=on&content=articlesChapters&publication=pnas&sortBy=Earliest&target=default,2026-10-05 07:00:00 UTC,Proceedings of the National Academy of Sciences: Keyword search for query,2026-10-05 07:00:00+00:00
Global divergence in urban–rural vegetation resilience driven by broken ecological trade-offs,https://www.pnas.org/doi/abs/10.1073/pnas.2606997123?mi=eymic2&af=R&access=on&content=articlesChapters&publication=pnas&sortBy=Earliest&target=default,2026-10-05 07:00:00 UTC,Proceedings of the National Academy of Sciences: Keyword search for query,2026-10-05 07:00:00+00:00
"Retraction for Wang et al., Chemical ecology and convergent evolution of natural hallucinogens: From ecological defense to conserved neural targets",https://www.pnas.org/doi/abs/10.1073/pnas.2633586123?mi=eymic2&af=R&access=on&content=articlesChapters&publication=pnas&sortBy=Earliest&target=default,2026-10-05 07:00:00 UTC,Proceedings of the National Academy of Sciences: Keyword search for query,2026-10-05 07:00:00+00:00
Wafer‐Scale Multidimensional‐Topology COFs for Highly Reliable Neuromorphic Electronics,https://advanced.onlinelibrary.wiley.com/doi/10.1002/adma.75275?af=R,2026-10-05 07:24:18 UTC,Wiley: Advanced Materials: Table of Contents,2026-10-05 07:24:18+00:00
Electron Reservoir‐Modulated Edge Hosted Sites for Ampere‐Level H2O2 Production and Simultaneous Waste Plastic Upcycling,https://advanced.onlinelibrary.wiley.com/doi/10.1002/adma.75252?af=R,2026-10-05 07:24:32 UTC,Wiley: Advanced Materials: Table of Contents,2026-10-05 07:24:32+00:00
Supramolecular Elastomer Based Switchable Adhesives Regulated by Soft Confinement Induced Nano‐Rod Crystals,https://advanced.onlinelibrary.wiley.com/doi/10.1002/adma.75286?af=R,2026-10-05 07:28:04 UTC,Wiley: Advanced Materials: Table of Contents,2026-10-05 07:28:04+00:00
Donor‐Selective NiCo‐LDH Templating Directs Polymer Assembly for Enhanced Exciton Transport in Efficient Organic Solar Cells,https://advanced.onlinelibrary.wiley.com/doi/10.1002/adma.75208?af=R,2026-10-05 07:29:52 UTC,Wiley: Advanced Materials: Table of Contents,2026-10-05 07:29:52+00:00
Battery storage paired with 37% of new US residential solar in 2025,https://www.ess-news.com/2026/10/05/battery-storage-paired-with-37-of-new-us-residential-solar-in-2025/,2026-10-05 07:30:00 UTC,Latest news about ESS Projects & Applications | ESS News,2026-10-05 07:30:00+00:00
Architecting Mesoporous Heterojunctions via Programmable Interfacial Engineering,https://advanced.onlinelibrary.wiley.com/doi/10.1002/adma.75246?af=R,2026-10-05 07:30:09 UTC,Wiley: Advanced Materials: Table of Contents,2026-10-05 07:30:09+00:00
Engineering Immunomodulatory Stents Using a Biomimetic Nanozyme System for Vascular Healing,https://advanced.onlinelibrary.wiley.com/doi/10.1002/adma.75212?af=R,2026-10-05 07:32:43 UTC,Wiley: Advanced Materials: Table of Contents,2026-10-05 07:32:43+00:00
Engineering Residual Rock‐Salt Reconstruction through Near‐Surface Fluorine Regulation for Stable 4.6 V Cycling of Regenerated Spent Layered Oxide Cathodes,https://advanced.onlinelibrary.wiley.com/doi/10.1002/adma.75244?af=R,2026-10-05 07:34:58 UTC,Wiley: Advanced Materials: Table of Contents,2026-10-05 07:34:58+00:00
Electrochemical Solubility Switching Enables Lateral Etching Toward Sub‐20 nm Nanopatterning,https://advanced.onlinelibrary.wiley.com/doi/10.1002/adma.75271?af=R,2026-10-05 07:38:51 UTC,Wiley: Advanced Materials: Table of Contents,2026-10-05 07:38:51+00:00
Intrinsically Stretchable Neuromorphic Vision Arrays for Conformal Polarization Imaging and Adaptive Perception,https://advanced.onlinelibrary.wiley.com/doi/10.1002/adma.75254?af=R,2026-10-05 07:50:47 UTC,Wiley: Advanced Materials: Table of Contents,2026-10-05 07:50:47+00:00
Air Sensitivity and Surface Residual Alkali in Sodium‐Ion Layered Oxide Cathodes: A Review,https://advanced.onlinelibrary.wiley.com/doi/10.1002/aenm.71659?af=R,2026-10-05 08:33:30 UTC,Wiley: Advanced Energy Materials: Table of Contents,2026-10-05 08:33:30+00:00
Hypoxia‐Regulating Nanozymes for Biomedicine,https://advanced.onlinelibrary.wiley.com/doi/10.1002/adma.75154?af=R,2026-10-05 08:33:49 UTC,Wiley: Advanced Materials: Table of Contents,2026-10-05 08:33:49+00:00
‘Toyota Battery Center in North America’ opens in Michigan,https://www.electrive.com/2026/10/05/toyota-battery-center-in-north-america-opens-in-michigan/,2026-10-05 09:50:33 UTC,Battery – electrive.com,2026-10-05 09:50:33+00:00
Why are data centres such a big deal in Scotland?,https://www.bbc.co.uk/news/articles/c6qxv55882z1o?at_medium=RSS&at_campaign=rss,2026-10-05 10:04:08 UTC,BBC News,2026-10-05 10:04:08+00:00
China’s 700 MW Jintan salt-cavern CAES project completes full-system startup,https://www.ess-news.com/2026/10/05/chinas-700-mw-jintan-salt-cavern-caes-project-completes-full-system-startup/,2026-10-05 10:45:32 UTC,Latest news about ESS Projects & Applications | ESS News,2026-10-05 10:45:32+00:00
States Take Trump EPA To Court Over Power Plant Carbon Rules,https://carbonherald.com/states-take-trump-epa-to-court-over-power-plant-carbon-rules/?utm_source=rss&utm_medium=rss&utm_campaign=states-take-trump-epa-to-court-over-power-plant-carbon-rules,2026-10-05 10:55:13 UTC,Carbon Herald,2026-10-05 10:55:13+00:00
How did Rosalind Franklin miss the helix in her iconic DNA image? She didn’t,https://www.science.org/content/article/how-did-rosalind-franklin-miss-helix-her-iconic-dna-image-she-didn-t,2026-10-05 11:00:00 UTC,Latest News from Science Magazine,2026-10-05 11:00:00+00:00
CATL opens largest Ning Service Centre outside Asia in Oslo,https://www.electrive.com/2026/10/05/catl-opens-largest-ning-service-centre-outside-asia-in-oslo/,2026-10-05 11:38:00 UTC,Battery – electrive.com,2026-10-05 11:38:00+00:00
Renalfa and Eurowind Energy inaugurate 773 MWh double-battery hybrid park,https://www.ess-news.com/2026/10/05/renalfa-and-eurowind-energy-inaugurate-773-mwh-double-battery-hybrid-park/,2026-10-05 11:45:00 UTC,Latest news about ESS Projects & Applications | ESS News,2026-10-05 11:45:00+00:00
Eneco Expands Its Partnership With Klimate To Explore Carbon Removals,https://carbonherald.com/eneco-expands-its-partnership-with-klimate-to-explore-carbon-removals/?utm_source=rss&utm_medium=rss&utm_campaign=eneco-expands-its-partnership-with-klimate-to-explore-carbon-removals,2026-10-05 11:58:19 UTC,Carbon Herald,2026-10-05 11:58:19+00:00
LG Energy Solution signs MoU with US startup Indigotech,https://www.electrive.com/2026/10/05/lg-energy-solution-signs-mou-with-us-startup-indigotech/,2026-10-05 12:00:00 UTC,Battery – electrive.com,2026-10-05 12:00:00+00:00
Rio Tinto Commissions Carbon Capture Trial At Steel Plant In China,https://carbonherald.com/rio-tinto-commissions-carbon-capture-trial-at-steel-plant-in-china/?utm_source=rss&utm_medium=rss&utm_campaign=rio-tinto-commissions-carbon-capture-trial-at-steel-plant-in-china,2026-10-05 12:18:22 UTC,Carbon Herald,2026-10-05 12:18:22+00:00
Correction to “Silicon‐Rivalling Large‐Area Flexible Broadband Organic Photodetectors”,https://advanced.onlinelibrary.wiley.com/doi/10.1002/adma.75281?af=R,2026-10-05 12:30:23 UTC,Wiley: Advanced Materials: Table of Contents,2026-10-05 12:30:23+00:00
Precise Modulation of CO2‐to‐Ethanol Conversion by Fully‐Exposed Cun Clusters Induced by Dangling Bonds in Lacunary Polyoxometalate,https://advanced.onlinelibrary.wiley.com/doi/10.1002/adma.75291?af=R,2026-10-05 12:33:20 UTC,Wiley: Advanced Materials: Table of Contents,2026-10-05 12:33:20+00:00
"Accelerated Materials Discovery Through In Situ X‐ray Diffraction: Solvothermal Formation of PdxMy (M═Si, Ge, Sn, Pb) Intermetallic Nanoparticles",https://advanced.onlinelibrary.wiley.com/doi/10.1002/adma.75213?af=R,2026-10-05 12:34:20 UTC,Wiley: Advanced Materials: Table of Contents,2026-10-05 12:34:20+00:00
New Study Examines What Matters Most For Public CDR Support,https://carbonherald.com/new-study-examines-what-matters-most-for-public-cdr-support/?utm_source=rss&utm_medium=rss&utm_campaign=new-study-examines-what-matters-most-for-public-cdr-support,2026-10-05 13:35:24 UTC,Carbon Herald,2026-10-05 13:35:24+00:00
Correction to “Short‐Wave Infrared Organic Photodetectors With Ultralow Dark Current Density Under Biased Operating Conditions”,https://advanced.onlinelibrary.wiley.com/doi/10.1002/adma.75292?af=R,2026-10-05 13:54:23 UTC,Wiley: Advanced Materials: Table of Contents,2026-10-05 13:54:23+00:00
Efficient and Robust Organic Solar Cells Enabled by Nanofibrillar Electron Transport Layer via Seed‐Initiated Epitaxial Growth,https://onlinelibrary.wiley.com/doi/10.1002/anie.7455224?af=R,2026-10-05 14:32:57 UTC,Wiley: Angewandte Chemie International Edition: Table of Contents,2026-10-05 14:32:57+00:00
Ultrathin b‐Oriented Co‐Gallate MOF Membranes for Lithium Recovery: Precise Ion Sieving via Geometry‐Confined Dehydration,https://onlinelibrary.wiley.com/doi/10.1002/anie.7674294?af=R,2026-10-05 14:34:14 UTC,Wiley: Angewandte Chemie International Edition: Table of Contents,2026-10-05 14:34:14+00:00
To Greater Twist: A Kinetically Biased π‐Radical Cascade,https://onlinelibrary.wiley.com/doi/10.1002/anie.5803864?af=R,2026-10-05 14:36:16 UTC,Wiley: Angewandte Chemie International Edition: Table of Contents,2026-10-05 14:36:16+00:00
Plaque honours Mars mission scientist,https://www.bbc.co.uk/news/articles/c617kl241z91o?at_medium=RSS&at_campaign=rss,2026-10-05 14:36:43 UTC,BBC News,2026-10-05 14:36:43+00:00
Mirror versus Inversion Symmetry Breaking in Mesogenic Dimers: NTB versus NF Phase,https://onlinelibrary.wiley.com/doi/10.1002/anie.5707650?af=R,2026-10-05 14:40:08 UTC,Wiley: Angewandte Chemie International Edition: Table of Contents,2026-10-05 14:40:08+00:00
Hydrophobic Microphase Separation‐Driven Polycondensation and Carbonization for the Formation of Carbonized Polymer Dots,https://onlinelibrary.wiley.com/doi/10.1002/anie.7521352?af=R,2026-10-05 14:41:50 UTC,Wiley: Angewandte Chemie International Edition: Table of Contents,2026-10-05 14:41:50+00:00
Phosphate‐Modulated Asymmetric Copper Catalysis for Photochemical Enantioselective S‐Benzylation of Sulfenamides,https://onlinelibrary.wiley.com/doi/10.1002/anie.1388948?af=R,2026-10-05 17:39:09 UTC,Wiley: Angewandte Chemie International Edition: Table of Contents,2026-10-05 17:39:09+00:00
Hybrid‐Secondary Ion Mass Spectrometry Probes Atomic‐Scale Insight Into Selective C─C Bond Cleavage in PET Upcycling,https://onlinelibrary.wiley.com/doi/10.1002/anie.1863949?af=R,2026-10-05 17:41:58 UTC,Wiley: Angewandte Chemie International Edition: Table of Contents,2026-10-05 17:41:58+00:00
Outside Back Cover: Space‐Confined Water Isotope Transport in Conductive MOF Thin Film,https://onlinelibrary.wiley.com/doi/10.1002/anie.2026-m0210095800?af=R,2026-10-05 17:46:48 UTC,Wiley: Angewandte Chemie International Edition: Table of Contents,2026-10-05 17:46:48+00:00
Extending Chain Length of PNP Pincer Ligands Triggers Catalytic Activity of Gold–Copper Nanoclusters in Aerobic Oxidations,https://onlinelibrary.wiley.com/doi/10.1002/anie.3126258?af=R,2026-10-05 18:41:39 UTC,Wiley: Angewandte Chemie International Edition: Table of Contents,2026-10-05 18:41:39+00:00
Degradable Alternating Copolymers With Strained Cyclobutane Backbones via Photocontrolled RAFT Polymerization,https://onlinelibrary.wiley.com/doi/10.1002/anie.7228967?af=R,2026-10-05 18:41:39 UTC,Wiley: Angewandte Chemie International Edition: Table of Contents,2026-10-05 18:41:39+00:00
Interfacial Charge‐Transfer Kinetics Regulate Na2S Deposition by Recycled V Single‐Atom Catalysts for Durable Na–S Batteries,https://onlinelibrary.wiley.com/doi/10.1002/anie.7796630?af=R,2026-10-05 18:41:39 UTC,Wiley: Angewandte Chemie International Edition: Table of Contents,2026-10-05 18:41:39+00:00
Unsaturated Copper Sites for Selective Electroreduction of CO to Alcohol,https://onlinelibrary.wiley.com/doi/10.1002/anie.7989553?af=R,2026-10-05 18:41:39 UTC,Wiley: Angewandte Chemie International Edition: Table of Contents,2026-10-05 18:41:39+00:00
Dopant‐Tailored Matrices: A Crystal Engineering Strategy for Organic Room‐Temperature Phosphorescent Host–Guest Systems and Beyond,https://onlinelibrary.wiley.com/doi/10.1002/anie.8252460?af=R,2026-10-05 18:41:39 UTC,Wiley: Angewandte Chemie International Edition: Table of Contents,2026-10-05 18:41:39+00:00
Chemoenzymatic Radiosynthesis of a Gluconate Transporter‐Targeted In Vivo Bacterial Sensor From Clinical [18F]FDG,https://onlinelibrary.wiley.com/doi/10.1002/anie.8729932?af=R,2026-10-05 18:41:39 UTC,Wiley: Angewandte Chemie International Edition: Table of Contents,2026-10-05 18:41:39+00:00
Conformational Adaptivity and Isomerization Pathway Enable Multi‐Stimuli‐Responsive Assembly and Interconversion of Water‐Soluble Metal–Organic Cages,https://onlinelibrary.wiley.com/doi/10.1002/anie.9635291?af=R,2026-10-05 18:41:39 UTC,Wiley: Angewandte Chemie International Edition: Table of Contents,2026-10-05 18:41:39+00:00
Uncaging Iridium(III) Complexes for Combined Photodynamic and Photoactivated Chemotherapy,https://onlinelibrary.wiley.com/doi/10.1002/anie.9954997?af=R,2026-10-05 18:41:39 UTC,Wiley: Angewandte Chemie International Edition: Table of Contents,2026-10-05 18:41:39+00:00
Programmable Nanostructural Orientation on Amorphous Phase‐Separating Systems,https://onlinelibrary.wiley.com/doi/10.1002/anie.8511383?af=R,2026-10-05 18:41:39 UTC,Wiley: Angewandte Chemie International Edition: Table of Contents,2026-10-05 18:41:39+00:00
Hydrophobic Quaternary Ammonium Iodides for Highly Stable Four−Electron Zinc−Iodine Batteries,https://onlinelibrary.wiley.com/doi/10.1002/anie.8492354?af=R,2026-10-05 18:41:39 UTC,Wiley: Angewandte Chemie International Edition: Table of Contents,2026-10-05 18:41:39+00:00
A Modular Synthesis of C5‐Sulfenyl Thiazoles via an Intermolecular Pummerer Rearrangement: An Underexplored Scaffold for Medicinal Chemistry,https://onlinelibrary.wiley.com/doi/10.1002/anie.8444671?af=R,2026-10-05 18:41:39 UTC,Wiley: Angewandte Chemie International Edition: Table of Contents,2026-10-05 18:41:39+00:00
Synthesis and Property Study on Homoaromatic Thiabenzenes,https://onlinelibrary.wiley.com/doi/10.1002/anie.8287171?af=R,2026-10-05 18:41:39 UTC,Wiley: Angewandte Chemie International Edition: Table of Contents,2026-10-05 18:41:39+00:00
Inner Helmholtz Plane Reconstruction Enables High‑Voltage Sodium‑Ion Batteries,https://onlinelibrary.wiley.com/doi/10.1002/anie.8233387?af=R,2026-10-05 18:41:39 UTC,Wiley: Angewandte Chemie International Edition: Table of Contents,2026-10-05 18:41:39+00:00
Heterocycle‐Linked Covalent Organic Frameworks With Indazole Units for Cooperative H2O2 Photosynthesis and Biomass Valorization,https://onlinelibrary.wiley.com/doi/10.1002/anie.8182546?af=R,2026-10-05 18:41:39 UTC,Wiley: Angewandte Chemie International Edition: Table of Contents,2026-10-05 18:41:39+00:00
External‐Field‐Enhanced Helmholtz‐Layer Local Charge Density Enables C─C Coupling in Pure‐H2O‐Fed CO2 Electroreduction To C2+ Products,https://onlinelibrary.wiley.com/doi/10.1002/anie.7758933?af=R,2026-10-05 18:41:39 UTC,Wiley: Angewandte Chemie International Edition: Table of Contents,2026-10-05 18:41:39+00:00
Efficient Organic Fluorescence Scintillation by Engineering Anti‐Kasha Triplet Energy Levels,https://onlinelibrary.wiley.com/doi/10.1002/anie.7669745?af=R,2026-10-05 18:41:39 UTC,Wiley: Angewandte Chemie International Edition: Table of Contents,2026-10-05 18:41:39+00:00
Dyotropic Rearrangement of Hypervalent Iodine Species: Migrative Heterofunctionalization of Quaternary Carbons,https://onlinelibrary.wiley.com/doi/10.1002/anie.7649039?af=R,2026-10-05 18:41:39 UTC,Wiley: Angewandte Chemie International Edition: Table of Contents,2026-10-05 18:41:39+00:00
"A Unified Strategy for Catalytic Asymmetric Allylation and Mukaiyama Aldol Reactions of 1,2‐Dicarbonyl Compounds",https://onlinelibrary.wiley.com/doi/10.1002/anie.6933953?af=R,2026-10-05 18:41:39 UTC,Wiley: Angewandte Chemie International Edition: Table of Contents,2026-10-05 18:41:39+00:00
On‐Demand Deconstructable Thermosets Through Cleavable Comonomer and Thermolatent Base Synergy,https://onlinelibrary.wiley.com/doi/10.1002/anie.6855232?af=R,2026-10-05 18:41:39 UTC,Wiley: Angewandte Chemie International Edition: Table of Contents,2026-10-05 18:41:39+00:00
Synthesis and Activity‐Based Protein Profiling Identifies Aldo‐Keto Reductase 1C3 as Target Protein of Myxoglucamides,https://onlinelibrary.wiley.com/doi/10.1002/anie.6489568?af=R,2026-10-05 18:41:39 UTC,Wiley: Angewandte Chemie International Edition: Table of Contents,2026-10-05 18:41:39+00:00
Stereoselective Synthesis of Aminals Through Enzyme‐Catalyzed Intermolecular C(sp3)‐H Amidation of Azacycles,https://onlinelibrary.wiley.com/doi/10.1002/anie.6337773?af=R,2026-10-05 18:41:39 UTC,Wiley: Angewandte Chemie International Edition: Table of Contents,2026-10-05 18:41:39+00:00
RuCo Nanoalloy Catalysts Obtained From In‐Situ Reconstruction of High‐Entropy Oxides for Green Ammonia Synthesis,https://onlinelibrary.wiley.com/doi/10.1002/anie.9715444?af=R,2026-10-05 18:41:39 UTC,Wiley: Angewandte Chemie International Edition: Table of Contents,2026-10-05 18:41:39+00:00
Tuning Polarization Fields in Zwitterionic Covalent Organic Frameworks for Efficient Photo‐Assisted Rechargeable Zinc–Air Batteries,https://onlinelibrary.wiley.com/doi/10.1002/anie.9559286?af=R,2026-10-05 18:41:39 UTC,Wiley: Angewandte Chemie International Edition: Table of Contents,2026-10-05 18:41:39+00:00
High‐Pressure Synthesis of Quantum‐Stabilised Manganese Superhydride MnH7,https://onlinelibrary.wiley.com/doi/10.1002/anie.9526719?af=R,2026-10-05 18:41:39 UTC,Wiley: Angewandte Chemie International Edition: Table of Contents,2026-10-05 18:41:39+00:00
Modular Access to α‐Tertiary Amines: Electrochemical Tandem Di‐Functionalization of Olefins With Ammonia Surrogates and Amino Acids,https://onlinelibrary.wiley.com/doi/10.1002/anie.9487272?af=R,2026-10-05 18:41:39 UTC,Wiley: Angewandte Chemie International Edition: Table of Contents,2026-10-05 18:41:39+00:00
Recycling 99Tc From Nuclear Wastewater by Coupling Photocatalysis and In Situ Ion‐Exchange on Bifunctional K‐SnS/TiO2 Heterojunction,https://onlinelibrary.wiley.com/doi/10.1002/anie.9417552?af=R,2026-10-05 18:41:39 UTC,Wiley: Angewandte Chemie International Edition: Table of Contents,2026-10-05 18:41:39+00:00
Allosterically Controlled Capture of Mutually Repulsive Guests With Positive Cooperativity and Ultrahigh Affinity,https://onlinelibrary.wiley.com/doi/10.1002/anie.9333885?af=R,2026-10-05 18:41:39 UTC,Wiley: Angewandte Chemie International Edition: Table of Contents,2026-10-05 18:41:39+00:00
Pressure‐Treated Luminescent and Structural Evolution With Irreversible Control of Emission in Through‐Space Charge Transfer Emitter,https://onlinelibrary.wiley.com/doi/10.1002/anie.9247211?af=R,2026-10-05 18:41:39 UTC,Wiley: Angewandte Chemie International Edition: Table of Contents,2026-10-05 18:41:39+00:00
Structural Water‐Enabled Helicity Emergence From an Asymmetric Achiral Molecule,https://onlinelibrary.wiley.com/doi/10.1002/anie.9135596?af=R,2026-10-05 18:41:39 UTC,Wiley: Angewandte Chemie International Edition: Table of Contents,2026-10-05 18:41:39+00:00
Bottlebrush Polyolefin Sulfones as Triggerable and Degradable Pressure‐Sensitive Adhesives,https://onlinelibrary.wiley.com/doi/10.1002/anie.7449383?af=R,2026-10-05 18:41:39 UTC,Wiley: Angewandte Chemie International Edition: Table of Contents,2026-10-05 18:41:39+00:00
Outside Front Cover: Click'n ROPISA: One‐Pot Synthesis of Ultrabright Fluorescent Nanoparticles Made of Polypeptides (Angew. Chem. Int. Ed. 41/2026),https://onlinelibrary.wiley.com/doi/10.1002/anie.2026-m2508072800?af=R,2026-10-05 18:41:39 UTC,Wiley: Angewandte Chemie International Edition: Table of Contents,2026-10-05 18:41:39+00:00
Zn─F Diatomic Sites Promote Electrochemical C─N Coupling for the Synthesis of Amino Acids,https://onlinelibrary.wiley.com/doi/10.1002/anie.1293701?af=R,2026-10-05 18:41:39 UTC,Wiley: Angewandte Chemie International Edition: Table of Contents,2026-10-05 18:41:39+00:00
"Cysteine Thioaldehydes: Photolytic Generation, Reactivity, and Biological Implications",https://onlinelibrary.wiley.com/doi/10.1002/anie.202526017?af=R,2026-10-05 18:41:39 UTC,Wiley: Angewandte Chemie International Edition: Table of Contents,2026-10-05 18:41:39+00:00
Component Self‐Initiated Photopolymerization for Gel Polymer Electrolytes in Zinc–Air Batteries,https://onlinelibrary.wiley.com/doi/10.1002/anie.3048454?af=R,2026-10-05 18:41:39 UTC,Wiley: Angewandte Chemie International Edition: Table of Contents,2026-10-05 18:41:39+00:00
A Mesoionic Platform for Persistent Anionic Nitrogen‐Centered Radicals,https://onlinelibrary.wiley.com/doi/10.1002/anie.3083427?af=R,2026-10-05 18:41:39 UTC,Wiley: Angewandte Chemie International Edition: Table of Contents,2026-10-05 18:41:39+00:00
Electrochemically Activated Highly Reversible Sulfate Conversion Enables High‐Voltage and Large‐Volumetric‐Capacity Zinc‐Based Anion–Cation Shuttle Battery,https://onlinelibrary.wiley.com/doi/10.1002/anie.3330483?af=R,2026-10-05 18:41:39 UTC,Wiley: Angewandte Chemie International Edition: Table of Contents,2026-10-05 18:41:39+00:00
Efficient and Stable Inverted Perovskite Solar Cells Via a Multi‐Arm Donor–Acceptor Dipole Molecular Bridge,https://onlinelibrary.wiley.com/doi/10.1002/anie.3716107?af=R,2026-10-05 18:41:39 UTC,Wiley: Angewandte Chemie International Edition: Table of Contents,2026-10-05 18:41:39+00:00
Reflex Charging for Anion‐Derived Solid Electrolyte Interphase Formation,https://onlinelibrary.wiley.com/doi/10.1002/anie.4035251?af=R,2026-10-05 18:41:39 UTC,Wiley: Angewandte Chemie International Edition: Table of Contents,2026-10-05 18:41:39+00:00
Synthesizing Colloidal Bimetallic Nanoparticles in Water Using a Dual‐Ligand Strategy,https://onlinelibrary.wiley.com/doi/10.1002/anie.5050054?af=R,2026-10-05 18:41:39 UTC,Wiley: Angewandte Chemie International Edition: Table of Contents,2026-10-05 18:41:39+00:00
Seung‐Hyeok Kim,https://onlinelibrary.wiley.com/doi/10.1002/anie.5224426?af=R,2026-10-05 18:41:39 UTC,Wiley: Angewandte Chemie International Edition: Table of Contents,2026-10-05 18:41:39+00:00
Twisted Multi‐Boron Topological π‐Extension Enables Narrowband Deep‐Blue Multi‐Resonance Thermally Activated Delayed Fluorescence Emitters,https://onlinelibrary.wiley.com/doi/10.1002/anie.7131096?af=R,2026-10-05 18:41:39 UTC,Wiley: Angewandte Chemie International Edition: Table of Contents,2026-10-05 18:41:39+00:00
A General Design of Compact “Zero‐On” NIR‐II Photoacoustic Dyes for High‐Fidelity Imaging,https://onlinelibrary.wiley.com/doi/10.1002/anie.7119524?af=R,2026-10-05 18:41:39 UTC,Wiley: Angewandte Chemie International Edition: Table of Contents,2026-10-05 18:41:39+00:00
Epitaxial Oxide Interfaces Create Poison‐Resistant CuO Sites for Environmental Catalysis,https://onlinelibrary.wiley.com/doi/10.1002/anie.7111765?af=R,2026-10-05 18:41:39 UTC,Wiley: Angewandte Chemie International Edition: Table of Contents,2026-10-05 18:41:39+00:00
Dynamic Dual‐Site Relay Catalysis Enables Selective Solar‐Driven CO2 Reduction Toward Ethanol,https://onlinelibrary.wiley.com/doi/10.1002/anie.4735480?af=R,2026-10-05 18:41:39 UTC,Wiley: Angewandte Chemie International Edition: Table of Contents,2026-10-05 18:41:39+00:00
Hierarchical Surface‐to‐Bulk Architecture for High‐Performance O3‐Type Sodium Cathodes,https://onlinelibrary.wiley.com/doi/10.1002/anie.4606157?af=R,2026-10-05 18:41:39 UTC,Wiley: Angewandte Chemie International Edition: Table of Contents,2026-10-05 18:41:39+00:00
Tuning Reaction Pathways by Controlling Atomic Assembly on Oxide Clusters,https://onlinelibrary.wiley.com/doi/10.1002/anie.4503768?af=R,2026-10-05 18:41:39 UTC,Wiley: Angewandte Chemie International Edition: Table of Contents,2026-10-05 18:41:39+00:00
Direct Synthesis of Well‐Defined Epoxide‐Terminated Telechelic Polymers via an Alcohol‐Mediated Self‐Switching Strategy,https://onlinelibrary.wiley.com/doi/10.1002/anie.4383253?af=R,2026-10-05 18:41:39 UTC,Wiley: Angewandte Chemie International Edition: Table of Contents,2026-10-05 18:41:39+00:00
A Universal Fenton‐Like Strategy for Selective Generation of 1O2 in Mixed Industrial Wastewater Treatment and Green Chemical Synthesis,https://onlinelibrary.wiley.com/doi/10.1002/anie.4329489?af=R,2026-10-05 18:41:39 UTC,Wiley: Angewandte Chemie International Edition: Table of Contents,2026-10-05 18:41:39+00:00
Decoupling Bidirectional Photochemical Degradation via Radical Scavenging for Stable Inverted Perovskite Solar Cells,https://onlinelibrary.wiley.com/doi/10.1002/anie.4221605?af=R,2026-10-05 18:41:39 UTC,Wiley: Angewandte Chemie International Edition: Table of Contents,2026-10-05 18:41:39+00:00
A Three‐Dimensional Ionic Conjugated Metal–Organic Framework,https://onlinelibrary.wiley.com/doi/10.1002/anie.4078759?af=R,2026-10-05 18:41:39 UTC,Wiley: Angewandte Chemie International Edition: Table of Contents,2026-10-05 18:41:39+00:00
Imide Cyclophane Assemblies Enable Aquaporin‐Like Water Transport,https://onlinelibrary.wiley.com/doi/10.1002/anie.4052926?af=R,2026-10-05 18:41:39 UTC,Wiley: Angewandte Chemie International Edition: Table of Contents,2026-10-05 18:41:39+00:00
Light‐Enhanced Chloride Transport by Thiourea‐Appended Molecular Motor,https://onlinelibrary.wiley.com/doi/10.1002/anie.4755839?af=R,2026-10-05 18:41:39 UTC,Wiley: Angewandte Chemie International Edition: Table of Contents,2026-10-05 18:41:39+00:00
Backbone Steric Constraints Underlie High Passive Membrane Permeability of N‐Alkyl Peptides,https://onlinelibrary.wiley.com/doi/10.1002/anie.3948218?af=R,2026-10-05 18:41:39 UTC,Wiley: Angewandte Chemie International Edition: Table of Contents,2026-10-05 18:41:39+00:00
Metal Coordination Dynamics Governs Selective Halogenation in α‐KG/Fe‐Dependent Halogenase SyrB2,https://onlinelibrary.wiley.com/doi/10.1002/anie.3915501?af=R,2026-10-05 18:41:39 UTC,Wiley: Angewandte Chemie International Edition: Table of Contents,2026-10-05 18:41:39+00:00
"Surface Hydroxyl Steered Adsorption Configuration for Efficient Photocatalysis Coupling Hydrogen Evolution and 5‐Hydroxymethylfurfural Selective Oxidation Toward 2,5‐Furandicarboxylic Acid Production",https://onlinelibrary.wiley.com/doi/10.1002/anie.3914874?af=R,2026-10-05 18:41:39 UTC,Wiley: Angewandte Chemie International Edition: Table of Contents,2026-10-05 18:41:39+00:00
Emergent Supermonomer Directs Spatially Separated Triplet Pair Generation in Dynamic Oligomers,https://onlinelibrary.wiley.com/doi/10.1002/anie.3905300?af=R,2026-10-05 18:41:39 UTC,Wiley: Angewandte Chemie International Edition: Table of Contents,2026-10-05 18:41:39+00:00
C─S Bond Formation of Aryl Germanes,https://onlinelibrary.wiley.com/doi/10.1002/anie.3776319?af=R,2026-10-05 18:41:39 UTC,Wiley: Angewandte Chemie International Edition: Table of Contents,2026-10-05 18:41:39+00:00
Dynamic Diels–Alder Chemistry Toward Degradable and Dual Closed‐Loop Recyclable Polyolefins,https://onlinelibrary.wiley.com/doi/10.1002/anie.3700101?af=R,2026-10-05 18:41:39 UTC,Wiley: Angewandte Chemie International Edition: Table of Contents,2026-10-05 18:41:39+00:00
Programming Ion‐Engineered Interphase for Practical Zinc Batteries Through Exogenous Cation‐Anion Synergy Chemistry,https://onlinelibrary.wiley.com/doi/10.1002/anie.3578686?af=R,2026-10-05 18:41:39 UTC,Wiley: Angewandte Chemie International Edition: Table of Contents,2026-10-05 18:41:39+00:00
Asymmetric Tellurium‐Bonding Catalysis for Mannich Reaction,https://onlinelibrary.wiley.com/doi/10.1002/anie.3568920?af=R,2026-10-05 18:41:39 UTC,Wiley: Angewandte Chemie International Edition: Table of Contents,2026-10-05 18:41:39+00:00
Thermodynamically Driven Multi‐Site Photoswitching in Tetraoxindole Cavitands Controlled by Hydrogen Bonding and Mechanochemistry,https://onlinelibrary.wiley.com/doi/10.1002/anie.3367062?af=R,2026-10-05 18:41:39 UTC,Wiley: Angewandte Chemie International Edition: Table of Contents,2026-10-05 18:41:39+00:00
Efficient Utilization of Solar Energy Mediated by Singlet Fission Passage to Boost Photocatalytic Hydrogen Production,https://onlinelibrary.wiley.com/doi/10.1002/anie.3917462?af=R,2026-10-05 18:41:39 UTC,Wiley: Angewandte Chemie International Edition: Table of Contents,2026-10-05 18:41:39+00:00
A Bimetallic Covalent Organic Framework Photonic Synaptic Electrocatalysts,https://onlinelibrary.wiley.com/doi/10.1002/anie.2636151?af=R,2026-10-05 18:41:39 UTC,Wiley: Angewandte Chemie International Edition: Table of Contents,2026-10-05 18:41:39+00:00
Single‐Crystal Covalent Organic Frameworks for Anhydrous Proton Conduction Above 200°C,https://onlinelibrary.wiley.com/doi/10.1002/anie.5051663?af=R,2026-10-05 18:41:39 UTC,Wiley: Angewandte Chemie International Edition: Table of Contents,2026-10-05 18:41:39+00:00
Moisture‐Responsive Ion‐Coupling Networks in Molecularly Engineered MoS2 Channels for Enhanced Ion Transport,https://onlinelibrary.wiley.com/doi/10.1002/anie.9721428?af=R,2026-10-05 18:41:39 UTC,Wiley: Angewandte Chemie International Edition: Table of Contents,2026-10-05 18:41:39+00:00
Interfacial Raft‐Like Structures From Bottlebrush Polymers,https://onlinelibrary.wiley.com/doi/10.1002/anie.7096050?af=R,2026-10-05 18:41:39 UTC,Wiley: Angewandte Chemie International Edition: Table of Contents,2026-10-05 18:41:39+00:00
Reactions of Terminal Olefins With Iron Carbenes,https://onlinelibrary.wiley.com/doi/10.1002/anie.7062874?af=R,2026-10-05 18:41:39 UTC,Wiley: Angewandte Chemie International Edition: Table of Contents,2026-10-05 18:41:39+00:00
Beyond the Oxo‐Wall: Synthesis and Reactivity of a Six‐Coordinate Formally CoIV‐Oxo Complex,https://onlinelibrary.wiley.com/doi/10.1002/anie.6875653?af=R,2026-10-05 18:41:39 UTC,Wiley: Angewandte Chemie International Edition: Table of Contents,2026-10-05 18:41:39+00:00
Unlocking the Potential of Sparingly Soluble LiNO3 in Carbonate Electrolytes With Pyridine as a Carrier Cosolvent for 450 Wh Kg−1 High‐Voltage Lithium Metal Batteries,https://onlinelibrary.wiley.com/doi/10.1002/anie.6581071?af=R,2026-10-05 18:41:39 UTC,Wiley: Angewandte Chemie International Edition: Table of Contents,2026-10-05 18:41:39+00:00
Designing Novel Solar‐Blind Ultraviolet Nonlinear Optical Crystals Based on Local Proton Distribution Complementary Effect,https://onlinelibrary.wiley.com/doi/10.1002/anie.6572259?af=R,2026-10-05 18:41:39 UTC,Wiley: Angewandte Chemie International Edition: Table of Contents,2026-10-05 18:41:39+00:00
An In Vivo Single‐Vesicle Electrochemistry Enables Monitoring Vesicular Dopamine Dynamics and Pharmacological Rescue,https://onlinelibrary.wiley.com/doi/10.1002/anie.6461178?af=R,2026-10-05 18:41:39 UTC,Wiley: Angewandte Chemie International Edition: Table of Contents,2026-10-05 18:41:39+00:00
Crystal Void Fraction‐Engineered Fe‐S Catalysts for Self‐Sustaining Li‐CO2 Mars Batteries,https://onlinelibrary.wiley.com/doi/10.1002/anie.6292528?af=R,2026-10-05 18:41:39 UTC,Wiley: Angewandte Chemie International Edition: Table of Contents,2026-10-05 18:41:39+00:00
Single‐Atom Control of Aromaticity and Excited‐State Dynamics in Endohedral Zirconium–Antimony Zintl Clusters,https://onlinelibrary.wiley.com/doi/10.1002/anie.6088506?af=R,2026-10-05 18:41:39 UTC,Wiley: Angewandte Chemie International Edition: Table of Contents,2026-10-05 18:41:39+00:00
Chlorine Radical Mediated Tandem Dehydrogenation–Oxidation for Upcycling Polyolefins to Functional Wax at Low Temperature in Air,https://onlinelibrary.wiley.com/doi/10.1002/anie.5803210?af=R,2026-10-05 18:41:39 UTC,Wiley: Angewandte Chemie International Edition: Table of Contents,2026-10-05 18:41:39+00:00
Room‐Temperature Rapid Synthesis of Crystalline Ag─C Coordinated MOFs for Highly Efficient Acidic CO2 Electroreduction,https://onlinelibrary.wiley.com/doi/10.1002/anie.5594041?af=R,2026-10-05 18:41:39 UTC,Wiley: Angewandte Chemie International Edition: Table of Contents,2026-10-05 18:41:39+00:00
Chalcogen Bond‐Induced Conformational Locking for Thermoplastic Polyurethane With Superior Puncture Force and Fracture Energy,https://onlinelibrary.wiley.com/doi/10.1002/anie.5493523?af=R,2026-10-05 18:41:39 UTC,Wiley: Angewandte Chemie International Edition: Table of Contents,2026-10-05 18:41:39+00:00
Pre‐Crosslinking via MOFs With Coordinatively Unsaturated Metal Sites for Fabricating Macroporous Hydrogels Toward Efficient Atmospheric Water Harvesting,https://onlinelibrary.wiley.com/doi/10.1002/anie.5095501?af=R,2026-10-05 18:41:39 UTC,Wiley: Angewandte Chemie International Edition: Table of Contents,2026-10-05 18:41:39+00:00
Hierarchical Chirality Memory Governs Dual Chiroptical Inversion in Mesoscopic Helical Covalent Organic Frameworks,https://onlinelibrary.wiley.com/doi/10.1002/anie.5082047?af=R,2026-10-05 18:41:39 UTC,Wiley: Angewandte Chemie International Edition: Table of Contents,2026-10-05 18:41:39+00:00
Energy Transfer Catalysis Enabled by Multichannel Through‐Space Charge Transfer TADF Photosensitizers: [2 + 2] Photocycloaddition to Cyclobutane‐Fused Phosphindole 3‐Oxides,https://onlinelibrary.wiley.com/doi/10.1002/anie.1444773?af=R,2026-10-05 18:41:39 UTC,Wiley: Angewandte Chemie International Edition: Table of Contents,2026-10-05 18:41:39+00:00
A Tautomeric Carbon Nitride Structure for Photocatalytic Overall Water Splitting,https://onlinelibrary.wiley.com/doi/10.1002/anie.1761820?af=R,2026-10-05 18:41:39 UTC,Wiley: Angewandte Chemie International Edition: Table of Contents,2026-10-05 18:41:39+00:00
"Evolutionary, Functional and Mechanistic Characterisation of Microbial Terpene Synthase‐Like Genes From Springtails",https://onlinelibrary.wiley.com/doi/10.1002/anie.2037917?af=R,2026-10-05 18:41:39 UTC,Wiley: Angewandte Chemie International Edition: Table of Contents,2026-10-05 18:41:39+00:00
Oxophilic Gallium Single‐Atom Regulating Micropore‐Confined Os Atomic Clusters Enables Efficient Alkaline Hydrogen Electrocatalysis,https://onlinelibrary.wiley.com/doi/10.1002/anie.2044894?af=R,2026-10-05 18:41:39 UTC,Wiley: Angewandte Chemie International Edition: Table of Contents,2026-10-05 18:41:39+00:00
Solvent‐Driven Modulation of Covalent‐Organic Framework Nano‐Architectures for Photothermal‐Catalytic Biomass Valorization and Hydrogen Peroxide Production,https://onlinelibrary.wiley.com/doi/10.1002/anie.2408330?af=R,2026-10-05 18:41:39 UTC,Wiley: Angewandte Chemie International Edition: Table of Contents,2026-10-05 18:41:39+00:00
De Novo Discovery of Nonstandard Thioisoindole‐Bridged Bicyclic Peptides Targeting Traf2‐ and NCK‐Interacting Kinase,https://onlinelibrary.wiley.com/doi/10.1002/anie.2417165?af=R,2026-10-05 18:41:39 UTC,Wiley: Angewandte Chemie International Edition: Table of Contents,2026-10-05 18:41:39+00:00
Electro‐Oxidation of Glycerol to Formate at Near‐Zero Potential Driven by Cathodic Oxygen Reduction‐Generated *OH,https://onlinelibrary.wiley.com/doi/10.1002/anie.3107244?af=R,2026-10-05 18:41:39 UTC,Wiley: Angewandte Chemie International Edition: Table of Contents,2026-10-05 18:41:39+00:00
Chlorination‐Induced Symmetry Breaking in Cu Single‐Atom Sites for Boosting Electrocatalytic Nitrate Reduction to Ammonia,https://onlinelibrary.wiley.com/doi/10.1002/anie.9873433?af=R,2026-10-05 18:41:39 UTC,Wiley: Angewandte Chemie International Edition: Table of Contents,2026-10-05 18:41:39+00:00
Cr‐Leaching Induced Vacancy Engineering for High‐Performance Anion Exchange Membrane Water Electrolysis,https://onlinelibrary.wiley.com/doi/10.1002/anie.9991550?af=R,2026-10-05 18:41:39 UTC,Wiley: Angewandte Chemie International Edition: Table of Contents,2026-10-05 18:41:39+00:00
Phase‐Inversion Engineering of Covalent Organic Framework Microspheres for Advanced Water Purification,https://onlinelibrary.wiley.com/doi/10.1002/anie.3726508?af=R,2026-10-05 18:41:39 UTC,Wiley: Angewandte Chemie International Edition: Table of Contents,2026-10-05 18:41:39+00:00
Topological Densification‐Reinforced Robust and Durable Protein Adhesive at Dynamic Interfaces,https://onlinelibrary.wiley.com/doi/10.1002/anie.2977415?af=R,2026-10-05 18:41:39 UTC,Wiley: Angewandte Chemie International Edition: Table of Contents,2026-10-05 18:41:39+00:00
High‐Entropy Rare‐Earth Halide Double Perovskites Convert Compositional Disorder Into Ion‐Transport‐Stabilized Broadband Near‐Infrared Emission for LEDs,https://onlinelibrary.wiley.com/doi/10.1002/anie.9927134?af=R,2026-10-05 18:41:39 UTC,Wiley: Angewandte Chemie International Edition: Table of Contents,2026-10-05 18:41:39+00:00
Hydrophilic RuGd Alloy Redirecting Interfacial Water Adsorption Configuration for Long‐Term and Ampere‐Level Hydrogen Evolution,https://onlinelibrary.wiley.com/doi/10.1002/anie.6236000?af=R,2026-10-05 18:41:39 UTC,Wiley: Angewandte Chemie International Edition: Table of Contents,2026-10-05 18:41:39+00:00
Ion Bridging Enables Dual‐Interface Engineering for High Capacity and Long Cycling Aqueous Zinc–Sulfur Battery,https://onlinelibrary.wiley.com/doi/10.1002/anie.9631813?af=R,2026-10-05 18:41:39 UTC,Wiley: Angewandte Chemie International Edition: Table of Contents,2026-10-05 18:41:39+00:00
Sulfur‐Modulated Covalent Organic Framework Superstructures With Highly Dense and Fully Accessible Protophilic Sites for High‐Performance All‐Organic Proton Batteries,https://onlinelibrary.wiley.com/doi/10.1002/anie.1065026?af=R,2026-10-05 18:41:39 UTC,Wiley: Angewandte Chemie International Edition: Table of Contents,2026-10-05 18:41:39+00:00
Toward Robust Anion‐Derived Interphases: A Novel Ternary‐Solvent Electrolyte for High‐Voltage Fast‐Charging Sodium Batteries,https://onlinelibrary.wiley.com/doi/10.1002/anie.3464448?af=R,2026-10-05 18:41:39 UTC,Wiley: Angewandte Chemie International Edition: Table of Contents,2026-10-05 18:41:39+00:00
Inside Back Cover: Synergizing Schottky/S‐Scheme Dual‐Junction With Cu/Pb Dual‐Site in a 0D/3D Cu@CsPbBr3/G‐C3N4 Heterojunction for Efficient CO2‐to‐C2H4 Photoreduction (Angew. Chem. Int. Ed. 41/2026),https://onlinelibrary.wiley.com/doi/10.1002/anie.2026-m1709013400?af=R,2026-10-05 18:41:39 UTC,Wiley: Angewandte Chemie International Edition: Table of Contents,2026-10-05 18:41:39+00:00
Coupling Water‐Driven Amorphization With High Entropy Strategy in Vanadium Oxide Cathodes for High‐Capacity and Durable Aqueous Potassium‐Ion Batteries,https://onlinelibrary.wiley.com/doi/10.1002/anie.7556352?af=R,2026-10-05 18:41:39 UTC,Wiley: Angewandte Chemie International Edition: Table of Contents,2026-10-05 18:41:39+00:00
Unraveling A4GALT Mechanism and Its Modulation With Adamantyl‐Galactosylceramide Analogues: Advancing Fabry Disease Therapeutic Strategies,https://onlinelibrary.wiley.com/doi/10.1002/anie.9633257?af=R,2026-10-05 18:41:39 UTC,Wiley: Angewandte Chemie International Edition: Table of Contents,2026-10-05 18:41:39+00:00
Palladium‐Catalyzed Asymmetric Synthesis of Methylidene Cyclobutanes via Enantioselective Intramolecular Heck‐Type Reactions,https://onlinelibrary.wiley.com/doi/10.1002/anie.9925574?af=R,2026-10-05 18:41:39 UTC,Wiley: Angewandte Chemie International Edition: Table of Contents,2026-10-05 18:41:39+00:00
Biomimetic Synthesis of Multinuclear Metal‐Oxo Bridges Under Mild Aqueous Conditions for Catalytic Cancer Therapy,https://onlinelibrary.wiley.com/doi/10.1002/anie.7825637?af=R,2026-10-05 18:41:39 UTC,Wiley: Angewandte Chemie International Edition: Table of Contents,2026-10-05 18:41:39+00:00
Programming Transition‐Metal Reactivity With Dicationic Tetrylene Z‐Type Ligands,https://onlinelibrary.wiley.com/doi/10.1002/anie.2703109?af=R,2026-10-05 18:41:39 UTC,Wiley: Angewandte Chemie International Edition: Table of Contents,2026-10-05 18:41:39+00:00
An Iridium Distannylidyne – Expanding the Scope of Tetrylidyne Transition Metal Coordination Chemistry,https://onlinelibrary.wiley.com/doi/10.1002/anie.1048718?af=R,2026-10-05 18:43:11 UTC,Wiley: Angewandte Chemie International Edition: Table of Contents,2026-10-05 18:43:11+00:00
Domino Effect in Epimer Self‐Assembly Induces Diverse Hydrogel Properties for Biomedical Applications,https://onlinelibrary.wiley.com/doi/10.1002/anie.6657683?af=R,2026-10-05 18:43:11 UTC,Wiley: Angewandte Chemie International Edition: Table of Contents,2026-10-05 18:43:11+00:00
Harnessing Synergistic Enthalpy‐Entropy Regulation: An I‐Motif‐Based Modulating Design for Programming Stimulus‐Responsive DNA Switches,https://onlinelibrary.wiley.com/doi/10.1002/anie.6637173?af=R,2026-10-05 18:43:11 UTC,Wiley: Angewandte Chemie International Edition: Table of Contents,2026-10-05 18:43:11+00:00
Reinforcing Particle Architectural Stability of Li‐Rich Cathode With Enhanced Anionic Redox Reaction Reversibility,https://onlinelibrary.wiley.com/doi/10.1002/anie.6490997?af=R,2026-10-05 18:43:11 UTC,Wiley: Angewandte Chemie International Edition: Table of Contents,2026-10-05 18:43:11+00:00
Chain Rigidity Modulating Closed Pore and Inter‐Graphitic Domain Channels in Resin‐Derived Hard Carbon for Fast Plateau Sodium Storage,https://onlinelibrary.wiley.com/doi/10.1002/anie.6458234?af=R,2026-10-05 18:43:11 UTC,Wiley: Angewandte Chemie International Edition: Table of Contents,2026-10-05 18:43:11+00:00
MOF‐Derived Hollow CoFe@NC Nanocages for Highly Efficient Degradation of Textile Fibers,https://onlinelibrary.wiley.com/doi/10.1002/anie.6433467?af=R,2026-10-05 18:43:11 UTC,Wiley: Angewandte Chemie International Edition: Table of Contents,2026-10-05 18:43:11+00:00
Enabling Fast Charging of Lithium‐Ion Batteries With Regioisomeric Nitrile Additives for Interphase Regulation,https://onlinelibrary.wiley.com/doi/10.1002/anie.6426355?af=R,2026-10-05 18:43:11 UTC,Wiley: Angewandte Chemie International Edition: Table of Contents,2026-10-05 18:43:11+00:00
"Fluorescent cAMP Analogs: Enzymatic Synthesis, Unexpected Photophysical Behavior and Protein Kinase A Recognition",https://onlinelibrary.wiley.com/doi/10.1002/anie.6334998?af=R,2026-10-05 18:43:11 UTC,Wiley: Angewandte Chemie International Edition: Table of Contents,2026-10-05 18:43:11+00:00
Decoupling TM–O Antibonding via Targeted Orbital Engineering Enables High‐Voltage and Long‐Life Sodium Polyanionic Cathodes,https://onlinelibrary.wiley.com/doi/10.1002/anie.6106605?af=R,2026-10-05 18:43:11 UTC,Wiley: Angewandte Chemie International Edition: Table of Contents,2026-10-05 18:43:11+00:00
Caging Polyhalide Anions in Polycyclodextrin for Long‐Lasting Aqueous Zinc‐Iodine Batteries,https://onlinelibrary.wiley.com/doi/10.1002/anie.6010682?af=R,2026-10-05 18:43:11 UTC,Wiley: Angewandte Chemie International Edition: Table of Contents,2026-10-05 18:43:11+00:00
Short Sb···Sb Contacts in Polymorphic Tris(p‐Tolyl)Antimony: A Hallmark of Organoantimony(III) Solid‐State Chemistry?,https://onlinelibrary.wiley.com/doi/10.1002/anie.5894899?af=R,2026-10-05 18:43:11 UTC,Wiley: Angewandte Chemie International Edition: Table of Contents,2026-10-05 18:43:11+00:00
Construction of Unsymmetrical B─B Bond via Carboranyl Radical,https://onlinelibrary.wiley.com/doi/10.1002/anie.5737313?af=R,2026-10-05 18:43:11 UTC,Wiley: Angewandte Chemie International Edition: Table of Contents,2026-10-05 18:43:11+00:00
Dual‐Action Sulfonium‐Amino Acid Additive Enabling Crystallization Regulation and Defect Passivation for High‐Performance Carbon‐Electrode Printable Mesoscopic Perovskite Solar Cells,https://onlinelibrary.wiley.com/doi/10.1002/anie.5667084?af=R,2026-10-05 18:43:11 UTC,Wiley: Angewandte Chemie International Edition: Table of Contents,2026-10-05 18:43:11+00:00
Adsorbate‐Induced Reversible Changes in Zeolite ZEO‐5 Attributed to Its Triple‐Four‐Silicate‐Rings,https://onlinelibrary.wiley.com/doi/10.1002/anie.5312516?af=R,2026-10-05 18:43:11 UTC,Wiley: Angewandte Chemie International Edition: Table of Contents,2026-10-05 18:43:11+00:00
Dynamic Disulfide‐Linked Dimeric Acceptors for High‐Efficiency and Mechanically Robust Organic Solar Cells,https://onlinelibrary.wiley.com/doi/10.1002/anie.5303924?af=R,2026-10-05 18:43:11 UTC,Wiley: Angewandte Chemie International Edition: Table of Contents,2026-10-05 18:43:11+00:00
Balancing pH Mismatch in Electrolytic Zn‐MnO2 Batteries via a Synergetic Anion–Proton Interactive Electrolyte,https://onlinelibrary.wiley.com/doi/10.1002/anie.5238065?af=R,2026-10-05 18:43:11 UTC,Wiley: Angewandte Chemie International Edition: Table of Contents,2026-10-05 18:43:11+00:00
Heat‐ and Light‐Directed Cycloadditions Enable a Pericyclic Cascade Reaction From a Molecular Precursor,https://onlinelibrary.wiley.com/doi/10.1002/anie.4589075?af=R,2026-10-05 18:43:11 UTC,Wiley: Angewandte Chemie International Edition: Table of Contents,2026-10-05 18:43:11+00:00
Tb3+ as an Energy‐Mediating Node: Boosting Ho3+ Upconversion in Metal–Organic Frameworks via Cascaded Energy Transfer,https://onlinelibrary.wiley.com/doi/10.1002/anie.4551166?af=R,2026-10-05 18:43:11 UTC,Wiley: Angewandte Chemie International Edition: Table of Contents,2026-10-05 18:43:11+00:00
Microenvironmental Tuning in Isostructural Conjugated Metal–Organic Frameworks for Superior Photocatalytic H2O2 Generation,https://onlinelibrary.wiley.com/doi/10.1002/anie.6760851?af=R,2026-10-05 18:43:11 UTC,Wiley: Angewandte Chemie International Edition: Table of Contents,2026-10-05 18:43:11+00:00
Molecularly Templated Buried Interfaces for Inverted Perovskite Solar Cells,https://onlinelibrary.wiley.com/doi/10.1002/anie.6932848?af=R,2026-10-05 18:43:11 UTC,Wiley: Angewandte Chemie International Edition: Table of Contents,2026-10-05 18:43:11+00:00
Chloride‐Driven Interfacial Confinement Facilitates Adaptive Directional Electron Transfer in Hypersaline Environments,https://onlinelibrary.wiley.com/doi/10.1002/anie.7193318?af=R,2026-10-05 18:43:11 UTC,Wiley: Angewandte Chemie International Edition: Table of Contents,2026-10-05 18:43:11+00:00
3D Liquid Crystal Framework Enclosing Dual Compartments,https://onlinelibrary.wiley.com/doi/10.1002/anie.7487332?af=R,2026-10-05 18:43:11 UTC,Wiley: Angewandte Chemie International Edition: Table of Contents,2026-10-05 18:43:11+00:00
Giant Compressed Mo Blue Wheel {Mo118}: A Molecular Photothermal Agent for High‐Effective NIR‐II Chemo‐Photothermal Therapy,https://onlinelibrary.wiley.com/doi/10.1002/anie.9216648?af=R,2026-10-05 18:43:11 UTC,Wiley: Angewandte Chemie International Edition: Table of Contents,2026-10-05 18:43:11+00:00
Multi‐Level Asymmetric Mesoporous Nanochannels for Photothermal‐Regulated Dopamine Sensing,https://onlinelibrary.wiley.com/doi/10.1002/anie.8342567?af=R,2026-10-05 18:43:11 UTC,Wiley: Angewandte Chemie International Edition: Table of Contents,2026-10-05 18:43:11+00:00
"Atypical Condensation Domains Guide Discovery and Illuminate Biosynthesis of Myxoglucamides Featuring Vinyl‐Substituted, α‐Oxidized γ‐Amino Acids",https://onlinelibrary.wiley.com/doi/10.1002/anie.6995139?af=R,2026-10-05 18:43:11 UTC,Wiley: Angewandte Chemie International Edition: Table of Contents,2026-10-05 18:43:11+00:00
High‐Density Co‐Based Single‐Atom Nanozymes Alleviate Myocardial Ischemia‐Reperfusion Injury by Disrupting the Cycle of Oxidative Stress‐Ferroptosis‐Inflammatory Response,https://onlinelibrary.wiley.com/doi/10.1002/anie.3395960?af=R,2026-10-05 18:43:11 UTC,Wiley: Angewandte Chemie International Edition: Table of Contents,2026-10-05 18:43:11+00:00
Nitrogen Speciation Dictates Industrial‐Current Oxygen Reduction in Metal‐Free Macrocycles for H2O2 Synthesis,https://onlinelibrary.wiley.com/doi/10.1002/anie.1507031?af=R,2026-10-05 18:43:11 UTC,Wiley: Angewandte Chemie International Edition: Table of Contents,2026-10-05 18:43:11+00:00
Asymmetric Kinetic Resolution of 2‐Aryl Oxetanes by Dinuclear Titanium Radical Catalysis,https://onlinelibrary.wiley.com/doi/10.1002/anie.9795533?af=R,2026-10-05 18:43:11 UTC,Wiley: Angewandte Chemie International Edition: Table of Contents,2026-10-05 18:43:11+00:00
"Heterocyclic Nanographenes Doped with Boron and Phosphorus: Post‐Phosphorization Synthesis, Excited‐State Dynamics and Ion‐Responsive Properties",https://onlinelibrary.wiley.com/doi/10.1002/anie.9666828?af=R,2026-10-05 18:43:11 UTC,Wiley: Angewandte Chemie International Edition: Table of Contents,2026-10-05 18:43:11+00:00
Self‐Assembled Molecules Based on a Spiro‐Core and Conjugated Linkers Enable 21% Efficiency in Organic Solar Cells,https://onlinelibrary.wiley.com/doi/10.1002/anie.9288707?af=R,2026-10-05 18:43:11 UTC,Wiley: Angewandte Chemie International Edition: Table of Contents,2026-10-05 18:43:11+00:00
Decoupling Ion Transport and Desolvation via Spatially Heterogeneous Solvation Structure for Wide‐Temperature Sodium‐Ion Batteries,https://onlinelibrary.wiley.com/doi/10.1002/anie.4522198?af=R,2026-10-05 18:43:11 UTC,Wiley: Angewandte Chemie International Edition: Table of Contents,2026-10-05 18:43:11+00:00
Asymmetric Allylic Dearomatization of Quinolines via Dynamic Ligand Exchange,https://onlinelibrary.wiley.com/doi/10.1002/anie.9070689?af=R,2026-10-05 18:43:11 UTC,Wiley: Angewandte Chemie International Edition: Table of Contents,2026-10-05 18:43:11+00:00
Photo‐Generated 1O2 Triggers In Situ RNA Crosslinking for High‐Contrast Tumor MRI and Effective Tumor Suppression,https://onlinelibrary.wiley.com/doi/10.1002/anie.8894678?af=R,2026-10-05 18:43:11 UTC,Wiley: Angewandte Chemie International Edition: Table of Contents,2026-10-05 18:43:11+00:00
Polyoxometalates‐Driven Oxidative Polymerization of Thioctic Acid and Synchronized Noncovalent Cross‐Linking to Generate High‐Strength and Colorimetric Adhesives,https://onlinelibrary.wiley.com/doi/10.1002/anie.7949913?af=R,2026-10-05 18:43:11 UTC,Wiley: Angewandte Chemie International Edition: Table of Contents,2026-10-05 18:43:11+00:00
"Synthesis, Structure, and Photothermal Conversion of a Bowl‐Shaped Nanographene Containing Fused 5‐/7‐Ring Pairs",https://onlinelibrary.wiley.com/doi/10.1002/anie.7946369?af=R,2026-10-05 18:43:11 UTC,Wiley: Angewandte Chemie International Edition: Table of Contents,2026-10-05 18:43:11+00:00
Lateral‐Site Unblocking Enables Bilateral π‐Chromophore Organization for Giant Birefringence in One‐Dimensional Lead Hybrids,https://onlinelibrary.wiley.com/doi/10.1002/anie.7867481?af=R,2026-10-05 18:43:11 UTC,Wiley: Angewandte Chemie International Edition: Table of Contents,2026-10-05 18:43:11+00:00
Spatiotemporal Delivery of Stem Cell‐Derived Extracellular Vesicles for Rapid Wound Healing,https://onlinelibrary.wiley.com/doi/10.1002/anie.7741887?af=R,2026-10-05 18:43:11 UTC,Wiley: Angewandte Chemie International Edition: Table of Contents,2026-10-05 18:43:11+00:00
Field‐Free Spin‐Polarized Charge Transport in Chiral Co3O4 Boosts Supercapacitor Kinetics,https://onlinelibrary.wiley.com/doi/10.1002/anie.7713214?af=R,2026-10-05 18:43:11 UTC,Wiley: Angewandte Chemie International Edition: Table of Contents,2026-10-05 18:43:11+00:00
Regioselective Migratory Ring Expansion of Heterole‐Fused Norcaradienes for Modular Access to Azulene‐Incorporated Thienoacenes,https://onlinelibrary.wiley.com/doi/10.1002/anie.7564970?af=R,2026-10-05 18:43:11 UTC,Wiley: Angewandte Chemie International Edition: Table of Contents,2026-10-05 18:43:11+00:00
Chirality‐Induced Selective Electrosynthesis Hydrogen Peroxide and Tandem Green Chemical Synthesis,https://onlinelibrary.wiley.com/doi/10.1002/anie.7494092?af=R,2026-10-05 18:43:11 UTC,Wiley: Angewandte Chemie International Edition: Table of Contents,2026-10-05 18:43:11+00:00
"Nickel(0)‐Catalyzed Enantioselective Three‐Component Imino–Ene‐Type Coupling of Aldehydes, Sulfonamides, and Alkenes",https://onlinelibrary.wiley.com/doi/10.1002/anie.8922921?af=R,2026-10-05 18:43:11 UTC,Wiley: Angewandte Chemie International Edition: Table of Contents,2026-10-05 18:43:11+00:00
Unlocking Long‐Range Exciton Diffusion via Hydrogen‐Bonded‐to‐Covalent Organic Framework Transformation for Photocatalytic H2O2 Synthesis,https://onlinelibrary.wiley.com/doi/10.1002/anie.4371883?af=R,2026-10-05 18:43:11 UTC,Wiley: Angewandte Chemie International Edition: Table of Contents,2026-10-05 18:43:11+00:00
Purely Organic Room‐Temperature Phosphorescent Materials for Electrochemiluminescence,https://onlinelibrary.wiley.com/doi/10.1002/anie.4204423?af=R,2026-10-05 18:43:11 UTC,Wiley: Angewandte Chemie International Edition: Table of Contents,2026-10-05 18:43:11+00:00
Synergizing Schottky/S‐Scheme Dual‐Junction With Cu/Pb Dual‐Site in a 0D/3D Cu@CsPbBr3/g‐C3N4 Heterojunction for Efficient CO2‐to‐C2H4 Photoreduction,https://onlinelibrary.wiley.com/doi/10.1002/anie.4202059?af=R,2026-10-05 18:43:11 UTC,Wiley: Angewandte Chemie International Edition: Table of Contents,2026-10-05 18:43:11+00:00
Polyfluorinated‐Regulator‐Assisted Scaffold‐Directed Tilted 1D/3D Heterointerfaces for High‐Voltage and Stable Perovskite Solar Cells,https://onlinelibrary.wiley.com/doi/10.1002/anie.8256065?af=R,2026-10-05 18:43:11 UTC,Wiley: Angewandte Chemie International Edition: Table of Contents,2026-10-05 18:43:11+00:00
Hydroxyl Surface Enrichment Strategy to Achieve Dual‐Mechanism Pathway for Overcoming the Activity–Stability Trade‐Off of Oxygen Evolution Reaction,https://onlinelibrary.wiley.com/doi/10.1002/anie.7969121?af=R,2026-10-05 18:43:11 UTC,Wiley: Angewandte Chemie International Edition: Table of Contents,2026-10-05 18:43:11+00:00
pH‐Driven Actuation of Unmodified DNA Origami Rectangles,https://onlinelibrary.wiley.com/doi/10.1002/anie.7118770?af=R,2026-10-05 18:43:11 UTC,Wiley: Angewandte Chemie International Edition: Table of Contents,2026-10-05 18:43:11+00:00
Photochemical Reaction Discovery Enabled by the Dynamic Speciation of Copper Complexes,https://onlinelibrary.wiley.com/doi/10.1002/anie.6748265?af=R,2026-10-05 18:43:11 UTC,Wiley: Angewandte Chemie International Edition: Table of Contents,2026-10-05 18:43:11+00:00
Templated Synthesis of Heterobimetallic Nd─Co Clusters,https://onlinelibrary.wiley.com/doi/10.1002/anie.6511014?af=R,2026-10-05 18:43:11 UTC,Wiley: Angewandte Chemie International Edition: Table of Contents,2026-10-05 18:43:11+00:00
Synergistic Dual‐Channel Charge Separation in Cr‐TiO2‐x for Solar H2O2 Synthesis,https://onlinelibrary.wiley.com/doi/10.1002/anie.6447296?af=R,2026-10-05 18:43:11 UTC,Wiley: Angewandte Chemie International Edition: Table of Contents,2026-10-05 18:43:11+00:00
Semiconducting Covalent Organic Frameworks Based on Spin‐Delocalized Trioxotriangulene Neutral Radicals,https://onlinelibrary.wiley.com/doi/10.1002/anie.6104022?af=R,2026-10-05 18:43:11 UTC,Wiley: Angewandte Chemie International Edition: Table of Contents,2026-10-05 18:43:11+00:00
Atomically Precise Rigid Copper Nanocluster as an Air‐Stable Photocatalyst for Three‐Component Coupling Reactions,https://onlinelibrary.wiley.com/doi/10.1002/anie.5768398?af=R,2026-10-05 18:43:11 UTC,Wiley: Angewandte Chemie International Edition: Table of Contents,2026-10-05 18:43:11+00:00
A Synthetic β‐Mannan Epitope Enables Immunization and Detection of Candida auris,https://onlinelibrary.wiley.com/doi/10.1002/anie.9466991?af=R,2026-10-05 18:43:11 UTC,Wiley: Angewandte Chemie International Edition: Table of Contents,2026-10-05 18:43:11+00:00
Halogen Bonding as a Molecular Recognition Strategy for Genetic Code Expansion,https://onlinelibrary.wiley.com/doi/10.1002/anie.5508153?af=R,2026-10-05 18:43:11 UTC,Wiley: Angewandte Chemie International Edition: Table of Contents,2026-10-05 18:43:11+00:00
Downsizing the Histone H3–H4 Quaternary Structure Into Foldamer Mimetics Yields High‐Affinity and Cell‐Permeable Ligands of ASF1,https://onlinelibrary.wiley.com/doi/10.1002/anie.4112426?af=R,2026-10-05 18:43:11 UTC,Wiley: Angewandte Chemie International Edition: Table of Contents,2026-10-05 18:43:11+00:00
Synergistic Bulk‐Surface Modulation Stabilizing LiCoO2 at 4.65 V via Zr‐Pillaring and In Situ Lattice‐Matching Engineering,https://onlinelibrary.wiley.com/doi/10.1002/anie.3474461?af=R,2026-10-05 18:43:11 UTC,Wiley: Angewandte Chemie International Edition: Table of Contents,2026-10-05 18:43:11+00:00
Enhancement of Dissymmetry Factors Through Axial Elongation of Hetero[n]helicenes,https://onlinelibrary.wiley.com/doi/10.1002/anie.2703281?af=R,2026-10-05 18:43:11 UTC,Wiley: Angewandte Chemie International Edition: Table of Contents,2026-10-05 18:43:11+00:00
Eva Pluhařová,https://onlinelibrary.wiley.com/doi/10.1002/anie.3525961?af=R,2026-10-05 18:43:11 UTC,Wiley: Angewandte Chemie International Edition: Table of Contents,2026-10-05 18:43:11+00:00
"A Review of Electrochemical–Biological Coupling Systems for CO2 Valorization: Catalytic Fundamentals, System Integration, and Industrial Outlook",https://onlinelibrary.wiley.com/doi/10.1002/anie.9183730?af=R,2026-10-05 18:43:11 UTC,Wiley: Angewandte Chemie International Edition: Table of Contents,2026-10-05 18:43:11+00:00
Multidimensional Exploration of Platinum Complexes for Cancer Therapy,https://onlinelibrary.wiley.com/doi/10.1002/anie.6256371?af=R,2026-10-05 18:43:11 UTC,Wiley: Angewandte Chemie International Edition: Table of Contents,2026-10-05 18:43:11+00:00
Paramagnetic d‐Block Metal Organic Cages as MRI or Chemical Shift Probes,https://onlinelibrary.wiley.com/doi/10.1002/anie.1137232?af=R,2026-10-05 18:43:11 UTC,Wiley: Angewandte Chemie International Edition: Table of Contents,2026-10-05 18:43:11+00:00
Outside Back Cover: Prophage Activation Triggers Extracellular Synthesis of DNA in Bacterial Biofilms via Rolling Circle Replication (Angew. Chem. Int. Ed. 41/2026),https://onlinelibrary.wiley.com/doi/10.1002/anie.2026-m1909085800?af=R,2026-10-05 18:43:11 UTC,Wiley: Angewandte Chemie International Edition: Table of Contents,2026-10-05 18:43:11+00:00
A Tert‐Alkyl Terephthalate Derivative as a Universal Degradable Unit for Condensation Polymers,https://onlinelibrary.wiley.com/doi/10.1002/anie.4234620?af=R,2026-10-05 18:43:11 UTC,Wiley: Angewandte Chemie International Edition: Table of Contents,2026-10-05 18:43:11+00:00
Ultrasonically Driven Efficient H2O2 Production via Sulfur Alloying in Piezoelectric Bi2O2(Se1−xSx) Nanosheets,https://onlinelibrary.wiley.com/doi/10.1002/anie.1286149?af=R,2026-10-05 18:43:11 UTC,Wiley: Angewandte Chemie International Edition: Table of Contents,2026-10-05 18:43:11+00:00
Dispersion‐Clamped Crystalline Supramolecular Columnar π‐Stacks of Adamantyl‐Substituted Pyrenes,https://onlinelibrary.wiley.com/doi/10.1002/anie.1681939?af=R,2026-10-05 18:43:11 UTC,Wiley: Angewandte Chemie International Edition: Table of Contents,2026-10-05 18:43:11+00:00
Donor‐Glycolated Quinoidal Polymers Enable Fast N‐Type Organic Electrochemical Transistors,https://onlinelibrary.wiley.com/doi/10.1002/anie.4114731?af=R,2026-10-05 18:43:11 UTC,Wiley: Angewandte Chemie International Edition: Table of Contents,2026-10-05 18:43:11+00:00
Halogen Substitution as a “Chirality Editor” for Amplifying Spin‐Selective Transport in Lead‐Free Metal‐Halide Hybrids,https://onlinelibrary.wiley.com/doi/10.1002/anie.3778438?af=R,2026-10-05 18:43:11 UTC,Wiley: Angewandte Chemie International Edition: Table of Contents,2026-10-05 18:43:11+00:00
A Two‐Dimensional Organic–Inorganic Hybrid Perovskite Ferroelectric for High‐Performance Composite Magnetoelectric and Dual‐Source Energy Harvesting,https://onlinelibrary.wiley.com/doi/10.1002/anie.3755600?af=R,2026-10-05 18:43:11 UTC,Wiley: Angewandte Chemie International Edition: Table of Contents,2026-10-05 18:43:11+00:00
Prophage Activation Triggers Extracellular Synthesis of DNA in Bacterial Biofilms via Rolling Circle Replication,https://onlinelibrary.wiley.com/doi/10.1002/anie.3695434?af=R,2026-10-05 18:43:11 UTC,Wiley: Angewandte Chemie International Edition: Table of Contents,2026-10-05 18:43:11+00:00
Anisotropy‐Driven Discovery of Rare‐Earth‐Free Magnets in Mo2FeB2‐Type Borides,https://onlinelibrary.wiley.com/doi/10.1002/anie.3669169?af=R,2026-10-05 18:43:11 UTC,Wiley: Angewandte Chemie International Edition: Table of Contents,2026-10-05 18:43:11+00:00
Unlocking the Distance Effect on CO2 Electroreduction to Multi‐Carbon Products via Monolayer Model Catalysts,https://onlinelibrary.wiley.com/doi/10.1002/anie.3659056?af=R,2026-10-05 18:43:11 UTC,Wiley: Angewandte Chemie International Edition: Table of Contents,2026-10-05 18:43:11+00:00
A Tri‐Spiral‐Mediated Spatial Hybrid LRCT/SRCT Strategy for High‐Efficiency Narrowband Blue Emitters,https://onlinelibrary.wiley.com/doi/10.1002/anie.3174728?af=R,2026-10-05 18:43:11 UTC,Wiley: Angewandte Chemie International Edition: Table of Contents,2026-10-05 18:43:11+00:00
Broad Optical Absorption and Photochromism in a Metal‐Tripyridinium Cage Glass via Acid Perturbation for Efficient Photothermo‐Electric Synergistic Conversion,https://onlinelibrary.wiley.com/doi/10.1002/anie.3141713?af=R,2026-10-05 18:43:11 UTC,Wiley: Angewandte Chemie International Edition: Table of Contents,2026-10-05 18:43:11+00:00
Click'n ROPISA: One‐Pot Synthesis of Ultrabright Fluorescent Nanoparticles Made of Polypeptides,https://onlinelibrary.wiley.com/doi/10.1002/anie.1373955?af=R,2026-10-05 18:43:11 UTC,Wiley: Angewandte Chemie International Edition: Table of Contents,2026-10-05 18:43:11+00:00
Direct Solar Power‐Driven Durable Ammonia Electrosynthesis From Nitrate Under Fluctuating Voltage Conditions,https://onlinelibrary.wiley.com/doi/10.1002/anie.3133042?af=R,2026-10-05 18:43:11 UTC,Wiley: Angewandte Chemie International Edition: Table of Contents,2026-10-05 18:43:11+00:00
Polymer Composites of Ultra‐Small Nanoparticles: Coupled Dynamics for Synergistic Processability,https://onlinelibrary.wiley.com/doi/10.1002/anie.2761225?af=R,2026-10-05 18:43:11 UTC,Wiley: Angewandte Chemie International Edition: Table of Contents,2026-10-05 18:43:11+00:00
Solvent‐Induced Structural Modulation in Nanoscale Covalent Organic Frameworks Enables High‐Performance NO2 Sensing,https://onlinelibrary.wiley.com/doi/10.1002/anie.2684732?af=R,2026-10-05 18:43:11 UTC,Wiley: Angewandte Chemie International Edition: Table of Contents,2026-10-05 18:43:11+00:00
Heterobimetallic Janus Catalysts for the One‐Pot Synthesis of Polar‐Apolar Block Copolymers,https://onlinelibrary.wiley.com/doi/10.1002/anie.2602995?af=R,2026-10-05 18:43:11 UTC,Wiley: Angewandte Chemie International Edition: Table of Contents,2026-10-05 18:43:11+00:00
Regulating Solvation Chemistry via Strongly Coordinating Anion and Weakly Solvating Cosolvent for Low‐Temperature Sodium Metal Batteries,https://onlinelibrary.wiley.com/doi/10.1002/anie.2602693?af=R,2026-10-05 18:43:11 UTC,Wiley: Angewandte Chemie International Edition: Table of Contents,2026-10-05 18:43:11+00:00
Upcycling Poly(ethylene terephthalate) Into High‐Efficient Epoxy Toughener: Hyperbranched Oligomer Induced Nano‐Structural Heterogeneities,https://onlinelibrary.wiley.com/doi/10.1002/anie.2327181?af=R,2026-10-05 18:43:11 UTC,Wiley: Angewandte Chemie International Edition: Table of Contents,2026-10-05 18:43:11+00:00
High Luminescence Dissymmetry in Zero‐Dimensional Chiral Hybrid Metal Halide With Inter‐Octahedral Hydrogen Bonding,https://onlinelibrary.wiley.com/doi/10.1002/anie.2292773?af=R,2026-10-05 18:43:11 UTC,Wiley: Angewandte Chemie International Edition: Table of Contents,2026-10-05 18:43:11+00:00
Modulator Engineering of a MOF: Minimizing Defects to Boost Molecular‐Sieving C3F8 Purification,https://onlinelibrary.wiley.com/doi/10.1002/anie.1953802?af=R,2026-10-05 18:43:11 UTC,Wiley: Angewandte Chemie International Edition: Table of Contents,2026-10-05 18:43:11+00:00
DNA Nanoruler‐Assisted Linearization for Long‐Chain Nucleic Acids Analysis,https://onlinelibrary.wiley.com/doi/10.1002/anie.1686086?af=R,2026-10-05 18:43:11 UTC,Wiley: Angewandte Chemie International Edition: Table of Contents,2026-10-05 18:43:11+00:00
Introducing Diradicaloid Thiele's Hydrocarbon Derivatives as Ligand in Transition Metal Chemistry,https://onlinelibrary.wiley.com/doi/10.1002/anie.2880703?af=R,2026-10-05 18:43:11 UTC,Wiley: Angewandte Chemie International Edition: Table of Contents,2026-10-05 18:43:11+00:00
Inside Front Cover: Multi‐Level Asymmetric Mesoporous Nanochannels for Photothermal‐Regulated Dopamine Sensing (Angew. Chem. Int. Ed. 41/2026),https://onlinelibrary.wiley.com/doi/10.1002/anie.2026-m1308073600?af=R,2026-10-05 18:43:11 UTC,Wiley: Angewandte Chemie International Edition: Table of Contents,2026-10-05 18:43:11+00:00
Correction to “Control of Tetrazine Bioorthogonal Reactivity by Rotaxanation”,https://onlinelibrary.wiley.com/doi/10.1002/anie.5917916?af=R,2026-10-05 18:43:11 UTC,Wiley: Angewandte Chemie International Edition: Table of Contents,2026-10-05 18:43:11+00:00
Strong evidence that ‘baryon junctions’ give proton its identity,https://www.nature.com/articles/d41586-026-03129-5,2026-10-06 00:00:00 UTC,Nature,2026-10-06 00:00:00+00:00
Why smart glasses are about to create a major privacy crisis,https://www.nature.com/articles/d41586-026-03131-x,2026-10-06 00:00:00 UTC,Nature,2026-10-06 00:00:00+00:00
"Cells, who needs them? Biochemists turn to proteins in a tube",https://www.nature.com/articles/d41586-026-03136-6,2026-10-06 00:00:00 UTC,Nature,2026-10-06 00:00:00+00:00
Flu season could kick off ‘incredibly’ early — what scientists are watching,https://www.nature.com/articles/d41586-026-03150-8,2026-10-06 00:00:00 UTC,Nature,2026-10-06 00:00:00+00:00
MOF-mediated cascade photoreactions under nanoconfinement for defluorination of per- and polyfluoroalkyl substances,https://www.nature.com/articles/s41467-026-78192-7,2026-10-06 00:00:00 UTC,Nature Communications,2026-10-06 00:00:00+00:00
A generative diffusion framework for physically consistent 3D turbulence,https://www.nature.com/articles/s41467-026-78265-7,2026-10-06 00:00:00 UTC,Nature Communications,2026-10-06 00:00:00+00:00
Distinct T cell correlates of COVID-19 risk before and after a second booster in previously SARS-CoV-2 infected versus naïve COVAIL trial participants,https://www.nature.com/articles/s41467-026-78444-6,2026-10-06 00:00:00 UTC,Nature Communications,2026-10-06 00:00:00+00:00
Embryonic origin of cancer in newborn twins,https://www.nature.com/articles/s41467-026-78178-5,2026-10-06 00:00:00 UTC,Nature Communications,2026-10-06 00:00:00+00:00
Ultrathin high-performance circular polarizers based on MoOCl2/NbOCl2 van der Waals heterostructures,https://www.nature.com/articles/s41467-026-78564-z,2026-10-06 00:00:00 UTC,Nature Communications,2026-10-06 00:00:00+00:00
Real-time visualization of G2L4 reverse transcriptase in DNA repair via microhomology-mediated end joining,https://www.nature.com/articles/s41467-026-78460-6,2026-10-06 00:00:00 UTC,Nature Communications,2026-10-06 00:00:00+00:00
High potential contribution of intercropping to soybean and maize self-sufficiency in Europe,https://www.nature.com/articles/s41467-026-78206-4,2026-10-06 00:00:00 UTC,Nature Communications,2026-10-06 00:00:00+00:00
Circular DNA exposes a weakness in cancer cells,https://www.nature.com/articles/d41586-026-02966-8,2026-10-06 00:00:00 UTC,Nature,2026-10-06 00:00:00+00:00
"Accelerating solid form discovery through an expert-guided, semi-automated workflow: Modular Multiwell Devices",https://www.cell.com/chem/fulltext/S2451-9294(26)00349-9?rss=yes,2026-10-06 00:00:00 UTC,Chem,2026-10-06 00:00:00+00:00
Author Correction: Anodic Pd membrane H2 extraction enhances thermochemical dehydrogenation,https://www.nature.com/articles/s41586-026-11244-6,2026-10-06 00:00:00 UTC,Nature,2026-10-06 00:00:00+00:00
Rising numbers of Asian and African PhD students choose to study in China,https://www.nature.com/articles/d41586-026-02798-6,2026-10-06 00:00:00 UTC,Nature,2026-10-06 00:00:00+00:00
Astronomy’s ‘adrenaline junkies’: Nobel prize captures the thrill of neutrino physics,https://www.nature.com/articles/d41586-026-03095-y,2026-10-06 00:00:00 UTC,Nature,2026-10-06 00:00:00+00:00
AI could undermine scientific independence in subtle ways,https://www.nature.com/articles/d41586-026-03175-z,2026-10-06 00:00:00 UTC,Nature,2026-10-06 00:00:00+00:00
Unprecedented hole opened up in Antarctic winter sea ice,https://www.nature.com/articles/d41586-026-03160-6,2026-10-06 00:00:00 UTC,Nature,2026-10-06 00:00:00+00:00
Preprints must not leak sensitive research information,https://www.nature.com/articles/d41586-026-03177-x,2026-10-06 00:00:00 UTC,Nature,2026-10-06 00:00:00+00:00
Scientists take a radiometer for a spin in a hot-air balloon,https://www.nature.com/articles/d41586-026-02973-9,2026-10-06 00:00:00 UTC,Nature,2026-10-06 00:00:00+00:00
The Great Barrier Reef requires special attention in the developing super El Niño,https://www.nature.com/articles/d41586-026-03174-0,2026-10-06 00:00:00 UTC,Nature,2026-10-06 00:00:00+00:00
The Solar System could die one billion times earlier than thought,https://www.nature.com/articles/d41586-026-03155-3,2026-10-06 00:00:00 UTC,Nature,2026-10-06 00:00:00+00:00
"The ocean within planetary boundaries: complexity, tipping risks and pathways to a safe operating space",https://academic.oup.com/nsr/advance-article/doi/10.1093/nsr/nwag630/8868915?rss=1,2026-10-06 00:00:00 UTC,National Science Review Advance Access,2026-10-06 00:00:00+00:00
How to mobilize the agile science needed in a crisis,https://www.nature.com/articles/d41586-026-03130-y,2026-10-06 00:00:00 UTC,Nature,2026-10-06 00:00:00+00:00
Maintaining global science collaboration during conflict requires fairer rules,https://www.nature.com/articles/d41586-026-03176-y,2026-10-06 00:00:00 UTC,Nature,2026-10-06 00:00:00+00:00
How digital breakdowns affect supply chains — and endanger the global economy,https://www.nature.com/articles/d41586-026-03105-z,2026-10-06 00:00:00 UTC,Nature,2026-10-06 00:00:00+00:00
Holistic strategies for scaling water electrolysis,https://www.nature.com/articles/s44286-026-00451-7,2026-10-06 00:00:00 UTC,Nature Chemical Engineering,2026-10-06 00:00:00+00:00
Nobel physics prize awarded for detection of cosmic neutrinos,https://www.nature.com/articles/d41586-026-03092-1,2026-10-06 00:00:00 UTC,Nature,2026-10-06 00:00:00+00:00
Brain organoids grafted into cortex-free mice will advance human brain research,https://www.nature.com/articles/d41586-026-02967-7,2026-10-06 00:00:00 UTC,Nature,2026-10-06 00:00:00+00:00
Mechanical atomic-scale defects enable stable Ni-rich single-crystal cathodes,https://www.cell.com/joule/fulltext/S2542-4351(26)00370-3?rss=yes,2026-10-06 00:00:00 UTC,Joule,2026-10-06 00:00:00+00:00
"Next-generation, high-efficiency electrolyser attracting global interest",https://ammoniaenergy.org/articles/next-generation-high-efficiency-electrolyser-attracting-global-interest/,2026-10-06 01:48:45 UTC,Articles – Ammonia Energy Association,2026-10-06 01:48:45+00:00
AM Green secures renewable ammonia offtake for 10 years,https://ammoniaenergy.org/articles/am-green-secures-renewable-ammonia-offtake-for-10-years/,2026-10-06 01:54:48 UTC,Articles – Ammonia Energy Association,2026-10-06 01:54:48+00:00
Suppressing Cathode Corrosion Induced by Impurity Cations in Alkaline Water Electrolyzers,https://onlinelibrary.wiley.com/doi/10.1002/anie.6363490?af=R,2026-10-06 02:58:08 UTC,Wiley: Angewandte Chemie International Edition: Table of Contents,2026-10-06 02:58:08+00:00
Outside Front Cover: Gold Clusters With Open‐Shell Ligands: Superatom Mediated Magnetic Interaction,https://onlinelibrary.wiley.com/doi/10.1002/anie.2026-m0210095000?af=R,2026-10-06 03:00:01 UTC,Wiley: Angewandte Chemie International Edition: Table of Contents,2026-10-06 03:00:01+00:00
Supramolecular Polymerization of Triphenylamine[3]arenes for Switchable and Stimuli‐Responsive Chiroptical Properties,https://onlinelibrary.wiley.com/doi/10.1002/anie.9255683?af=R,2026-10-06 03:03:57 UTC,Wiley: Angewandte Chemie International Edition: Table of Contents,2026-10-06 03:03:57+00:00
Inside Front Cover: Ultra‐Low Emission Cathode Recycling Enabled by Programmed Adaptive Pulse Joule Heating,https://onlinelibrary.wiley.com/doi/10.1002/anie.2026-m0210101400?af=R,2026-10-06 03:06:59 UTC,Wiley: Angewandte Chemie International Edition: Table of Contents,2026-10-06 03:06:59+00:00
N‐Heterocyclic Carbene‐Triarylamine Hybrids as Redox‐Tunable Organophotocatalysts for Radical Cross‐Coupling Reactions,https://onlinelibrary.wiley.com/doi/10.1002/anie.3699223?af=R,2026-10-06 03:11:45 UTC,Wiley: Angewandte Chemie International Edition: Table of Contents,2026-10-06 03:11:45+00:00
Outside Front Cover: Structure and Function of a Multi‐Megadalton Virus‐Like Proteolytic Dodecahedron,https://onlinelibrary.wiley.com/doi/10.1002/anie.2026-m0210094500?af=R,2026-10-06 03:12:34 UTC,Wiley: Angewandte Chemie International Edition: Table of Contents,2026-10-06 03:12:34+00:00
Inside Front Cover: Modulated Structure‐Electronic Coupling at Pt/CeOx–TiO2 Interfaces Boosts Low‐Temperature Preferential CO Oxidation,https://onlinelibrary.wiley.com/doi/10.1002/anie.2026-m0210101800?af=R,2026-10-06 03:16:09 UTC,Wiley: Angewandte Chemie International Edition: Table of Contents,2026-10-06 03:16:09+00:00
Outside Front Cover: Rational Molecular Design to Improve Digital Polymer Readout in Aerolysin‐Based Nanopore Sequencing,https://onlinelibrary.wiley.com/doi/10.1002/anie.2026-m0210095400?af=R,2026-10-06 03:19:24 UTC,Wiley: Angewandte Chemie International Edition: Table of Contents,2026-10-06 03:19:24+00:00
‘Complete devastation’: How NSF gutted its social sciences research,https://www.science.org/content/article/complete-devastation-how-nsf-gutted-its-social-sciences-research,2026-10-06 03:55:00 UTC,Latest News from Science Magazine,2026-10-06 03:55:00+00:00
Descriptor‐Informed Screening of Interface‐Active Molecules for Efficient Magnesium Metal Anodes,https://advanced.onlinelibrary.wiley.com/doi/10.1002/adma.75285?af=R,2026-10-06 04:00:55 UTC,Wiley: Advanced Materials: Table of Contents,2026-10-06 04:00:55+00:00
Scalable Nondestructive Exfoliation of Layered Materials Into Monolayers via Shear‐Transducing Interfaces,https://advanced.onlinelibrary.wiley.com/doi/10.1002/adma.75262?af=R,2026-10-06 04:03:16 UTC,Wiley: Advanced Materials: Table of Contents,2026-10-06 04:03:16+00:00
Electrically Fueled Liquid–Liquid Phase Separation for Active Transport,https://advanced.onlinelibrary.wiley.com/doi/10.1002/adma.75269?af=R,2026-10-06 04:05:22 UTC,Wiley: Advanced Materials: Table of Contents,2026-10-06 04:05:22+00:00
Inside Back Cover: Should I Stay or Should I Go—Leveraging an Overlooked Feature of Click‐to‐Release Chemistry for Affinity Labeling,https://onlinelibrary.wiley.com/doi/10.1002/anie.2026-m0210102000?af=R,2026-10-06 04:11:22 UTC,Wiley: Angewandte Chemie International Edition: Table of Contents,2026-10-06 04:11:22+00:00
AlF3‐Enriched Interphase Design Enables Comprehensive Electrochemical Performance Enhancement in Al‐Ion Batteries,https://advanced.onlinelibrary.wiley.com/doi/10.1002/adma.75287?af=R,2026-10-06 04:13:44 UTC,Wiley: Advanced Materials: Table of Contents,2026-10-06 04:13:44+00:00
Amorphized and Oxidized Layered PtSe2 as an All‐in‐One Electrocatalytic Platform for Hydrazine‐Assisted Water Splitting,https://advanced.onlinelibrary.wiley.com/doi/10.1002/adma.75207?af=R,2026-10-06 04:15:34 UTC,Wiley: Advanced Materials: Table of Contents,2026-10-06 04:15:34+00:00
Outside Back Cover: A Two‐Dimensional Organic Salt With a Deep‐Ultraviolet Cutoff Edge and Strong Second‐Harmonic Generation,https://onlinelibrary.wiley.com/doi/10.1002/anie.2026-m0210100300?af=R,2026-10-06 04:16:52 UTC,Wiley: Angewandte Chemie International Edition: Table of Contents,2026-10-06 04:16:52+00:00
Strain‐Decoupled Serpentine Heterostructured Hydrogel Electrodes for Motion‐Artifact‐Resistant Electrophysiology,https://advanced.onlinelibrary.wiley.com/doi/10.1002/adma.75248?af=R,2026-10-06 04:17:16 UTC,Wiley: Advanced Materials: Table of Contents,2026-10-06 04:17:16+00:00
Differential Sedimentation and Cryo‐TEM Mapping Resolve Structural Heterogeneity in Conjugated Polymer Nanowires for Programmable Stretchable Electronics,https://advanced.onlinelibrary.wiley.com/doi/10.1002/adma.75087?af=R,2026-10-06 04:21:40 UTC,Wiley: Advanced Materials: Table of Contents,2026-10-06 04:21:40+00:00
November elections may bring little relief for scientists beleaguered by Trump,https://www.science.org/content/article/november-elections-may-bring-little-relief-scientists-beleaguered-trump,2026-10-06 04:30:00 UTC,Latest News from Science Magazine,2026-10-06 04:30:00+00:00
Possible plague death at a Siberian lab baffles scientists,https://www.science.org/content/article/possible-plague-death-siberian-lab-baffles-scientists,2026-10-06 04:30:00 UTC,Latest News from Science Magazine,2026-10-06 04:30:00+00:00
Using Aromatic‐Bridge‐Tuned Dimer Acceptors to Harmonize Photoluminescence Quantum Yield and Crystallinity for Organic Solar Cells Exceeding 21% Efficiency,https://onlinelibrary.wiley.com/doi/10.1002/anie.4058890?af=R,2026-10-06 05:23:41 UTC,Wiley: Angewandte Chemie International Edition: Table of Contents,2026-10-06 05:23:41+00:00
Outside Front Cover: Light‐Driven Out‐of‐Equilibrium Helicity Control in a Diarylethene–Helicene Photosystem,https://onlinelibrary.wiley.com/doi/10.1002/anie.2026-m0210094800?af=R,2026-10-06 05:25:42 UTC,Wiley: Angewandte Chemie International Edition: Table of Contents,2026-10-06 05:25:42+00:00
Inside Front Cover: “Armor Polymerization” Unlocks Polymer Electrolytes With Simultaneous Rapid Li+ Conduction and High Solidification,https://onlinelibrary.wiley.com/doi/10.1002/anie.2026-m0210101700?af=R,2026-10-06 05:25:53 UTC,Wiley: Angewandte Chemie International Edition: Table of Contents,2026-10-06 05:25:53+00:00
Mass‐Charge Regulatory Microdomains Enable Coupled Structural and Interfacial Stabilization of Durable 3D Lithium Metal Anodes,https://advanced.onlinelibrary.wiley.com/doi/10.1002/adma.75218?af=R,2026-10-06 05:29:40 UTC,Wiley: Advanced Materials: Table of Contents,2026-10-06 05:29:40+00:00
High‐Performance Lithium‐Sulfur All‐Solid–State Batteries Enabled by Chemically Synthesized Lithium Polysulfide Cathodes,https://advanced.onlinelibrary.wiley.com/doi/10.1002/adma.75274?af=R,2026-10-06 05:31:34 UTC,Wiley: Advanced Materials: Table of Contents,2026-10-06 05:31:34+00:00
Efficient Perovskite Solar Cells Based on Dual‐Interface “Green” Lead Management,https://advanced.onlinelibrary.wiley.com/doi/10.1002/adma.75164?af=R,2026-10-06 05:34:08 UTC,Wiley: Advanced Materials: Table of Contents,2026-10-06 05:34:08+00:00
Exclusive: Archaeology megafirm abruptly shuts down,https://www.science.org/content/article/exclusive-archaeology-megafirm-abruptly-shuts-down,2026-10-06 05:35:00 UTC,Latest News from Science Magazine,2026-10-06 05:35:00+00:00
Operando Chlorination Engineering in PEMWE for Direct Brine Electrolysis to Produce Green Hydrogen,https://advanced.onlinelibrary.wiley.com/doi/10.1002/adma.75268?af=R,2026-10-06 05:35:12 UTC,Wiley: Advanced Materials: Table of Contents,2026-10-06 05:35:12+00:00
Strain‐Tolerant Layered Oxide Cathode for Sodium‐Ion Batteries Enabled by a Coherent Perovskite Phase,https://advanced.onlinelibrary.wiley.com/doi/10.1002/adma.75266?af=R,2026-10-06 05:38:33 UTC,Wiley: Advanced Materials: Table of Contents,2026-10-06 05:38:33+00:00
Random‐Matrix Discontinuous Sodiophilic Interfaces Enabling Ultralight Current Collector for Lean‐Electrolyte and Fast‐Charging Anode‐Free Sodium Metal Batteries,https://advanced.onlinelibrary.wiley.com/doi/10.1002/adma.75231?af=R,2026-10-06 05:39:26 UTC,Wiley: Advanced Materials: Table of Contents,2026-10-06 05:39:26+00:00
Molecular Configuration Engineering of Electrolyte Additives Enables Adaptive Zinc Anodes and Highly Reversible Zn‐S Batteries,https://advanced.onlinelibrary.wiley.com/doi/10.1002/adma.75233?af=R,2026-10-06 05:40:43 UTC,Wiley: Advanced Materials: Table of Contents,2026-10-06 05:40:43+00:00
"High‐Entropy Oxides for Efficient Oxygen Evolution Reaction: Structural Design, Reaction Mechanisms, and Future Perspectives",https://advanced.onlinelibrary.wiley.com/doi/10.1002/adma.75259?af=R,2026-10-06 05:42:43 UTC,Wiley: Advanced Materials: Table of Contents,2026-10-06 05:42:43+00:00
Waste‐Derived Environmental Functional Materials: Turning Trash Into Treasure for Sustainable Development,https://advanced.onlinelibrary.wiley.com/doi/10.1002/adma.75289?af=R,2026-10-06 05:45:32 UTC,Wiley: Advanced Materials: Table of Contents,2026-10-06 05:45:32+00:00
Helicity‐Defined Analog Conductance States in Chiral Perovskite Synapses,https://advanced.onlinelibrary.wiley.com/doi/10.1002/adma.75308?af=R,2026-10-06 05:49:23 UTC,Wiley: Advanced Materials: Table of Contents,2026-10-06 05:49:23+00:00
The birth of neutrino astronomy nets Nobel Prize in Physics,https://www.science.org/content/article/architect-south-pole-observatory-wins-physics-nobel,2026-10-06 06:00:00 UTC,Latest News from Science Magazine,2026-10-06 06:00:00+00:00
"UK oil refinery broke toxic pollution limits dozens of times, documents reveal",https://www.bbc.co.uk/news/articles/c64g15v2jqy8o?at_medium=RSS&at_campaign=rss,2026-10-06 06:01:12 UTC,BBC News,2026-10-06 06:01:12+00:00
"Real-world testing via the AMMONEX pilot, laboratory R&D to overcome engineering and process challenges in ammonia cracking",https://ammoniaenergy.org/articles/real-world-testing-via-the-ammonex-pilot-laboratory-rd-to-overcome-engineering-and-process-challenges-in-ammonia-cracking/,2026-10-06 06:27:20 UTC,Articles – Ammonia Energy Association,2026-10-06 06:27:20+00:00
53BP1 condensates regulate DNA replication progression and completion,https://www.pnas.org/doi/abs/10.1073/pnas.2621299123?mi=eymic2&af=R&access=on&content=articlesChapters&publication=pnas&sortBy=Earliest&target=default,2026-10-06 07:00:00 UTC,Proceedings of the National Academy of Sciences: Keyword search for query,2026-10-06 07:00:00+00:00
Bypass of the canonical biotin synthesis pathway in yeast,https://www.pnas.org/doi/abs/10.1073/pnas.2621848123?mi=eymic2&af=R&access=on&content=articlesChapters&publication=pnas&sortBy=Earliest&target=default,2026-10-06 07:00:00 UTC,Proceedings of the National Academy of Sciences: Keyword search for query,2026-10-06 07:00:00+00:00
Structural basis for membrane-dependent positive feedback regulation of DOCK11 by activated Cdc42,https://www.pnas.org/doi/abs/10.1073/pnas.2607665123?mi=eymic2&af=R&access=on&content=articlesChapters&publication=pnas&sortBy=Earliest&target=default,2026-10-06 07:00:00 UTC,Proceedings of the National Academy of Sciences: Keyword search for query,2026-10-06 07:00:00+00:00
Chronic intermittent heat exposure induces anxiety in female mice via TLR4 upregulation in paraventricular nucleus CRH neurons,https://www.pnas.org/doi/abs/10.1073/pnas.2608918123?mi=eymic2&af=R&access=on&content=articlesChapters&publication=pnas&sortBy=Earliest&target=default,2026-10-06 07:00:00 UTC,Proceedings of the National Academy of Sciences: Keyword search for query,2026-10-06 07:00:00+00:00
Organic imprint: Natural matter dictates crystallization of manganese oxides on hematite,https://www.pnas.org/doi/abs/10.1073/pnas.2535329123?mi=eymic2&af=R&access=on&content=articlesChapters&publication=pnas&sortBy=Earliest&target=default,2026-10-06 07:00:00 UTC,Proceedings of the National Academy of Sciences: Keyword search for query,2026-10-06 07:00:00+00:00
Titin extension explains residual force enhancement in skeletal muscle,https://www.pnas.org/doi/abs/10.1073/pnas.2534671123?mi=eymic2&af=R&access=on&content=articlesChapters&publication=pnas&sortBy=Earliest&target=default,2026-10-06 07:00:00 UTC,Proceedings of the National Academy of Sciences: Keyword search for query,2026-10-06 07:00:00+00:00
An opto-microperfusion neural probe for multiplexed detection of optogenetically evoked neurochemical release dynamics,https://www.pnas.org/doi/abs/10.1073/pnas.2533689123?mi=eymic2&af=R&access=on&content=articlesChapters&publication=pnas&sortBy=Earliest&target=default,2026-10-06 07:00:00 UTC,Proceedings of the National Academy of Sciences: Keyword search for query,2026-10-06 07:00:00+00:00
Spatial and single-nucleus transcriptomics reveals the molecular pathology of type 2 diabetes–associated cognitive dysfunction,https://www.pnas.org/doi/abs/10.1073/pnas.2529793123?mi=eymic2&af=R&access=on&content=articlesChapters&publication=pnas&sortBy=Earliest&target=default,2026-10-06 07:00:00 UTC,Proceedings of the National Academy of Sciences: Keyword search for query,2026-10-06 07:00:00+00:00
In This Issue,https://www.pnas.org/doi/abs/10.1073/iti4026123?mi=eymic2&af=R&access=on&content=articlesChapters&publication=pnas&sortBy=Earliest&target=default,2026-10-06 07:00:00 UTC,Proceedings of the National Academy of Sciences: Keyword search for query,2026-10-06 07:00:00+00:00
Cooperation in binary mixtures of active colloids,https://www.pnas.org/doi/abs/10.1073/pnas.2609894123?mi=eymic2&af=R&access=on&content=articlesChapters&publication=pnas&sortBy=Earliest&target=default,2026-10-06 07:00:00 UTC,Proceedings of the National Academy of Sciences: Keyword search for query,2026-10-06 07:00:00+00:00
Chemoreceptor complexes signal through a protein-ordering and stabilization mechanism,https://www.pnas.org/doi/abs/10.1073/pnas.2610192123?mi=eymic2&af=R&access=on&content=articlesChapters&publication=pnas&sortBy=Earliest&target=default,2026-10-06 07:00:00 UTC,Proceedings of the National Academy of Sciences: Keyword search for query,2026-10-06 07:00:00+00:00
KAT5/TIP60 orchestrates H4K16 and H2A.Z acetylation to drive the gonocyte-to-spermatogonia transition,https://www.pnas.org/doi/abs/10.1073/pnas.2603938123?mi=eymic2&af=R&access=on&content=articlesChapters&publication=pnas&sortBy=Earliest&target=default,2026-10-06 07:00:00 UTC,Proceedings of the National Academy of Sciences: Keyword search for query,2026-10-06 07:00:00+00:00
Two D-loop resolution systems enable natural genetic transformation in bacteria,https://www.pnas.org/doi/abs/10.1073/pnas.2610795123?mi=eymic2&af=R&access=on&content=articlesChapters&publication=pnas&sortBy=Earliest&target=default,2026-10-06 07:00:00 UTC,Proceedings of the National Academy of Sciences: Keyword search for query,2026-10-06 07:00:00+00:00
Selective sparsity–enhanced synchronization in disordered semiconductor laser networks,https://www.pnas.org/doi/abs/10.1073/pnas.2612387123?mi=eymic2&af=R&access=on&content=articlesChapters&publication=pnas&sortBy=Earliest&target=default,2026-10-06 07:00:00 UTC,Proceedings of the National Academy of Sciences: Keyword search for query,2026-10-06 07:00:00+00:00
DNAAF19–RUVBL1/2 complex recruits multiple adaptors to promote dynein arm assembly,https://www.pnas.org/doi/abs/10.1073/pnas.2612755123?mi=eymic2&af=R&access=on&content=articlesChapters&publication=pnas&sortBy=Earliest&target=default,2026-10-06 07:00:00 UTC,Proceedings of the National Academy of Sciences: Keyword search for query,2026-10-06 07:00:00+00:00
Late-onset preeclampsia is characterized by accelerated placental aging,https://www.pnas.org/doi/abs/10.1073/pnas.2614827123?mi=eymic2&af=R&access=on&content=articlesChapters&publication=pnas&sortBy=Earliest&target=default,2026-10-06 07:00:00 UTC,Proceedings of the National Academy of Sciences: Keyword search for query,2026-10-06 07:00:00+00:00
A receptor-like kinase pair integrates extracellular ATP and salicylic acid signaling to activate plant immunity,https://www.pnas.org/doi/abs/10.1073/pnas.2616716123?mi=eymic2&af=R&access=on&content=articlesChapters&publication=pnas&sortBy=Earliest&target=default,2026-10-06 07:00:00 UTC,Proceedings of the National Academy of Sciences: Keyword search for query,2026-10-06 07:00:00+00:00
Tailored speckle illumination microscopy with enhanced sectioning and image quality,https://www.pnas.org/doi/abs/10.1073/pnas.2617763123?mi=eymic2&af=R&access=on&content=articlesChapters&publication=pnas&sortBy=Earliest&target=default,2026-10-06 07:00:00 UTC,Proceedings of the National Academy of Sciences: Keyword search for query,2026-10-06 07:00:00+00:00
NA-CDQuant: Quantitative spectral analysis of nucleic acid structure by circular dichroism spectroscopy,https://www.pnas.org/doi/abs/10.1073/pnas.2617882123?mi=eymic2&af=R&access=on&content=articlesChapters&publication=pnas&sortBy=Earliest&target=default,2026-10-06 07:00:00 UTC,Proceedings of the National Academy of Sciences: Keyword search for query,2026-10-06 07:00:00+00:00
Phenotypic screening identifies kenpaullone as a prolymphangiogenic compound to improve heart repair following myocardial infarction,https://www.pnas.org/doi/abs/10.1073/pnas.2619427123?mi=eymic2&af=R&access=on&content=articlesChapters&publication=pnas&sortBy=Earliest&target=default,2026-10-06 07:00:00 UTC,Proceedings of the National Academy of Sciences: Keyword search for query,2026-10-06 07:00:00+00:00
Conformational switch of NPC1 epitomizes a lumen-to-membrane alternating access model for nonpolar substrates,https://www.pnas.org/doi/abs/10.1073/pnas.2620484123?mi=eymic2&af=R&access=on&content=articlesChapters&publication=pnas&sortBy=Earliest&target=default,2026-10-06 07:00:00 UTC,Proceedings of the National Academy of Sciences: Keyword search for query,2026-10-06 07:00:00+00:00
Maternal ranging strategies facilitate offspring social play at energetic cost in the most solitary ape,https://www.pnas.org/doi/abs/10.1073/pnas.2621225123?mi=eymic2&af=R&access=on&content=articlesChapters&publication=pnas&sortBy=Earliest&target=default,2026-10-06 07:00:00 UTC,Proceedings of the National Academy of Sciences: Keyword search for query,2026-10-06 07:00:00+00:00
Breaking trait scaling via the evolution and regulation of dimorphic decoupling in ants,https://www.pnas.org/doi/abs/10.1073/pnas.2612172123?mi=eymic2&af=R&access=on&content=articlesChapters&publication=pnas&sortBy=Earliest&target=default,2026-10-06 07:00:00 UTC,Proceedings of the National Academy of Sciences: Keyword search for query,2026-10-06 07:00:00+00:00
Dopamine suppresses pathological retinal oscillations and enhances the signal-to-noise ratio,https://www.pnas.org/doi/abs/10.1073/pnas.2535572123?mi=eymic2&af=R&access=on&content=articlesChapters&publication=pnas&sortBy=Earliest&target=default,2026-10-06 07:00:00 UTC,Proceedings of the National Academy of Sciences: Keyword search for query,2026-10-06 07:00:00+00:00
Origin plans 4.9 GWh battery expansion in Australia,https://www.ess-news.com/2026/10/06/origin-plans-4-9-gwh-battery-expansion-in-australia/,2026-10-06 07:30:00 UTC,Latest news about ESS Projects & Applications | ESS News,2026-10-06 07:30:00+00:00
Contact Resistance at Interfaces Buried Within Organic Transistors Imaged Using Scanning Microwave Impedance Microscopy,https://advanced.onlinelibrary.wiley.com/doi/10.1002/adma.75026?af=R,2026-10-06 08:08:17 UTC,Wiley: Advanced Materials: Table of Contents,2026-10-06 08:08:17+00:00
"BW ESS, Danske Commodities sign 10-year optimization agreement on 857 MWh Berkswell BESS",https://www.ess-news.com/2026/10/06/bw-ess-danske-commodities-sign-10-year-optimization-agreement-on-857-mwh-berkswell-bess/,2026-10-06 08:15:00 UTC,Latest news about ESS Projects & Applications | ESS News,2026-10-06 08:15:00+00:00
EDP targets 350 MW of BESS in Sicily,https://www.ess-news.com/2026/10/06/edp-targets-350-mw-of-bess-in-italy/,2026-10-06 09:00:00 UTC,Latest news about ESS Projects & Applications | ESS News,2026-10-06 09:00:00+00:00
Sylvera Report: Carbon Credit Retirements Fall 9% As Prices Rise In Q3 2026,https://carbonherald.com/sylvera-report-carbon-credit-retirements-fall-9-as-prices-rise-in-q3-2026/?utm_source=rss&utm_medium=rss&utm_campaign=sylvera-report-carbon-credit-retirements-fall-9-as-prices-rise-in-q3-2026,2026-10-06 09:11:40 UTC,Carbon Herald,2026-10-06 09:11:40+00:00
Carbon tracking tower put on Scotland's largest saltmarsh,https://www.bbc.co.uk/news/articles/cky8302y7zejo?at_medium=RSS&at_campaign=rss,2026-10-06 09:35:01 UTC,BBC News,2026-10-06 09:35:01+00:00
Aula Energy plans 1.8 GWh BESS for 330 MW of solar in Australia,https://www.ess-news.com/2026/10/06/aula-energy-plans-1-8-gwh-bess-for-330-mw-of-solar-in-australia/,2026-10-06 09:45:00 UTC,Latest news about ESS Projects & Applications | ESS News,2026-10-06 09:45:00+00:00
Energy Dome and its carbon dioxide batteries,https://www.technologyreview.com/2026/10/06/1145032/2026-climate-tech-companies-to-watch-energy-dome-carbon-dioxide-batteries/,2026-10-06 10:35:00 UTC,Climate change and energy – MIT Technology Review,2026-10-06 10:35:00+00:00
Brimstone and its one-stop process for making cleaner cement and critical minerals,https://www.technologyreview.com/2026/10/06/1145172/2026-climate-tech-companies-to-watch-brimstone-one-stop-process-making-cleaner-cement-critical-minerals/,2026-10-06 10:35:00 UTC,Climate change and energy – MIT Technology Review,2026-10-06 10:35:00+00:00
Here’s how our climate team picked 10 promising companies to watch,https://www.technologyreview.com/2026/10/06/1144978/2026-climate-tech-companies-to-watch-how-we-chose/,2026-10-06 10:35:00 UTC,Climate change and energy – MIT Technology Review,2026-10-06 10:35:00+00:00
WeLion New Energy and its semi-solid-state batteries,https://www.technologyreview.com/2026/10/06/1144987/2026-climate-tech-companies-to-watch-welion-semi-solid-state-batteries/,2026-10-06 10:35:00 UTC,Climate change and energy – MIT Technology Review,2026-10-06 10:35:00+00:00
Form Energy and its iron batteries,https://www.technologyreview.com/2026/10/06/1145020/2026-climate-tech-companies-to-watch-form-energy-iron-batteries/,2026-10-06 10:35:00 UTC,Climate change and energy – MIT Technology Review,2026-10-06 10:35:00+00:00
X-energy and its helium-cooled nuclear reactors,https://www.technologyreview.com/2026/10/06/1145025/2026-climate-tech-companies-to-watch-x-energy-helium-cooled-nuclear-reactors/,2026-10-06 10:35:00 UTC,Climate change and energy – MIT Technology Review,2026-10-06 10:35:00+00:00
WaveSave and its portable rubber dam,https://www.technologyreview.com/2026/10/06/1145208/2026-climate-tech-companies-to-watch-wavesave-portable-rubber-dam/,2026-10-06 10:35:00 UTC,Climate change and energy – MIT Technology Review,2026-10-06 10:35:00+00:00
2026 Climate Tech Companies to Watch,https://www.technologyreview.com/2026/10/06/1143800/2026-climate-tech-companies-to-watch/,2026-10-06 10:35:00 UTC,Climate change and energy – MIT Technology Review,2026-10-06 10:35:00+00:00
Moment Energy and its shipping containers packed with old EV batteries,https://www.technologyreview.com/2026/10/06/1145221/2026-climate-tech-companies-to-watch-moment-energy-shipping-containers-packed-old-ev-batteries/,2026-10-06 10:35:00 UTC,Climate change and energy – MIT Technology Review,2026-10-06 10:35:00+00:00
BasiGo and its fleet of electric buses,https://www.technologyreview.com/2026/10/06/1145216/2026-climate-tech-companies-to-watch-basigo-fleet-electric-buses/,2026-10-06 10:35:00 UTC,Climate change and energy – MIT Technology Review,2026-10-06 10:35:00+00:00
"Die Fraunhofer-Allianz Batterien, die Pohang University of Science and Technology (POSTECH) und die Stadt Pohang bekräftigen mit der Unterzeichnung eines Memorandum of Understanding in Münster ihre zukünftige Zusammenarbeit. V.l.n.r.: Prof. Dr. Jens Tübke, Prof. Sang Min Lee, Mr. Jong Myung Moon.",https://www.electrive.com/2026/10/06/fraunhofer-expands-south-korean-battery-research-partnership/,2026-10-06 11:00:00 UTC,Battery – electrive.com,2026-10-06 11:00:00+00:00
'Ghost particles' from space telescope wins physics Nobel,https://www.bbc.co.uk/news/articles/cq203mymlvkeo?at_medium=RSS&at_campaign=rss,2026-10-06 11:24:19 UTC,BBC News,2026-10-06 11:24:19+00:00
Researchers explore potential of lithium-sulphur batteries,https://www.electrive.com/2026/10/06/researchers-explore-potential-of-lithium-sulphur-batteries/,2026-10-06 12:01:12 UTC,Battery – electrive.com,2026-10-06 12:01:12+00:00
New Report Says Africa Needs A Selective Approach To CDR,https://carbonherald.com/new-report-says-africa-needs-a-selective-approach-to-cdr/?utm_source=rss&utm_medium=rss&utm_campaign=new-report-says-africa-needs-a-selective-approach-to-cdr,2026-10-06 12:14:27 UTC,Carbon Herald,2026-10-06 12:14:27+00:00
Gloucester Docks dredging project costing £4m begins,https://www.bbc.co.uk/news/videos/ck9dzlgp6nv7o?at_medium=RSS&at_campaign=rss,2026-10-06 12:16:12 UTC,BBC News,2026-10-06 12:16:12+00:00
Enfinium Seeks Planning Approval For $265M Carbon Capture Plant,https://carbonherald.com/enfinium-seeks-planning-approval-for-265m-carbon-capture-plant/?utm_source=rss&utm_medium=rss&utm_campaign=enfinium-seeks-planning-approval-for-265m-carbon-capture-plant,2026-10-06 12:37:57 UTC,Carbon Herald,2026-10-06 12:37:57+00:00
"Inkoh Opens New Biochar HQ In Switzerland, Supported By Cula & Next Generation Elements Tech",https://carbonherald.com/inkoh-opens-new-biochar-hq-in-switzerland-supported-by-cula-next-generation-elements-tech/?utm_source=rss&utm_medium=rss&utm_campaign=inkoh-opens-new-biochar-hq-in-switzerland-supported-by-cula-next-generation-elements-tech,2026-10-06 13:08:24 UTC,Carbon Herald,2026-10-06 13:08:24+00:00
NorSAF And Nova Pangaea To Develop Latvian Waste Biomass-to-SAF Supply Chain,https://carbonherald.com/norsaf-and-nova-pangaea-to-develop-latvian-waste-biomass-to-saf-supply-chain/?utm_source=rss&utm_medium=rss&utm_campaign=norsaf-and-nova-pangaea-to-develop-latvian-waste-biomass-to-saf-supply-chain,2026-10-06 13:10:08 UTC,Carbon Herald,2026-10-06 13:10:08+00:00
Poland unveils significant new home storage subsidy,https://www.ess-news.com/2026/10/06/poland-unveils-significant-new-home-storage-subsidy/,2026-10-06 13:30:00 UTC,Latest news about ESS Projects & Applications | ESS News,2026-10-06 13:30:00+00:00
"INTERVIEW: Hithium’s sodium-ion storage push, where it could win, where it won’t, and path to bankability",https://www.ess-news.com/2026/10/06/interview-hithiums-sodium-ion-storage-push-where-it-could-win-where-it-wont-and-path-to-bankability/,2026-10-06 14:00:00 UTC,Latest news about ESS Projects & Applications | ESS News,2026-10-06 14:00:00+00:00
Residual Opens Carbon Removal Buyer Portal With 25 Major Buyers Signed Up,https://carbonherald.com/residual-opens-carbon-removal-buyer-portal-with-25-major-buyers-signed-up/?utm_source=rss&utm_medium=rss&utm_campaign=residual-opens-carbon-removal-buyer-portal-with-25-major-buyers-signed-up,2026-10-06 14:25:19 UTC,Carbon Herald,2026-10-06 14:25:19+00:00
AEA Ammonia Certification System Pilot welcomes Woodside Energy’s Beaumont New Ammonia Facility,https://ammoniaenergy.org/articles/certification-pilot-welcomes-beaumont-new-ammonia/,2026-10-06 18:52:59 UTC,Articles – Ammonia Energy Association,2026-10-06 18:52:59+00:00
"A beautiful Himalayan bird is changing its voice due to human activity, research shows",https://www.bbc.co.uk/news/articles/cq9868z88rexo?at_medium=RSS&at_campaign=rss,2026-10-06 23:07:44 UTC,BBC News,2026-10-06 23:07:44+00:00
