title,link,source,published_str,pub_date,doi,last_author,abstract,abstract_source,must_have_abstract
Real-time visualization of G2L4 reverse transcriptase in DNA repair via microhomology-mediated end joining,https://www.nature.com/articles/s41467-026-78460-6,Nature Communications,2026-10-06 00:00:00 UTC,2026-10-06 00:00:00+00:00,10.1038/s41467-026-78460-6,Yi-Chih Lin,"The error-prone microhomology-mediated end joining (MMEJ) pathway for double-strand break repair (DSBR) is important for genome integrity in all organisms. The bacterial group II intron-like reverse transcriptase, G2L4 RT, has been implicated in MMEJ, but how it executes DSBR is not fully known. Using high-speed atomic force microscopy (HS-AFM), we directly visualize G2L4 RT-mediated DSBR via MMEJ. We observe that G2L4 RT dimers exhibit apparent RT3a plug protrusion from the active site upon DNA engagement and catalyze MMEJ by binding and stabilizing short microhomologies and filling adjacent single-strand gaps with dNTPs. Furthermore we find a Mn2+-stimulated terminal transferase activity that generates elongated and branched DNA intermediates prior to ligation. Using T4 DNA ligase, we visualize ligase binding near nick sites and real-time nick sealing, which stabilizes the repaired products and suppresses off-pathway branching. These results reveal how G2L4 RT and DNA ligase activities shape MMEJ intermediates and outcomes.",nature_html,0
Daily briefing: Physics Nobel for founder of neutrino-hunting observatory,https://www.nature.com/articles/d41586-026-03190-0,Nature,2026-10-06 00:00:00 UTC,2026-10-06 00:00:00+00:00,10.1038/d41586-026-03190-0,Flora Graham,,,0
"The ocean within planetary boundaries: complexity, tipping risks and pathways to a safe operating space",https://academic.oup.com/nsr/advance-article/doi/10.1093/nsr/nwag630/8868915?rss=1,National Science Review Advance Access,2026-10-06 00:00:00 UTC,2026-10-06 00:00:00+00:00,10.1093/nsr/nwag630,Véronique Garçon,"Minhan Dai, Jingfang Fan, Jürgen Kurths, Véronique Garçon; The ocean within planetary boundaries: complexity, tipping risks and pathways to a safe operatin",openalex,1
Embryonic origin of cancer in newborn twins,https://www.nature.com/articles/s41467-026-78178-5,Nature Communications,2026-10-06 00:00:00 UTC,2026-10-06 00:00:00+00:00,10.1038/s41467-026-78178-5,Sam Behjati,"Studying monozygotic twins who present with identical cancers informs on the developmental origins of childhood tumours. Here, we perform whole genome sequencing on multiple tumour, normal, and placental samples to reconstruct the phylogeny of a soft tissue cancer that spread in utero between monozygotic twins. We demonstrate the origin of the tumour from one twin and time its diversification and transplacental spread to the other twin, showing that the spread occurred only once. This generalisable and scalable approach additionally allows us to dissect the earliest stages of twinning, revealing unexpected asymmetrical contributions of embryonic lineages to the placenta and each twin and challenging the classical model of twinning.",nature_html,0
Triboelectric sweat sensors for wearable health monitoring,https://www.cell.com/matter/fulltext/S2590-2385(26)00410-8?rss=yes,Matter,2026-10-06 00:00:00 UTC,2026-10-06 00:00:00+00:00,10.1016/j.matt.2026.103047,Shuangxi Nie,"Triboelectric sweat sensors offer a promising approach for self-powered health monitoring, but sweat creates a challenging environment for stable triboelectric sensing. This review identifies the fundamental dry-wet contradiction between charge generation and sweat detection and discusses how monitoring modes, material and interface design, and sensing strategies can be integrated to enable reliable wearable sensing in complex sweat environments.",rss_cell,0
"Ultradense metal-chelated nanoconfined network hydrogels enable tough, anti-swelling, and cryogenic electrolyte performance",https://www.cell.com/matter/fulltext/S2590-2385(26)00429-7?rss=yes,Matter,2026-10-06 00:00:00 UTC,2026-10-06 00:00:00+00:00,10.1016/j.matt.2026.103066,Wenbo Wang,"(Matter 9, 102968; ▪ ▪, 2026)",rss_cell,0
Teach life cycle thinking not just life cycle assessment,https://www.nature.com/articles/s44359-026-00228-4,Nature Reviews Clean Technology,2026-10-06 00:00:00 UTC,2026-10-06 00:00:00+00:00,10.1038/s44359-026-00228-4,Alejandro Gallego-Schmid,,,0
Gate-tunable electroluminescence at an organic-crystal/MoS2 interface,https://www.cell.com/matter/fulltext/S2590-2385(26)00409-1?rss=yes,Matter,2026-10-06 00:00:00 UTC,2026-10-06 00:00:00+00:00,10.1016/j.matt.2026.103046,Kai Zhao,"A water-printing-like transfer technique enables the preparation of C10-DNTT film, and its integration with MoS2 generates electroluminescence in the van der Waals p-n junction region. The emission can be effectively modulated by both the drain-source voltage and the gate voltage, demonstrating electrically tunable light emission from the organic-inorganic heterojunction. This work establishes molecular-crystal/2D-semiconductor van der Waals diodes as a platform for electrically driven, electrostatically programmable light emission.",rss_cell,0
Mechanical atomic-scale defects enable stable Ni-rich single-crystal cathodes,https://www.cell.com/joule/fulltext/S2542-4351(26)00370-3?rss=yes,Joule,2026-10-06 00:00:00 UTC,2026-10-06 00:00:00+00:00,10.1016/j.joule.2026.102686,Jie Xiao,"Various intraparticle defects are introduced via commercially viable calendering, causing significant changes in long-term stability.",rss_cell,0
A generative diffusion framework for physically consistent 3D turbulence,https://www.nature.com/articles/s41467-026-78265-7,Nature Communications,2026-10-06 00:00:00 UTC,2026-10-06 00:00:00+00:00,10.1038/s41467-026-78265-7,Luca Biferale,"Synthesizing fully developed three-dimensional turbulence remains a long-standing problem in fluid mechanics and an open challenge for generative modeling. This difficulty arises from extreme dimensionality, multiscale fluctuations, strong intermittency, and the need to satisfy exact physical constraints, including incompressibility and prescribed mass and momentum fluxes under given boundary conditions. We propose a physics-constrained diffusion model in which some a priori constraints can be incorporated directly into the generative dynamics. Using rotating turbulence as a paradigmatic system with key geophysical applications, we assess the proposed framework. Here, we show that it enables stable and statistically faithful single-time synthesis of inertial-range three-dimensional turbulent velocity fields, accurately reproducing anisotropic energy spectra, intermittent statistics, and physical constraints, whereas standard denoising diffusion probabilistic models exhibit multiscale statistical deviations, violations of physical consistency, and substantially slower training convergence, thereby pointing to broader implications for generative modeling of high-dimensional, physically constrained complex systems.",nature_html,0
Distinct T cell correlates of COVID-19 risk before and after a second booster in previously SARS-CoV-2 infected versus naïve COVAIL trial participants,https://www.nature.com/articles/s41467-026-78444-6,Nature Communications,2026-10-06 00:00:00 UTC,2026-10-06 00:00:00+00:00,10.1038/s41467-026-78444-6,Peter B. Gilbert,"The relationship between SARS-CoV-2-specific T cell responses and COVID-19 risk is incompletely understood, particularly after variant-adapted booster receipt. We assessed Spike-specific and Nucleocapsid-specific CD4+ and CD8+ T cell responses, measured by validated 27-color intracellular cytokine staining assay, as correlates of COVID-19 risk over 6 months in COVAIL recipients of a second SARS-CoV-2 booster on Day 1 (D1). Among one-dose mRNA recipients, D15 CD4 + T cell IFN-γ and/or IL-2 Spike BA.4/5 responses correlated inversely with COVID-19 risk for previously-infected (non-naïve) [hazard ratio (HR) = 0.62 (95% CI 0.39, 0.99) per 3-fold increase], but not SARS-CoV-2 naïve [HR = 1.03 (0.81, 1.32)], participants (22 non-naïve, 122 naïve cases). Spike-specific CD4+ T cells and neutralizing antibodies each independently predicted COVID-19 in non-naïve participants [Cox bivariate model HRs per standard deviation: D1 Spike CD4 + T cell 0.81 (0.68, 0.96), D15 titer 0.43 (0.27, 0.69), co-correlatep + T cell responses and neutralizing antibody titers marked low risk, as did polyfunctional Spike-specific CD4+ T cells expressing ≥ three cytokine(s)/markers. At the same high D15 CD4+ Spike-specific T cell levels, risk was lower for non-naïve vs. naïve participants, suggesting that these T cell responses are a proxy for unmeasured protective immune mechanism(s) operant post-SARS-CoV-2 infection.",nature_html,0
Ultrathin high-performance circular polarizers based on MoOCl2/NbOCl2 van der Waals heterostructures,https://www.nature.com/articles/s41467-026-78564-z,Nature Communications,2026-10-06 00:00:00 UTC,2026-10-06 00:00:00+00:00,10.1038/s41467-026-78564-z,Guowei Lyu,"Circularly polarized light (CPL) holds immense promise for diverse applications, including 3D displays, quantum information processing, biosensing, and optical imaging. However, high-performance, ultrathin, and easily integrable devices for CPL manipulation and discrimination remain a significant challenge. Leveraging the phase modulation capability of the natural 2D van der Waals material NbOCl2 and the polarization selectivity of MoOCl2, we propose and demonstrate a lithography-free, easy-to-fabricate, ultrathin circular polarizer. The MoOCl2/NbOCl2 stacked nanoplates with submicrometer total thicknesses demonstrate pronounced discrimination between left- and right-handed CPL at designed visible wavelengths, achieving a maximum extinction ratio of 21.16 dB at 653 nm for a stack with a total thickness of approximately 730 nm. Furthermore, an approximately 690-nm-thick stacked device was integrated with an LED chip operating at a center wavelength of 580 nm, with an estimated degree of circular polarization (DOCP) reaching 99.68%, demonstrating the compatibility of the proposed circular polarizer with compact light-emitting platforms. This work provides a versatile strategy for constructing ultrathin, integrable circularly polarized photonic devices by leveraging the intrinsic optical anisotropy of natural low-dimensional materials, and demonstrates broad application prospects in chiral light-field detectors and on-chip circularly polarized light sources.",nature_html,0
Design principles for functional carbon materials derived from biomass conversion,https://www.nature.com/articles/s41893-026-01948-y,Nature Sustainability,2026-10-06 00:00:00 UTC,2026-10-06 00:00:00+00:00,10.1038/s41893-026-01948-y,Shurong Wang,"Biomass-derived carbon materials are increasingly central to negative-emissions technologies, yet their functional performance under realistic operating conditions remains difficult to predict. This gap reflects a fundamental limitation in current design strategies, which rely predominantly on static, composition-based descriptors. Here we challenge this composition-driven paradigm and propose a shift towards a pathway-guided perspective in which functionality emerges from dynamic carbon framework evolution. By integrating conversion pathways with operating environments, we present a conceptual framework that unifies synthesis, structure and performance, offering design principles for biomass-derived carbon materials and elucidating the inherent trade-offs among reactivity, transport and stability.",nature_html,0
High potential contribution of intercropping to soybean and maize self-sufficiency in Europe,https://www.nature.com/articles/s41467-026-78206-4,Nature Communications,2026-10-06 00:00:00 UTC,2026-10-06 00:00:00+00:00,10.1038/s41467-026-78206-4,David Makowski,"This study examines whether maize-soybean intercropping could improve the European Union’s soybean self-sufficiency while minimizing trade-offs with maize and other crops production. Assuming a four-year return, intercropping on 6.3, 13.1, and 20.1 Mha could produce 9.1 (28.8), 18.2 (63.7), and 27.2 (99.0) Mt of soybean (maize), achieving 25% (34%), 50% (75%), and 75% (116%) self-sufficiency. Reaching similar co-productions with sole crops require an additional 11.1, 24.7, and 36.5 Mha, implying 20−21% land savings with intercrops. Full soybean self-sufficiency could require more than 25 Mha of intercrops (23% of European cropland) annually. These estimates held under a large range of nitrogen inputs and temporal overlaps between crop species, provided 1 hectare of intercropping produced more soybean than 0.5 hectare of sole soybean. Geographic variation in sole crop yields should therefore be considered when assessing intercrops land-use efficiency. Our results highlight intercropping as a strategy to simultaneously improve European soybean production, satisfy maize needs, and save lands.",nature_html,0
Temperature-stable high-κ oxides for miniaturized capacitors,https://www.nature.com/articles/s41928-026-01721-1,Nature Electronics,2026-10-06 00:00:00 UTC,2026-10-06 00:00:00+00:00,10.1038/s41928-026-01721-1,Yuan-Hua Lin,"The miniaturization of capacitive components in advanced electronics requires dielectric materials that simultaneously have a high permittivity, low loss tangent and near-zero temperature coefficient of capacitance. However, improving one property typically negatively affects the others, and the design of new dielectrics is challenging due to the vast compositional space that could be searched. Here we report a hierarchical machine learning-guided strategy that first screens oxide candidates to identify promising structural families and then optimizes local atomic features to enhance the dielectric properties. The approach identifies tungsten bronze structures, followed by targeted bismuth and germanium co-substitution. The resulting Ba4(Nd0.5Bi0.5)9.33(Ti0.99Ge0.01)18O54 ceramic had a dielectric constant of around 185, a loss tangent below 0.0005 and a temperature coefficient of ≤±30 ppm per degree Celsius. We also study the mechanism of the temperature-insensitive behaviour using in situ atomic-resolution scanning transmission electron microscopy and density functional theory analysis, and we find that strong Ge–O covalent bonds sustain off-centre polar displacements during thermal expansion. The material is used to create prototype single-layer chip capacitors with volumetric efficiency higher than leading commercial benchmarks.",nature_html,0
Suppressing Cathode Corrosion Induced by Impurity Cations in Alkaline Water Electrolyzers,https://onlinelibrary.wiley.com/doi/10.1002/anie.6363490?af=R,Wiley: Angewandte Chemie International Edition: Table of Contents,2026-10-06 02:58:08 UTC,2026-10-06 02:58:08+00:00,10.1002/anie.6363490,Shi‐Zhang Qiao,"ABSTRACT
                  
                    In alkaline water electrolysis systems operated under industrial conditions, cations leaching from corrosive dissolution of the anode and balance‐of‐plant components progressively accumulate and contaminate the circulating electrolyte during prolonged operation. Here, we demonstrate for the first time that impurity cations, particularly Fe ions, compromise the long‐term structural stability of the Raney Ni cathode. The accumulation of Fe species on the cathode surface promotes the two‐electron reduction of crossover oxygen and the formation of HO
                    2
                    • radicals that drive oxidative corrosion of Ni sites. We then introduce a Lewis‐acidic CeO
                    x
                    layer on the cathode surface for protection. The layer effectively suppresses the reductive deposition of Fe on the cathode, while coordinatively unsaturated high‐valent Ce sites directly scavenge the reactive radicals. As a result, the protected Raney Ni cathode demonstrates marked stability in Fe‐containing electrolyte, maintaining stable operation over 3,500 h at 1.0 A cm
                    −2
                    and 15,000 accelerated startup–shutdown cycles. Notably, this strategy exhibits strong feasibility and universality under practical operating conditions, maintaining stable cathode performance in the presence of up to 200 µM Fe(III) or various impurity cations derived from system components, including Co(II), Mn(II), Mo(VI), Cr(III), and Al(III).",crossref,0
Supramolecular Polymerization of Triphenylamine[3]arenes for Switchable and Stimuli‐Responsive Chiroptical Properties,https://onlinelibrary.wiley.com/doi/10.1002/anie.9255683?af=R,Wiley: Angewandte Chemie International Edition: Table of Contents,2026-10-06 03:03:57 UTC,2026-10-06 03:03:57+00:00,10.1002/anie.9255683,Yanli Zhao,"ABSTRACT
                  
                    The design of advanced photonic materials with integrated stimuli‐responsive properties remains coveted yet challenging. Herein, we demonstrate that chiral supramolecular assembly of triphenylamine[3]arenes (TPA[3]s) offers an efficient and modular solution to address this challenge. Despite intrinsically nonplanar and conformationally flexible macrocyclic scaffold, peripheral chiral alkyl chains direct TPA[3]s to self‐assemble into long‐range one‐dimensional (1D) nanofibers, as confirmed by transmission electron microscopy and atomic force microscopy, ultimately giving rise to intense blue circularly polarized luminescence (CPL) with a
                    g
                    lum
                    of 1.2 × 10
                    −3
                    and a fluorescence quantum yield of 48%. Benefiting from the triphenylamine cores, the resulting supramolecular polymers exhibit reversible CPL switching upon acid–base stimulation. Notably, TPA[3]s readily undergo rapid photo‐induced radical generation in dilute monomeric solution, whereas this process is significantly suppressed in the supramolecular assemblies due to molecular confinement. Combining spectroscopic analyses with coarse‐grained molecular dynamics simulations reveals that the formation of air‐stable TPA radical cations disrupts the chiral packing, leading to disassembly of supramolecular polymers and the concomitant irreversible loss of CD and CPL signals. These findings establish supramolecular polymerization as a versatile strategy for organizing macrocyclic arenes into ordered 1D chiral assemblies with multi‐responsive CPL properties, while providing general design principles for photoresponsive chiral optoelectronic systems.",crossref,0
N‐Heterocyclic Carbene‐Triarylamine Hybrids as Redox‐Tunable Organophotocatalysts for Radical Cross‐Coupling Reactions,https://onlinelibrary.wiley.com/doi/10.1002/anie.3699223?af=R,Wiley: Angewandte Chemie International Edition: Table of Contents,2026-10-06 03:11:45 UTC,2026-10-06 03:11:45+00:00,10.1002/anie.3699223,Ying‐Feng Han,"ABSTRACT
                  Visible‐light‐induced photoredox catalysis has emerged as a powerful platform for organic radical transformations under mild conditions. In this field, the development of efficient photocatalysts plays a crucial role. Conventional ruthenium and iridium polypyridyl photocatalysts are limited by the expense of these precious metals. From a sustainable perspective, organic photocatalysts represent cost‐effective and mild alternatives to photoredox catalysis; however, tuning their redox properties often requires complicated synthetic approach. Here we introduce N‐heterocyclic carbene‐triarylamine hybrids as novel donor–acceptor‐type organophotocatalysts. These hybrids feature with facile structural modification, broad intramolecular charge‐transfer absorption bands, and tunable redox potentials. Furthermore, these new photocatalysts have been successfully utilized for five distinct visible‐light‐induced redox‐neutral radical cross‐coupling reactions (94 examples, up to 99% yield). Mechanistic studies indicate that visible‐light irradiation of the photocatalyst generates a charge‐shifted excited state through photoinduced intramolecular electron transfer. This finding has a guiding significance for the design and development of new organophotocatalysts.",crossref,0
Descriptor‐Informed Screening of Interface‐Active Molecules for Efficient Magnesium Metal Anodes,https://advanced.onlinelibrary.wiley.com/doi/10.1002/adma.75285?af=R,Wiley: Advanced Materials: Table of Contents,2026-10-06 04:00:55 UTC,2026-10-06 04:00:55+00:00,10.1002/adma.75285,Minghao Yu,"ABSTRACT
                  
                    Rechargeable magnesium batteries offer a compelling pathway toward sustainable energy storage, yet realizing this vision demands scalable electrolytes formulated with widely accessible salts, such as magnesium bis(trifluoromethanesulfonyl)imide (Mg(TFSI)
                    2
                    ). Progress in Mg(TFSI)
                    2
                    ‐based electrolytes has been severely hindered by low Mg stripping/plating efficiency, arising from sluggish Mg
                    2+
                    desolvation kinetics and uncontrolled interfacial reactions. Herein, we adopt a descriptor‐informed molecular screening approach and identify 4‐bromo‐N, N‐dimethylaniline (BrNNA) as an interface‐active electrolyte component that enables fast Mg stripping/plating kinetics in Mg(TFSI)
                    2
                    ‐based electrolytes. Recognizing their relevance to interface modulation, dipole moment, lowest unoccupied molecular orbital energy, and donor number are employed as quantifiable molecular descriptors to screen a series of substituted aniline derivatives, from which BrNNA emerges as the optimal candidate. The optimized BrNNA‐containing electrolyte supports immediate and stable Mg electrochemistry without activation, sustaining over 2400 h at 0.1 mA cm
                    −2
                    in symmetric cells and achieving cumulative areal capacities up to 5 Ah cm
                    −2
                    at 10 mA cm
                    −2
                    . We reveal that BrNNA participates in Mg
                    2+
                    solvation while preferentially adsorbing onto the Mg surface, lowering the Mg
                    2+
                    desolvation barrier and directing the formation of a thin Br‐containing interface that facilitates interfacial Mg
                    2+
                    transport. Moreover, the electrolyte has been validated in full Mg cells using various cathode materials.",crossref,0
Scalable Nondestructive Exfoliation of Layered Materials Into Monolayers via Shear‐Transducing Interfaces,https://advanced.onlinelibrary.wiley.com/doi/10.1002/adma.75262?af=R,Wiley: Advanced Materials: Table of Contents,2026-10-06 04:03:16 UTC,2026-10-06 04:03:16+00:00,10.1002/adma.75262,Huan Wang,"ABSTRACT
                  
                    Mechanochemical exfoliation via ball milling holds great promise for scalable production of two‐dimensional (2D) materials, but it is fundamentally hindered by impact‐induced fragmentation and thermo‐oxidative degradation during high‐energy milling. Herein, we report a shear‐dominated exfoliation (SDE) strategy using viscoelastic green polymer as an active energy regulator that redirects destructive impact into beneficial shear. This enables the construction of a shear‐conducting interface, promoting interlayer delamination, suppressing chaotic fragmentation, and achieving in situ thermal‐oxidation protection. The SDE approach achieves hundred‐gram‐scale monolayer fluorinated graphene (FGr) with well‐preserved fluorine integrity, and demonstrates broad universality for diverse layered materials. Remarkably, the FGr affords high‐rate energy densities in 25 Ah Li/CF
                    x
                    cells (832.0 Wh kg
                    −1
                    at 0.1 C; 737.5 Wh kg
                    −1
                    at 0.5 C). Meanwhile, the unoxidized monolayer MXene and black phosphorus demonstrate excellent electromagnetic interference shielding and superior rate capability for Li
                    +
                    storage. Our work bridges scalability, integrity, and green chemistry for industrial manufacturing of 2D materials.",crossref,0
Electrically Fueled Liquid–Liquid Phase Separation for Active Transport,https://advanced.onlinelibrary.wiley.com/doi/10.1002/adma.75269?af=R,Wiley: Advanced Materials: Table of Contents,2026-10-06 04:05:22 UTC,2026-10-06 04:05:22+00:00,10.1002/adma.75269,Zhibin Guan,"ABSTRACT
                  Out‐of‐equilibrium liquid–liquid phase separation (LLPS) of biomacromolecules in living cells creates membraneless organelle, enabling diverse functions including active transport. This has inspired the development of synthetic nonequilibrium LLPS systems; however, their active states are often hampered by waste accumulation, and their emergent functional properties remain largely unexplored. Here, we report an electrically fueled dissipative LLPS that sustains active coacervation without waste generation and, most notably, enables the recruitment and directional transport of molecules and nanoparticles via a new mechanism of active transport. By harnessing an electrochemical reaction network, we modulate a redox‐sensitive peptide that rapidly triggers LLPS resulting in dynamic formation and dissipation of coacervates that suppress Ostwald ripening while exhibiting growth, fusion, and sustained homeostasis. The dissipative coacervates function as active carriers that recruit and transport diverse cargos—including organic molecules, biomolecules, and nanoparticles—with spatiotemporal control. Directional cargo transport arises from the interplay of active coacervation, cargo loading, Brownian motion in bulk solution, and spatially biased droplet dissipation and release near the cathode—a mechanism analogous to Brownian motors operating in cells. This work establishes a new paradigm for directional cargo transport via nonequilibrium LLPS, with broad implications for biotechnology, targeted delivery, and environmental remediation.",crossref,0
AlF3‐Enriched Interphase Design Enables Comprehensive Electrochemical Performance Enhancement in Al‐Ion Batteries,https://advanced.onlinelibrary.wiley.com/doi/10.1002/adma.75287?af=R,Wiley: Advanced Materials: Table of Contents,2026-10-06 04:13:44 UTC,2026-10-06 04:13:44+00:00,10.1002/adma.75287,Hao Chen,"ABSTRACT
                  
                    Aluminum‐ion batteries (AIBs) are promising for large‐scale energy storage owing to their elemental abundance, low cost, safety, and high anode capacity. However, their development is hindered by the limited reversibility of Al plating/stripping on Al metal anodes and cathode structural degradation under high‐voltage operation, resulting in short cycle life and limited energy density. These challenges originate from an incomplete understanding of how interphase components and properties regulate electrode reactions. Here, we systematically investigate the interphase properties in AIBs and reveal that AlF
                    3
                    exhibits the highest interfacial energy, mechanical strength against dendrite growth, and electrochemical stability with electron‐blocking capability against parasitic reactions, making it an ideal artificial interphase component. Based on these findings, AlF
                    3
                    ‐enriched artificial interphases are constructed in Al||graphene batteries, enabling 99.9% Al plating/stripping Coulombic efficiency with uniform deposition morphology. The Al||graphene full cell delivers a high specific capacity of 122.6 mAh g
                    −1
                    , ultrahigh‐rate capability (817 C, charged in 2.936 s), and long‐term cyclability exceeding 100 000 cycles. This AlF
                    3
                    ‐enriched interphase strategy establishes fundamental principles for designing high‐performance AIBs.",crossref,0
Amorphized and Oxidized Layered PtSe2 as an All‐in‐One Electrocatalytic Platform for Hydrazine‐Assisted Water Splitting,https://advanced.onlinelibrary.wiley.com/doi/10.1002/adma.75207?af=R,Wiley: Advanced Materials: Table of Contents,2026-10-06 04:15:34 UTC,2026-10-06 04:15:34+00:00,10.1002/adma.75207,Won‐Kyu Lee,"ABSTRACT
                  
                    Hydrazine‐assisted water electrolysis is a promising energy‐saving alternative to conventional water splitting; however, noble‐metal catalysts suffer severe deactivation from nitrogen‐intermediate poisoning during sustained anodic operation. Herein, amorphized and oxidized layered PtSe
                    2
                    is presented as an all‐in‐one bifunctional electrocatalytic platform solving this challenge. Plasma treatment induces simultaneous surface oxidation, amorphization, and Pt clusterization to form vertically integrated Pt–PtSe
                    x
                    O
                    y
                    heterostructures, as verified by transmission electron microscopy and x‐ray photoelectron spectroscopy. Density functional theory and in situ Raman spectroscopy reveal a potential‐dependent reaction network: N─H dehydrogenation dominates at low bias, while N─N cleavage becomes accessible at elevated potentials. Within this network, the amorphous PtSe
                    x
                    O
                    y
                    matrix acts as an efficient electron sink and proton‐accepting environment. By rendering Pt clusters optimally electron‐deficient, it cooperatively facilitates proton‐coupled electron transfer during N─H activation and fundamentally suppresses the accumulation of strongly bound nitrogen intermediates, resulting in enhanced intrinsic hydrazine oxidation activity with increased turnover frequencies. Simultaneously, the formation of Pt clusters within this modulated coordination environment drastically boosts the cathodic hydrogen evolution reaction beyond commercial Pt/C benchmarks. Leveraging this synergistic bifunctionality, a symmetric two‐electrode electrolyzer achieves highly energy‐efficient overall water splitting, delivering long‐term stability and demonstrating state‐of‐the‐art performance among transition metal compound‐based electrocatalysts.",crossref,0
Strain‐Decoupled Serpentine Heterostructured Hydrogel Electrodes for Motion‐Artifact‐Resistant Electrophysiology,https://advanced.onlinelibrary.wiley.com/doi/10.1002/adma.75248?af=R,Wiley: Advanced Materials: Table of Contents,2026-10-06 04:17:16 UTC,2026-10-06 04:17:16+00:00,10.1002/adma.75248,Caofeng Pan,"ABSTRACT
                  
                    Motion artifacts caused by mechanical mismatch at the skin–electrode interface remain a central barrier to reliable epidermal electrophysiology during dynamic activity. Here, we report a strain‐decoupled serpentine heterostructured hydrogel electrode (SHGE) that integrates a laser‐patterned serpentine geometry with a laminated bacterial cellulose/tannic acid supporting layer and a conductive MXene/poly(vinyl alcohol) hydrogel layer. The heterostructure provides interfacial hydrogen bonding and topological interlocking, while NaOH‐induced PVA nanocrystalline domains and the serpentine layout jointly suppress crack propagation and localize deformation away from the sensing interface. As a result, the SHGE exhibits a fracture energy of 23.4 kJ m
                    −2
                    , suppressed resistance drift under 0°–120° bending, stable electrical output over 50 000 bending cycles, and strain‐insensitive operation up to 70% deformation. During dynamic electromyography and electrocardiography recordings, the SHGE reduces motion‐induced baseline fluctuation and maintains higher signal‐to‐noise ratios than commercial Ag/AgCl electrodes across multi‐day and outdoor exercise protocols. When integrated with a wireless acquisition module and a machine‐learning classifier, the high‐fidelity signals enable classification of eight representative human motions with an overall accuracy above 90% under the tested data‐splitting protocol. The same heterostructure strategy enhances fracture resistance across multiple polymer matrices, indicating a general design route for deformation‐resistant hydrogel bio‐interfaces.",crossref,0
Differential Sedimentation and Cryo‐TEM Mapping Resolve Structural Heterogeneity in Conjugated Polymer Nanowires for Programmable Stretchable Electronics,https://advanced.onlinelibrary.wiley.com/doi/10.1002/adma.75087?af=R,Wiley: Advanced Materials: Table of Contents,2026-10-06 04:21:40 UTC,2026-10-06 04:21:40+00:00,10.1002/adma.75087,Eunji Lee,"ABSTRACT
                  
                    The performance of stretchable electronics based on semicrystalline conjugated polymers (CPs) is determined by the balance between crystalline order and interdomain connectivity provided by amorphous tie molecules, rather than by crystallinity alone. Solution‐state crystallization‐driven self‐assembly (CDSA) of CPs into nanowires (NWs) enables solution‐processable thin films without post‐deposition annealing to enhance crystallinity. In cast films, crystalline NWs provide charge‐transport pathways, whereas non‐aggregated amorphous chains bridge adjacent NW crystallites, sustain interdomain charge percolation, and accommodate mechanical deformation. Yet this assembly inevitably yields heterogeneous mixtures of crystalline NWs and amorphous chains, which resist single‐NW quantification and independent control. In this study, density‐driven differential sedimentation fractionates poly(3‐hexylthiophene) (P3HT) NWs into a sediment of crystalline NWs and a supernatant of shorter NWs and lower‐molecular‐weight chains. Cryo‐TEM quantitative morphological mapping resolves backbone tilt, width uniformity, and lamellar coherence at the single‐NW level, showing that local cofacial π–π packing is preserved in both fractions whereas long‐range order along the lamellar stacking direction is concentrated in the sediment. Recombining the fractions at controlled weight ratios tunes the mobility–stretchability trade‐off without chemical modification, and the strategy generalizes to coaxial p–n heterojunction hybrid NWs of P3HT‐
                    b
                    ‐poly(2‐vinylpyridine)/CdSe quantum dots formed by CDSA, reframing structural heterogeneity as a programmable design parameter for stretchable electronics.",crossref,0
Using Aromatic‐Bridge‐Tuned Dimer Acceptors to Harmonize Photoluminescence Quantum Yield and Crystallinity for Organic Solar Cells Exceeding 21% Efficiency,https://onlinelibrary.wiley.com/doi/10.1002/anie.4058890?af=R,Wiley: Angewandte Chemie International Edition: Table of Contents,2026-10-06 05:23:41 UTC,2026-10-06 05:23:41+00:00,10.1002/anie.4058890,Yanming Sun,"ABSTRACT
                  
                    Suppressing non‐radiative energy loss (Δ
                    E
                    3
                    ) by enhancing the photoluminescence quantum yield (PLQY) of active‐layer materials, particularly the acceptor component, is important for achieving high‐performance organic solar cells (OSCs). A key challenge is how to design acceptor materials that attain high PLQY while preserving favorable crystallinity and aggregation behavior, as these properties are often mutually conflicting. Here, we address this challenge by developing a series of dimeric acceptors linked via benzene, naphthalene, and anthracene bridges (named Ph‐dimer, Naph‐dimer, and Ant‐dimer). Although the conjugation length and intrinsic emission of these cores increase from benzene to anthracene, the photovoltaic performance of the resulting dimeric acceptors shows no linear correlation with this trend. Among them, the Naph‐dimer optimally balances crystallinity and PLQY, with enhanced molecular packing and reduced disorder, suppressing energy loss (
                    E
                    loss
                    ) and facilitating charge extraction. Consequently, the PM6:Naph‐dimer OSC exhibits a power conversion efficiency (PCE) of 18.90%, an open‐circuit voltage (
                    V
                    oc
                    ) of 0.974 V and a low Δ
                    E
                    3
                    of 0.192 eV, outperforming PM6:Ph‐dimer and PM6:Ant‐dimer counterparts. Moreover, incorporating Naph‐dimer into a PM6:L8‐BO host yields a PCE of 21.02%. These findings indicate that precise bridge modulation is an effective strategy for harmonizing high PLQY with crystalline order in OSCs.",crossref,0
Mass‐Charge Regulatory Microdomains Enable Coupled Structural and Interfacial Stabilization of Durable 3D Lithium Metal Anodes,https://advanced.onlinelibrary.wiley.com/doi/10.1002/adma.75218?af=R,Wiley: Advanced Materials: Table of Contents,2026-10-06 05:29:40 UTC,2026-10-06 05:29:40+00:00,10.1002/adma.75218,Quanbing Liu,"ABSTRACT
                  
                    Three‐dimensional (3D) architectures can stabilize lithium (Li) metal anodes (LMAs) by mitigating localized charge accumulation and volume fluctuation, but the enlarged anode/electrolyte interfaces aggravate parasitic reactions and unstable solid electrolyte interphase (SEI) evolution. In this study, we constructed a mass‐charge regulatory microdomain‐functionalized LMA (MCRM‐Li) by mechanically integrating a hierarchically structured NiS
                    
                      x
                    
                    framework with Li foil to address this structure‐interface dilemma. The embedded conductive matrix partitions bulk Li into ordered microdomains and establishes an interconnected electron transport network to dissipate localized current density. Simultaneously, the in situ formed Li
                    2
                    S‐rich interphase suppresses solvent attack and induces Li
                    2
                    S/LiF‐enriched SEI formation during cycling, thereby homogenizing Li
                    +
                    flux and facilitating interfacial Li
                    +
                    diffusion. Consequently, the symmetric cell based on MCRM‐Li delivers an ultralong lifespan of over 5380 h with dendrite‐free Li deposition. Moreover, LiFePO
                    4
                    full cells retain 94.1% capacity after 1000 cycles at 2 C. This work provides a coupled structural‐interfacial design paradigm for durable lithium metal batteries through regional control of electric‐field distribution and interfacial mass transfer in operating 3D LMAs.",crossref,0
High‐Performance Lithium‐Sulfur All‐Solid–State Batteries Enabled by Chemically Synthesized Lithium Polysulfide Cathodes,https://advanced.onlinelibrary.wiley.com/doi/10.1002/adma.75274?af=R,Wiley: Advanced Materials: Table of Contents,2026-10-06 05:31:34 UTC,2026-10-06 05:31:34+00:00,10.1002/adma.75274,Ping Liu,"ABSTRACT
                  
                    To achieve high specific energy and long lifespan in lithium‐sulfur all solid‐state batteries (Li‐S ASSBs), it is pivotal to ensure high sulfur utilization and minimize volume change during cycling. In this work, we synthesize a partially lithiated sulfur material (S@Li
                    2
                    S) by mechanical mixing sulfur with lithium sulfide (Li
                    2
                    S). To our surprise, characterization techniques including Raman spectroscopy, solid‐state nuclear magnetic resonance (ssNMR), and sulfur K‐edge X‐ray absorption near edge structure spectroscopy (XANES) reveal the formation of lithium polysulfide (Li
                    2
                    S
                    n
                    ) species that can be stabilized at room temperature, previously thought to be unlikely in the solid‐state. With enhanced reactivity, these lithium polysulfide cathode materials show much faster kinetics than S or Li
                    2
                    S and are always present throughout the charge and discharge processes. Furthermore, molecular dynamics simulations indicate that different polysulfide species have similar densities. This explains the observed minimal volume change of S@Li
                    2
                    S during cycling. Consequently, this cathode delivers a high specific capacity of 780 mAh g
                    −1
                    , more than double that of sulfur (315 mAh g
                    −1
                    ), with an 85% capacity retention after 500 cycles. These mechanistic insights and cycling performance advancement contribute to the development of the high‐performance, next‐generation Li‐S ASSBs.",crossref,0
Efficient Perovskite Solar Cells Based on Dual‐Interface “Green” Lead Management,https://advanced.onlinelibrary.wiley.com/doi/10.1002/adma.75164?af=R,Wiley: Advanced Materials: Table of Contents,2026-10-06 05:34:08 UTC,2026-10-06 05:34:08+00:00,10.1002/adma.75164,Hongwei Song,"ABSTRACT
                  
                    Perovskite solar cells (PSCs) offer strong potential for sustainable energy conversion, yet their reliance on toxic‐lead (Pb) continues to restrict environmental compatibility and large‐scale deployment. To address this challenge, a dual‐interface Pb‐management approach enabled by custom‐designed chelating molecules is introduced. These tailored chelators are engineered with high Pb
                    2+
                    affinity and controlled coordination geometry, allowing them to suppress Pb‐related defect formation, promote vertical grain growth, and release residual lattice stress. When synergistically forming an internal encapsulation layer on both sides of the perovskite film with chitosan (CS), it supports efficient charge transport and enhances structural integrity. This configuration reduces Pb leakage to 0.86 ppm after 9 h immersion in pure water, which is below wastewater discharge limits, and efficiently mitigates Pb‐induced biotoxicity. Adopting this strategy p‐i‐n devices maintain 96% of initial performance after 3000 h of exposure and reach a champion efficiency of 26.91% (third‐party certified efficiency 26.60%). The unverified efficiency of n‐i‐p devices reached 25.60%. The strategy is applicable to both p‐i‐n and n‐i‐p device architectures and may be extendable to other Pb‐based perovskite systems.",crossref,0
Operando Chlorination Engineering in PEMWE for Direct Brine Electrolysis to Produce Green Hydrogen,https://advanced.onlinelibrary.wiley.com/doi/10.1002/adma.75268?af=R,Wiley: Advanced Materials: Table of Contents,2026-10-06 05:35:12 UTC,2026-10-06 05:35:12+00:00,10.1002/adma.75268,Jingjun Liu,"ABSTRACT
                  
                    Direct seawater electrolysis in proton exchange membrane water electrolyzers is severely bottlenecked by competitive chlorine evolution and catalyst corrosion. Here, we report an operando chlorination strategy that harnesses corrosive ions (Cl
                    −
                    , SO
                    4
                    2
                    −
                    ) to self‐assemble a renewable catalytic layer on a defective RuIrAg pre‐catalyst for highly selective water oxidation. In acidic brine (0.5 M H
                    2
                    SO
                    4
                    + 3.0 M KCl), it achieves a remarkably low oxygen evolution reaction (OER) overpotential of 108 mV at 10 mA cm
                    −
                    2
                    , with a full‐cell energy consumption of 41.01 kWh kg
                    −
                    1
                    H
                    2
                    at 1 A cm
                    −
                    2
                    . In seawater containing 0.25 M Na
                    2
                    SO
                    4
                    , the system ensures exclusive OER, completely suppressing chlorine evolution up to 3.0 A cm
                    −
                    2
                    , and demonstrates 200 h of continuous stability at 1 A cm
                    −
                    2
                    (2.59 V). Mechanistically, this robust performance stems from Ag‐induced frustrated Lewis pairs (FLPs). These continuously regenerating FLPs accelerate OER kinetics via enhanced water activation. Simultaneously, the spatially offset FLPs, synergizing with embedded lattice chlorines and AgCl domains, strictly block Cl
                    −
                    chemisorption and dimerization to prohibit Cl
                    2
                    evolution. This work establishes a new paradigm for high‐performance electrolysis via operando chlorination and provides a viable route to green hydrogen from direct seawater.",crossref,0
Strain‐Tolerant Layered Oxide Cathode for Sodium‐Ion Batteries Enabled by a Coherent Perovskite Phase,https://advanced.onlinelibrary.wiley.com/doi/10.1002/adma.75266?af=R,Wiley: Advanced Materials: Table of Contents,2026-10-06 05:38:33 UTC,2026-10-06 05:38:33+00:00,10.1002/adma.75266,Feng Pan,"ABSTRACT
                  
                    Sodium‐ion batteries are considered strong contenders for high‐rate and high‐power energy storage owing to their favorable ion‐transport kinetics. However, under rapid Na
                    +
                    (de)intercalation, layered oxide cathodes are prone to highly non‐uniform Na
                    +
                    extraction, which readily induces pronounced lattice strain accumulation, triggering heterogeneous phase evolution, crack formation, and progressive structural degradation, ultimately limiting rate capability and cycling stability. Despite extensive efforts devoted to compositional optimization and surface modification, an intrinsic and structure‐level strategy for directly regulating rate‐dependent strain evolution in layered oxide cathodes remains elusive. Here, by introducing a coherently intergrown perovskite Ca
                    2
                    MnO
                    4
                    phase into a layered NaNi
                    1/3
                    Fe
                    1/3
                    Mn
                    1/3
                    O
                    2
                    framework, a strain‐tolerant composite architecture is rationally constructed. The embedded perovskite phase effectively buffers lattice deformation and constrains strain accumulation during rapid Na
                    +
                    deintercalation, thereby stabilizing the structural evolution of the layered host. This strain‐buffering design concept provides new insights into lattice‐level regulation in layered oxide cathodes and opens a viable pathway toward the development of high‐rate and long‐life sodium‐ion batteries.",crossref,0
Random‐Matrix Discontinuous Sodiophilic Interfaces Enabling Ultralight Current Collector for Lean‐Electrolyte and Fast‐Charging Anode‐Free Sodium Metal Batteries,https://advanced.onlinelibrary.wiley.com/doi/10.1002/adma.75231?af=R,Wiley: Advanced Materials: Table of Contents,2026-10-06 05:39:26 UTC,2026-10-06 05:39:26+00:00,10.1002/adma.75231,Chao Wu,"ABSTRACT
                  
                    Anode‐free sodium metal batteries, without excess metallic anode, promise high energy density and cost‐effectiveness. However, their practicality is impaired by limited cycling life and poor Na plating/stripping reversibility, especially under lean‐electrolyte and high‐rate conditions. Challenging the prevailing strategy of constructing dense sodiophilic layer, we design a discontinuous array of spatially dispersed sodiophilic sites upon depositing substrate via ultrasonic spray coating to regulate metal nucleation and planar growth. A nano‐layer of alloy‐conversion‐type Bi
                    0.4
                    Sb
                    1.6
                    Te
                    3
                    on Al foil enables ultralight and scalable current collector with minimal loading &lt;0.092 mg cm
                    −2
                    and low areal density ≈10
                    4
                    cm
                    −2
                    , yet still ensures lateral coalescence of uniform Na nuclei into compact deposits among the discrete Na‐affinitive alloying domains and mitigate volume expansion and coating pulverization during sodiation. Importantly, the random matrix of spray‐coated nanoparticles creates a rough and discontinuous interfacial architecture for improved electrolyte wetting and fast lean‐electrolyte infiltration. As a result, high‐loading NVP||BST@Al anode‐free full cells prove 5C‐fast charging over 400 cycles and a 2.75‐Ah NFPP||BST@Al anode‐free pouch cell demonstrates stable operation exceeding 110 cycles with lean electrolyte of 1.7 g Ah
                    −1
                    , yielding a high energy density of 205 Wh kg
                    −1
                    and high‐power density of 226 W kg
                    −1
                    based on total pouch‐cell weight.",crossref,0
Molecular Configuration Engineering of Electrolyte Additives Enables Adaptive Zinc Anodes and Highly Reversible Zn‐S Batteries,https://advanced.onlinelibrary.wiley.com/doi/10.1002/adma.75233?af=R,Wiley: Advanced Materials: Table of Contents,2026-10-06 05:40:43 UTC,2026-10-06 05:40:43+00:00,10.1002/adma.75233,Meifang Zhu,"ABSTRACT
                  
                    Aqueous zinc−sulfur batteries (AZSBs) suffer from zinc anode parasitic reactions and slow sulfur cathode kinetics. In this study, we propose a coupled spatial−electronic configuration effect strategy. By selecting additive molecules with different spatial−electronic configurations, we successfully revealed the influence of molecular spatial−electronic configuration on the electrode–electrolyte interfacial adsorption layer. The spatial−electronic configuration of benzyltrimethylammonium  iodide (BTA) enables the formation of a stable adsorption layer at the anode interface, showing an effectively repulsive effect on hydrated protons and suppressing side reactions. Moreover, BTA is a dual‐functional additive, and the I
                    −
                    ions released from BTA further catalyze sulfur redox conversion, thereby enhancing the capacity of Zn–S batteries. As a result, this functional additive electrolyte enables stable cycling for over 10000 h in Zn||Zn symmetric cells, the Zn||Cu cells exhibit an extended cycle life of over 3800 cycles with an average CE exceeding 99.44%, and Zn−S full cells deliver 422 mAh g
                    −1
                    after 4000 cycles at 3 A g
                    −1
                    . This study demonstrates a holistic electrolyte design strategy for highly reversible AZSBs.",crossref,0
"High‐Entropy Oxides for Efficient Oxygen Evolution Reaction: Structural Design, Reaction Mechanisms, and Future Perspectives",https://advanced.onlinelibrary.wiley.com/doi/10.1002/adma.75259?af=R,Wiley: Advanced Materials: Table of Contents,2026-10-06 05:42:43 UTC,2026-10-06 05:42:43+00:00,10.1002/adma.75259,Xiaoping Gao,"ABSTRACT
                  The oxygen evolution reaction (OER) is a kinetically demanding anodic process in water electrolysis and related electrochemical energy‐conversion systems. Its multistep proton‐coupled electron‐transfer kinetics and catalyst degradation under strongly oxidizing conditions limit overall efficiency and durability. High‐entropy oxides (HEOs), which combine multicomponent configurational disorder, lattice distortion, broad distributions of local coordination environments, and element‐specific electronic interactions, have emerged as a versatile platform for OER catalyst design. This review summarizes the definitions and physicochemical characteristics of HEOs, OER reaction pathways, theoretical and data‐driven methods, synthesis strategies, representative crystal structures, and recent progress in acidic OER and proton‐exchange‐membrane water electrolysis (PEMWE). Particular attention is given to rutile‐type Ir/Ru‐based HEOs, including their phase formation, local electronic‐structure regulation, degradation behavior, and device‐level validation. Current challenges in composition‐space exploration, operando mechanism identification, long‐term stability, noble‐metal utilization, reproducible scale‐up, and standardized device testing are discussed, together with directions for future research.",crossref,0
Waste‐Derived Environmental Functional Materials: Turning Trash Into Treasure for Sustainable Development,https://advanced.onlinelibrary.wiley.com/doi/10.1002/adma.75289?af=R,Wiley: Advanced Materials: Table of Contents,2026-10-06 05:45:32 UTC,2026-10-06 05:45:32+00:00,10.1002/adma.75289,Lizhi Zhang,"ABSTRACT
                  The continuous accumulation of solid waste and the persistent demand for cleaner water, air, and soil are reshaping materials science around circular resource use. Waste‐derived environmental functional materials (WDEFM) offer a route to convert heterogeneous residues from the environment into engineered platforms for remediation and sustainable development. This Review summarizes how municipal, industrial, agricultural, electronic, construction and demolition, and plastic wastes can be reprogrammed into WDEFM through thermochemical, wet‐chemical, mechanochemical, physical‐engineering, biological/biohybrid, and emerging hybrid strategies. Emphasis is placed on matching the material composition of the feedstock with suitable conversion pathways to produce adsorbents, catalysts, membranes, soil amendments, and carbon‐management materials. Across these pathways, processing conditions regulate phase evolution, pore architecture, surface functionality, defect chemistry, interfacial sites, and electron‐transfer behavior, which in turn govern performance in water purification, heavy‐metal immobilization, organic‐contaminant degradation, gas separation, catalytic conversion, and ecological restoration. The Review also considers safety, regeneration, techno‐economic analysis, life‐cycle assessment, and end‐of‐life management as requirements for practical deployment. A materials‐by‐design framework is proposed to guide WDEFM from laboratory demonstrations toward scalable circular technologies.",crossref,0
Helicity‐Defined Analog Conductance States in Chiral Perovskite Synapses,https://advanced.onlinelibrary.wiley.com/doi/10.1002/adma.75308?af=R,Wiley: Advanced Materials: Table of Contents,2026-10-06 05:49:23 UTC,2026-10-06 05:49:23+00:00,10.1002/adma.75308,Jae Won Shim,"ABSTRACT
                  
                    Optoelectronic synapses encode light through scalar variables (i.e., intensity or wavelength), leaving inputs that differ only in field symmetry indistinguishable at the hardware level. Circularly polarized light introduces helicity as a symmetry‐defined degree of freedom; however, the conversion into persistent analog memory remains challenging. This study demonstrates that optical helicity biases the electrically driven formation of persistent analog conductance states in chiral quasi‐two‐dimensional perovskite synapses. Within the (R/S‐PEA)
                    2
                    MA
                    
                      n
                    
                    ‐1
                    Pb
                    n
                    I
                    3
                    
                      n
                    
                    +1
                    multi‐quantum‐well series, the
                    n
                    = 3 composition provided the optimal convergence of chiroptical selectivity, layered structural registry, and transport‐supporting structural order, enabling reproducible low‐nonlinearity analog weight updates and 72 statistically distinguishable conductance states retained over 10
                    6
                     s. An independently evaluated read‐noise‐informed framework yielded a read‐noise‐limited capacity estimate of 72.3 levels, providing a quantitative link between measured read noise and analog‐state capacity. In conclusion, optical helicity can be encoded into, retained in, and read from electrically programmed analog conductance states, providing a persistent state variable for neuromorphic computation.",crossref,0
Chemoreceptor complexes signal through a protein-ordering and stabilization mechanism,https://www.pnas.org/doi/abs/10.1073/pnas.2610192123?mi=eymic2&af=R&access=on&content=articlesChapters&publication=pnas&sortBy=Earliest&target=default,Proceedings of the National Academy of Sciences: Keyword search for query,2026-10-06 07:00:00 UTC,2026-10-06 07:00:00+00:00,10.1073/pnas.2610192123,Lynmarie K. Thompson,"Membrane protein complexes are critical to many cellular processes and have proven to be good targets for a variety of therapeutics. One such complex is the bacterial chemoreceptor signaling complex, which has potential as a target for novel antibiotics. This complex is responsible for sensing chemical signals in the environment to bias swimming of the bacterial cell toward more favorable conditions. While these complexes are well studied, the mechanisms of signal transduction and kinase control are still not fully understood. We have applied multiple thermal stability measurements and limited proteolysis to gain insight into how complex formation and signaling state change the thermal stability and structural properties of the proteins and complexes. We show that the activated signaling complexes are more strongly associated, ordered, and thermally stable than the inactive complexes. This direct evidence that both the chemoreceptor and the kinase are significantly stabilized by assembly into kinase-active complexes is consistent with our previous hydrogen deuterium exchange mass spectrometry results and our proposed order-induced activation model. We propose that signaling inputs modulate the structural order and stability of the partially disordered cytoplasmic domain, which in turn modulates the stability of the catalytic domain of the kinase, such that ordering of the cytoplasmic domain stabilizes and activates the kinase.",crossref,0
Cooperation in binary mixtures of active colloids,https://www.pnas.org/doi/abs/10.1073/pnas.2609894123?mi=eymic2&af=R&access=on&content=articlesChapters&publication=pnas&sortBy=Earliest&target=default,Proceedings of the National Academy of Sciences: Keyword search for query,2026-10-06 07:00:00 UTC,2026-10-06 07:00:00+00:00,10.1073/pnas.2609894123,Lucio Isa,"The complex interactions underlying collective motion in biological systems give rise to emergent behaviors such as flocking, sorting, and cooperative transport. These dynamics often involve species with different motilities coordinating movement to optimize navigation and survival. Synthetic analogues based on active colloids offer a controlled platform to explore such behaviors, yet most experimental realizations remain limited to monodisperse systems or mixtures of passive and active particles. Here, we investigate dense binary mixtures of active Janus colloids with two different metal caps leading to distinct motilities and independently tunable mutual alignment, actuated by AC electric fields. We demonstrate experimentally and numerically that binary mixtures form highly dynamic polar clusters. Moreover, particles segregate according to their motility, leading to cooperative “catch-and-run”-like dynamics in which slow particles are locally advected and pushed by fast polar clusters, producing a transient enhancement of slow-particle motility. Our results reveal how motility contrast and alignment combine to drive self-organization in active mixtures, offering strategies for designing reconfigurable materials with collective functionalities.",crossref,0
Chronic intermittent heat exposure induces anxiety in female mice via TLR4 upregulation in paraventricular nucleus CRH neurons,https://www.pnas.org/doi/abs/10.1073/pnas.2608918123?mi=eymic2&af=R&access=on&content=articlesChapters&publication=pnas&sortBy=Earliest&target=default,Proceedings of the National Academy of Sciences: Keyword search for query,2026-10-06 07:00:00 UTC,2026-10-06 07:00:00+00:00,10.1073/pnas.2608918123,Lina Wang,"Environmental stress has long been recognized as a pivotal contributor to the onset of anxiety. In this study, we reported that two weeks of chronic intermittent heat exposure (CIHE) induces anxiety only in female mice and is accompanied by a significant reduction in the responsiveness of corticotropin-releasing hormone (CRH) neurons located in the paraventricular nucleus (PVN). Moreover, toll-like receptor 4 (TLR4), which is expressed on CRH neurons, has been identified as a critical mediator of this process. Further research has demonstrated that the overexpression of TLR4 in CRH neurons in the PVN contributes to the development of anxiety in mice by disrupting synaptic signaling in supramammillary nucleus (SuMM) projections from CRH neurons. Oral ester β-hydroxybutyl (HBET) can effectively prevent anxiety induced by CIHE in mice. In summary, our research provides compelling evidence that TLR4 expressed on PVN
                    CRH
                    neurons plays a pivotal role in mediating anxiety-like behaviors in mice induced by CIHE and offers potential therapeutic strategies for addressing stress-related metabolic and psychiatric complications.",crossref,0
Structural basis for membrane-dependent positive feedback regulation of DOCK11 by activated Cdc42,https://www.pnas.org/doi/abs/10.1073/pnas.2607665123?mi=eymic2&af=R&access=on&content=articlesChapters&publication=pnas&sortBy=Earliest&target=default,Proceedings of the National Academy of Sciences: Keyword search for query,2026-10-06 07:00:00 UTC,2026-10-06 07:00:00+00:00,10.1073/pnas.2607665123,Mikako Shirouzu,"The guanine nucleotide exchange factor DOCK11 is widely expressed across tissues and activates Cdc42, a Rho family GTPase that regulates cytoskeletal remodeling and cell polarity. Loss-of-function mutations in DOCK11 have recently been linked to inborn errors of immunity. DOCK11 has also been implicated in facilitating hepatitis B virus infection in hepatocytes and has emerged as a potential target for therapeutic interventions. A positive feedback mechanism has been proposed for DOCK11-mediated Cdc42 activation; however, the structural basis for this regulation has remained unclear. Here we report the cryoelectron microscopy structures of full-length DOCK11 as an apo dimer, a binary complex with nucleotide-free Cdc42, and a ternary complex containing both nucleotide-free and activated Cdc42. DOCK11 predominantly adopts a U-shaped dimer that binds to nucleotide-free Cdc42 via the catalytic domain, whereas activated Cdc42 engages a distal site within the armadillo-repeat domain. Biochemical and cellular analyses demonstrate that binding of activated Cdc42 is critical for enhancing the membrane-dependent nucleotide exchange activity of DOCK11, promoting its localization to the plasma membrane, and facilitating intracellular activation of Cdc42. We also determined the structure of the membrane-bound ternary complex using membrane-coated grids. Strikingly, the ternary complex adopts an extended conformation that aligns multiple membrane-contact elements, revealing how activated Cdc42 stabilizes DOCK11 membrane binding for efficient exchange activity. Collectively, these findings provide a structural framework for the coordinated mechanism underlying membrane-dependent positive feedback in Rho GTPase signaling.",crossref,0
KAT5/TIP60 orchestrates H4K16 and H2A.Z acetylation to drive the gonocyte-to-spermatogonia transition,https://www.pnas.org/doi/abs/10.1073/pnas.2603938123?mi=eymic2&af=R&access=on&content=articlesChapters&publication=pnas&sortBy=Earliest&target=default,Proceedings of the National Academy of Sciences: Keyword search for query,2026-10-06 07:00:00 UTC,2026-10-06 07:00:00+00:00,10.1073/pnas.2603938123,Shuai Gao,"Spermatogenesis begins with the gonocyte-to-spermatogonia transition (GST) during the perinatal window, yet how chromatin regulation orchestrates this developmental transition remains elusive. Transcriptomic analysis identified histone acetylation as a significantly enriched pathway during the GST, and immunofluorescence revealed a progressive increase in H4K16 acetylation alongside high levels of H2A.Z acetylation. Conditional deletion of the acetyltransferase
                    Kat5/Tip60
                    drastically reduced both marks, leading to GST failure characterized by impaired prospermatogonial mitotic resumption, migration, and survival. While the loss of either H4K16ac or H2A.Zac alone causes only moderate defects, their combined depletion largely phenocopies
                    Kat5
                    deficiency, revealing a functional synergy between the two modifications. CUT&amp;Tag and RNA-seq analyses showed that gene-body-enriched H4K16ac and TSS-enriched H2A.Zac cooperate to promote chromatin accessibility and RNA polymerase II recruitment, thereby activating cell-cycle and spermatogonial developmental programs. Notably, we observed a dynamic, KAT5-dependent spatial shift of H4K16ac from the TSS toward the gene body regions during this transition, indicating a distinct role for this spatial redistribution during early germline development. Together, these findings establish KAT5 as an essential epigenetic factor that integrates dual acetylation pathways to coordinate the GST and safeguard male germline development.",crossref,0
Spatial and single-nucleus transcriptomics reveals the molecular pathology of type 2 diabetes–associated cognitive dysfunction,https://www.pnas.org/doi/abs/10.1073/pnas.2529793123?mi=eymic2&af=R&access=on&content=articlesChapters&publication=pnas&sortBy=Earliest&target=default,Proceedings of the National Academy of Sciences: Keyword search for query,2026-10-06 07:00:00 UTC,2026-10-06 07:00:00+00:00,10.1073/pnas.2529793123,Ning Ma,"The mechanisms underlying type 2 diabetes–associated cognitive dysfunction (DACD) remain poorly understood, hindering therapeutic progress. Here, we integrated spatial transcriptomics and single-nucleus RNA sequencing to delineate the spatiotemporal molecular and cellular landscape of DACD in brain tissues from 3- and 6-mo-old mouse models. Our findings revealed region- and cell-type-specific transcriptomic alterations, with excitatory neurons in the hippocampus and isocortex emerging as the most severely affected populations with pronounced synaptic dysfunction. Further analysis of these two regions identified disease-associated transcription factors, such as
                    Rfx3
                    and
                    Mef2c
                    . In parallel, we uncovered multiple ligand–receptor pairs, including
                    Hsp90b1
                    –
                    Lrp6
                    and
                    S100a1
                    –
                    Ryr2
                    , whose downstream signaling networks converged on lactate dehydrogenase B (
                    Ldhb
                    ) as a shared effector, thereby prompting functional validation. Notably, brain-wide and excitatory neuron-specific
                    Ldhb
                    overexpression alleviated DACD-induced mitochondrial dysfunction, oxidative stress, neuronal apoptosis, and cognitive impairment. Collectively, our study delineates the spatiotemporal transcriptomic landscape of DACD, offers a valuable resource for mechanistic exploration, and highlights
                    Ldhb
                    as a potential therapeutic target in DACD.",crossref,0
Organic imprint: Natural matter dictates crystallization of manganese oxides on hematite,https://www.pnas.org/doi/abs/10.1073/pnas.2535329123?mi=eymic2&af=R&access=on&content=articlesChapters&publication=pnas&sortBy=Earliest&target=default,Proceedings of the National Academy of Sciences: Keyword search for query,2026-10-06 07:00:00 UTC,2026-10-06 07:00:00+00:00,10.1073/pnas.2535329123,Lan Ling,"Mineral–organic interfaces regulate crystallization processes central to mineral evolution and biogeochemical cycling, yet how organic matter (OM) actively directs nucleation and growth pathways remains unresolved. Here, we reveal a pivotal role of humic acid (HA), a representative OM, in orchestrating the crystallization of Mn oxides on hematite by influencing both the spatial distribution of Mn ions and the subsequent pathways of Mn oxides nucleation and growth. Our findings reveal that mineral-associated organic matter (MAOM) facilitates the formation of fine-grained Mn oxides through a distinct three-step mechanism: i) formation of Mn-rich and Mn-poor OM domains on hematite surface, ii) catalytic oxidation of Mn(II) and nucleation of Mn ions to form primary particles within the Mn-rich domain, and iii) subsequent assembly of Mn oxide particles via particle attachment, leading to a structurally integrated Mn oxide phase (hausmannite and manganite). Spectroscopic analysis and molecular dynamics simulations further reveal that HA adopts facet-specific conformations, which modulate Mn accumulation and particle assembly. Our findings demonstrate that OM not only associates with minerals but can modify mineral–OM interfacial reactivity and crystallization pathways, offering insights into mineral crystallization mechanisms, soil evolution, and mineral–OM interactions.",crossref,0
Titin extension explains residual force enhancement in skeletal muscle,https://www.pnas.org/doi/abs/10.1073/pnas.2534671123?mi=eymic2&af=R&access=on&content=articlesChapters&publication=pnas&sortBy=Earliest&target=default,Proceedings of the National Academy of Sciences: Keyword search for query,2026-10-06 07:00:00 UTC,2026-10-06 07:00:00+00:00,10.1073/pnas.2534671123,Walter Herzog,"Residual force enhancement (RFE) is an inherent property of mammalian skeletal muscle. After eccentric stretch, muscle produces increased steady-state force compared to purely isometric contraction at the same sarcomere length and activation level. This property has been known for over 70 y and yet remains largely unexplained. Titin, a giant spring-like protein responsible for passive force generation and stabilization of the sarcomere, has been suggested as a potential candidate for causing RFE. To test whether titin may be responsible for RFE, we used multiple titin immunolabels on single isolated myofibrils to approximately track the migration of individual titin segments in real-time. In comparison to many previous attempts to label titin in sarcomeres, our labeling using N2A and distal PEVK labels did not impact mechanical properties of the myofibril and thus permitted accurate tracking of titin segments within single sarcomeres. We found the approximate length of titin’s PEVK segment was significantly longer in RFE compared to isometric control activations at similar final sarcomere lengths, indicating increased force on titin filaments in RFE. Using a modified worm-like chain model, we predict titin-associated force contributes up to 62% of increased force during RFE. Additionally, using a continuous eccentric stretch protocol, we provide indirect evidence suggesting titin–actin interactions may be responsible for increased force on titin during RFE. To date, this represents one of the most convincing pieces of evidence suggesting that titin is responsible for RFE. Thus, our data indirectly support the proposed “three-filament model” where muscle activation induces cross-bridge interactions and titin–actin interactions.",crossref,0
An opto-microperfusion neural probe for multiplexed detection of optogenetically evoked neurochemical release dynamics,https://www.pnas.org/doi/abs/10.1073/pnas.2533689123?mi=eymic2&af=R&access=on&content=articlesChapters&publication=pnas&sortBy=Earliest&target=default,Proceedings of the National Academy of Sciences: Keyword search for query,2026-10-06 07:00:00 UTC,2026-10-06 07:00:00+00:00,10.1073/pnas.2533689123,Yi Zhang,"Probing the spatiotemporal release dynamics of multiple neurochemicals simultaneously in vivo is essential for understanding the molecular basis of brain function and behavior. Microdialysis enables multiplexed neurochemical analysis when combined with advanced molecular tools such as mass spectrometry, but existing microdialysis probes typically exhibit low recovery rates and provide temporal resolution of several minutes, which is insufficient to capture rapid neurochemical release events. Moreover, it remains challenging to investigate the release of multiple neurochemicals upon cell type–specific neuromodulation with a single probe. Here, we present an opto-microperfusion platform that integrates time-sequential microfluidics with cell type–specific optogenetic neuromodulation and push–pull microsampling capabilities. We demonstrated subminute temporal resolution in vitro and near-minute temporal resolution in vivo, with in vivo sampling intervals limited by downstream analytical requirements. The platform achieved high recovery rates for both small molecules and neuropeptides, including 76% for serotonin, 69% for dopamine, and approximately 14% for neuropeptide Y, representing a significant improvement over conventional microdialysis probes. In vivo studies in rats demonstrated reliable microsampling of multiple neurochemicals with minimal sample-to-sample variation. Studies in mice demonstrated the simultaneous detection of the release dynamics of up to 23 different neurochemicals following optogenetic stimulation when coupled with mass spectrometry. Together, this multimodal neural probe paves the way for investigating the molecular mechanisms underlying behavior and neurological disorders.",crossref,0
Two D-loop resolution systems enable natural genetic transformation in bacteria,https://www.pnas.org/doi/abs/10.1073/pnas.2610795123?mi=eymic2&af=R&access=on&content=articlesChapters&publication=pnas&sortBy=Earliest&target=default,Proceedings of the National Academy of Sciences: Keyword search for query,2026-10-06 07:00:00 UTC,2026-10-06 07:00:00+00:00,10.1073/pnas.2610795123,Patrice Polard,"Natural transformation is a widespread mechanism driving genetic exchanges in bacteria. It proceeds from the capture of extracellular DNA released by other cells. Internalized in linear single strands, this exogenous DNA is ultimately integrated into the genome by homologous recombination. It is unknown how the RecA-directed D-loop intermediate of this dedicated recombination pathway is processed. We report that resolution of the transformation D-loop depends on two endonucleases of opposing phylogenetic distribution in bacteria. One is YraN, which has coevolved and interacts with the ComM helicase, known to extend DNA recombination at the transformation D-loop. The other is CoiA, which is restricted to the Bacillota. CoiA is shown to be a resolvase of the transformation D-loop, extended by the RadA helicase in these species. We demonstrate that both YraN and CoiA act synergistically with their cognate helicases. These findings reveal that bacteria have evolved two helicase/nuclease pairs for the maturation and recombination extension of the transformation D-loop. The wide distribution of this dual system indicates that recombination of exogenous DNA by natural transformation is an ancestral and pervasive feature of bacteria.",crossref,0
Dopamine suppresses pathological retinal oscillations and enhances the signal-to-noise ratio,https://www.pnas.org/doi/abs/10.1073/pnas.2535572123?mi=eymic2&af=R&access=on&content=articlesChapters&publication=pnas&sortBy=Earliest&target=default,Proceedings of the National Academy of Sciences: Keyword search for query,2026-10-06 07:00:00 UTC,2026-10-06 07:00:00+00:00,10.1073/pnas.2535572123,Maarten Kamermans,"Infantile nystagmus is a debilitating involuntary eye movement disorder often associated with retinal diseases such as congenital stationary night blindness (CSNB). The oscillating eye movements of infantile nystagmus come with reduced visual acuity and strongly impair quality of life. No cure exists for this condition. Previously, we demonstrated that nystagmus in the CSNB mouse model
                    
                      Nyx
                      nob
                    
                    has a retinal cause. Specifically, we found that synchronized oscillations of retinal ganglion cells (RGCs) are transmitted to the accessory optic system, triggering compensatory eye movements. The RGC oscillations appear to originate from a specific retinal cell type, the A
                    II
                    amacrine cell (A
                    II
                    AC), making these cells the preferred target for treatment. The reason for the oscillations in the A
                    II
                    ACs is not fully understood. Here, we found that pharmacologically activating the D1 dopaminergic receptors on the A
                    II
                    ACs in
                    
                      Nyx
                      nob
                    
                    mice down-regulated their voltage-gated sodium and potassium channels, leading to a complete suppression of the pathological oscillations of both A
                    II
                    ACs and RGCs. Furthermore, the signal fidelity of RGCs significantly improved due to the absence of the pathological oscillations. Our retinal network simulations confirm that the experimentally observed changes in properties of the A
                    II
                    AC voltage-gated currents are necessary and sufficient to account for the dopamine-dependent abolishment of these oscillations. Our findings provide a mechanistic understanding of dopaminergic regulation of A
                    II
                    ACs underlying infantile nystagmus.",crossref,0
Breaking trait scaling via the evolution and regulation of dimorphic decoupling in ants,https://www.pnas.org/doi/abs/10.1073/pnas.2612172123?mi=eymic2&af=R&access=on&content=articlesChapters&publication=pnas&sortBy=Earliest&target=default,Proceedings of the National Academy of Sciences: Keyword search for query,2026-10-06 07:00:00 UTC,2026-10-06 07:00:00+00:00,10.1073/pnas.2612172123,Rajendhran Rajakumar,"The evolution of allometry, changing how morphological traits scale to body size, has fueled adaptive radiations. In ants, allometry has facilitated the repeated evolution of a worker–soldier caste system. Here, we reveal an unexpected morphological pattern and its superorganismal regulation within the hyperdiverse genus
                    Pheidole
                    . We uncovered that antennal sizing between the small worker and the big soldier is identical, lacking intercaste scaling (antennae-body scaling is decoupled) yet retaining intracaste scaling. Furthermore, we have pinpointed the evolutionary origin of this decoupling. Finally, manipulations of social environment, developmental hormones, and interorgan signaling influence the modularity-integration of trait-body covariation, uncovering head-to-body decoupling and the production of novel nanoworkers and nanosoldiers. Collectively, this challenges our previous understandings of trait covariation, modularity, and their regulation, from individual to society and across species.",crossref,0
Conformational switch of NPC1 epitomizes a lumen-to-membrane alternating access model for nonpolar substrates,https://www.pnas.org/doi/abs/10.1073/pnas.2620484123?mi=eymic2&af=R&access=on&content=articlesChapters&publication=pnas&sortBy=Earliest&target=default,Proceedings of the National Academy of Sciences: Keyword search for query,2026-10-06 07:00:00 UTC,2026-10-06 07:00:00+00:00,10.1073/pnas.2620484123,Nieng Yan,"Niemann-Pick disease type C (NPC) arises from failure of the NPC1 and/or NPC2 proteins to mobilize lysosomal cholesterol, yet the mechanism by which the complex drives sterol translocation lacks a thorough understanding. Here, we capture an NPC1–NPC2 complex conformation at lysosomal pH using a bis-sterol ligand (JM046), fortifying NPC2 engagement with NPC1 and enabling structural characterization of an alternative transport state. In this complex, the sterol moiety is absent from the NPC1 central tunnel, and the neck site adopts an expanded architecture that resembles a previously observed NPC1 conformation at neutral pH, indicating that the tunnel geometry may not be influenced by the pH alone. Instead, we provide evidence that cholesterol occupancy in the neck site is a key determinant of tunnel contraction. Supporting this notion, NPC1 purified from cholesterol-auxotrophic insect cells exhibits a similarly expanded neck conformation. Integrating these structures and molecular dynamics (MD) simulations exploring the directional cholesterol handoff from NPC2 to the NPC1 tunnel, we propose a substrate-induced gating cycle where luminal and membrane-facing openings of NPC1 switch states in a coordinated manner to transfer cholesterol across the hydrophilic glycocalyx, reminiscent of the alternating access mechanism of membrane transporters. This framework synthesizes NPC1 conformational states into a mechanistic basis that may be used to map pathogenic NPC variants to their relevant transport steps.",crossref,0
DNAAF19–RUVBL1/2 complex recruits multiple adaptors to promote dynein arm assembly,https://www.pnas.org/doi/abs/10.1073/pnas.2612755123?mi=eymic2&af=R&access=on&content=articlesChapters&publication=pnas&sortBy=Earliest&target=default,Proceedings of the National Academy of Sciences: Keyword search for query,2026-10-06 07:00:00 UTC,2026-10-06 07:00:00+00:00,10.1073/pnas.2612755123,Takashi Ochi,"Cilia are microtubule-based organelles essential for sensing, motility, and fluid transport. Motile cilia rely on inner and outer dynein arms, large multiprotein motor complexes, for force generation and the characteristic bending motion required for ciliary beating. Before being incorporated into cilia, these dynein arms are preassembled in the cytoplasm by dynein axonemal assembly factors (DNAAFs). Defects in this assembly pathway often cause the inherited genetic condition primary ciliary dyskinesia (PCD), in which the loss of dynein arms impairs ciliary motility. The molecular mechanisms governing the precise and timely assembly of dynein arms by DNAAFs remain elusive. Here, we investigated the role of dynein axonemal assembly factor 19 (DNAAF19), a DNAAF frequently mutated in PCD patients with combined inner and outer dynein arm defects. Using biochemical, structural, and proteomic approaches, we find that DNAAF19 is a monomeric protein that interacts directly with the heterohexamer of RUVBL1 and RUVBL2, a multifunctional cochaperone complex involved in ciliary dynein arm assembly. The recurrent PCD-causing variant p.His154Pro partially destabilizes the interaction of DNAAF19 with RUVBL1-RUVBL2. Moreover, we identify Deleted in Primary Ciliary Dyskinesia forming a cocomplex with RUVBL1/2-DNAAF19 in vivo and in vitro. This indicates similarity to R2TP, the HSP90 cochaperone composed of RUVBL1/2-RPAP3-PIH1D1 that assembles different molecular machineries in cells, and to the RUVBL1/2–SPAG1–PIH1D2 complex associated with ciliary dynein arm assembly and PCD. Our results suggest that DNAAF19 acts as a DNAAF in concert with RUVBL1/2 and its interacting proteins, providing insights into the molecular coordination of dynein arm assembly and cell biology of PCD.",crossref,0
Late-onset preeclampsia is characterized by accelerated placental aging,https://www.pnas.org/doi/abs/10.1073/pnas.2614827123?mi=eymic2&af=R&access=on&content=articlesChapters&publication=pnas&sortBy=Earliest&target=default,Proceedings of the National Academy of Sciences: Keyword search for query,2026-10-06 07:00:00 UTC,2026-10-06 07:00:00+00:00,10.1073/pnas.2614827123,Claire T. Roberts,"Late-onset preeclampsia (LOPE) is a major pregnancy complication characterized by hypertension and placental dysfunction, resolving only upon delivery. Here, we show that LOPE placentae undergo accelerated molecular aging, marked by telomere attrition, DNA damage, and trophoblast senescence. Using primary placental tissue and trophoblast organoids, we demonstrate oxidative stress as a driver of telomere shortening and angiogenic imbalance. Inflammation did not alter placental aging trajectories. Antioxidant treatment (superoxide dismutase) preserved telomere length, reduced DNA damage, and restored angiogenic balance, highlighting oxidative stress as a modifiable determinant of placental aging. We identify reduced expression of telomeric repeat-containing RNAs (TERRAs) as a molecular hallmark of LOPE, and show that antisense oligonucleotide-mediated TERRA depletion exacerbates telomere erosion and senescence. Together, these findings delineate oxidative stress and TERRA loss as mechanisms driving placental decline, establish trophoblast organoids as a tractable model of placental aging, and reveal potential therapeutic avenues for mitigating preeclampsia-associated placental dysfunction.",crossref,0
A receptor-like kinase pair integrates extracellular ATP and salicylic acid signaling to activate plant immunity,https://www.pnas.org/doi/abs/10.1073/pnas.2616716123?mi=eymic2&af=R&access=on&content=articlesChapters&publication=pnas&sortBy=Earliest&target=default,Proceedings of the National Academy of Sciences: Keyword search for query,2026-10-06 07:00:00 UTC,2026-10-06 07:00:00+00:00,10.1073/pnas.2616716123,Gary Stacey,"Extracellular Adenosine 5′-triphosphate (eATP) is a damage-associated molecular pattern in both plants and animals, playing an important role as a danger signal in response to various environmental stresses. eATP works both independently and in coordination with other signaling pathways. Here, we identify a previously uncharacterized
                    p
                    roline-rich
                    e
                    xtensin-like
                    r
                    eceptor
                    k
                    inase 15 (PERK15), which interacts with the plant eATP receptor P2K1 and integrates eATP and salicylic acid (SA)-mediated pathogen defense responses.
                    perk15
                    mutant plants display reduced eATP responses and compromised pathogen resistance, whereas ectopic overexpression of
                    PERK15
                    triggers autoimmunity. eATP treatment enhances PERK15–P2K1 interaction. P2K1-mediated phosphorylation of a Ser/Thr cluster in the PERK15 kinase domain is essential for its activation.
                    PERK15
                    transcript levels are upregulated by SA, and
                    PERK15
                    overexpression promotes the protein accumulation of the SA receptor NPR1. Data show that eATP and SA act synergistically to regulate plant defense responses in a PERK15-dependent manner. Together, the findings identify PERK15 as a key node linking eATP and SA signaling, providing insights into how plants integrate extracellular danger signals and defense hormone signals to mount effective immune responses.",crossref,0
Tailored speckle illumination microscopy with enhanced sectioning and image quality,https://www.pnas.org/doi/abs/10.1073/pnas.2617763123?mi=eymic2&af=R&access=on&content=articlesChapters&publication=pnas&sortBy=Earliest&target=default,Proceedings of the National Academy of Sciences: Keyword search for query,2026-10-06 07:00:00 UTC,2026-10-06 07:00:00+00:00,10.1073/pnas.2617763123,Hui Cao,"Optical speckle patterns have been widely used for illumination in computational imaging, optical sectioning microscopy, and superresolution imaging. However, commonly used speckles satisfy Rayleigh statistics, which are not ideal for diverse imaging applications. Here we tailor three-dimensional speckle intensity statistics for dynamic speckle illumination microscopy based on linear fluorescence. Optical sectioning is enhanced by axially varying speckle contrast, and image reconstruction noise is minimized with in-focus speckles of binary intensities. The customized speckle statistics are shown to tolerate sample-induced aberration and scattering. We apply tailored speckle illumination to mouse brain vascular imaging and demonstrate much improved image quality than optical-sectioning structured illumination. These results establish customization of speckle intensity statistics as a promising strategy for robust, high-throughput fluorescence imaging in thick, scattering biological specimens.",crossref,0
NA-CDQuant: Quantitative spectral analysis of nucleic acid structure by circular dichroism spectroscopy,https://www.pnas.org/doi/abs/10.1073/pnas.2617882123?mi=eymic2&af=R&access=on&content=articlesChapters&publication=pnas&sortBy=Earliest&target=default,Proceedings of the National Academy of Sciences: Keyword search for query,2026-10-06 07:00:00 UTC,2026-10-06 07:00:00+00:00,10.1073/pnas.2617882123,Véronique Arluison,"Understanding the structural conformation and dynamics of nucleic acids in solution is critical for the development of nucleic acid therapeutics involving antisense or mRNA therapies, where controlling stability, efficacy, and manufacturability are important. Circular dichroism (CD) spectroscopy allows rapid and nondestructive solution analysis of the spatial arrangements of nucleic acids. While widely used to analyze protein structure, the potential of CD for DNA- and RNA-based pharmaceutical applications has remained largely unrealized because nucleic acid spectra are complex and difficult to interpret quantitatively. We introduce herein a framework (NA-CDQuant) that transforms CD from a qualitative fingerprinting method into a quantitative tool for nucleic acid structure prediction by combining spectral deconvolution with a rigorously curated synchrotron radiation circular dichroism reference library comprising 18 structurally defined conformational families. This systematic classification overcomes long-standing challenges posed by spectral overlap and structural polymorphism, enabling estimation of the fractional composition of coexisting conformations during real-time monitoring of structural transitions in solution. NA-CDQuant provides mechanistic insight into subtle conformational redistributions that may affect molecular recognition and functional performance assisting pharmaceutical development and medical application by facilitating formulation optimization, stability assessment, quality control, and regulatory support of nucleic acid–based therapeutics.",crossref,0
Phenotypic screening identifies kenpaullone as a prolymphangiogenic compound to improve heart repair following myocardial infarction,https://www.pnas.org/doi/abs/10.1073/pnas.2619427123?mi=eymic2&af=R&access=on&content=articlesChapters&publication=pnas&sortBy=Earliest&target=default,Proceedings of the National Academy of Sciences: Keyword search for query,2026-10-06 07:00:00 UTC,2026-10-06 07:00:00+00:00,10.1073/pnas.2619427123,Paul R. Riley,"Myocardial infarction (MI) induces cardiac muscle death and its subsequent replacement by a noncontractile fibrotic scar, which underlies progression to heart failure. Current treatments restore blood flow and assist with cardiac workload but do not promote regeneration. We have previously shown endogenous growth of the cardiac lymphatic system following MI and further stimulation with the lymphatic endothelial specific mutated Vascular Endothelial Growth Factor-C (VEGF-C) isoform, VEGFC-C156S, resolves the immune response and improves cardiac function. However, the short half-life of VEGFC-C156S makes it suboptimal for clinical use, highlighting the need for alternative prolymphangiogenic strategies. We established a spheroid-based sprouting assay using human lymphatic endothelial cells to mimic lymphangiogenesis and performed a phenotypic screen of focused libraries of epigenetic regulators, kinase inhibitors, and stem cell modulators. Automated imaging and quantitative analysis identified several kinase inhibitors, previously characterized as GSK3ß inhibitors, as prolymphangiogenic regulators. Among them, the most potent was kenpaullone, which activated the same canonical prolymphangiogenic ERK pathway as VEGF-C, but induced a distinct transcriptional response in treated spheroids. Using kenpaullone-derived chemical probes and target-validation approaches, we identified MAP4K4 as a molecular target mediating the prolymphangiogenic effect observed. Finally, in a mouse MI model, kenpaullone enhanced cardiac lymphangiogenesis and improved cardiac function.",crossref,0
Toward Scalable Applications of Biomass Aerogels for Building Thermal Insulation,https://advanced.onlinelibrary.wiley.com/doi/10.1002/adma.75255?af=R,Wiley: Advanced Materials: Table of Contents,2026-10-06 07:00:00 UTC,2026-10-06 07:00:00+00:00,10.1002/adma.75255,Daniel C. W. Tsang,"ABSTRACT
                  
                    Biomass aerogels are emerging as lightweight porous materials for building envelope insulation. Reported thermal conductivities span approximately 13 to 170 mW m
                    −1
                    K
                    −1
                    and densities 8–260 kg m
                    −3
                    across diverse feedstocks, pore architectures, and hybrid formulations. Translation into building products remains constrained by structural instability, moisture‐induced property loss, formulation‐dependent fire behavior, interfacial degradation, energy‐intensive processing, and limited product‐level validation. We introduce an application‐driven structure–failure–qualification framework linking feedstock compositions and product formats to building‐specific performance requirements, pore structure designs, dominant service‐induced failure modes, and validation requirements. We compare major biomass and hybrid material classes, product formats, and pore architectures according to their performance trade‐offs, service vulnerability, and maturity of evidence. Multiscale pore engineering and bioinspired architectures can reconcile thermal insulation with mechanical integrity and environmental stability, but favorable specimen‐scale properties do not necessarily establish deployment readiness. By connecting structure–property relationships with service condition reliability and standardised benchmarks, we elucidate the requirements for real‐world translation. Future progress will require scalable hierarchical design, long‐term durability validation, and harmonised sustainability assessment to support integration into next‐generation low‐carbon buildings.",crossref,0
Maternal ranging strategies facilitate offspring social play at energetic cost in the most solitary ape,https://www.pnas.org/doi/abs/10.1073/pnas.2621225123?mi=eymic2&af=R&access=on&content=articlesChapters&publication=pnas&sortBy=Earliest&target=default,Proceedings of the National Academy of Sciences: Keyword search for query,2026-10-06 07:00:00 UTC,2026-10-06 07:00:00+00:00,10.1073/pnas.2621225123,Maria A. van Noordwijk,"In most vertebrates, social play among peers is considered essential for behavioral development. Yet in solitary species bearing single offspring, opportunities for social play are inherently scarce. Whether mothers of such species actively facilitate play opportunities for their offspring, and at what cost, remains unknown. We used 15 y of behavioral and movement data (∼32,600 observation hours) from 31 wild Bornean orangutan (
                    Pongo pygmaeus wurmbii
                    ) mother-offspring pairs to test whether mothers adjust ranging behavior to increase their offspring’s access to play with neighboring peers. Neighboring mothers with similarly aged offspring showed disproportionately high annual overlap in space use, independent of their relatedness or fruit availability. Correspondingly, peer play between neighboring offspring was more frequent when they were closer in age. Mothers also incurred energetic costs; on days their offspring played with peers, mothers traveled farther and spent less time feeding. Travel distances were also elevated on the days before and after play, with mothers orienting movement toward play partners’ core areas before play and back toward their own core areas after play. This suggests these encounters are planned and actively pursued over multiple days rather than arising by chance. These findings reveal that orangutan mothers incorporate their infants’ social needs into daily ranging decisions, at a cost to their own energy budgets. This points toward an underappreciated form of maternal investment and illustrates how the social requirements of development can be met even near the solitary extreme of animal social organization.",crossref,0
53BP1 condensates regulate DNA replication progression and completion,https://www.pnas.org/doi/abs/10.1073/pnas.2621299123?mi=eymic2&af=R&access=on&content=articlesChapters&publication=pnas&sortBy=Earliest&target=default,Proceedings of the National Academy of Sciences: Keyword search for query,2026-10-06 07:00:00 UTC,2026-10-06 07:00:00+00:00,10.1073/pnas.2621299123,Youwei Zhang,"DNA replication in mammalian cells proceeds in chromosomal domains during defined windows of S phase; however, the mechanisms coordinating replication with restoration of chromatin states remain incompletely understood. Here, we identify p53-binding protein 1 (53BP1) condensates as regulators of heterochromatin replication and epigenetic restoration. Loss of 53BP1 delays mid-to-late S-phase progression, compromises recruitment of epigenetic restoration factors, and impairs timely completion of heterochromatin replication and restoration of heterochromatin-associated epigenetic marks. These defects were rescued by wild-type or condensate-competent 53BP1, but not by condensate-deficient mutants. Further, 53BP1 condensate formation and its role in heterochromatin replication depend on interaction with proliferating cell nuclear antigen, which also mediates 53BP1 relocalization from condensates to DNA damage foci upon genotoxic stress. Together, our findings reveal a previously unrecognized role for 53BP1 condensates in coordinating heterochromatin replication and epigenetic restoration, while serving as a reservoir for DNA damage response.",crossref,0
Bypass of the canonical biotin synthesis pathway in yeast,https://www.pnas.org/doi/abs/10.1073/pnas.2621848123?mi=eymic2&af=R&access=on&content=articlesChapters&publication=pnas&sortBy=Earliest&target=default,Proceedings of the National Academy of Sciences: Keyword search for query,2026-10-06 07:00:00 UTC,2026-10-06 07:00:00+00:00,10.1073/pnas.2621848123,John E. Cronan,"Biotin serves as an essential cofactor for several carboxylation enzymes that catalyze reactions vital for cell survival and proliferation. While bacterial biotin synthesis pathways are well characterized, the mechanisms in eukaryotic organisms remain poorly understood. In
                    Saccharomyces cerevisiae
                    , Bio1 catalyzes the initial and rate-limiting step in the yeast biosynthetic pathway. Previous workers demonstrated that the Bio1 ortholog from the related yeast,
                    Cyberlindnera fabianii,
                    functionally substituted for
                    S. cerevisiae
                    Bio1 and greatly increased growth in the absence of biotin. However, we show this enzyme has far more remarkable capabilities. Through combined in vivo and in vitro experiments, we report that
                    C. fabianii
                    Bio1 (CfBio1) is a 2-oxoglutarate-dependent nonheme iron (II) dioxygenase. The enzyme utilizes the free fatty acid, oleic acid (C18:1
                    Δ9
                    ), as substrate, a departure from all previously characterized biotin pathways. Our study shows that CfBio1 catalyzes multiple rounds of oxidation and produces a nine-carbon intermediate, 7-oxononanoate, as opposed to the conventional seven-carbon initial intermediate, pimelate. Moreover, CfBio1 effectively replaces the well-studied
                    Escherichia coli
                    BioC–BioH enzymes that initiate biotin synthesis and remarkably, also bypasses BioF, the second enzymatic step in the pathway. The enzyme bypasses the first two steps of the canonical biotin synthesis pathway both in vivo and in vitro.",crossref,0
Selective sparsity–enhanced synchronization in disordered semiconductor laser networks,https://www.pnas.org/doi/abs/10.1073/pnas.2612387123?mi=eymic2&af=R&access=on&content=articlesChapters&publication=pnas&sortBy=Earliest&target=default,Proceedings of the National Academy of Sciences: Keyword search for query,2026-10-06 07:00:00 UTC,2026-10-06 07:00:00+00:00,10.1073/pnas.2612387123,Ying-Cheng Lai,"Biological networks tend to leverage selective sparsity as an economic strategy to optimize function while minimizing wiring costs. In contrast, achieving synchronization in engineered systems such as semiconductor laser arrays is traditionally expected to require resource-intensive coupling to overcome intrinsic frequency disorders. We demonstrate that selectively coupled sparse networks can outperform fully connected architectures, achieving near-complete synchronization with a significantly reduced coupling budget. Using an evolutionary algorithm, we identify a “pairing opposites” principle: optimal structures specifically prioritize connections between oscillators with the largest opposite frequency detuning. This topology neutralizes dynamical interference induced by redundant links, leading to stable synchronization. We formalize this mechanism through a thermodynamic potential framework, mapping time-delayed phase dynamics to an energy landscape where optimal sparsity prunes additional states to stabilize global phase-locking. Furthermore, we show that the optimal connectivity scales inversely with system size. This principle provides a resource-efficient blueprint for synchronizing and stabilizing diverse complex networks, from photonic arrays to neuromorphic hardware.",crossref,0
Contact Resistance at Interfaces Buried Within Organic Transistors Imaged Using Scanning Microwave Impedance Microscopy,https://advanced.onlinelibrary.wiley.com/doi/10.1002/adma.75026?af=R,Wiley: Advanced Materials: Table of Contents,2026-10-06 08:08:17 UTC,2026-10-06 08:08:17+00:00,10.1002/adma.75026,Alexandra F. Paterson,"ABSTRACT
                  Contact resistance has been a consistent challenge in the 40‐year history of the organic thin‐film transistor (OTFT). The problem arises because contact resistance at the metal electrode/organic interface is an amalgamation of physical phenomena: From ubiquitous defect states and Fermi level pinning, to the energy difference between the electrode work function and semiconductor transport level. Here, an original approach is taken to address the established OTFT contact resistance challenge. First, a new characterization technique, scanning microwave impedance microscopy (sMIM), is introduced for imaging buried metal electrode/organic interfaces. sMIM indicates contact resistance is arguably intrinsic in certain metal electrode/organic systems; namely, contact resistance exists when charge injection is theoretically Ohmic. The latter is explained by Fermi level pinning far from the organic semiconductor ionization energy, which is confirmed using ultraviolet photoelectron spectroscopy (UPS). Second, organic source‐gated transistors (OSGTs) are developed by exploiting contact resistance as a design principle. OSGTs made from small‐molecule/polymer blends, using 2,8‐difluoro‐5,11‐triethylsilylethynyl anthradithiophene (diF‐TES ADT) and poly(triarylamine) (PTAA), show distinct, low‐voltage saturation, while temperature‐dependent measurements indicate localized carriers govern charge transport. Overall, combining a new measurement technique with novel transistor operating mechanisms leads to a new approach for addressing the complex, and established, contact resistance challenge.",crossref,0
"Bench‐Stable α‐Fluoroamines: Synthesis, Properties, and Application in Medicinal Chemistry",https://onlinelibrary.wiley.com/doi/10.1002/anie.5080799?af=R,Wiley: Angewandte Chemie International Edition: Table of Contents,2026-10-06 08:50:22 UTC,2026-10-06 08:50:22+00:00,10.1002/anie.5080799,Pavel K. Mykhailiuk,"ABSTRACT
                  
                    Aliphatic
                    N
                    ‐unprotected α‐fluoroamines are unstable due to dehydrofluorination. Here, we show that the incorporation of the CH
                    2
                    ‐group into the elusive α‐fluoropiperidine provides a stable α‐fluoroamine with the 2‐azabicyclo[2.2.1]heptane core. The latter does not eliminate HF because of Bredt's rule. The high stability of this α‐fluoroamine allows its wide chemical modifications and use in medicinal chemistry.",crossref,0
Inducing Radicality in Gold‐Coordinated Porphyrinoids Through Precise Tip‐Induced Covalent Bond Dissociation,https://onlinelibrary.wiley.com/doi/10.1002/anie.4947314?af=R,Wiley: Angewandte Chemie International Edition: Table of Contents,2026-10-06 12:49:39 UTC,2026-10-06 12:49:39+00:00,10.1002/anie.4947314,José I. Urgel,"ABSTRACT
                  π‐Extended porphyrinoids are versatile platforms for the emerging field of π‐electron magnetism in conjugated systems. However, achieving controlled bond‐selective transformations that enable tuning of their electronic ground states remains a major challenge. Here, we propose a protocol for covalent bond dissociation in π‐extended porphyrinoids at carbonitrile‐Au substituents. By applying bias pulses with an STM tip positioned close to the molecule, the ligand can be selectively cleaved, resulting in chemisorption of the porphyrinoid onto the Au(111) surface. BR‐STM provides structural insights into the bonding configurations before and after the scission, while STS in combination with DFT+CASCI calculations reveals the impact of the cleavage on the molecule's electronic properties. Whereas the intact molecule exhibits a closed‐shell electronic structure, removal of the ligands induces a change in its electronic ground state, leading to the emergence of a Kondo resonance upon cleavage of the CN─Au ligands. In addition, DFT + vdW simulations show that carbonitrile─Au coordination weakens the carbon─carbon bond connecting the ligand to the molecular core, thereby facilitating its cleavage through tip‐induced manipulation. Overall, these results provide insights into the bonding nature of the carbonitrile─Au interaction and demonstrate how the bond scission induces a transition from closed‐shell to open‐shell states.",crossref,0
Tunable Raman Scattering of Fe(II) Coordination Networks With Magnetic Fields,https://onlinelibrary.wiley.com/doi/10.1002/anie.1927294?af=R,Wiley: Angewandte Chemie International Edition: Table of Contents,2026-10-06 14:24:32 UTC,2026-10-06 14:24:32+00:00,10.1002/anie.1927294,Nicholas F. Chilton,"ABSTRACT
                  
                    Controlling terahertz (THz) waves is important for next‐generation communications, sensing, and imaging technologies. However, it is still unclear precisely how THz signals can be manipulated by various materials. Herein, we report the design and synthesis of four coordination networks, {[Fe
                    2
                    (Xpz)
                    2
                    ][Hg(SCN)
                    4
                    ]
                    2
                    [Hg(SCN)
                    2
                    ]}
                    n
                    (Xpz = fluo140ropyrazine,
                    1‐F
                    ; Xpz = chloropyrazine,
                    1‐Cl
                    ; Xpz = bromopyrazine,
                    1‐Br
                    ) and {[Fe(Ipz)][Hg(SCN)
                    4
                    ]}
                    n
                    (Ipz = iodopyrazine,
                    1‐I
                    ) as tunable THz absorbers.
                    1‐Cl
                    and
                    1‐Br
                    form isostructural three‐dimensional frameworks closely related to
                    1‐F
                    , differentiated in the Xpz ligand orientation. In contrast,
                    1‐I
                    adopts a distinct two‐dimensional framework due to the more sterically demanding halogen. Clear differences are observed in the sub‐THz (&lt; 1 THz) absorption features between the four materials, with the lowest features shifting to lower frequencies from
                    1‐F
                    to
                    1‐Br
                    . As these materials contain open‐shell high‐spin Fe(II) ions, we show that the application of a magnetic field can precisely modulate low‐frequency (LF) Raman bands by ca. 0.06 THz/T at 4 K in the THz range. We show using Raman magnetospectroscopy (RAMS) that this tunability arises from the zero‐field splitting (ZFS) of Fe(II).",crossref,0
Programmable Molecular Hubs Orchestrate Orthogonal CO2‐to‐CH4 Photocatalysis and Biomass Valorization,https://onlinelibrary.wiley.com/doi/10.1002/anie.3751201?af=R,Wiley: Angewandte Chemie International Edition: Table of Contents,2026-10-06 14:27:19 UTC,2026-10-06 14:27:19+00:00,10.1002/anie.3751201,Chunying Duan,"ABSTRACT
                  
                    Semi‐artificial photosynthesis that merges biocatalytic specificity with engineered materials enables sustainable solar fuel production, yet it remains constrained by low solar‐to‐chemical efficiency and limited scalability. Here, we present a supramolecular strategy by programmatically integrating photocatalysts, biocatalysts, and cofactors on a single protein scaffold, and realize the coupling of photocatalytic CO
                    2
                    ‐to‐CH
                    4
                    conversion with enzymatic biomass upgrading. A rationally designed molecular hub—comprising switchable
                    μ
                    ‐oxo‐bridged bis(Fe
                    III
                    ‐porphyrin) units and NADH mimics—drives deep CO
                    2
                    reduction to CH
                    4
                    at rates up to 32 000 µmol g
                    −1
                    h
                    −1
                    with &gt;99% selectivity and a total apparent quantum efficiency of 1.82%. Modular tethering of diverse dehydrogenases activates inert C(sp
                    3
                    )─H bonds, delivering C
                    2─
                    C
                    6
                    chemicals, including enantioenriched compounds (
                    ee
                    &gt;96%). This programmable platform establishes a redox‐balanced strategy for solar‐driven synthesis of fuels and fine chemicals from CO
                    2
                    and low‐value feedstocks, unifying abiotic and biotic catalysis within a single framework.",crossref,0
Carbon pricing and clean energy markets: Policy effectiveness in an era of trade wars,https://www.sciencedirect.com/science/article/pii/S0301421526005586?dgcid=rss_sd_all,ScienceDirect Publication: Energy Policy,2026-10-07 00:00:00 UTC,2026-10-07 00:00:00+00:00,,Jiayue Jiang,,,0
Catalysts or constraints? The dual role of natural resources and greenfield investment amid geopolitical risk,https://www.sciencedirect.com/science/article/pii/S0301421526005616?dgcid=rss_sd_all,ScienceDirect Publication: Energy Policy,2026-10-07 00:00:00 UTC,2026-10-07 00:00:00+00:00,,Hemachandra Padhan,,,0
"Energy shocks, firm resilience, and policy responses: Evidence from the 2022 crisis*",https://www.sciencedirect.com/science/article/pii/S0301421526005343?dgcid=rss_sd_all,ScienceDirect Publication: Energy Policy,2026-10-07 00:00:00 UTC,2026-10-07 00:00:00+00:00,,Daniel Weitz,,,0
"Intercell nonuniformity and dominant mechanisms analysis in industrial-scale water electrolyzer stacks: a unified comparative multiphysics modeling across AWE, AEM and PEM",https://www.sciencedirect.com/science/article/pii/S0306261926015400?dgcid=rss_sd_all,ScienceDirect Publication: Applied Energy,2026-10-07 00:00:00 UTC,2026-10-07 00:00:00+00:00,,Xiaobo Yang,,,0
Incorporating extreme scenarios into multi-stage planning of multi-timescale energy storage,https://www.sciencedirect.com/science/article/pii/S0306261926015898?dgcid=rss_sd_all,ScienceDirect Publication: Applied Energy,2026-10-07 00:00:00 UTC,2026-10-07 00:00:00+00:00,,Guangsheng Pan,,,0
"Advances in self-reconstructing stainless-steel electrocatalysts for water splitting: surface activation, alloy engineering, stability, and DFT insights",https://www.sciencedirect.com/science/article/pii/S0306261926016181?dgcid=rss_sd_all,ScienceDirect Publication: Applied Energy,2026-10-07 00:00:00 UTC,2026-10-07 00:00:00+00:00,,Sung Jin Kim,,,0
Grid integration of bidirectional dynamic wireless charging for electric vehicles: A review on grid-side challenges and opportunities,https://www.sciencedirect.com/science/article/pii/S0306261926015448?dgcid=rss_sd_all,ScienceDirect Publication: Applied Energy,2026-10-07 00:00:00 UTC,2026-10-07 00:00:00+00:00,,Alan Brent,,,0
Parametric assessment of urban rooftop photovoltaic potential: Threshold calibration and spatial differentiation by city scale classification,https://www.sciencedirect.com/science/article/pii/S0306261926016247?dgcid=rss_sd_all,ScienceDirect Publication: Applied Energy,2026-10-07 00:00:00 UTC,2026-10-07 00:00:00+00:00,,Xinming Zhang,,,0
Stakeholder-driven identification and techno-economic assessment of sector coupled energy hubs,https://www.sciencedirect.com/science/article/pii/S0306261926016065?dgcid=rss_sd_all,ScienceDirect Publication: Applied Energy,2026-10-07 00:00:00 UTC,2026-10-07 00:00:00+00:00,,Christian T. Veje,,,0
"Grid-constrained peer-to-peer energy trading: enforcement-mechanism selection, personalized federated forecasting and auditable energy-quantity settlement",https://www.sciencedirect.com/science/article/pii/S0306261926016107?dgcid=rss_sd_all,ScienceDirect Publication: Applied Energy,2026-10-07 00:00:00 UTC,2026-10-07 00:00:00+00:00,,Yong Han Ahn,,,0
Size effect on thermal runaway propagation in lithium-ion batteries: quantitative impact of size factor and suppression strategy,https://www.sciencedirect.com/science/article/pii/S0306261926016302?dgcid=rss_sd_all,ScienceDirect Publication: Applied Energy,2026-10-07 00:00:00 UTC,2026-10-07 00:00:00+00:00,,Minggao Ouyang,,,0
Horizontal-up microfluidics for embedded chip cooling with a dielectric fluid,https://www.nature.com/articles/s41928-026-01724-y,Nature Electronics,2026-10-07 00:00:00 UTC,2026-10-07 00:00:00+00:00,10.1038/s41928-026-01724-y,Bai Song,"Thermal management is increasingly critical as electronic chips become more compact and powerful. Embedded cooling—where microfluidic structures are directly etched into the chip substrate to send liquid coolants close to the hot spots—can offer dissipation of heat fluxes up to 3,000 W cm−2 using water as the coolant. However, although water offers a high specific heat and thermal conductivity, its electrical conductivity means caution must be used to minimize the risk of short circuits. Here we report a horizontal-up manifold for embedded two-phase cooling using the vapourization of a dielectric fluid (HFE-7100). Although previous techniques using dielectric coolants are often limited to below 1,000 W cm−2, even with pre-cooling and pre-pressurization, our approach can achieve a critical heat flux up to 1,570 W cm−2. Central to the enhanced heat transfer is the engineering of the horizontal-up manifold, which features horizontal inlets to facilitate liquid replenishment and vertical outlets to accelerate vapour evacuation. Because our approach uses microelectromechanical systems technology, it can be directly integrated with standard semiconductor processes and scaled for future electronics.",nature_html,0
A comprehensive review on accurate numerical simulation of proton exchange membrane fuel cell,https://www.sciencedirect.com/science/article/pii/S0306261926015825?dgcid=rss_sd_all,ScienceDirect Publication: Applied Energy,2026-10-07 00:00:00 UTC,2026-10-07 00:00:00+00:00,,Chun-Yu Zheng,,,0
A comprehensive review of machine learning in proton-exchange membrane fuel cells: From materials to intelligent systems,https://www.sciencedirect.com/science/article/pii/S0306261926015710?dgcid=rss_sd_all,ScienceDirect Publication: Applied Energy,2026-10-07 00:00:00 UTC,2026-10-07 00:00:00+00:00,,Marc Secanell,,,0
Computational design of water splitting electrocatalysts: From d-band center to machine learning descriptors,https://www.sciencedirect.com/science/article/pii/S0306261926015953?dgcid=rss_sd_all,ScienceDirect Publication: Applied Energy,2026-10-07 00:00:00 UTC,2026-10-07 00:00:00+00:00,,Xin-Zheng Yue,,,0
Spatial-temporal feature extraction and residual correction for robust battery state-of-charge estimation under real-world operating conditions,https://www.sciencedirect.com/science/article/pii/S0306261926016284?dgcid=rss_sd_all,ScienceDirect Publication: Applied Energy,2026-10-07 00:00:00 UTC,2026-10-07 00:00:00+00:00,,Sijia Yang,,,0
More-efficient water splitting utilizing heated-cooled active pure water with reduced hydrogen bonds,https://www.sciencedirect.com/science/article/pii/S0306261926015850?dgcid=rss_sd_all,ScienceDirect Publication: Applied Energy,2026-10-07 00:00:00 UTC,2026-10-07 00:00:00+00:00,,Yu-Chuan Liu,,,0
The very hungry nanopillar,https://www.nature.com/articles/s41565-026-02292-0,Nature Nanotechnology,2026-10-07 00:00:00 UTC,2026-10-07 00:00:00+00:00,10.1038/s41565-026-02292-0,Mary Ann Bever,,,0
How to control where semiconductor crystals start growing,https://www.nature.com/articles/d41586-026-02934-2,Nature,2026-10-07 00:00:00 UTC,2026-10-07 00:00:00+00:00,10.1038/d41586-026-02934-2,,,,0
A Jurassic mammaliaform swimmer and transformation of the mammalian pharynx,https://www.nature.com/articles/s41586-026-11107-0,Nature,2026-10-07 00:00:00 UTC,2026-10-07 00:00:00+00:00,10.1038/s41586-026-11107-0,Z.-X. Luo,"The discovery of a well-preserved mammaliaform fossil from the Middle Jurassic period of China reveals evidence on the evolutionary transformation of the feeding apparatus and the ecological diversity of Mesozoic era mammals. Mammaliaforms are evolutionary predecessors to modern Mammalia1,2,3, and their morphologies provide primary insights into the evolutionary origin of mammals. The rare preservation of a therian-like pharyngeal vault (throat passage) and hyoid skeletal anatomy (throat bones) in this mammaliaform suggests that critical soft-tissue anatomy for therian-like swallowing, drinking and suckling behaviours had evolved in the common ancestors of Docodonta and Mammalia, long before the rise of modern mammals. This fossil exhibits a wealth of features specialized for swimming, filling in a major gap of anatomical knowledge of pelvis and hindlimb for early mammals. It is characterized by highly distinctive canines and pseudo-carnassial sectorial teeth for a faunivorous diet. We interpret that this mammaliaform was semiaquatic, swimming and foraging in water, with a lifestyle analogous to the extant platypus. This species is the largest of Jurassic mammaliaforms. It expands the body size range of docodontans, and adds to a growing body of evidence that multiple docodontans exploited diverse niches with semiaquatic and other ecomorphotypes. Docodontans are an early example of replicated evolution of the semiaquatic and other ecomorphotypes in the Mesozoic ecosystem dominated by dinosaurs, long before the diversification of extant mammals.",nature_html,0
Cryo-EM structure of a methanogen nitrogenase–PII protein supercomplex,https://www.nature.com/articles/s41586-026-11116-z,Nature,2026-10-07 00:00:00 UTC,2026-10-07 00:00:00+00:00,10.1038/s41586-026-11116-z,Edwin Antony,"Nitrogenases are metalloenzymes that catalyse the reduction of atmospheric dinitrogen to ammonia, sustaining the global nitrogen cycle1,2. Although bacterial nitrogenase has been extensively characterized, the architecture and regulation of archaeal nitrogenases have remained unknown despite longstanding evidence of nitrogen fixation in methanogens. Here we report a cryo-electron microscopy structure of a native nitrogenase–PII protein supercomplex from Methanosarcina acetivorans. The structure reveals an assembly of three NifDK heterotetramers bridged by six NifI1,2 heterotrimeric PII complexes, which sterically block NifH association and lock the enzyme in an inactive state. The PII complexes show asymmetric binding of ADP and 2-oxoglutarate, coupling nitrogenase inhibition directly to cellular energy and nitrogen status. Addition of 2-oxoglutarate and ATP releases the NifI complexes, stimulating a threefold increase in NifDK activity in vitro. This higher-order architecture identifies a regulatory strategy in methanogens in which PII proteins drive nitrogenase oligomerization to control activity. The finding that nitrogenase activity may be modulated through direct assembly into higher-order structures indicates future directions for the exploration of nitrogenase evolution, regulation and biotechnological applications.",nature_html,0
A split attractor design for rapidly writing a navigational goal,https://www.nature.com/articles/s41586-026-11144-9,Nature,2026-10-07 00:00:00 UTC,2026-10-07 00:00:00+00:00,10.1038/s41586-026-11144-9,Katherine I. Nagel,"Recurrent attractor networks are widely thought to form the basis of working memory1,2,3, but how they can be rapidly switched on and off is unclear4,5,6,7. Here we investigate stability and switching in a recurrent circuit of the fly navigation centre8. h∆K and PFG neurons are recurrently connected in a ring structure and exhibit shared persistent bump activity that turns on with odour and terminates at the end of a goal-directed run. Using whole-cell recordings, we show that persistence in h∆K depends on recurrence, and that h∆K receives slow recurrent excitation and fast inhibition from its synaptic partners. Computational modelling reveals that these synaptic dynamics yield persistent attractor dynamics over a range of synaptic strengths. Next we examine the mechanisms of rapid switching. We find that whereas both populations show similar activity during runs, they become decoupled during turns and rest. We can reproduce these differential dynamics in our model by using inhibition to dynamically uncouple activity in h∆K from PFG. When h∆K is inhibited, PFG neurons follow their inputs from the compass system; when h∆K is disinhibited, recurrent interactions lock this input into place, forming a heading memory. Consistent with this model, we find that inhibitory inputs onto h∆K increase during turns and are suppressed during odour and goal-directed runs. Our work reveals how disinhibition can serve as a gate to rapidly write an ongoing measurement to a recurrent circuit.",nature_html,0
Spatially deterministic nucleation of 2D semiconductors by etching flux,https://www.nature.com/articles/s41586-026-11095-1,Nature,2026-10-07 00:00:00 UTC,2026-10-07 00:00:00+00:00,10.1038/s41586-026-11095-1,Kibum Kang,"Nucleation control is fundamental to semiconductor deposition, governing when, where and how crystalline materials form. Conventional strategies can regulate nucleation density and, through area-selective growth, confine deposition to designated regions1,2,3,4,5,6,7,8,9,10,11,12,13. However, they generally do not determine where an individual nucleus forms within the growth regions, leaving even single-nucleation events spatially stochastic and limiting deterministic construction of crystalline materials. Here we report etching-flux-mediated single-centred nucleation of two-dimensional (2D) semiconductors to deterministically localize a single nucleation event. The etching flux released from the barrier suppresses nuclei near the pattern boundary, leaving a single surviving nucleus at the pattern centre, and systematic experiments elucidate the mechanism and establish nucleation design rules for zero, single and multiple nucleation regimes. Etching-flux-mediated single-centred nucleation enables single-crystal molybdenum disulfide growth at the 10-μm scale, field-effect mobilities of up to 117 cm2 V−1 s−1 and large-area uniformity with process compatibility. This in-plane chemical-flux strategy realizes spatially programmed growth, demonstrating nucleation–growth decoupling for line-shaped single crystals, multiple transistors integrated within a large common crystal, and aligned 2D lateral heterostructures for self-aligned contacts. These capabilities open a path towards advanced 2D electronic integration and expand semiconductor deposition from controlling where materials grow to controlling where and how crystals can begin to form.",nature_html,0
Retrofitting language models to operate over bytes,https://www.nature.com/articles/s41586-026-11111-4,Nature,2026-10-07 00:00:00 UTC,2026-10-07 00:00:00+00:00,10.1038/s41586-026-11111-4,Valentin Hofmann,"Recent advances in artificial intelligence (AI) have largely been driven by large language models, deep neural networks that operate over discrete units called tokens. To represent text, most large language models use words or word fragments as the tokens, known as subword tokenization1. Subword tokenization obscures fine-grained information, which is problematic, especially for scientific data—such as computer code or biological sequences—where meaning depends on the individual characters or bytes2. Models that instead operate directly on the byte encoding of text avoid these limitations, but until now they have lagged behind subword-based models in performance. Here we introduce a general method for creating byte-level large language models through byteification that approach the capabilities of subword-based systems. We use a two-stage conversion procedure to retrofit existing subword-based models into byte-level models with minimal extra training. The resulting models outperform earlier byte-level approaches and excel on character-level reasoning tasks, achieving practical inference speeds by efficiently processing byte-level information and adaptability by reusing the existing ecosystem around the source large language model. Our results remove a long-standing performance barrier to end-to-end byte-level language modelling, demonstrating that models operating on raw text encodings can scale competitively while offering advantages in domains requiring fine-grained textual understanding.",nature_html,0
Australia’s bush fires got worse after British colonization — this is why,https://www.nature.com/articles/d41586-026-03184-y,Nature,2026-10-07 00:00:00 UTC,2026-10-07 00:00:00+00:00,10.1038/d41586-026-03184-y,James Dinneen,,,0
Why we must advocate for proper care on the frontlines of the Ebola outbreak,https://www.nature.com/articles/d41586-026-02983-7,Nature,2026-10-07 00:00:00 UTC,2026-10-07 00:00:00+00:00,10.1038/d41586-026-02983-7,Melissa Hobson,,,0
Revealed: how this common gut microbe protects against heart disease,https://www.nature.com/articles/d41586-026-03189-7,Nature,2026-10-07 00:00:00 UTC,2026-10-07 00:00:00+00:00,10.1038/d41586-026-03189-7,Max Kozlov,,,0
OpenAI posts 700 maths preprints online: mathematicians are up in arms,https://www.nature.com/articles/d41586-026-03196-8,Nature,2026-10-07 00:00:00 UTC,2026-10-07 00:00:00+00:00,10.1038/d41586-026-03196-8,Davide Castelvecchi,,,0
Chemistry Nobel for solving mystery of how ‘handed’ organic molecules can emerge,https://www.nature.com/articles/d41586-026-03093-0,Nature,2026-10-07 00:00:00 UTC,2026-10-07 00:00:00+00:00,10.1038/d41586-026-03093-0,Ewen Callaway,,,0
Observation of relativistic bond weakening in seaborgium hexacarbonyl,https://www.nature.com/articles/s41586-026-11105-2,Nature,2026-10-07 00:00:00 UTC,2026-10-07 00:00:00+00:00,10.1038/s41586-026-11105-2,Peter Wieczorek,"The seventh row of the periodic table of the elements has been completed with the discovery of the five heaviest elements from flerovium (Fl, Z = 114) through oganesson (Og, Z = 118)1. Chemical properties of the superheavy elements (SHE, Z ≥ 104) are unique owing to the strong influence of relativistic effects on their valence electron shells2. The stability of the metal–ligand bonding in carbonyl complexes is a property that is predicted to be affected by such effects3,4. Here we present an experimental gas chromatography study on the stability of the Sg(CO)6 complex. The measured formation yields of Sg(CO)6 and W(CO)6 enabled determining the first bond dissociation energy (FBDE) of Sg(CO)6, which is 4(2) kJ mol−1 lower than that of W(CO)6 and corresponds to a value of 188(9) kJ mol−1. Thus, the trend of increasing FBDE values of hexacarbonyls within group 6 of the periodic table is reversed from W to Sg. Our result agrees with state-of-the-art theoretical calculations, which predict a decrease in the FBDE from W(CO)6 to Sg(CO)6 owing to the relativistic destabilization of the 6d atomic orbitals (AOs) in Sg (ref. 4). Also, the adsorption enthalpy value of Sg(CO)6 on gold of \({45}_{-6}^{+4}\,{\rm{kJ}}\,{{\rm{mol}}}^{-1}\) is reported.",nature_html,0
RNA catalysis emerges from dynamic structural ensembles,https://www.nature.com/articles/s41586-026-11140-z,Nature,2026-10-07 00:00:00 UTC,2026-10-07 00:00:00+00:00,10.1038/s41586-026-11140-z,Yun-Xing Wang,"The dynamic interplay between RNA structure and its associated Mg2+ ions is central to RNA function yet remains poorly understood at a near-atomic level1,2,3,4. Here, using a heterogeneity-focused protocol for cryo-electron microscopy data analysis of conformationally flexible RNA particles, we determined the structures of RNase P RNA ensembles composed of 76 coexisting active and inactive conformers that differ in a transient tertiary interaction that is critical for activity. The binding of the accessory protein does not change the local structure but induces thermodynamic allostery that enhances catalysis by altering the dynamics of the tertiary interaction. Four distinct classes of Mg2+ ions have critical roles in the structure, dynamics and catalysis of the conformational ensembles. Together, these findings establish a new paradigm in which catalysis is regulated through multimodal communications coupled with the dynamics of RNA–Mg2+ conformational ensembles, rather than a single static catalytic structure in a single action mode.",nature_html,0
A thorium-229 optical nuclear clock with feedback loop,https://www.nature.com/articles/s41586-026-11084-4,Nature,2026-10-07 00:00:00 UTC,2026-10-07 00:00:00+00:00,10.1038/s41586-026-11084-4,T. Schumm,"The laser-accessible nuclear transition in the thorium-229 isotope has been identified as a candidate for realizing an optical nuclear clock1 that might outperform current optical clocks based on electron-shell transitions in atoms or ions2. It is expected to be more robust against external perturbations3,4 and to provide enhanced sensitivity in clock-based tests of the fundamental principles of physics5,6. Here we realize a thorium-229 nuclear clock by stabilizing a continuous-wave laser to the 148-nm nuclear transition with rapid feedback based on absorption spectroscopy7. The thorium-229 nuclei are embedded in a millimetre-sized, room-temperature calcium fluoride crystal. A subharmonic of the 148-nm radiation is continuously compared with a Yb+ single-ion clock. The nuclear clock shows a shot-noise-limited fractional frequency instability of 3&#x00D7;10&#x2212;12/&#x03C4;/s"" role=""presentation"">3×10−12/τ/s3\times 1{0}^{-12}/\sqrt{\tau /{\rm{s}}} where τ is the averaging time, approaching 10−15 instabilities over 1 day of operation. Improvements to the instability by several orders of magnitude are projected for future devices. We use the nuclear clock to constrain models of ultralight dark matter by searching for periodic fluctuations and slow drifts in the nuclear transition energy, on timescales between 20 s and 1 day. Benefitting from the enhanced sensitivity of the thorium-229 transition, these constraints compete with the best atomic clocks concerning dark matter coupling to photons and go beyond previous measurements regarding coupling to the strong force.",nature_html,0
Structural basis for regulating lipopolysaccharide transmembrane transport,https://www.nature.com/articles/s41586-026-11129-8,Nature,2026-10-07 00:00:00 UTC,2026-10-07 00:00:00+00:00,10.1038/s41586-026-11129-8,Daniel Kahne,"Gram-negative bacteria are surrounded by a multilayered cell envelope with a mostly impermeable outer membrane that provides intrinsic resistance to many antibiotics1,2,3,4,5. The outer membrane is an asymmetrical bilayer with phospholipids in the inner leaflet and lipopolysaccharide (LPS) in the outer leaflet6,7. An LPS transport (Lpt) machine called LptB2FGCADE moves LPS across a protein bridge from the inner membrane to the outer membrane8,9. LPS biosynthesis is regulated to prevent toxic accumulation of LPS molecules in the inner membrane during growth10,11,12. Whether LPS transport across the Lpt bridge is also regulated has been unclear. Here we present three structures of the trans-envelope Lpt complex in LPS-free, LPS-bound and ATP-bound states, along with a structure of a partial bridge. These structures, combined with biochemical experiments, show that Lpt bridge assembly triggers movement of the transmembrane helix of LptC (TM-LptC) in an LPS-dependent manner, resulting in increased ATP binding and hydrolysis. We also show that LPS transport in vivo requires bridge formation and movement of the TM-LptC. Our data support a model in which assembled Lpt bridges respond to the presence of LPS in the inner membrane to turn on transport by moving the TM-LptC, thus coordinating LPS transport activity with bridge assembly and the presence of LPS at the inner membrane.",nature_html,0
A nuclear clock synchronized to 229Th,https://www.nature.com/articles/s41586-026-11122-1,Nature,2026-10-07 00:00:00 UTC,2026-10-07 00:00:00+00:00,10.1038/s41586-026-11122-1,Shiqian Ding,"Atomic clocks have made time and frequency the most precisely measured quantities in physics, progressing from microwave standards that realize the SI second1 to optical clocks with unprecedented precision2. A nuclear clock transfers the frequency reference from an electronic to a nuclear transition and the uniquely low-lying, laser-accessible, isomeric transition in 229Th currently offers the most practical route to compact, robust timekeeping and sensitive tests of fundamental physics3,4,5,6,7,8. Realizing such a clock requires turning spectroscopy of the 229Th nuclear resonance9,10,11,12,13,14,15,16,17 into a stable discriminator for steering a traceable oscillator. Here we demonstrate a 229Th nuclear clock by stabilizing a continuous-wave, narrow-linewidth 148.4 nm vacuum-ultraviolet (VUV) laser18 to a resolved, weakly temperature-sensitive nuclear transition17,19 in 229Th:CaF2 crystals20,21,22. A 10-μW VUV source generated by four-wave mixing in cadmium vapour18,23,24 and phototube-based frequency modulation absorption readout provide a fast, high-signal-to-noise nuclear discriminator. The clock reaches a fractional frequency instability of 5\times 1{0}^{-13}/\sqrt{\tau /{\rm{s}}} for averaging time τ. Clock-transition frequencies measured in two independently fabricated crystals agree at the 10−13 level and are consistent with previous VUV-comb measurements on other 229Th:CaF2 crystals17. These results establish laser-addressed nuclei as operational clock references and provide a reproducible solid-state platform for compact nuclear clocks, nuclear quantum sensors and precision tests of fundamental physics.",nature_html,0
Hydrogen bonding in water under extreme confinement,https://www.nature.com/articles/s41586-026-10858-0,Nature,2026-10-07 00:00:00 UTC,2026-10-07 00:00:00+00:00,10.1038/s41586-026-10858-0,Arun Majumdar,"Fluids under extreme confinement or near interfaces exhibit molecular structures and intermolecular bonding distinct from their bulk analogues. Optical vibrational studies have shown that interfacial and confined water can exhibit altered intramolecular O–H stretching frequencies, a sensitive spectral signature of changes in intermolecular hydrogen bonding1,2,3,4. Investigating confined water experimentally at the length scale of intermolecular and surface forces has, however, remained a challenge. Here we report direct molecular-level observations of hydrogen bonding in water confined inside individual carbon nanotubes (CNTs), enabled by in situ vibrational electron energy loss spectroscopy (vEELS) with nanoscale resolution. Water in larger CNTs exhibits the bonded O–H vibrations of bulk water, but at smaller diameters, and the frequency blueshifts to near the free O–H stretch found in water vapour and water located near hydrophobic surfaces, indicating a highly dispersed, non-H-bonded environment. Theoretical analysis based on quantum vibrational oscillators links the observed spectral features to local hydrogen-bonding configurations, consistent with the experimental observation. Furthermore, cryogenic experiments provide insights into complex structural phase transitions of confined water. This research reveals the quantum and dynamic nature of hydrogen bonds under confinement and the potential impact of unveiling molecular-level structure and bonding in confined fluids.",nature_html,0
Alveolar stem cells transdifferentiate to drive bronchiolar regeneration,https://www.nature.com/articles/s41586-026-11127-w,Nature,2026-10-07 00:00:00 UTC,2026-10-07 00:00:00+00:00,10.1038/s41586-026-11127-w,Bin Zhou,"The lung consists of two anatomically distinct compartments: the airways and the alveoli. Although airway epithelial stem cells are known to mobilize for alveolar regeneration, whether alveolar cells can reciprocally traverse these anatomical boundaries and contribute to bronchial repair remains unclear1,2,3,4. Here we developed dual-recombinase-mediated lineage-tracing techniques in mice to demonstrate that alveolar type 2 (AT2) cells migrate into injured bronchioles and transdifferentiate into club cells and ciliated cells, thereby actively contributing to airway regeneration. Mechanistically, after bronchial injury, infiltrating immune cells secrete SPP1, establishing a chemotactic gradient directing cell migration. Peribronchiolar AT2 cells sense this SPP1 signal through the integrin ITGB1 and migrate towards the injured bronchioles. On arrival, these migrated AT2 cells receive Notch ligands from resident ciliated cells, leading to Notch pathway activation, which in turn drives their transdifferentiation into club cells. This transdifferentiation process is accompanied by an intermediate stage marked by Cldn4 expression. Functional blockade of either SPP1 or ITGB1 impairs AT2 cell migration, whereas inhibition of Notch signalling prevents their transdifferentiation into club cells. Collectively, our findings reveal a cross-compartmental cellular mechanism for bronchiolar epithelial repair, expanding the current understanding of lung regenerative plasticity and potentially informing therapeutic strategies for airway injury.",nature_html,0
Experimental observation of critical topology,https://www.nature.com/articles/s41586-026-11099-x,Nature,2026-10-07 00:00:00 UTC,2026-10-07 00:00:00+00:00,10.1038/s41586-026-11099-x,Jian-Hua Jiang,"Understanding phases of matter and their transitions stands as a central pursuit in physical sciences, representing a continuously evolving frontier that drives fundamental discovery. Conventional phase transitions are marked by continuous order-parameter evolution and universal critical behaviour, whereas topological phase transitions are defined by abrupt changes of quantized topological invariants—two frameworks long viewed as distinct and even incompatible1,2. Recent theories have predicted quantum criticality endowed with nontrivial topology mostly in one-dimensional (1D) systems3,4,5, pointing to a potential unification of the two patterns. Yet experimental observation of such critical topology, that is, topology at phase boundaries and its extension to higher dimensions, remain outstanding. Here we report experimental evidence indicating that critical gapless topological states can be characterized by the entanglement spectrum (ES) and entanglement wavefunctions in both one and two dimensions, complemented by direct imaging of the topological boundary modes in gapless bulk continuum using engineered phononic crystals. Although implemented in a classical platform, our experimental approach gives results equivalent to those in the quantum limit and is in fact readily extensible to quantum systems. Through entanglement-based analysis, we illustrate that transitions among phase boundaries with distinct critical topology lead to multi-critical points in the phase diagram, evidencing topology-driven multi-criticality and a hierarchical structure of topological phases. Our work demonstrates a fundamental connection between topology and criticality, paving the way for an experimental route towards exploring topological physics at phase transitions.",nature_html,0
Prehistoric global migration of vanishing gut microbes with humans,https://www.nature.com/articles/s41586-026-11106-1,Nature,2026-10-07 00:00:00 UTC,2026-10-07 00:00:00+00:00,10.1038/s41586-026-11106-1,Justin L. Sonnenburg,"The gut microbiome is crucial for health and is affected strongly by lifestyle1. Many microorganisms commonly found in non-industrialized populations are disappearing or have become extinct in industrialized populations2,3,4,5,6. Studying which microorganisms have been long-term residents of the human gut and may have co-evolved with humans2,7,8 could provide insights into how microbial biodiversity loss affects human health. However, the genetic complexities of microbial evolution and the plasticity of gut microbiome composition have made it challenging to resolve the evolutionary history of these long-term associations. Here we performed deep metagenomic sequencing of the Tsimane horticulturalists of Bolivia and compared their gut microbiomes with those of the Hadza hunter-gatherers of Tanzania3. These two populations, whose ancestors have been separated for tens of thousands of years, share 1,231 microbial species, most of which are rare in or absent from industrialized populations. Population genetic analyses of 636 of the shared species revealed patterns of microbial divergence and gene flow consistent with prehistoric human co-migration, with estimated split times that approximately align with human migration out of Africa and into the Americas. Our findings indicate that a diverse gut microbiome co-migrated with humans worldwide and has persisted over millennia. However, many of these species are now vanishing from industrialized populations and the consequences for human health remain uncertain.",nature_html,0
A preinvasive regulatory T cell axis for lung cancer interception,https://www.nature.com/articles/s41586-026-11066-6,Nature,2026-10-07 00:00:00 UTC,2026-10-07 00:00:00+00:00,10.1038/s41586-026-11066-6,James L. Reading,"Late-stage non-small cell lung cancer (NSCLC) is rarely curable1, underscoring a need to intervene earlier in the disease process. Growing evidence suggests that antitumour T cell responses are mounted but become progressively dysregulated during early tumorigenesis2,3. Tracking and targeting preinvasive T cell regulation may inform new approaches to detect and intercept lung cancer development. Here we explore how the T cell network is remodelled during NSCLC development via multi-omic, cross-tissue immune profiling in patients with preinvasive lung lesions surveilled by autofluorescence bronchoscopy and computed tomography (CT) imaging. Effector regulatory CD4+ T cells (eTreg cells) expressing basic leucine zipper ATF-like transcription factor (BATF) accumulated in high-grade premalignant airway lesions and were clonally related to circulating eTreg cells. Circulating eTreg cells were increasingly elevated during preinvasive progression, enabling lung tumorigenesis to be tracked through analysis of peripheral blood. Emergence of this clonally coordinated eTreg cell circuit defined rapid progression in patients with early-stage NSCLC detected during CT screening. In mice, carcinogen-driven lung tumorigenesis triggered an analogous preinvasive eTreg cell axis across the blood, airways and draining lymph nodes (dLNs). This culminated in an expansion of lung BATF+ Treg cells and Treg cell-rich peribronchial immature tertiary lymphoid structures (iTLSs). Immune interception via phosphoinositide 3-kinase-δ (PI3Kδ) inhibition abrogated formation of Treg cell-rich iTLSs, reduced circulating and pulmonary Treg cells, increased local conventional type 1 dendritic cells (cDC1s) and reduced lung tumour incidence and size. These data reveal a conserved eTreg cell network that emerges across tissues during early pulmonary tumorigenesis and provide a theranostic framework to track and target preinvasive immune regulation for lung cancer interception.",nature_html,0
Mechanism of spliceosome termination,https://www.nature.com/articles/s41586-026-11101-6,Nature,2026-10-07 00:00:00 UTC,2026-10-07 00:00:00+00:00,10.1038/s41586-026-11101-6,Clemens Plaschka,"After excising an intron from pre-mRNA, the spliceosome remains trapped in a non-productive complex bound to the intron1,2,3,4,5. Termination of this complex is critical for spliceosome recycling and intron decay6, but the mechanism remains unknown. Here we present cryo-electron microscopy structures of human spliceosomes at two sequential stages of termination. First, the RNA helicases DHX15 and Aquarius unwind the RNA active site of the spliceosome, releasing bound components including U2 snRNA and extracting the buried intron–lariat branch point. The branch point is then debranched by the spliceosome-tethered enzyme DBR1, generating the previously unknown debranched intron spliceosome. This state recruits the RNA helicase DHX35 with its co-factors GPATCH1–WDR83, assisted by YJU2B. DHX35 ejects the debranched intron from the U6 snRNA–5′ splice site duplex, driving spliceosome disassembly and intron turnover. In defective spliceosomes stalled on aberrant introns, YJU2B partners with LENG1 to guide DHX35–GPATCH1–WDR83 for termination through spliceosome quality control. Together, we reveal the mechanism of regular spliceosome termination and its parallels with spliceosome quality control, ensuring accurate and efficient pre-mRNA splicing.",nature_html,0
A 7-eV bandgap semiconductor based on silicon-doped α-(AlxGa1−x)2O3,https://www.nature.com/articles/s41586-026-11085-3,Nature,2026-10-07 00:00:00 UTC,2026-10-07 00:00:00+00:00,10.1038/s41586-026-11085-3,Darrell. G. Schlom,"In rectifying power electronics, wider-bandgap (Eg) semiconductors allow higher efficiency and power density with the Baliga figure of merit proportional to Eg5.5 (refs. 1,2). Unfortunately, the unique ability of semiconductors to have their conductivities controllably modulated over orders of magnitude by equilibrium doping methods becomes increasingly elusive as the bandgap increases. Increasing demand for wider-bandgap semiconductors has led to many materials previously considered insulators—including GaN, SiC, AlN, Ga2O3 and GeO2—to emerge as useful semiconductors after decreasing defect densities and finding appropriate dopants. Here we report silicon-doped α-(AlxGa1−x)2O3 films with bandgaps exceeding 7.0 eV grown by suboxide molecular-beam epitaxy, surpassing that of cubic boron nitride, the next-widest-bandgap semiconductor known3,4,5. In the colossal-bandgap regime, >6 eV, our silicon-doped α-(AlxGa1−x)2O3 films have room-temperature conductivities over 100 million times higher than all previous reports6. We fabricate a Schottky diode and a field-effect transistor (the AlphaFET) with colossal-bandgap channels. These α-(AlxGa1−x)2O3 films and devices use sapphire, an abundant, inexpensive substrate with excellent quality that is produced at massive scale, facilitating the development and adoption of colossal-bandgap electronics. Our achievement breaks the trend of increasing synthesis difficulty, cost and small size of ever-wider-bandgap semiconductors, for example, diamond and cubic boron nitride.",nature_html,0
Overcoming key challenges in the evolutionary transition to multicellularity,https://www.nature.com/articles/s41586-026-11038-w,Nature,2026-10-07 00:00:00 UTC,2026-10-07 00:00:00+00:00,10.1038/s41586-026-11038-w,William C. Ratcliff,"Dozens of independent origins of multicellularity have profoundly shaped Earth’s evolutionary and ecological history. These transitions have given rise to massive radiations encompassing thousands to millions of species and the evolution of increasingly complex bodies. Multicellular taxa now constitute the majority of Earth’s biomass and have fundamentally transformed global ecosystems, underpinning diverse biomes from forests and grasslands to coral reefs. While these macroevolutionary patterns have long been recognized, the microevolutionary processes driving the transition to multicellularity have remained unclear. Questions remain on how solitary cells form cohesive groups, how these groups become evolutionary units capable of adaptation at the multicellular level, and how novel cell types and developmental patterns emerge. Recent discoveries of previously unknown multicellular species and the development of experimental models have provided important insights into these questions. This work reveals that seemingly insurmountable evolutionary hurdles are often readily overcome either through the repurposing of ancestral unicellular traits or through emergent properties of multicellular collectives that arise spontaneously. Here we review key breakthroughs in our understanding of the microevolutionary processes that underpin the evolution of increasingly complex multicellularity, focusing on mechanisms through which single cells can evolve into functionally integrated multicellular organisms.",nature_html,0
tRNA dosage regulates lineage dependency and resistance in prostate cancer,https://www.nature.com/articles/s41586-026-11153-8,Nature,2026-10-07 00:00:00 UTC,2026-10-07 00:00:00+00:00,10.1038/s41586-026-11153-8,Andrew C. Hsieh,"Lineage plasticity underlies therapeutic resistance in cancer1,2, yet the translational mechanisms that enable this phenotypic flexibility remain largely unknown. Here using prostate cancer as a model of lineage dependence, we performed unbiased small RNA sequencing and identified tRNA1Arg(UCU) as a regulator of lineage transitions and therapy resistance. tRNA1Arg(UCU) is capable of reprogramming lineage dependence, which can be tuned to restore sensitivity to therapies that target the androgen receptor. We identify TARDBP and ZSCAN29 as DNA-binding proteins that directly engage the genomic locus of tRNA1Arg(UCU) to regulate its expression, a result that highlights the importance of non-canonical tRNA-specific gene regulation. Mechanistically, tRNA1Arg(UCU) controls a translational program centred on SWI/SNF chromatin remodellers, which is necessary to maintain lineage fidelity. In patients, tRNA1Arg(UCU) is downregulated in neuroendocrine prostate cancer and its loss is associated with accelerated metastasis and poor survival. These findings uncover a previously unrecognized tRNA-specific regulatory axis that links codon biology to lineage dependence and therapy resistance in prostate cancer.",nature_html,0
A chiral superlattice route to spin-split topological antiferromagnetism,https://www.nature.com/articles/s41586-026-11073-7,Nature,2026-10-07 00:00:00 UTC,2026-10-07 00:00:00+00:00,10.1038/s41586-026-11073-7,Su-Yang Xu,"Chirality has emerged as a new mechanism for inducing spin and Berry-curvature phenomena in quantum materials and molecular chemistry1,2,3,4,5,6,7. Collinear antiferromagnets (AFMs) are promising for spintronics and topological magnetism, yet realizing large Berry curvature and spin-split bands remains challenging8,9. Here we report a chiral-superlattice route to spin-split topological phenomena from collinear antiferromagnetism. We study the collinear AFM UOTe, in which we show a spontaneous chiral superlattice arising from frozen chiral phonons at a finite wave vector. Without the superlattice, the pristine collinear AFM in UOTe has neither Berry curvature nor spin-split bands. When electrons move through the chiral superlattice, their orbital Bloch wavefunction and quantum geometry are modulated by the strong chiral superlattice potential, generating large Berry curvature, which we detect by the nonlinear Hall effect. At 150 K, the chiral-superlattice-induced Berry curvature couples to the collinear AFM order, leading to an anomalous Hall angle of about 0.14 abruptly near the Néel temperature TN which is among the largest in bulk magnets. Moreover, our spin Hanle precession measurement shows that the chiral superlattice also generates spin-polarized current from the collinear AFM, a long-standing goal in spintronics. We shed light on the supermodulation formation mechanism based on chemical ion size and physical interlayer–intralayer energy competitions, which we use to propose a design principle to discover similar bond-mismatch superlattices, providing a chiral superlattice pathway through real-space engineering of quantum geometry10,11.",nature_html,0
Human lung organoid modelling of tissue-resident antiviral T cell responses,https://www.nature.com/articles/s41586-026-11114-1,Nature,2026-10-07 00:00:00 UTC,2026-10-07 00:00:00+00:00,10.1038/s41586-026-11114-1,Calvin J. Kuo,"Tissue-resident immunity constitutes a first line of defence against pathogens and enables rapid innate and adaptive memory responses1,2,3. However, experimental studies have been hindered by a lack of holistic human in vitro models that enable epithelial infection in the context of tissue-resident immune subsets. In lung, differing notions of transient versus sustained residency of tissue-resident memory T cells (TRM cells) have challenged the extent to which anamnestic recall immunity to respiratory pathogens occurs locally or in concert with secondary lymphoid organs4,5,6. Here we generated long-term adult human distal lung organoids from intact tissue fragments in 3D air–liquid interface culture, which co-preserved epithelial and stromal components with endogenous lung-resident immune cells (T cells, B cells, natural killer cells and myeloid cells). The organoid T cells expressed residency and memory markers and preserved T cell receptor repertoires of cognate fresh tissue. SARS-CoV-2 infected the organoid lung epithelium, stimulated inflammatory cytokine production and, crucially, induced SARS-CoV-2-specific, tissue-resident T cell responses. Furthermore, boosting T cells within intact organoids with SARS-CoV-2 peptide pools blunted subsequent SARS-CoV-2 infection, consistent with a component of virus-specific protective TRM cell function in the absence of secondary lymphoid tissues. Overall, this immunocompetent lung organoid system demonstrates functional control of viral infection by lung-intrinsic memory T cell responses, provides a rationale for local vaccination strategies and validates a general platform for investigation of human tissue-resident immunity in health and disease.",nature_html,0
Dynamics of human cardiogenesis and its disruption in trisomy 21,https://www.nature.com/articles/s41586-026-11125-y,Nature,2026-10-07 00:00:00 UTC,2026-10-07 00:00:00+00:00,10.1038/s41586-026-11125-y,Sarah A. Teichmann,"Developmental dynamics involve the specification of diverse cell types and their spatial organization into multicellular niches1. Here we combine single-cell and spatial multiomics to define 21 distinct tissue niches in the developing heart, which we use to develop a context-aware, resolution-agnostic niche classification tool (TissueTypist). Applying high-resolution spatial profiling to the developing sinoatrial node, we resolve three pacemaker cell subtypes arrayed along a linear axis. First trimester subpopulations, such as pacemaker cells in the sinus horn and sinoatrial node head region, display neuroattractant programs and interact with parasympathetic neurons via interactions that include Eph–ephrin and semaphorin–plexin signalling. Temporal trajectories map the maturation of atrial and ventricular cardiomyocytes and uncover a lipid–metabolic switch and potential key regulators of cell-type identity. In the ventricle, we identify cellular and transcriptional gradients along both pseudotime and transmural axes, which provide molecular insights into myocardial compaction and maturation. Comparative profiling revealed that hearts with trisomy 21 are depleted in compact cardiomyocytes and exhibit increased apoptosis relative to euploid hearts. This finding was validated in isogenic-matched trisomy 21 and euploid cardiomyocytes derived from induced pluripotent stem cells. These early developmental perturbations may contribute to the increased risk of congenital heart disease associated with Down’s syndrome. In summary, we present a spatially resolved framework of human cardiac development to enable systematic explorations of developmental niches in health and disease.",nature_html,0
A gut microbial odd-chain fatty acid alleviates atherosclerosis in mice,https://www.nature.com/articles/s41586-026-11142-x,Nature,2026-10-07 00:00:00 UTC,2026-10-07 00:00:00+00:00,10.1038/s41586-026-11142-x,Wenjing Zhao,"The gut microbiota plays a pivotal part in human health, yet the molecular mechanisms that underlie its effects are largely unexplored. Bacteroides, a dominant genus in the human gut microbiota, is depleted in patients with atherosclerosis1, but its causal relationship with disease remains unclear. Here, using a mouse model, we show that administration of Bacteroides uniformis alleviates atherosclerosis through the upregulation of hepatic low-density lipoprotein receptor expression. Bioactivity-guided screening revealed pentadecanoic acid (PA, C15:0), a saturated odd-chain fatty acid, as a principal bioactive metabolite. PA supplementation reduced atherosclerotic plaque burden by around 50% and significantly improved plasma lipid profiles, a result that underscores its therapeutic potential. Mechanistically, PA enhances cholesterol clearance by directly inhibiting HMG-CoA reductase, suppressing hepatic cholesterol biosynthesis and promoting plasma low-density lipoprotein cholesterol removal. Analyses of 100 gut bacterial strains revealed that PA production occurs across multiple Bacteroidota genera. Notably, PA is markedly depleted in patients with dyslipidaemia. In summary, a Bacteroidota-derived odd-chain fatty acid regulates gut–liver crosstalk, and modulation of the microbial–metabolic axis has atheroprotective potential.",nature_html,0
5-oxoETE links redox control of epithelial damage detection and resilience,https://www.nature.com/articles/s41586-026-11121-2,Nature,2026-10-07 00:00:00 UTC,2026-10-07 00:00:00+00:00,10.1038/s41586-026-11121-2,Philipp Niethammer,"Organisms harness oxidative stress to rapidly attract white blood cells to wound sites and to kill pathogens1,2,3. To this end, host tissues increase their own oxidative stress resilience and repair capacity via adaptive redox signalling4,5,6. Here, using live zebrafish and human cells, we identify a metabolic redox signalling mechanism that integrates oxidative immune defence with tissue adaptation. We demonstrate that DHRS7, an orphan short-chain fatty acid dehydrogenase–reductase, generates or consumes the pro-inflammatory lipid 5-oxoETE as a function of cytoplasmic NADP+/NADPH ratio. At wounds, where oxidative stress and NADP+ are high, 5-oxo-eicosatetraenoic acid (5-oxoETE) production by DHRS7 rapidly alerts antimicrobial white blood cells through the G-protein-coupled receptor OXER1. In undamaged tissue, where NADP+ is low, DHRS7 quenches unnecessary inflammation. Notably, we find that 5-oxoETE also supports epithelial redox resilience; OXER1-deficient zebrafish exhibit intestinal apoptosis, barrier disruption and microbial inflammation. Mechanistically, 5-oxoETE induces the expression of NUDIX hydrolases, which protect the cytoplasmic nucleotide pool from oxidation and prevent apoptosis in zebrafish and human intestinal cells. Thus, our data reveal a conserved mode of redox sensing and signalling—beyond classic thiol oxidation—that leverages NADPH metabolism to orchestrate the antimicrobial and pro-resilience functions of oxidative stress.",nature_html,0
All-organic mixed-matrix membranes with single-crystal covalent organic frameworks for carbon capture,https://www.nature.com/articles/s41560-026-02149-9,Nature Energy,2026-10-07 00:00:00 UTC,2026-10-07 00:00:00+00:00,10.1038/s41560-026-02149-9,Zhongyi Jiang,"Achieving energy-efficient carbon capture with membranes requires materials that combine high gas permeability and selectivity, long-term stability and scalable solution processability. Conventional mixed-matrix membranes (MMMs) cannot fully exploit the intrinsic transport properties of porous filler because high filler loadings often lead to aggregation and non-ideal interfacial effects. Here using a weak-interaction inlaying strategy that overturns the conventional reliance on strong polymer–filler interactions, we report all-organic MMMs that embed single-crystal covalent organic frameworks (COFs) within a continuous polymer matrix. By balancing polymer–filler and filler–filler interaction energies, our approach enables high COF loadings of up to 75.5 vol% while maintaining uniform dispersion and excellent interfacial compatibility. The resulting membranes preserve the intrinsic structure and transport properties of single-crystal COFs, creating filler-dominated pathways for fast CO2 transport. Consequently, they achieve CO2 permeability of 74,800 Barrer while maintaining a CO2/N2 selectivity of ~20. Besides, the MMMs based on polyimide can retain ~85% of the initial permeability after 6 months of ageing at room temperature.",nature_html,0
Loss-reshaped asymmetric nanolight,https://www.nature.com/articles/s41563-026-02761-w,Nature Materials,2026-10-07 00:00:00 UTC,2026-10-07 00:00:00+00:00,10.1038/s41563-026-02761-w,Siyuan Dai,,,0
Chemically moulding intermetallics in two dimensions,https://www.nature.com/articles/s41563-026-02772-7,Nature Materials,2026-10-07 00:00:00 UTC,2026-10-07 00:00:00+00:00,10.1038/s41563-026-02772-7,Jonas Björk,,,0
Genetic encoding and mutagenesis of RNA droplet phenotypes,https://www.nature.com/articles/s44286-026-00454-4,Nature Chemical Engineering,2026-10-07 00:00:00 UTC,2026-10-07 00:00:00+00:00,10.1038/s44286-026-00454-4,Kerstin Göpfrich,"RNA droplets assembled from cotranscriptionally folded nanostructures have recently emerged as a promising platform for constructing protocells and minimal synthetic cell models. A custom-designed DNA template encodes an RNA nanostar that self-assembles into droplets by kissing-loop interactions. Here we show that such RNA droplets encapsulate their DNA template, creating a genotype–phenotype link. We find that low mutation rates in the DNA template increase the phenotypical and functional complexity of the RNA droplets. Surprisingly, mutagenesis leads to the formation of long-lived vacuoles. With theory and next-generation sequencing, we explain this emergent behavior. We identify mutant nanostars that facilitate the formation of vacuoles through altered interactions between nanostars. Strikingly, vacuolated droplets exhibit micrometer-scale movement driven by internal vacuole dynamics – an emergent function resulting from mutagenesis. Beyond motility, we show that the vacuoles can be used as subcompartments to store cargo in the RNA droplets. Our findings establish RNA droplets as self-contained, evolvable systems, opening new avenues for the bottom-up evolution of synthetic cells and origins-of-life research.",nature_html,0
A guide to Nature Index tables,https://www.nature.com/articles/d41586-026-02999-z,Nature,2026-10-07 00:00:00 UTC,2026-10-07 00:00:00+00:00,10.1038/d41586-026-02999-z,,,,0
"Nobel prizes 2026: brain switches, ‘ghost’ particle hunter, and ‘the chemistry of life’",https://www.nature.com/articles/d41586-026-03208-7,Nature,2026-10-07 00:00:00 UTC,2026-10-07 00:00:00+00:00,10.1038/d41586-026-03208-7,Nick Petrić Howe,,,0
NASA releases trove of Moon data from historic Artemis II flight,https://www.nature.com/articles/d41586-026-03197-7,Nature,2026-10-07 00:00:00 UTC,2026-10-07 00:00:00+00:00,10.1038/d41586-026-03197-7,Alexandra Witze,,,0
How we ditched presentations and embraced silence in our lab meetings,https://www.nature.com/articles/d41586-026-02836-3,Nature,2026-10-07 00:00:00 UTC,2026-10-07 00:00:00+00:00,10.1038/d41586-026-02836-3,Manuel Spitschan,,,0
Blend,https://www.nature.com/articles/d41586-026-02864-z,Nature,2026-10-07 00:00:00 UTC,2026-10-07 00:00:00+00:00,10.1038/d41586-026-02864-z,E. J. Kavounas,,,0
Semiconductors pushed into insulator territory,https://www.nature.com/articles/d41586-026-02968-6,Nature,2026-10-07 00:00:00 UTC,2026-10-07 00:00:00+00:00,10.1038/d41586-026-02968-6,Hironori Okumura,,,0
Genome accessibility reveals disease risk that gene expression misses,https://www.nature.com/articles/d41586-026-03072-5,Nature,2026-10-07 00:00:00 UTC,2026-10-07 00:00:00+00:00,10.1038/d41586-026-03072-5,,,,0
Observation of critical topological phase transition,https://www.nature.com/articles/s41586-026-11067-5,Nature,2026-10-07 00:00:00 UTC,2026-10-07 00:00:00+00:00,10.1038/s41586-026-11067-5,Baile Zhang,"Phase transitions are traditionally understood within two seemingly incompatible theoretical paradigms. Landau–Ginzburg phase transitions1,2 are continuous, occurring at critical points where microscopic details become irrelevant and universal behaviour emerges, driven by gapless fluctuations with scale-invariant correlations3. By contrast, topological phase transitions connect gapped phases characterized by quantized topological invariants4,5 and, in doing so, necessarily pass through gapless phase boundaries where such invariants become ill-defined6,7,8,9. Here using an acoustic metamaterial platform, we experimentally demonstrate a unifying scenario—a critical topological phase transition—in which topology becomes well-defined at criticality10,11,12,13, overcoming this conventional incompatibility, and reorganizes critical behaviour by driving a phase transition along critical phase boundaries14. This transition gives rise to a topology-enforced multicritical point at an isolated intersection of critical boundaries with distinct topology. Along these boundaries, we observe topological edge states and diagnose criticality by means of logarithmic entanglement-entropy scaling15,16,17. At the multicritical point, the entanglement entropy shows additive logarithmic scaling given by the sum of contributions from adjacent boundaries, directly evidencing topology-enforced multicriticality. These findings establish a hierarchical organization of phase transitions, in which topology shapes criticality beyond the conventional Landau–Ginzburg paradigm and standard topological phase transitions.",nature_html,0
Nuclear clocks tick for the first time,https://www.nature.com/articles/d41586-026-03060-9,Nature,2026-10-07 00:00:00 UTC,2026-10-07 00:00:00+00:00,10.1038/d41586-026-03060-9,Akio Kawasaki,,,0
"Why sound, strong science alone isn’t enough in pandemic preparedness",https://www.nature.com/articles/d41586-026-02985-5,Nature,2026-10-07 00:00:00 UTC,2026-10-07 00:00:00+00:00,10.1038/d41586-026-02985-5,Melissa Hobson,,,0
"‘When prevention disappears, infections rise’: can the world still end AIDS?",https://www.nature.com/articles/d41586-026-03127-7,Nature,2026-10-07 00:00:00 UTC,2026-10-07 00:00:00+00:00,10.1038/d41586-026-03127-7,Bianca Nogrady,,,0
The science of superintelligence and why AI is still a useful word,https://www.nature.com/articles/d41586-026-03198-6,Nature,2026-10-07 00:00:00 UTC,2026-10-07 00:00:00+00:00,10.1038/d41586-026-03198-6,Jenna Ahart,,,0
Gut microbes that trace ancient human journeys,https://www.nature.com/articles/d41586-026-02969-5,Nature,2026-10-07 00:00:00 UTC,2026-10-07 00:00:00+00:00,10.1038/d41586-026-02969-5,Maja Vukovikj,,,0
"An early predecessor to mammals could swim, suckle and swallow",https://www.nature.com/articles/d41586-026-03069-0,Nature,2026-10-07 00:00:00 UTC,2026-10-07 00:00:00+00:00,10.1038/d41586-026-03069-0,,,,0
Can your brain grow new neurons? How researchers are solving a century-old puzzle,https://www.nature.com/articles/d41586-026-03132-w,Nature,2026-10-07 00:00:00 UTC,2026-10-07 00:00:00+00:00,10.1038/d41586-026-03132-w,Mariana Lenharo,,,0
Retention and biosynthesis of diverse nitroarenes in Escherichia coli after combinatorial nitroreductase gene deletions,https://www.nature.com/articles/s41557-026-02266-8,Nature Chemistry,2026-10-07 00:00:00 UTC,2026-10-07 00:00:00+00:00,10.1038/s41557-026-02266-8,Aditya M. Kunjapur,"The instability of nitroaromatic compounds or nitroarenes in the presence of microbial cells has hindered the ability to biomanufacture these industrially and pharmaceutically relevant chemicals. Although nitroreductase (NTR) gene deletions have been linked to nitroarene stability, the extent of this effect is unclear. Here we perform a comprehensive analysis of bacterial NTR activity in cells by engineering strains of Escherichia coli that contain up to 15 knockouts of known and candidate NTR genes. We evaluate the stability of over 20 exogenously supplemented nitroaromatic compounds to wild-type and engineered strains. For several chemistries, such as di-nitro compounds and nitro-aldehydes, our engineered nitroaromatic reductase knockout strains enable retention of compounds. We leverage these tools and insights to improve or enable nitroaromatic compound biosynthesis, including the biocatalytic transformation of an amine precursor to a nitro compound, the biosynthesis of nitrobenzaldehydes and the combined semi-synthesis and site-specific incorporation of nitrophenylalanines from supplemented nitrobenzaldehydes. This work advances access to nitro functional group chemistry in cell-based biocatalysis, metabolic engineering and synthetic biology.",nature_html,0
Evolution of dipole–dipole dynamics in cold ammonia collisions,https://www.nature.com/articles/s41557-026-02270-y,Nature Chemistry,2026-10-07 00:00:00 UTC,2026-10-07 00:00:00+00:00,10.1038/s41557-026-02270-y,Sebastiaan Y. T. van de Meerakker,"Cold polar molecules offer fascinating prospects for ultracold chemistry and quantum physics. However, their inherent collision properties remain largely unknown, as it seems fundamentally impossible to reach sufficiently low energies by merging two beams of molecules with substantial dipole moments. Here we report measurements of state-to-state cross-sections for collisions between ammonia isotopologues at energies between 0.3 and 100 cm−1 using an advanced beam-merging protocol. We experimentally observed a local maximum in the cross-sections, which indicates that the dipole moments can switch off at low collision energies. Scattering calculations reproduced this maximum in good agreement and explained the observed scaling with the molecule’s parity splitting energies. Measurements of the correlated energy transfer in both collision partners yielded direct evidence of the suppression of the dipole–dipole interaction at low energies. Our results demonstrate how collisions between an important class of polar molecules evolve from high temperatures towards the ultracold regime in a counterintuitive way, and offer distinctive opportunities to control cold molecular collisions with external fields.",nature_html,0
"Orthogonal nucleophile-ordered assembly for modular access to enantiopure 1,2-amino alcohols",https://www.nature.com/articles/s41557-026-02263-x,Nature Chemistry,2026-10-07 00:00:00 UTC,2026-10-07 00:00:00+00:00,10.1038/s41557-026-02263-x,Liang-An Chen,"The programmed assembly of multiple common chemicals with minimal reactivity differences into complex chiral architectures with high selectivity is a long-standing challenge in synthetic chemistry. Here we report a palladium-catalysed orthogonal multicomponent strategy that enables the sequential incorporation of two native N–H/O–H nucleophiles with similar reactivity into propargylic carbonates through a nucleophile-ordered assembly. Leveraging the tandem reactivity of the propargyl–palladium complex, this system functions as a sorting mechanism: stronger nucleophiles undergo outer-sphere addition to the propargyl–palladium intermediate, while weaker nucleophiles, guided by superior coordinating affinity, selectively attack the resulting allyl–palladium species through an inner-sphere mechanism. This strategy enables the precise recognition and ordered incorporation of diverse native nucleophile pairs, providing a platform and modular access to valuable chiral 1,2-amino alcohols and 1,2-diols with exceptional regio-, chemo-, Z- and enantiocontrol. This work demonstrates how subtle reactivity differences can be systematically harnessed for programmable complex synthesis from fundamental feedstocks.",nature_html,0
Controlling reactions via nucleophile sorting,https://www.nature.com/articles/s41557-026-02268-6,Nature Chemistry,2026-10-07 00:00:00 UTC,2026-10-07 00:00:00+00:00,10.1038/s41557-026-02268-6,Brett N. Hemric,,,0
A triple carbonylation cascade converts aldehydes into threofuranoses,https://www.nature.com/articles/s41557-026-02284-6,Nature Chemistry,2026-10-07 00:00:00 UTC,2026-10-07 00:00:00+00:00,10.1038/s41557-026-02284-6,,,,0
Retrofitted LLM can count the letter ‘i’s in ‘artificial intelligence’,https://www.nature.com/articles/d41586-026-03059-2,Nature,2026-10-07 00:00:00 UTC,2026-10-07 00:00:00+00:00,10.1038/d41586-026-03059-2,Yingfei Xiong,,,0
Australia’s current wildfire crisis linked to colonial land-use change,https://www.nature.com/articles/s41586-026-11097-z,Nature,2026-10-07 00:00:00 UTC,2026-10-07 00:00:00+00:00,10.1038/s41586-026-11097-z,Russell Mullett,"The global wildfire crisis1 is often attributed to climate change, a framing that overlooks crucial historical drivers. Biomes at the forefront of this crisis, such as the temperate eucalypt forests of Australia, have seen alarming increases in large, intense wildfires in recent decades. Yet evidence of how colonial land-use change and the disruption of Indigenous fire use altered vegetation structure and fuel dynamics remains scarce. Here we reconstruct 1,000 years of vegetation and fire change in a temperate eucalypt forest in southeastern Australia. Before the British invasion (from 1788 ce), fire use by the Indigenous Gunaikurnai people maintained stable, open woodlands through frequent, fine-grained, low-temperature cultural burning. Colonial disruption drove cascading changes: increased fire temperature, a fourfold rise in eucalypt cover, a shift from open woodland to forest and increased soil erosion. These transformations preceded anthropogenic warming, indicating that the vulnerability of these forests to wildfire is shaped by colonial land-use legacies. By creating more flammable landscapes, colonial land use amplified the influence of climate change, suggesting a reinforcing feedback (the ‘catastrophic wildfire loop’) in which high-intensity wildfires raise fuel loads and further increase the likelihood of climate-driven fire. Integrating Indigenous knowledge into fire management is therefore essential to restoring resilience and mitigating future wildfire risk.",nature_html,0
Compact Multifunctional Cation Regulating 1D/3D Heterointerface for High‐Performance Inverted Perovskite Solar Cells,https://advanced.onlinelibrary.wiley.com/doi/10.1002/aenm.71660?af=R,Wiley: Advanced Energy Materials: Table of Contents,2026-10-07 03:57:06 UTC,2026-10-07 03:57:06+00:00,10.1002/aenm.71660,Haoran Lin,"ABSTRACT
                  
                    Compositional disorder and insufficient passivation of defects remain major obstacles to simultaneously achieving high‐efficiency and long‐term stability in low‐dimensional perovskite‐containing inverted perovskite solar cells (PSCs). Here, we report a multifunctional short‐chain organic salt, 2‐hydrazino‐2‐imidazoline hydrobromide (HyImBr), for reconstructing a well‐defined one/three dimensional (1D/3D) heterostructure at the top interface. Owing to its compact molecular structure and abundant nitrogen‐containing functional groups, HyImBr simultaneously enables hydrogen bonding with A‐site cations/halides, coordination with undercoordinated Pb
                    2
                    +
                    , and effective passivation of multiple types of defects, thereby reducing the overall defect‐state density. The reconstructed surface also releases local tensile strain and optimizes energy‐level alignment for efficient electron extraction. As a result, the HyImBr‐treated inverted PSC device delivers a champion power conversion efficiency of 26.11%, significantly outperforming the control device (23.51%) through simultaneous improvements in open‐circuit voltage and fill factor. The unencapsulated device retains 92.16% of its initial efficiency after 1100 h of storage in air. This work presents a molecular design strategy for constructing uniform, defect‐passivated, and oxidation‐resistant 1D/3D heterostructures, enabling efficient and stable photovoltaic devices.",crossref,0
Flow‐Regulated Charge Management for High‐Performance Solid‐Liquid Triboelectric Nanogenerators,https://advanced.onlinelibrary.wiley.com/doi/10.1002/aenm.71676?af=R,Wiley: Advanced Energy Materials: Table of Contents,2026-10-07 03:58:00 UTC,2026-10-07 03:58:00+00:00,10.1002/aenm.71676,Yahua Liu,"ABSTRACT
                  Solid‐liquid triboelectric nanogenerators (SL‐TENGs) have emerged as a promising technology for harvesting low‐frequency water energy. However, their practical output remains limited, as charge accumulation and discharge are intrinsically coupled during dynamic solid‐liquid interactions, restricting most reported devices to milliwatt level. Here, a flow‐regulated charge management strategy is reported that decouples charge accumulation from discharge through siphon‐driven transitions between electrically isolated droplet flow and electrically continuous liquid column flow. This mechanism enables progressive charge storage followed by collective release, significantly amplifying the electrical output. The resulting device achieves an open‐circuit voltage of 4250 V, a short‐circuit current of 6.8 mA, and a maximum instantaneous output power of 5 W without external driving components. Quantitative electrical measurements and surface potential analysis confirm that this enhancement arises directly from the flow‐regulated charge dynamics. These findings establish flow‐regulated charge management as a general design principle for high‐performance SL‐TENGs and provide new insights into regulating interfacial charge dynamics through fluid engineering. By directly powering high‐power commercial lamps and enabling self‐powered rainfall sensing, the device also demonstrates practical utility for both energy delivery and environmental monitoring, advancing the potential of SL‐TENGs for rainfall energy harvesting.",crossref,0
Ordered Lattice at Polycrystalline‐Single Crystal Island Interfaces for Efficient CO2/H2O Co‐Electrolysis in Solid Oxide Electrolysis Cells (Adv. Energy Mater. 37/2026),https://advanced.onlinelibrary.wiley.com/doi/10.1002/aenm.71499?af=R,Wiley: Advanced Energy Materials: Table of Contents,2026-10-07 04:23:22 UTC,2026-10-07 04:23:22+00:00,10.1002/aenm.71499,Lang Xu,,,0
Continuous Fabrication of Dendrite‐Free Zinc Fiber Anodes for Flexible Batteries (Adv. Energy Mater. 37/2026),https://advanced.onlinelibrary.wiley.com/doi/10.1002/aenm.71501?af=R,Wiley: Advanced Energy Materials: Table of Contents,2026-10-07 04:23:22 UTC,2026-10-07 04:23:22+00:00,10.1002/aenm.71501,Nam Dong Kim,,,0
Empowering Triboelectric Nanogenerators With Origami and Kirigami Mechanics: From Metamaterials to Self‐Powered Systems,https://advanced.onlinelibrary.wiley.com/doi/10.1002/aenm.71484?af=R,Wiley: Advanced Energy Materials: Table of Contents,2026-10-07 04:23:22 UTC,2026-10-07 04:23:22+00:00,10.1002/aenm.71484,Jie Wang,"ABSTRACT
                  Origami‐ and Kirigami‐inspired structures have emerged as transformative strategies for enhancing the performance and versatility of triboelectric nanogenerators (TENGs). Their folding mechanisms facilitate efficient for contact‐separation TENGs, as well as their geometric patterns provide essential stretchability for complex interfaces. This review emphasizes that the core mechanism of these architectures lies in their ability to bridge mechanical deformation and electrical output of TENGs. On this basis, we summarize the representative origami and kirigami configurations and their mechanical characteristics. More importantly, we propose a general design framework to clarify how these structural strategies adapt to different operating conditions by leveraging their inherent mechanical characteristics. Typical applications include blue energy harvesting, vibration and biomechanical energy harvesting for micro/nano energy systems, self‐powered sensing for environmental and health monitoring, tactile sensing, and wearable electronics that benefit from the stretchability and deformability of kirigami structures. Finally, the current challenges and outline emerging opportunities toward deeper functional integration and scalable implementation of origami‐ and kirigami‐inspired TENGs are concluded.",crossref,0
Stable and Low‐Pressure Anode‐Free All‐Solid‐State Li–S Batteries Enabled by Reaction‐Derived Nanocrystalline‐Amorphous Li2S Cathodes and Deformable Sodium Current Collectors,https://advanced.onlinelibrary.wiley.com/doi/10.1002/aenm.71471?af=R,Wiley: Advanced Energy Materials: Table of Contents,2026-10-07 04:23:22 UTC,2026-10-07 04:23:22+00:00,10.1002/aenm.71471,Jinkui Feng,"ABSTRACT
                  
                    Anode‐free all‐solid‐state Li–S batteries (ASSLSBs) are promising for high‐energy‐density storage, but their development is hindered by sluggish Li
                    2
                    S activation and unstable solid–solid interfaces, especially under low stack pressure. Here we report a low‐pressure anode‐free ASSLSB enabled by a solid‐state in situ reaction‐derived nanocrystalline‐amorphous Li
                    2
                    S cathode and a deformable Na current collector. During short‐term high‐energy ball milling, PI
                    3
                    reacts with Li
                    2
                    S to generate LiI and amorphous thiophosphate species around nanocrystalline Li
                    2
                    S domains, forming a reaction‐derived ion‐conductive framework. Meanwhile, the Na current collector maintains intimate contact with the sulfide electrolyte even under limited external pressure, while the mitigated volume variation of Li
                    2
                    S and amorphous interfacial framework jointly stabilize the solid–solid interfaces during cycling. Consequently, the optimized Li
                    2
                    S‐PI
                    3
                    8% full cell exhibits a capacity retention of approximately 100% after 200 cycles at 0.5 C under a stacking pressure of 4 MPa. Under the same external pressure, the cell further exhibits a capacity retention of 89.71% after 400 cycles at 0.2 C. Remarkably, even under an external pressure as low as 1 MPa, the full cell maintains 70.54% capacity retention after 300 cycles, underscoring its robust cycling stability under low‐external‐pressure conditions.",crossref,0
Half‐Electrode Absence and Asymmetric Arrangement Design Integrated With Shielding Electrodes for Boosting Sliding Triboelectric Nanogenerator Performance,https://advanced.onlinelibrary.wiley.com/doi/10.1002/aenm.71476?af=R,Wiley: Advanced Energy Materials: Table of Contents,2026-10-07 04:23:22 UTC,2026-10-07 04:23:22+00:00,10.1002/aenm.71476,Chenguo Hu,"ABSTRACT
                  Enhance charge transmission performance of sliding mode triboelectric nanogenerators (TENG) is critical approach for achieving efficient energy harvesting in constructing self‐powered systems. However, the charge transmission efficiency in practical applications remains challenge, and the output current regulation and control are still deficiency. Herein, a half‐electrode absence and asymmetric arrangement design combined with shielding‐electrodes (HAS) strategy is proposed to address the low charge transmission efficiency and output current loss for sliding‐TENGs. Through this unique design of the electrode structure and the interaction between different materials, HAS‐TENG enables uniform charge accumulation across the entire surface of the dielectric layer and prevents output current distortion. Additionally, the corresponding equivalent circuit model and dynamic charge transfer mechanism of the HAS‐TENG are analyzed. The HAS‐TENG outputs a root‐mean‐square current of 3.86 µA, which is approximately 3.3 and 2.2 times that of the sliding‐TENG and the charge‐space accumulation TENG, respectively, under equivalent dimensions. Furthermore, based on the charge accumulation effect, the rotational HAS‐TENG not only maintains a stable current after 100 000 operating cycles but also achieves an average power output of 53.94 mW. This work offers design strategies for optimizing charge accumulation and transport performance in sliding‐mode TENG, facilitating its path toward practical application.",crossref,0
Hybrid Ionomer‐Free Porous Transport Electrodes With Catalyst Coated Membranes for Enhanced Water Electrolysis,https://advanced.onlinelibrary.wiley.com/doi/10.1002/aenm.71479?af=R,Wiley: Advanced Energy Materials: Table of Contents,2026-10-07 04:23:22 UTC,2026-10-07 04:23:22+00:00,10.1002/aenm.71479,Aimy Bazylak,"ABSTRACT
                  
                    To promote industrial uptake of clean hydrogen production technologies such as polymer electrolyte membrane (PEM) water electrolyzers, advancements in catalyst layer (CL) morphology are required. We demonstrate how improved electrochemical performance can be achieved when using an ionomer free porous transport electrode (PTE) coupled with a traditional catalyst coated membrane (CCM) assembly in PEM water electrolyzers. Notably, we reveal that the superior performance achieved when utilizing a hybrid PTE and CCM assembly is due to enhanced ohmic performance caused by optimal contact with both the porous transport layer (PTL) and PEM interfaces. Using operando neutron radiography, we demonstrate that configurations utilizing a CCM resulted in more rapid water replenishment to reaction sites, indicating enhanced membrane hydration beneficial for performance. This enhanced membrane hydration coupled with improved contact area at the PEM‐catalyst layer (CL) and PTL‐CL interfaces was revealed through the reduced ohmic overpotentials of the hybrid PTE‐CCM design, which achieved the lowest ohmic overpotential of 431 mV at 2000 mA cm
                    −2
                    . While the average in‐plane water distributions are generally similar between cell configurations, we reveal that utilizing a PTE configuration promotes a more homogenous water distribution near the CL‐membrane interface due to enhanced catalyst utilization.",crossref,0
Composite Hydrogels With Controlled Liquid Metal Release for Dendrite‐Free Zinc Anodes,https://advanced.onlinelibrary.wiley.com/doi/10.1002/aenm.71504?af=R,Wiley: Advanced Energy Materials: Table of Contents,2026-10-07 04:23:22 UTC,2026-10-07 04:23:22+00:00,10.1002/aenm.71504,Jingyi Wu,"ABSTRACT
                  
                    Rechargeable aqueous zinc‐ion batteries offer a cost‐effective and safe solution for large‐scale energy storage. However, uncontrolled Zn dendrite growth, parasitic hydrogen evolution, and poor Zn plating/stripping reversibility still limit their practical deployment. Herein, a Ga‐In liquid metal‐containing hydrogel electrolyte is designed to stabilize the Zn anode. The controlled release of liquid metal regulates the Zn/electrolyte interfacial environment, promotes preferential Zn deposition along the (103) plane, and alleviates structural embrittlement, thereby improving long‐term interfacial stability. Meanwhile, liquid metal released within the hydrogel facilitates the dissolution of Zn dendrites, reducing the risk of internal short circuits. As a result, Zn symmetric cells using the designed hydrogel electrolyte deliver stable cycling for 6000 h at 1 mA cm
                    −2
                    and 1 mAh cm
                    −2
                    . Moreover, Zn || NH
                    4
                    +
                    ‐V
                    2
                    O
                    5
                    full cells operate steadily for over 1750 h at 200 mA g
                    −1
                    with 85% capacity retention. These results demonstrate that a hydrogel electrolyte with controllable liquid metal release provides an effective strategy for stabilizing Zn anodes in aqueous zinc‐ion batteries.",crossref,0
Blocked Proton‐Coupled Electron Transfer Stabilizes Buried Interface in Air‐Processed Inverted Perovskite Solar Cells,https://onlinelibrary.wiley.com/doi/10.1002/anie.2426576?af=R,Wiley: Angewandte Chemie International Edition: Table of Contents,2026-10-07 04:45:34 UTC,2026-10-07 04:45:34+00:00,10.1002/anie.2426576,Meicheng Li,"ABSTRACT
                  
                    Nickel oxide/self‐assembled monolayer (NiO
                    x
                    /SAM) composites have emerged as benchmark hole transport layers for high‐efficiency inverted perovskite solar cells (PSCs). However, the coupled interfacial degradation mechanism in NiO
                    x
                    /SAM/perovskite systems remains ambiguous, which still restricts device stability. In this study, we identify a previously unrecognized proton‐coupled electron transfer (PCET) induced buried‐interface degradation pathway, in which the protons released from SAM accelerates the redox reaction between NiO
                    x
                    and I
                    −
                    , especially under high‐temperature and UV‐irradiation operation conditions. To block this coupled degradation pathway, we incorporate 1‐methylimidazole into the SAM, which suppresses the proton transfer through capturing the protons and impedes the electron transfer through reducing the formation of I
                    −
                    vacancies, thereby blocking the interfacial PCET process from both perspective of proton and electron. Besides, the proton‐capture treatment by 1‐methylimidazole can enhance the anchoring of SAM at the NiO
                    x
                    substrate, which promotes the interface hole transfer and also contributes to the interfacial stability. Consequently, the resulting PSCs, fabricated in ambient air, achieved a power conversion efficiency exceeding 26.3% with an enhanced operational stability by retaining &gt;90% initial efficiency after 2000 h of maximum power point tracking at ∼50°C.",crossref,0
CRISPR Nanomachinery‐Sensitized Nanocatalytic Tumor Ferroptosis in Triple‐Negative Breast Cancer,https://advanced.onlinelibrary.wiley.com/doi/10.1002/adma.75199?af=R,Wiley: Advanced Materials: Table of Contents,2026-10-07 06:19:08 UTC,2026-10-07 06:19:08+00:00,10.1002/adma.75199,Minfeng Huo,"ABSTRACT
                  
                    The luminal androgen receptor (LAR) subtype of triple‐negative breast cancer (TNBC) represents a formidable therapeutic challenge, necessitating sophisticated strategies that exploit unique tumor vulnerabilities. In the present work, we introduce a biomimetic nanotherapeutic that integrates single‐atom iron nanocatalysts (FeSA) co‐loaded with a CRISPR‐Cas9 plasmid targeting
                    Glutathione Peroxidase 4
                    (
                    Gpx4
                    ), the key regulator of ferroptosis, and is camouflaged with a homologous cancer cell membrane to ensure precise tumor tropism and excellent biocompatibility. In an orthotopic LAR‐TNBC model, the nanotherapeutic achieved ∼98% tumor regression and markedly extended survival. Comprehensive mechanistic analyses confirmed efficient on‐target
                    Gpx4
                    disruption, which synergistically amplified the FeSA‐catalyzed ferroptotic cascade. Unbiased transcriptomic profiling further revealed extensive reprogramming of the tumor molecular landscape, resulting in significant cancer cell ferroptosis by DNA damage response and p53 signaling pathway activation. This work establishes a highly synergistic and targeted approach, presenting a potent therapeutic modality for aggressive and chemoresistant malignancies.",crossref,0
Charge‐Reversed Lipid Nanoparticles Enable Encapsulation of Pt2L4 Nanocages for In vivo Anti‐Cancer Treatment,https://advanced.onlinelibrary.wiley.com/doi/10.1002/adma.75288?af=R,Wiley: Advanced Materials: Table of Contents,2026-10-07 06:26:18 UTC,2026-10-07 06:26:18+00:00,10.1002/adma.75288,Dennis Aschmann,"ABSTRACT
                  
                    Inorganic anticancer drugs such as cisplatin remain central to chemotherapy but are limited by poor tumor selectivity, rapid clearance, and off‐target toxicity. We recently developed cationic Pt
                    2
                    L
                    4
                    nanocages with 12‐fold higher anticancer activity than cisplatin in PC‐3M‐Pro4 cells in vitro, but their positive charge causes rapid extravasation and renal clearance in vivo. Here, we re‐engineer lipid nanoparticles (LNPs) into charge‐reversed lipid nanoparticles (revLNPs) capable of efficiently encapsulating cationic Pt
                    2
                    L
                    4
                    nanocages. Pt
                    2
                    L
                    4
                    ‐loaded revLNPs retain high cancer‐cell uptake and cytotoxicity in vitro comparable to the free drug. Following intravenous administration, they show prolonged circulation, reduced vessel‐wall leakage, and favorable biodistribution in zebrafish embryos. In mice, revLNPs exhibit a 1.7‐fold longer plasma half‐life than the clinically approved Onpattro LNP formulation while maintaining characteristic liver and spleen tropism. In zebrafish xenografts, a single injection induces substantial tumor regression, reaching 20% in PC‐3M‐Pro4 and 72% in MDA‐MB‐231 tumors, and outperforms Lipocisplatin despite a ten‐fold lower therapeutic dose. These results establish revLNPs as a broadly applicable delivery platform that overcomes solubility, biodistribution, and pharmacokinetic barriers of cationic inorganic drugs, enabling their effective use in vivo.",crossref,0
Toward Two‐Dimensional Metallic Topologies in Atomically Precise Nanoclusters,https://advanced.onlinelibrary.wiley.com/doi/10.1002/adma.75240?af=R,Wiley: Advanced Materials: Table of Contents,2026-10-07 06:28:43 UTC,2026-10-07 06:28:43+00:00,10.1002/adma.75240,Zhikun Wu,"ABSTRACT
                  
                    While topology–property relationships are well established in covalent two‐dimensional (2D) materials, their extension to metallic systems is hindered by the nondirectional nature of metallic bonding and an intrinsic tendency toward three‐dimensional (3D) close‐packed structures. Herein, we develop a Hub‐Driven Ring Fusion (HDRF) strategy for constructing extended metallic topologies beyond discrete motifs. Guided by this strategy, we synthesize an atomically precise Pd
                    11
                    nanocluster featuring a rare fused tri‐pentagonal metal‐ring network. Magnetic shielding and nucleus‐independent chemical shift (NICS) analyses reveal pronounced spatial anisotropy and discontinuous shielding distributions, indicating a breakdown of global electronic coherence and the formation of partitioned electronic domains across fused rings. These “topology‐induced electronic domains” connectivity‐governed electronic fragmentation, rather than uniform delocalization, defines the intrinsic electronic landscape of the cluster and clarifies that it is not merely a simple size expansion of Pd
                    5
                    . Pd
                    11
                    exhibits significantly enhanced performance in the electrocatalytic hydrogenation of nitrobenzene, achieving 98.1% conversion, 97.4% aniline yield, and 99.3% selectivity, outperforming Pd
                    5
                    and Pd
                    8
                    clusters. Density functional theory (DFT) calculations further demonstrate that the fused tri‐pentagonal topology optimizes electron distribution, enhances interfacial reactivity, and lowers the overall reaction barrier, providing a mechanistic basis for the observed catalytic enhancement.",crossref,0
Physics‐Guided Active Learning Enables Energy‐Filtering Flexible Thermoelectric Composites for Self‐Powered Wound Bioelectronics,https://advanced.onlinelibrary.wiley.com/doi/10.1002/adma.75323?af=R,Wiley: Advanced Materials: Table of Contents,2026-10-07 06:32:14 UTC,2026-10-07 06:32:14+00:00,10.1002/adma.75323,Li Chen,"ABSTRACT
                  
                    Thermoelectric stimulation offers a self‐powered intervention for accelerated wound healing by converting physiological thermal gradients into sustained micro‐electric fields. However, the development of flexible thermoelectric materials is constrained by the coupled dependence of electrical conductivity and the Seebeck coefficient, which empirical screening alone is inefficient for exploring the large number of possible interfaces. We developed a small‐data, literature‐derived, physics‐guided screening and design framework that integrates Bayesian optimization with eXtreme Gradient Boosting (XGBoost) regression and subsequent experimental validation. Using 18 physics‐informed descriptors selected by recursive feature elimination, the framework predicts interfacial energy barriers within the literature‐derived data domain with a test R
                    2
                    of 0.87, enabling targeted barrier engineering that partially decouples the thermoelectric parameters. The model and practical screening criteria were used to select five composite systems for synthesis and experimental evaluation, supporting the applicability of the algorithm. Among the experimentally validated systems, poly(3,4‐ethylenedioxythiophene): poly(styrene sulfonate)/eutectic gallium‐indium (PEDOT:PSS/EGaIn) flexible composite exhibited a measured interfacial energy barrier of 0.24 eV, close to the predicted effective filtering range, and achieved a Seebeck coefficient of 40.0 µV K
                    −1
                    . Under a mild physiological‐to‐ambient temperature gradient of 25 K, the flexible thermoelectric device generated an open‐circuit voltage of 8.80 mV. In the scratch assay, the stimulated group showed 34.5% closure compared with 13.9% in the untreated control. In the rat wound model, the thermoelectric group reached near‐complete closure approximately two days earlier than the sham and untreated groups. This data‐driven approach provides a physical framework for screening energy‐filtering composites and evaluating their potential in self‐powered bioelectronic therapeutics.",crossref,0
Unleashing the Giant Electrocaloric Effect in Fluoropolymers via a High‐Polar‐Entropy Strategy,https://advanced.onlinelibrary.wiley.com/doi/10.1002/adma.75181?af=R,Wiley: Advanced Materials: Table of Contents,2026-10-07 06:34:37 UTC,2026-10-07 06:34:37+00:00,10.1002/adma.75181,Xiaoshi Qian,"ABSTRACT
                  Electrocaloric (EC) refrigeration uses dielectric capacitors that are naturally efficient and have no direct carbon emissions. The idea that electrical capacitors can serve as working bodies in a refrigeration cycle implies that electricity can be directly harnessed, potentially enabling the development of miniature and portable refrigerators, and has therefore attracted considerable attention from both academia and industry. Poly(vinylidene fluoride) (PVDF)‐based fluoropolymers exhibit strong dipolar responses and have been extensively studied for EC devices. However, despite their exceptional flexibility, straightforward synthesis, self‐healing capability, and low breakdown risk, their relatively low polar entropy‐changes limit their refrigeration capacities in practical applications. Rationally designing an EC polymer considering its molecular‐scale structure, crystalline features, and interfacial effects remains a major, nontrivial challenge. This work systematically reviews recent advances in EC polymers and focuses on two fundamental points pivotal for enhancing the polar entropy change, that is the electrocaloric effect (ECE): increasing zero‐field entropy and reducing the energy barrier of dipolar switching to increase electric field responsiveness. Together, they form a high‐polar‐entropy strategy that shows the potential to approach the lower and upper bounds of polar entropy to maximize the ECE. This strategy is expected to be effective in predicting and designing other potential EC material systems.",crossref,0
Reactivity‐Guided Janus Graphene With Asymmetric Interfacial Electrostatics for Tunable Charge Transport,https://advanced.onlinelibrary.wiley.com/doi/10.1002/adma.75239?af=R,Wiley: Advanced Materials: Table of Contents,2026-10-07 06:35:49 UTC,2026-10-07 06:35:49+00:00,10.1002/adma.75239,Siegfried Eigler,"ABSTRACT
                  
                    Breaking out‐of‐plane symmetry in graphene is essential to realize electrostatic control in next‐generation electronic devices. While Janus graphene, which bears chemically distinct top and bottom faces, is a promising architecture, establishing a controllable fabrication route and directly linking asymmetric chemistry to electronic transport remains challenging. In this study, we present a resist‐free, interface‐selective laser‐writing strategy that facilitates stepwise bottom‐to‐top covalent functionalization of graphene and enables controlled access to top‐, bottom‐, and asymmetric dual‐side configurations. Raman spectroscopy verifies that this Janus configuration reaches a substantial degree of functionalization, exhibiting a Raman‐derived defect distance (
                    L
                    D
                    ) of approximately 1.5 nm. Kelvin probe force microscopy reveals configuration‐dependent electrostatic responses, with a change of contact potential difference of approximately 225 mV for Janus graphene. Back‐gated field‐effect transistors further reveal pronounced changes in charge transport, with the residual carrier density increasing to 5.92 × 10
                    12
                    cm
                    −2
                    in Janus graphene. Notably, comparison of the investigated configurations reveals a configuration‐dependent relationship between interfacial electrostatics and charge transport. Furthermore, lithographically pre‐patterned substrates enable spatially programmable Janus architectures via single‐step laser writing, providing a scalable platform for engineering symmetry‐broken two‐dimensional electronic materials.",crossref,0
Leveraging Rh in Mixed Pt/Rh Streams Enables Activity–Durability Synergy in PtCo Intermetallic Fuel Cell Catalysts,https://advanced.onlinelibrary.wiley.com/doi/10.1002/adma.75309?af=R,Wiley: Advanced Materials: Table of Contents,2026-10-07 06:38:07 UTC,2026-10-07 06:38:07+00:00,10.1002/adma.75309,Pengfei Ou,"ABSTRACT
                  
                    Ordered PtCo intermetallic catalysts are promising oxygen reduction catalysts for proton exchange membrane fuel cells, but simultaneously achieving high activity, durability, and sustainable platinum group metal (PGM) utilization remains challenging. Here, literature‐scale composition mapping and density functional theory screening are combined to identify Rh as a functional regulator of PtCo, leading to a compositionally informed synthesis of ordered Rh–PtCo/C from a Pt/Rh mixed solution. Structural characterization supports Rh incorporation into the PtCo framework, while cluster expansion calculations predict preferential subsurface enrichment. The predicted subsurface Rh configuration downshifts the Pt d‐band center, moderates oxygenated‐intermediate binding, and strengthens the internal metal–metal bonding network. Rh–PtCo/C consequently delivers a mass activity of 1.792 A mg
                    Pt
                    −1
                    and a total‐PGM‐normalized activity of 1.59 A mg
                    PGM
                    −1
                    at 0.9 V versus RHE. In H
                    2
                    –air membrane electrode assemblies, it reaches a peak power density of 1.12 W cm
                    −2
                    and retains 95.54% of its initial value after 30 000 voltage cycles. Scenario‐based life cycle assessment and techno‐economic analysis further indicate that retaining coexisting Rh may reduce downstream processing burdens compared with separation‐intensive Pt/Rh routes. This work establishes compositionally informed subsurface regulation for coupling high‐performance intermetallic catalyst design with the value‐retaining use of mixed‐metal resources.",crossref,0
Cross‐Dimensional Coupled Atomic Insights Into Structural Degradation of Pt‐Alloy Oxygen Reduction Reaction Catalysts,https://onlinelibrary.wiley.com/doi/10.1002/anie.8710156?af=R,Wiley: Angewandte Chemie International Edition: Table of Contents,2026-10-07 06:38:07 UTC,2026-10-07 06:38:07+00:00,10.1002/anie.8710156,Lili Han,"ABSTRACT
                  Achieving an atomic‐scale comprehensive understanding is crucial for the decipherment of nanocatalyst degradation pathways​ and guidance in rational design of durable catalysts. In this work, cross‐dimensional coupled atomic‐scale structural degradation mechanism of representative compound PtZn nanoalloy during oxygen reduction reaction electrocatalysis was comprehensively interrogated by integrating the atomic electron tomography (AET), synchrotron x‐ray techniques, and theoretical calculations. In situ x‐ray measurements demonstrated a globally stable face‐centered tetragonal bulk structure during continuous cycling; at the real three‐dimensional atomic level, further AET observations revealed significant localized surface degradation characterized by inhomogeneous Pt segregation, lattice transition, bond length expansion, coordination number reduction, and increased normal strain. These synergistic experimental results demonstrate a phenomenon of inhomogeneous structure degradation, revealing how dynamic interfacial change and bulk lattice stability propagate localized compositional heterogeneity: significant guidance to synthesize defect‐tolerant Pt skin against Zn dissolution. Corroborated by theoretical calculations, our findings established that the Pt segregation and structural transformation on the surface and sub‐surface of the catalyst were the energy‐driven degradation pathways and played important roles in the sustained deactivation of the catalyst. By integration of cross‐dimensional information, we link surface atomic heterogeneity on the surface of individual particles, overall structural changes of the catalyst and catalytic performance.",crossref,0
Thermodynamic–Kinetic Coupling of Water Structure Enables Wide‐Temperature Zinc Batteries,https://advanced.onlinelibrary.wiley.com/doi/10.1002/adma.75301?af=R,Wiley: Advanced Materials: Table of Contents,2026-10-07 06:38:18 UTC,2026-10-07 06:38:18+00:00,10.1002/adma.75301,Changdong Gu,"ABSTRACT
                  
                    Aqueous zinc‐ion batteries (AZIBs) offer a path to safe and sustainable energy storage, yet their practicality is hindered by subzero failure, parasitic hydrogen evolution, and interfacial degradation. A key challenge is that preserving water mobility at low temperatures can inadvertently promote parasitic hydrogen evolution under ambient conditions. Here, we design a hydrogel electrolyte that combines a wide operating‐temperature window with enhanced interfacial stability through coupled thermodynamic–kinetic regulation of the electrolyte environment. By disrupting the tetrahedral hydrogen‐bond network and diversifying local coordination environments, the hydrogel enhances configurational disorder and suppresses water crystallization. Simultaneously, restricted molecular dynamics retard ice nucleation and parasitic hydrogen evolution. This hydrogen‐bond architecture further promotes rapid and uniform Zn deposition by regulating the thermodynamics and kineticsof interfacial Zn
                    2+
                    transfer. Consequently, AZIBs achieve exceptional stability: over 8000 h in symmetric cells, 15 000 cycles in full cells, and high reversibility down to −30°C. This work establishes thermodynamic–kinetic coupling as a promising strategy for designing high‐performance aqueous batteries under extreme conditions.",crossref,0
Generation of Tailorable Multi‐Property Molecules via Multimodal Spectral Fusion Evolution,https://onlinelibrary.wiley.com/doi/10.1002/anie.8403323?af=R,Wiley: Angewandte Chemie International Edition: Table of Contents,2026-10-07 06:39:52 UTC,2026-10-07 06:39:52+00:00,10.1002/anie.8403323,Yi Luo,"ABSTRACT
                  Molecular generation stands at the forefront of intelligent molecular design, promising transformative advances in the discovery of molecules that meet drug‐likeness or catalysis requirements. However, existing generative models typically focus on optimizing a single target property at a time, hindered by the intrinsic difficulty of simultaneously encoding and evolving multiple structural features. Herein, we developed MUltimodal Spectral fusion Evolution (MUSE)—a spectroscopy‐guided generative framework that unifies multimodal spectroscopic descriptors as a universal chemical language for multi‐property molecular creation. A Spectra‐to‐Molecule (S2M) model, as one of MUSE's core modules, achieved a high success rate in molecular structure generation by training on a self‐built density functional theory (DFT) level multimodal spectral database. Leveraging the continuously variable nature of spectral descriptors, MUSE achieved synergistic integration of structural, vibrational, and electronic information by combining complementary spectroscopic modalities. Through evolutionary algorithms that constrain the generation direction of multi‐property molecules, the framework enables up to 700‐fold enrichment of rare quadruple‐property candidates. This work provides a scalable pathway for multi‐objective discovery in chemistry and materials science.",crossref,0
A Locally Flexible Kinetic Valve for Temperature‐Programmed Guest Release and Hydrogen Isotope Separation in Metal–Organic Frameworks,https://onlinelibrary.wiley.com/doi/10.1002/anie.2943024?af=R,Wiley: Angewandte Chemie International Edition: Table of Contents,2026-10-07 06:44:34 UTC,2026-10-07 06:44:34+00:00,10.1002/anie.2943024,Hoi Ri Moon,"ABSTRACT
                  
                    Controlling when an adsorbed guest leaves a porous solid is as important as controlling how much it takes up, yet desorption is almost always dictated by adsorption‐site energetics and the heating profile, leaving little room to program the release temperature. Here, we show that a locally flexible pore aperture can act as a kinetic valve that converts the temperature at which a guest is loaded into the temperature at which it is later released. In a pentoxy‐functionalized isoreticular MOF (C
                    5
                    ‐IRMOF), long alkoxy side chains line the aperture to form a strongly confined, thermally responsive gate while preserving a large internal cavity. Unlike its butoxy analogue (C
                    4
                    ‐IRMOF), a conventional microporous adsorbent, C
                    5
                    ‐IRMOF traps guests until thermally activated chain motions reopen the gate, releasing them abruptly at an unusually high temperature without any strong binding sites. Cryogenic thermal desorption spectroscopy reveals that the release maximum shifts with a near‐unity slope with respect to the initial exposure temperature, defining adsorption‐temperature‐programmed desorption as a distinct mode of pore function, while the same confinement enables kinetic quantum sieving of hydrogen isotopes up to 100 K. These results establish locally flexible side chains as a simple design handle for programming guest release in porous materials.",crossref,0
High‐Field Robust and Polarity‐Reversible Superconducting Diode Effect in a Superconductor/Ferromagnet Heterostructure,https://advanced.onlinelibrary.wiley.com/doi/10.1002/adma.75243?af=R,Wiley: Advanced Materials: Table of Contents,2026-10-07 06:48:05 UTC,2026-10-07 06:48:05+00:00,10.1002/adma.75243,Junwei Huang,"ABSTRACT
                  
                    The superconducting diode effect (SDE), characterized by nonreciprocal critical supercurrents, plays a key role for next‐generation dissipationless electronics. Typically, the SDE requires external magnetic fields to break time‐reversal symmetry, limiting its practical applications. Superconductor/ferromagnet heterostructures offer an alternative way to enable field‐free nonreciprocal transport by using magnetic proximity effects to break time‐reversal symmetry. However, the SDE in these cases generally show a fixed sign of the critical current asymmetry, without any polarity reversal. Therefore, a polarity‐reversible SDE with a sign‐switchable critical current difference remains unexplored. Here, we demonstrate a high‐field robust and polarity‐reversible SDE in a van der Waals FeSeTe/Fe
                    3
                    GaTe
                    2
                    heterostructure. We found that, even though the pristine FeSeTe shows no diode response, the heterostructure exhibits a pronounced zero‐field SDE arising from proximity‐induced time‐reversal symmetry breaking. Notably, the diode polarity can be effectively switched by both temperature and magnetic field. Strikingly, the SDE persists under magnetic fields of up to 10 T, exceeding the operational limits of most reported SDE platforms. These results establish such heterostructures as a versatile materials platform for high‐field and polarity‐reversible superconducting diodes for low‐dissipation rectifiers and superconducting logic devices.",crossref,0
Substrates In Situ Formed Dynamic Secondary Coordination Environment Regulates Reaction Pathways and Product Selectivity,https://onlinelibrary.wiley.com/doi/10.1002/anie.7505094?af=R,Wiley: Angewandte Chemie International Edition: Table of Contents,2026-10-07 06:49:20 UTC,2026-10-07 06:49:20+00:00,10.1002/anie.7505094,Li‐Zhu Wu,"ABSTRACT
                  
                    In enzymes, a protein‐scaffolded secondary coordination sphere plays a crucial role in reaction activity and selectivity. As such, pre‐installed active sites on catalysts are employed to mimic the natural secondary coordination environment for chemical transformations. Herein, we identify that varying the concentration of substrate (KNO
                    3
                    ), rather than pre‐installed motifs surrounding active sites of photocatalyst CdS quantum dots, forms a secondary coordination environment in situ. Spectroscopic and kinetic studies reveal that the in situ secondary coordination environment controls the reaction pathways and product selectivity of benzyl alcohol oxidation, synthetically valuable yet competitive pathways. Upon irradiation of photocatalyst CdS quantum dots, deoxybenzoin is obtained with 88.2% yield and 90.4 mmol·g
                    cat
                    −1
                    ·h
                    −1
                    formation rate at 50 mM KNO
                    3
                    , while benzaldehyde is obtained with 87.2% yield and a formation rate of 357.4 mmol·g
                    cat
                    −1
                    ·h
                    −1
                    at 200 mM KNO
                    3
                    . Such a profound difference in product selectivity has not yet been realized. Different from pre‐installed active sites, simply varying substrate concentration in situ enables efficient regulation of reaction pathways and product selectivity of chemical transformation.",crossref,0
Supramolecular Cadmium‐Telluride Proteoliposomal Assemblies for Real‐Time Detection of Protein‐Catalyzed Pt(II)‐Complexes Transmembrane Translocation: Cu(I)‐Pumps Are Electrogenic Pt(II)‐Drug Uniporters,https://onlinelibrary.wiley.com/doi/10.1002/anie.2267666?af=R,Wiley: Angewandte Chemie International Edition: Table of Contents,2026-10-07 06:53:19 UTC,2026-10-07 06:53:19+00:00,10.1002/anie.2267666,Gabriele Meloni,"ABSTRACT
                  
                    Overexpression of transmembrane Cu(I) P‐type ATPase pumps in cancer cells correlates with drug resistance towards chemotherapeutic Pt(II)‐based drugs, suggesting that they may facilitate the vesicular sequestration and cellular efflux of Pt(II)‐complexes. However, the ability of Cu(I)‐pumps to translocate Pt(II)‐drugs, including the molecular principles behind cargo recognition, remains elusive due to lack of tools to monitor in vitro turnover Pt(II)‐translocation events with transporters reconstituted into membrane‐mimetic systems. Here, we developed supramolecular mercaptosuccinic acid‐capped CdTe core‐type quantum dot‐encapsulated proteoliposome assemblies (MSA‐CdTe QD PLs) to demonstrate real‐time transporter‐mediated turnover translocation of Pt(II)‐complexes by Cu(I) P‐type ATPases. We coupled Pt(II)‐complex‐stimulated ATPase activity assays on the purified
                    E. coli
                    Cu(I)‐pump CopA with reconstitution into proteoliposomes and real‐time transport assays utilizing fluorescence detector probes (MSA‐CdTe QDs, pyranine, and oxonol VI) responsive to substrate, pH, and membrane potential, to demonstrate that Cu(I)‐pumps are electrogenic Pt(II)‐drug uniporters. Cu(I)‐pumps efficiently translocate aquated Pt(II)‐complexes with
                    cis
                    configuration (like cisplatin and carboplatin), but not transplatin, emphasizing how stereochemistry influences the Pt(II) transport properties. Additionally, the nature and kinetic lability of the carrier and leaving ligands were demonstrated to modulate the transport activity. Overall, MSA‐CdTe QD proteoliposome assemblies establish an extendable experimental platform to discover the Pt(II) transport properties of novel transporter classes.",crossref,0
dsRADAR: Imaging and Detecting Cellular dsRNA by Repurposing RNA‐Binding Proteins,https://onlinelibrary.wiley.com/doi/10.1002/anie.7655789?af=R,Wiley: Angewandte Chemie International Edition: Table of Contents,2026-10-07 06:56:55 UTC,2026-10-07 06:56:55+00:00,10.1002/anie.7655789,Jennifer M. Heemstra,"ABSTRACT
                  Double‐stranded RNA (dsRNA) is recognized by cellular receptors as a sign of viral infection, triggering the innate immune response. Cellular dysregulation can also lead to accumulation of endogenously produced dsRNA that stimulates a viral‐like immune response. Additionally, dsRNA contamination in RNA therapeutics can lead to harmful side effects via a similar pathway. Despite the clinical relevance of dsRNA, reliable tools for its detection remain limited. Currently, dsRNA detection relies almost exclusively on the monoclonal antibodies J2 and K1, which suffer from sequence bias and low sensitivity. To address this challenge, we repurposed naturally occurring dsRNA‐binding domains (dsRBDs) to produce reliable, pan‐specific affinity reagents for dsRNA. We systematically screened the dsRBDs of the three human adenosine deaminases acting on RNA (ADARs) and identified ADAR3 dsRBDs as the most promising candidates. We then engineered ADAR3‐derived dsRBD constructs having varying linker lengths and domain combinations to create dsRNA accumulation detected by ADAR3 RBDs (dsRADAR) affinity reagents. Finally, we demonstrate the superior performance of dsRADAR over currently available dsRNA antibodies in a cell model of viral infection and a tissue model of gastric inflammation. Together, dsRADAR provides a sensitive and reliable approach for imaging and detecting diverse dsRNA structures in biological contexts.",crossref,0
Supramolecular Pretargeting Lipid Nanoparticles Based on Host–Guest Recognition Potentiate Cancer Immunotherapy by Reprogramming Tumor Microenvironment,https://onlinelibrary.wiley.com/doi/10.1002/anie.9573178?af=R,Wiley: Angewandte Chemie International Edition: Table of Contents,2026-10-07 06:58:49 UTC,2026-10-07 06:58:49+00:00,10.1002/anie.9573178,Guocan Yu,"ABSTRACT
                  
                    Lipid nanoparticles (LNPs) have emerged as a promising platform for gene/drug delivery in cancer therapy, however their nonspecific biodistribution and extensive hepatosplenic sequestration result in insufficient intratumoral accumulation, thereby undermining the therapeutic efficacy. Here, we establish a sequential pretargeting strategy exploiting the high‐affinity host–guest recognition between adamantane (ADA) and cucurbit[7]uril (CB[7]) to enhance tumor enrichment. Preadministered ADA‐conjugated anti‐PD‐L1 antibody (ADA‐αPD‐L1) primes tumors for efficient capture of subsequently infused CB[7]‐functionalized LNPs (CN‐LNPs), improving intratumoral retention and cellular uptake. To concurrently address the immunosuppressive tumor microenvironment, NLG919 is covalently incorporated into the ionizable lipid of CN‐LNPs to inhibit IDO‐mediated tryptophan catabolism, effectively attenuating regulatory T cell activity while preserving the pretargeting functionality of the nanocarrier. CN‐LNPs are employed as a delivery platform to encapsulate a circular RNA encoding IL‐2‐Fc fusion protein (CN‐LNPs@cRNA
                    IL‐2F
                    ), enabling intratumoral cytokine production to potentiate antitumor immunity. CN‐LNPs@cRNA
                    IL‐2F
                    elicit robust antitumor immunity to suppress tumor growth and extend survival, establishing a versatile platform that overcomes the intratumoral delivery limitations commonly associated with conventional LNPs system.",crossref,0
Mitigating lateral sensing blind spots: A dual-segment bronchoscopic robot with a bioinspired skin,https://www.science.org/doi/abs/10.1126/sciadv.aeh9503?af=R,AAAS: Science Advances: Table of Contents,2026-10-07 07:00:00 UTC,2026-10-07 07:00:00+00:00,10.1126/sciadv.aeh9503,Hongbo Wang,"Lateral force blind spots frequently trigger airway injuries during robotic bronchoscopy. Traditional sensing approaches lack fine spatial resolution, and single-segment robots suffer poor posture adjustment flexibility, worsening unmonitored tissue contact. We integrate a snake-scale-inspired 64-channel gradient piezoelectric film with a dual-segment manipulator to resolve lateral blind spots for secure bronchial navigation. The conformally wrapped sensor delivers fast (&lt;10 ms), precise force detection (
                    
                      R
                      2
                    
                     &gt; 0.98,
                    RMSE
                     &lt; 0.145 N,
                    CV
                     &lt; 2%) and filters bending pseudo-forces. The dual-segment design enables coordinated proximal-distal motion to avoid overcontact in tortuous lumens. Phantom and ex vivo porcine lung tests confirm real-time force localization, 5.0 N safety alarms, and autonomous tuning to keep contact forces below 3.0 N. This synergistic robot-sensor design supplies a translatable safety control strategy for flexible surgical manipulators.",crossref,0
Herpes simplex virus pUL56 abolishes neuronal activity by removing voltage-gated ion channels from the plasma membrane,https://www.science.org/doi/abs/10.1126/sciadv.aei1796?af=R,AAAS: Science Advances: Table of Contents,2026-10-07 07:00:00 UTC,2026-10-07 07:00:00+00:00,10.1126/sciadv.aei1796,Stephen C. Graham,"Herpes simplex virus 1 (HSV-1) infections of the central nervous system cause encephalitis and are associated with increased risk of neurodegeneration, yet the molecular consequences of lytic infection in human neurons remain incompletely defined. We map the transcriptomic, proteomic, and surface-proteome changes induced by HSV-1 across the lytic infection cycle in human induced pluripotent stem cell–derived cortical glutamatergic neurons. HSV-1 drives extensive plasma-membrane remodeling, including the removal of voltage-gated sodium, potassium, and calcium channels, resulting in a profound loss of synchronous calcium signaling. We identify the viral ubiquitin-ligase adaptor pUL56 as the principal effector of this process: pUL56-dependent degradation of ion channels abolishes coordinated calcium signaling, whereas mutation of its E3-ligase–binding motifs preserves synchrony. Furthermore, expression of pUL56 alone is sufficient to abolish neuronal electrical activity. These findings establish pUL56 as a potent viral suppressor of neuronal excitability.",crossref,0
"Exposure route, not dose, is the primary driver of infection patterns for a respiratory virus",https://www.science.org/doi/abs/10.1126/sciadv.aei4853?af=R,AAAS: Science Advances: Table of Contents,2026-10-07 07:00:00 UTC,2026-10-07 07:00:00+00:00,10.1126/sciadv.aei4853,James O. Lloyd-Smith,"Infectious disease severity, shedding, and within-host kinetics can vary substantially with exposure dose, inoculation route, and host factors. However, the relative contributions of these variables to infection heterogeneity remain poorly quantified because small sample sizes in controlled in vivo experiments limit their statistical power and scientific scope. Here, by compiling and jointly analyzing the largest published database of nonhuman primate challenge experiments (107 studies; 721 animals), we show that exposure route drives SARS-CoV-2 infection kinetics more strongly than dose, age, sex, or species. Aerosol inoculation yields kinetics distinct from all other respiratory exposure routes. Route and dose jointly determine which tissues become infected, and 50% infectious doses vary greatly depending on the route of exposure and on the tissue sampled. Our findings underscore the central role of exposure route in pathogenesis and transmission, and highlight the untapped potential for quantitative, cross-study syntheses to extract additional insights from costly animal experiments.",crossref,0
Sensory receptor expansion and neural accommodation in butterfly color vision,https://www.science.org/doi/abs/10.1126/sciadv.aei7570?af=R,AAAS: Science Advances: Table of Contents,2026-10-07 07:00:00 UTC,2026-10-07 07:00:00+00:00,10.1126/sciadv.aei7570,Michael W. Perry,"The evolution of complex brains required the incorporation of newly evolved neurons into existing circuits, yet the genetic and developmental mechanisms enabling their integration remain poorly understood. Butterflies expanded their color vision by adding a second R7 photoreceptor per ommatidium, a rare departure from the conserved insect eye ground plan. Because each R7 makes an independent stochastic fate choice, this duplication increased the number of ommatidial types from two to three. We identified the genetic basis of this expansion and demonstrated how the brain accommodates the new input. R7 duplication was achieved by converting R3/4 cells to an R1/6 fate, triggering the R7 recruitment program on both sides of the ommatidium. By manipulating transcription factor expression in
                    Drosophila
                    , we engineered a “butterfly-fly” that recapitulates this ancient R7 duplication and three-type stochastic mosaic. In the fly brain, two R7 subtypes connect to specific types of Dm8 neurons, which are born in excess and undergo apoptosis if they fail to find synaptic partners. In our butterfly-fly model, these surplus Dm8s are immediately rescued and form subtype-appropriate connections. These findings suggest that population-level variation maintains a reservoir of potentially interacting neurons, providing a developmental substrate that allows the brain to immediately accommodate newly evolved neurons.",crossref,0
DNA nanodevice-engineered macrophages as living sensors for dual-mode in vivo monitoring of tumor-associated macrophage polarization,https://www.science.org/doi/abs/10.1126/sciadv.aej8942?af=R,AAAS: Science Advances: Table of Contents,2026-10-07 07:00:00 UTC,2026-10-07 07:00:00+00:00,10.1126/sciadv.aej8942,Xia Chu,"Exploiting macrophages as cell-autonomous reporters of their polarization states represents a promising strategy for interrogating tumor-associated macrophage (TAM) phenotypes in cancer. Here, we develop a macrophage-based sensing platform, termed eMφ. This platform is created by engineering macrophages with a modular and multiplexable DNA origami nanodevice to report TAM polarization states within the tumor microenvironment. Upon tumor infiltration, microenvironmental cues drive macrophage polarization, triggering the engineered system to convert endogenous signals (e.g., Arg1 or iNOS mRNA) into distinct, state-specific reporter outputs. The integration of local and circulating reporters enables compartment-resolved, multiscale readouts of macrophage state. Following intravenous administration, eMφ facilitates tumor detection across multiple murine models, including B16F10 melanoma and lung metastasis, and enables precise evaluation of macrophage-reprogramming immunotherapy. Overall, this work establishes DNA nanodevice-programmed macrophages as a novel class of synthetic-living hybrid systems, paving the way for programmable and precise immune-state diagnostics and therapy.",pubmed,0
Wafer-scale synthesis of WSe2 for high-performance p-type top-gated transistors and logic circuits,https://www.science.org/doi/abs/10.1126/sciadv.aef4354?af=R,AAAS: Science Advances: Table of Contents,2026-10-07 07:00:00 UTC,2026-10-07 07:00:00+00:00,10.1126/sciadv.aef4354,Jong-Hyun Ahn,"Two-dimensional (2D) transition metal dichalcogenides (TMDs) offer a promising pathway for next-generation electronics due to their exceptional electrical characteristics at atomically thin thickness. Nevertheless, the realization of high-quality p-type 2D-FETs remains a significant challenge for CMOS device integration due to surface damage and unintended n-doping induced during dielectric deposition. In this work, we report the wafer-scale synthesis of p-type WSe
                    2
                    films using metal-organic chemical vapor deposition and the fabrication of top-gate p-FETs through a buffer layer strategy, which provides superior electrostatic control and channel stability. The transistors exhibit excellent p-type performance, achieving a hole mobility of 10.49 ± 2.35 cm
                    2
                    V
                    −1
                    s
                    −1
                    with on/off current ratio exceeding 10
                    9
                    . By leveraging the process’s scalability, which ensures uniform and damage-free fabrication, we successfully produced reliable wafer-scale PMOS logic circuits. This study provides a scalable, damage-free integration solution for 2D electronics, paving the way for the practical realization of all 2D-based high-density electronics and circuits.",crossref,0
Dynamic self-polarization of the nuclear spins in a GaAs quantum well,https://www.science.org/doi/abs/10.1126/sciadv.aeh7568?af=R,AAAS: Science Advances: Table of Contents,2026-10-07 07:00:00 UTC,2026-10-07 07:00:00+00:00,10.1126/sciadv.aeh7568,Manfred Bayer,"We demonstrate the self-polarization regime of nuclear spins, originally predicted in 1972 by Dyakonov and Perel and achieved here by lattice temperature reduction into the millikelvin range. We first identify a gallium arsenide-based quantum well structure as highly suited by demonstrating a high nuclear spin polarization, corresponding to an Overhauser field of 3.1 tesla, using optical spin pumping at 1.6-kelvin lattice temperature. Here, adiabatic demagnetization leads to a nuclear spin temperature of 6.4 microkelvins, detected by time-resolved Kerr rotation. By measuring polarized photoluminescence and entering the lattice temperature regime below 500 millikelvins, a sharp zero-field feature in the Hanle electron spin depolarization curve evidences the dynamic nuclear self-polarization under unpolarized optical excitation. The self-polarization results in ultralow nuclear spin temperatures, which we estimate to become as low as 200 nanokelvins.",crossref,0
Optical resolution of H/D isotopic chirality via asymmetric C–H amination,https://www.science.org/doi/abs/10.1126/sciadv.aed4187?af=R,AAAS: Science Advances: Table of Contents,2026-10-07 07:00:00 UTC,2026-10-07 07:00:00+00:00,10.1126/sciadv.aed4187,Yuuya Kawasaki,"Isotopic chirality arising from hydrogen/deuterium substitution has long resisted optical resolution because isotopic substitution introduces only minimal stereochemical differences, rendering such molecules structurally pseudo-achiral. Recognizing that the small yet distinct difference in C–H/C–D bond dissociation energies (BDEs) creates an energetic asymmetry, we envisioned that an enantioselective C–H functionalization exploiting this disparity could achieve the kinetic resolution of isotopically chiral molecules. Here, we report a catalytic method for the optical resolution of benzylic and allylic H/D isotopic chirality. This method achieved a remarkably high separation factor (
                    S
                     = 83.1), enabling the isolation of highly enantioenriched isotopically chiral substrates from racemic mixtures and revealing retention of stereochemical memory during radical recombination in asymmetric C–H functionalization.",crossref,0
Machine learning–assisted directed evolution of plant Rubisco,https://www.science.org/doi/abs/10.1126/sciadv.aeh3246?af=R,AAAS: Science Advances: Table of Contents,2026-10-07 07:00:00 UTC,2026-10-07 07:00:00+00:00,10.1126/sciadv.aeh3246,Robert H. Wilson,"Ribulose-1,5-bisphosphate carboxylase/oxygenase (Rubisco) is foundational to life on Earth, catalyzing carbon dioxide (CO
                    2
                    ) fixation to generate biomass. However, Rubisco is a slow and inefficient enzyme that has proven challenging to engineer. We applied the structure-informed machine learning (ML) model ESM-IF1 to identify plausible amino acid sites in the large subunit of
                    Nicotiana tabacum
                    Rubisco to target for directed evolution. ML-assisted library design followed by selection in Rubisco-dependent
                    Escherichia coli
                    identified multiple enriched variants displaying improved catalytic efficiency. Several improved variants carried amino acid changes not found in the evolutionary lineage of plants, despite being assembly competent in plant chloroplasts, demonstrating that ML-assisted protein design can explore functional sequence space beyond what is observed from natural sequence diversity. Most prominently, the T391I substitution improved carboxylation rate by 29% and aerobic carboxylation efficiency by 43%. Our findings illustrate the utility of ML-assisted evolution for engineering Rubisco with improved carboxylation efficiency and potential for enhancing crop productivity.",crossref,0
"Correction for Callaway et al., Nanoscale dynamics of the cadherin–catenin complex bound to vinculin revealed by neutron spin echo spectroscopy",https://www.pnas.org/doi/abs/10.1073/pnas.2633431123?mi=eymic2&af=R&access=on&content=articlesChapters&publication=pnas&sortBy=Earliest&target=default,Proceedings of the National Academy of Sciences: Keyword search for query,2026-10-07 07:00:00 UTC,2026-10-07 07:00:00+00:00,10.1073/pnas.2633431123,,,,0
A solid magnesium zincate for hydrogen-methane evolution,https://www.science.org/doi/abs/10.1126/sciadv.aej2622?af=R,AAAS: Science Advances: Table of Contents,2026-10-07 07:00:00 UTC,2026-10-07 07:00:00+00:00,10.1126/sciadv.aej2622,Ajay Venugopal,"Hydrogen-methane blends are gaining attention as transitional fuels, but their safe storage and controlled release remain a challenge. Advancing this approach necessitates the development of compounds and materials capable of solid-state storage of mixed fuel gases. Molecular precursors capable of delivering both gases from a single source are not known. In this context, we report a low–molecular weight magnesium hydridomethylzincate, Mg[(CH
                    3
                    )ZnH
                    3
                    ], a crystalline, hydride-rich organometallic compound that does not rely on bulky supporting ligands. Under solvent-free, anaerobic conditions, it releases hydrogen and methane at temperatures as low as 80°C via reductive elimination, leaving behind elemental magnesium and zinc. The ability to liberate mixed fuel gases at relatively low temperatures underscores the potential of well-defined organometallic compounds as single-source precursors for these gases.",crossref,0
A biohybrid mesh harvester for distributed energy harvesting in living tissues,https://www.science.org/doi/abs/10.1126/sciadv.aei5963?af=R,AAAS: Science Advances: Table of Contents,2026-10-07 07:00:00 UTC,2026-10-07 07:00:00+00:00,10.1126/sciadv.aei5963,Jun Yao,"Harnessing bio-origin resources for energy conversion offers a promising pathway toward energy sustainability matched to biosystems, addressing a fundamental limitation in powering bio-integrated electronics. However, existing approaches by integrating harvesters onto continuous substrates follow a “centralized” paradigm that differs markedly from the inherently distributed energy conversion found in living tissues, limiting both biocompatibility and scalability. We demonstrate a distributed harvesting strategy by integrating individual harvesting units within a mesh network that closely mimics the structural and mechanical properties of biological tissues. This architecture enables seamless embedding within in vitro cardiac tissue to form a bio-hybridization with cellular-scale intimacy across both device and substrate, transcending conventional approaches limited to a surface contact. This strategy achieves effective energy density more than an order of magnitude higher than that of existing approaches based on the centralized paradigm. While the concept is currently demonstrated in an in vitro cardiac system for converting biomechanical energy, the approach can provide a generalizable framework for integrating diverse energy-harvesting modalities and offers a pathway toward in vivo biohybrid systems.",crossref,0
MIMAS: An open-source microlens-array miniature microscope for accessible large-field cortical imaging in freely behaving mice,https://www.science.org/doi/abs/10.1126/sciadv.aei8743?af=R,AAAS: Science Advances: Table of Contents,2026-10-07 07:00:00 UTC,2026-10-07 07:00:00+00:00,10.1126/sciadv.aei8743,Liangyi Chen,"Large-scale cortical dynamics during natural behavior are difficult to measure because head-mounted imaging systems must balance field of view, spatial resolution, weight, and optical complexity. Existing wide-field miniature microscopes often rely on compound or custom-corrected optical assemblies, which increase device complexity and limit accessibility for laboratories without specialized optics expertise. Here, we present the Miniature Integrated Microlens Array System (MIMAS), an open-source head-mounted fluorescence microscope that replaces conventional multi-element optics with a 4 × 5 microlens array as its sole imaging element. By combining modular subfield acquisition with computational registration and stitching, MIMAS achieves cellular-resolution imaging across an approximately 4 × 4.5 mm
                    2
                    field of view while weighing only 2.31 g. In freely behaving mice with sparse labeling of layer 2/3 cortical neurons, MIMAS enabled simultaneous calcium imaging across multiple dorsal cortical regions, with signals extracted from thousands of neurons. This broad sampling captured distributed cortical activity related to locomotor state and sparse position-modulated responses during open-field exploration without detectable disruption of locomotion or loss of signal quality over 30 min of recording. Beyond neuronal imaging, MIMAS also supported wide-field vascular imaging and resolved vessel caliber-dependent hemodynamic responses to isoflurane. These results establish MIMAS as a lightweight, accessible, and versatile platform for large-scale fluorescence imaging in freely behaving mice and demonstrate an alternative strategy for wide-field cortical imaging that lowers the optical complexity barrier for individual laboratories.",crossref,0
Rod photoreceptors have a dual dependency on both aerobic glycolysis and OXPHOS and diverge metabolically from other retinal neurons,https://www.science.org/doi/abs/10.1126/sciadv.aeg8687?af=R,AAAS: Science Advances: Table of Contents,2026-10-07 07:00:00 UTC,2026-10-07 07:00:00+00:00,10.1126/sciadv.aeg8687,Christian Grimm,"The retina metabolizes glucose into lactate, a hallmark of aerobic glycolysis known as the Warburg effect. Although evidence points to rod photoreceptors as the primary source of aerobic glycolysis, a comparison of the energy metabolism in different retinal neurons has yet to be performed. We combined two-photon fluorescence lifetime imaging of biosensors with pharmacological protocols to analyze metabolic dynamics in healthy and diseased rod photoreceptors and RBPMS-positive ganglion and calretinin-positive amacrine cells. Our data reveal distinct metabolic profiles among retinal neurons, identify rods as the drivers of aerobic glycolysis, demonstrate that inner retinal neurons rely on oxidative phosphorylation, show that rods need both glycolysis and oxidative phosphorylation to maintain ATP levels, and suggest that rods can metabolize lactate. A mutation causing retinitis pigmentosa increases lactate production in rods but changes the energy metabolism only subtly otherwise. Our results improve the understanding of retinal physiology and are relevant for pathologies involving imbalanced energy metabolism.",crossref,0
Packing-accelerated consecutive NIR excitation (PACE) enables high energy photocatalysis and antitumor immunity in vivo,https://www.science.org/doi/abs/10.1126/sciadv.aeg3842?af=R,AAAS: Science Advances: Table of Contents,2026-10-07 07:00:00 UTC,2026-10-07 07:00:00+00:00,10.1126/sciadv.aeg3842,Yuling Xiao,"Near-infrared (NIR) photocatalysis promises deep-tissue compatibilities but remains fundamentally constrained by two bottlenecks: insufficient photon energy and rapid charge recombination. Here, we report packing-accelerated consecutive excitation (PACE), a mechanism enabling low energy near-infrared (NIR) photons to drive high energy single electron transfer (SET) reactions. We design a self-assembling ruthenium complex,
                    Ru-3
                    , that forms densely packed nanoaggregates exhibiting aggregation-stabilized excited states, a pronounced excited state absorption band at ∼1315 nm, and nanosecond scale triplet lifetimes. Under dual NIR-I/IIa irradiation (808 nm/1310 nm),
                    Ru-3
                    nanoparticles exhibit photophysical behavior consistent with consecutive photon harvesting and access to a higher-energy reactive state that supports efficient SET catalysis under aqueous conditions. This PACE-driven reactivity enables robust oxidation of mitochondrial NADH to NAD
                    +
                    , disrupting electron-transport homeostasis, inducing cGAS-STING dependent pyroptosis, and reprogramming tumor-associated macrophages toward an M1 phenotype. In multiple murine tumor models, PACE-mediated photocatalysis elicits strong antitumor immunity and leads to tumor regression with minimal systemic toxicity. This work establishes PACE as a new photochemical paradigm that overcomes the intrinsic energy and charge-separation limits of NIR photoredox chemistry, opening a route toward high-energy photocatalysis in complex biological environments.",crossref,0
Solution-processed organic infrared photodetectors operating beyond 1.4 μm for sensitive environmental monitoring,https://www.science.org/doi/abs/10.1126/sciadv.aeg4558?af=R,AAAS: Science Advances: Table of Contents,2026-10-07 07:00:00 UTC,2026-10-07 07:00:00+00:00,10.1126/sciadv.aeg4558,Yuze Lin,"Photon energies in the short-wave infrared (SWIR) beyond 1.4 μm enable access to vibrational-overtone signatures of O–H, C–H, and N–H bonds in pollutants and waste materials, offering an imaging-based nondestructive approach for environmental monitoring. However, current SWIR imaging technologies rely on costly epitaxial semiconductors incompatible with monolithic integration, limiting consumer-grade deployment. Here we report a cost-effective organic SWIR imager with response beyond 1.4 μm, integrating high-detectivity organic photodetectors (OPDs) with amorphous silicon thin-film transistors via solution processing. The developed highly-ordered SWIR organic semiconductors with (halogenated) thiophene-fused quinoid terminals exhibit ultra-narrow optical bandgaps of 0.68–0.94 eV and Urbach energies down to 23 meV. The SWIR OPDs achieve spectral response from 0.3 μm to 1.5–1.7 μm with responsivities up to ∼0.1 A W
                    −1
                    and specific detectivities of 2.03–4.60 × 10
                    10
                    Jones at 1.4 μm. The active-matrix SWIR imagers achieve accurate oil-leak monitoring in simulated seawater (R
                    2
                     = 0.993–0.997) and reliable waste-textile classification (silhouette score = 0.824), demonstrating their capabilities in environmental monitoring.",crossref,0
Surface temperatures drive strong seasonality in urban reactive carbon emissions,https://www.science.org/doi/abs/10.1126/sciadv.aef9622?af=R,AAAS: Science Advances: Table of Contents,2026-10-07 07:00:00 UTC,2026-10-07 07:00:00+00:00,10.1126/sciadv.aef9622,Delphine K. Farmer,"Urban air quality is affected by diverse volatile organic compounds (VOCs), and prior studies reveal a need to understand their seasonal sources. We combine high-resolution mass spectrometry with eddy covariance to quantify VOC fluxes from an urban/suburban New York site during summer and winter. Emissions are strongly seasonal: During summer, twice as many VOCs undergo surface-atmosphere exchange, and molar and reactivity-based fluxes are 2 to 4× higher than in winter. Temperature-dependent emissions from volatile chemical products (VCPs), vegetation, and residences dominate during summer. Ethanol alone accounts for ∼25% of the total flux. During winter, temperature-dependent emissions are reduced and traffic sources dominate. An updated inventory agrees with summer observations within 40% but overestimates winter fluxes by &gt;2.5×. The winter discrepancy reflects overestimated VCP/cooking emissions and missing temperature-dependent volatilization. Results highlight the need to account for seasonal and temperature-dependent urban emissions to support pollution and mitigation assessment in the context of global change.",crossref,0
"Plenty of fish in the sea, but only one multimodal feather star robot",https://www.science.org/doi/abs/10.1126/sciadv.aem0495?af=R,AAAS: Science Advances: Table of Contents,2026-10-07 07:00:00 UTC,2026-10-07 07:00:00+00:00,10.1126/sciadv.aem0495,Nicole W. Xu,A feather star–inspired soft swimming robot achieves multimodal 3D maneuverability with minimal actuation using a mechanically intelligent body design.,crossref,0
Embryos resolve the enigmatic origin of the theropod wishbone,https://www.science.org/doi/abs/10.1126/sciadv.aeh7555?af=R,AAAS: Science Advances: Table of Contents,2026-10-07 07:00:00 UTC,2026-10-07 07:00:00+00:00,10.1126/sciadv.aeh7555,Alexander O. Vargas,"The origin of the avian wishbone (furcula)—present since theropod dinosaurs—remains unsolved. Its homology is still debated, with competing hypotheses proposing derivation from the clavicles, the interclavicle, or both. To obtain comparative developmental evidence, we studied ossification and pre-ossification mesenchymal condensations in a broad sample of birds and non-avian reptiles. Relative positions of paired condensations and their ossification centers support homology between the lateral arms of the furcula and reptilian clavicles. However, in the palaeognathous bird
                    Nothoprocta perdicaria
                    , we observed a separate interclavicle-like medial condensation. It quickly fuses with the clavicular condensations but then develops its own ossification center. The phylogenetic distribution of this developmental pattern across reptiles and birds supports a composite origin of the furcula from clavicles and the interclavicle. Early fusion of condensations leads to seamless integration, which may explain why fossil evidence of this composite origin has remained elusive.",crossref,0
Dopamine release-associated striatal blood oxygenation and whole-brain dynamics during associative learning,https://www.science.org/doi/abs/10.1126/sciadv.aed0935?af=R,AAAS: Science Advances: Table of Contents,2026-10-07 07:00:00 UTC,2026-10-07 07:00:00+00:00,10.1126/sciadv.aed0935,Itamar Kahn,"Dopaminergic signaling in the nucleus accumbens (NAc) is central to reward-based learning, but its relationship to brain-wide hemodynamics remains unclear. Using concurrent fMRI and dopamine photometry in awake, behaving mice, we reveal that associative learning induces a gradual temporal shift in NAc blood oxygenation responses that mirrors dopamine release dynamics. This shift emerges with cue-reward learning and extends across a distributed network encompassing the lateral septal complex, as well as prefrontal, insular, and hypothalamic regions. Further, dopamine transients tightly correspond with local blood oxygenation level dependent (BOLD) signals, and variations in reward value modulate delayed BOLD responses in both the NAc and additional subcortical structures. Regressing out the measured dopaminergic signal abolishes this reward-related modulation, suggesting that BOLD signals track dopaminergic reward prediction. These findings reveal a close relationship between dopamine signaling and widespread changes in brain activity during learning.",crossref,0
Vaccine data suggest immunity could mitigate dementia. What’s the biology behind these apparent effects?,https://www.pnas.org/doi/abs/10.1073/pnas.2633554123?mi=eymic2&af=R&access=on&content=articlesChapters&publication=pnas&sortBy=Earliest&target=default,Proceedings of the National Academy of Sciences: Keyword search for query,2026-10-07 07:00:00 UTC,2026-10-07 07:00:00+00:00,10.1073/pnas.2633554123,Jyoti Madhusoodanan,,,0
Specific expertise from diffuse feedback: A feedforward-gated mechanism,https://www.science.org/doi/abs/10.1126/sciadv.aeh5972?af=R,AAAS: Science Advances: Table of Contents,2026-10-07 07:00:00 UTC,2026-10-07 07:00:00+00:00,10.1126/sciadv.aeh5972,Yin Yan,"Perceptual learning improves sensory sensitivity through practice but is typically specific to trained stimuli. Two contrasting accounts have been proposed: fine-tuning of feature-selective neurons in early sensory cortex, which raises a stability-plasticity dilemma, and reweighting of stable sensory inputs by higher-level readout. To reconcile these views, we recorded neuronal populations in macaque visual area V4 during training on a camouflaged collinear contour detection task. Behavioral improvements were strictly orientation specific, yet learning-related neural enhancements were unexpectedly widespread, regardless of neuronal tuning. Critically, these enhancements were confined to late, feedback-influenced response components, whereas early feedforward activity remained stable. These results support a feedforward-gated feedback mechanism: Learning potentiates higher-order representations that deliver diffuse feedback, broadly recruiting early cortical neurons, while behavioral specificity arises because this modulation is gated by feature-selective feedforward inputs associated with the trained stimulus. Rather than being sequestered in a single locus or process, perceptual expertise emerges from hierarchical, bidirectional interactions that enable learning while preserving core sensory stability.",pubmed,0
Neanderthal woodworking at Abric Romaní: Insights into the role of wood in a Middle Palaeolithic domestic context,https://www.science.org/doi/abs/10.1126/sciadv.aeh2287?af=R,AAAS: Science Advances: Table of Contents,2026-10-07 07:00:00 UTC,2026-10-07 07:00:00+00:00,10.1126/sciadv.aeh2287,Josep Vallverdú,"Wood technology likely played a key role in human evolution, yet it remains poorly documented because organic materials rarely preserve in archaeological contexts. The Middle Palaeolithic site of Abric Romaní (Capellades, Barcelona) provides exceptional evidence of Neanderthal woodworking preserved through travertine incrustation. We document 597 wooden imprints and charred wood remains recovered from 16 archaeological levels dated between ∼62,000 and 40,000 years ago. The assemblage includes wood imprints, charred wood imprints, and charred macroremains, among which several anthropogenic objects can be identified. These include tools and weapons, domestic artifacts, and structural elements, revealing a wide range of woodworking activities. Key discoveries include wooden spears, pointed sticks, and domestic objects such as trays and tripods. A club-like artifact recovered from level P represents a unique object with no clear parallel in the prehistoric record. The Abric Romaní assemblage highlights the importance of wood within Neanderthal technological systems and provides previously unknown insights into the role of organic materials in Middle Palaeolithic societies.",crossref,0
Bioinspired negative-curvature monomer architecture accelerates on-surface topochemical polymerization,https://www.pnas.org/doi/abs/10.1073/pnas.2602553123?mi=eymic2&af=R&access=on&content=articlesChapters&publication=pnas&sortBy=Earliest&target=default,Proceedings of the National Academy of Sciences: Keyword search for query,2026-10-07 07:00:00 UTC,2026-10-07 07:00:00+00:00,10.1073/pnas.2602553123,Shelley A. Claridge,"On-surface chemical reactions are often limited by competing requirements for long range molecular order and the local atomic scale dynamics needed for bond formation. In many topochemical reactions, including diacetylene photopolymerization, alkyl-chain ordering provides the required geometric registry but can also restrict the conformational motion necessary for efficient reaction. Here, we show that bioinspired phospholipid architectures accelerate topochemical polymerization at interfaces by introducing multiple, distinct forms of packing frustration that operate on both molecular and nanoscopic scales. Diacetylene phosphocholines (dPCs) and phosphoethanolamines (dPEs), when confined to striped lamellar morphologies on graphitic substrates, undergo substantially faster on-surface photopolymerization than structurally analogous 10,12-tricosadiynoic acid (TCDA) monolayers (t
                    1/2
                    ~ 36 min for TCDA, 26 min for dPC, and 3 min for dPE). Molecular dynamics simulations show that topological constraints imposed by the glycerol linkage reduce alkyl-chain segmental order in both phospholipids, increasing the frequency of short separation distances between bond-forming carbons required for reaction. For dPE, typically considered a negative-curvature phospholipid, confinement to a lamellar geometry also frustrates directional headgroup hydrogen bond networks, further increasing reactivity. Together, these results identify complementary mechanisms by which topologically constrained monomers can accelerate on-surface reactions through hierarchical packing frustration. Building on this framework, we design a monomer that exhibits rapid on-surface reaction kinetics.",crossref,0
Bone morphogenetic protein signaling as a key regulator of retinal fibrosis,https://www.pnas.org/doi/abs/10.1073/pnas.2603111123?mi=eymic2&af=R&access=on&content=articlesChapters&publication=pnas&sortBy=Earliest&target=default,Proceedings of the National Academy of Sciences: Keyword search for query,2026-10-07 07:00:00 UTC,2026-10-07 07:00:00+00:00,10.1073/pnas.2603111123,Mohamed Al-Shabrawey,"Retinal fibrosis is a blinding complication of proliferative diabetic retinopathy (PDR), proliferative vitreoretinopathy (PVR), age-related macular degeneration (AMD) and idiopathic epiretinal membrane (iERM), yet effective therapies remain lacking. The purpose of this study was to investigate the role of BMP2 and BMP4 (BMP2/4)–activin receptor-like kinase (ALK) signaling in retinal fibrosis. BMP2 was detected in the vitreous of PDR, PVR, and rhegmatogenous retinal detachment (RRD) samples at concentration of 70, 180, and 85 pg/mL respectively, whereas it was present only at trace levels or was undetectable in the vitreous of macular hole and idiopathic ERM samples (~0.1 pg/mL). PDR, PVR, and idiopathic ERMs exhibited strong immunoreactivity for BMP2, BMP4, ALK3 (Bmpr1a), pSMAD1/5/9, and pSMAD4. Formation of preretinal fibronectin-containing membranes resulted from intravitreal injection of wild-type mice with BMP2 and similar membranes formed in mice expressing constitutively active ALK3 (caBmpr1a). The presence of preretinal membrane in
                    caBmpr1a
                    was confirmed by optical coherence tomography. The limited hyperoxia-induced proliferative retinopathy (LIHPR) model demonstrated a progressive increase in the retinal expression of BMP2 and BMP4and development of preretinal membrane. Administration of BMP/ALK inhibitor LDN193189 induced regression of the preretinal membrane in LHIPR. BMP2 and BMP4 induced a significant increase in the expression of Glial Fibrillary Acidic Protein (GFAP), fibronectin, and collagen-VI in cultured rat Muller glial cells, and increased fibronectin was reversed by BMP/ALK inhibition. BMP2 also significantly upregulated fibronectin and activated matrix metalloproteinase-2 in human retinal endothelial cells. These findings support BMP2/4–ALK signaling as a potential mediator and therapeutic target in retinal fibrosis.",crossref,0
Hyperfunction of PSD-95 leads to hyperexcitability and cognitive abnormalities in MEF2C haploinsufficiency,https://www.pnas.org/doi/abs/10.1073/pnas.2606341123?mi=eymic2&af=R&access=on&content=articlesChapters&publication=pnas&sortBy=Earliest&target=default,Proceedings of the National Academy of Sciences: Keyword search for query,2026-10-07 07:00:00 UTC,2026-10-07 07:00:00+00:00,10.1073/pnas.2606341123,Nien-Pei Tsai,"Myocyte enhancer factor 2C (MEF2C) is a transcription factor critical for brain circuit development and cognitive behavior. The loss of one copy of MEF2C leads to MEF2C haploinsufficiency syndrome (MCHS), a neurodevelopmental disorder characterized by intellectual disability, epilepsy, and behavioral phenotypes associated with autism spectrum disorders. Given that numerous genes are regulated by MEF2C, the neuronal and behavioral deficits in MCHS are complex, and there is currently no effective disease-modifying strategy for this disorder. Here, we show that MEF2C haploinsufficiency in forebrain excitability neurons led to an elevation of postsynaptic density protein 95 (PSD-95) in mice. This elevation of PSD-95 coincided with an increased number of structural synapses, facilitated surface expression of N-methyl-D-aspartate (NMDA) receptors, augmented neuronal excitability, and increased susceptibility to seizures. Knocking down PSD-95 or inhibiting the interaction between PSD-95 and NMDA receptors efficiently reduced hyperexcitability phenotypes in MEF2C haploinsufficiency. Most importantly, knocking down PSD-95 significantly improved cognitive behaviors in mice with MEF2C haploinsufficiency. In summary, our study revealed a mechanism underlying hyperexcitability and cognitive defects associated with MCHS and suggests PSD-95 as a therapeutic target for MCHS.",crossref,0
MATRIN3 deficiency in human cells triggers an autoinflammatory response via cGAS–STING activation,https://www.pnas.org/doi/abs/10.1073/pnas.2608835123?mi=eymic2&af=R&access=on&content=articlesChapters&publication=pnas&sortBy=Earliest&target=default,Proceedings of the National Academy of Sciences: Keyword search for query,2026-10-07 07:00:00 UTC,2026-10-07 07:00:00+00:00,10.1073/pnas.2608835123,Stefan A. Muljo,"MATRIN3 (MATR3) is a broadly expressed nuclear RNA-binding protein. However, the mechanisms by which MATR3 maintains human cellular health remain poorly understood. In this study, we employed gene editing to model MATR3 deficiency in human induced pluripotent stem cells (iPSCs) and the HAP1 haploid cell line. To investigate the consequences of MATR3 loss-of-function, we profiled gene expression changes by RNA sequencing, which revealed significant upregulation of interferon-stimulated genes (ISGs) in MATR3-deficient cells, indicating activation of innate immune signaling. To elucidate the mechanism underlying ISG upregulation, we identified direct targets of MATR3 using photoactivatable ribonucleoside-enhanced crosslinking and immunoprecipitation (PAR-CLIP). In one of these targets,
                    TDRD3
                    , a gene required for R-loop metabolism in conjunction with Topoisomerase III Beta (
                    TOP3B
                    ),
                    MATR3
                    loss induced the incorporation of a 53-nucleotide-long poison exon that triggered nonsense-mediated decay and subsequent reduction in its expression. Consistent with dysfunction of the TDRD3–TOP3B complex, MATR3 loss led to the aberrant accumulation of cytoplasmic RNA–DNA hybrids, which activated the inflammatory cGAS–STING pathway. These findings uncover a previously unrecognized role of MATR3 in maintaining RNA processing fidelity and cellular homeostasis, and establish a mechanistic link between MATR3 dysfunction and innate immune activation. This molecular cascade has significant implications, hinting at a plausible disease mechanism underlying MATR3-associated neurodegenerative diseases, and other conditions of MATR3 deficiency yet to be discovered. Furthermore, these molecular insights provide potential avenues for diagnosing and treating MATR3 loss-of-function in humans.",crossref,0
Density-dependent aggregation underlies spatial self-organization in coastal dunes,https://www.pnas.org/doi/abs/10.1073/pnas.2610711123?mi=eymic2&af=R&access=on&content=articlesChapters&publication=pnas&sortBy=Earliest&target=default,Proceedings of the National Academy of Sciences: Keyword search for query,2026-10-07 07:00:00 UTC,2026-10-07 07:00:00+00:00,10.1073/pnas.2610711123,Max Rietkerk,"Across coastal ecosystems, habitat-forming organisms interact with wind and water to generate biogeomorphic feedbacks that produce spatially patterned landscapes. Such spatial patterns can emerge through different self-organizing mechanisms, with contrasting implications for ecosystem resilience. Here, we test whether spatial dynamics in developing coastal dunes are better explained by scale-dependent feedback or by density-dependent aggregation (DDA), the latter being a more recently proposed mechanism of spatial self-organization. Using high-resolution aerial imagery and coupled time series of elevation, we tracked the spatial dynamics of dune-grass patches and sand accumulation during early dune development. Rather than converging toward a dominant size or spacing, both dune-grass patches and the dune bodies they collectively form coarsened through time, with self-similar size distributions shifting toward larger scales. Sand accumulation was disproportionately concentrated in already-dense vegetation, with a density–growth relationship that changes sign at a critical threshold. Together, these findings are consistent with DDA rather than scale-dependent feedback as the dominant mechanism of spatial self-organization in developing coastal dunes. The resulting density–growth relationship implies threshold-dependent resilience to local disturbances. Once local vegetation density falls below a critical point, decline is self-reinforcing rather than self-dampening, with direct consequences for how dune disturbance and recovery are understood and managed.",crossref,0
Neutralization titers reveal the structure of polyclonal antibody responses,https://www.pnas.org/doi/abs/10.1073/pnas.2612096123?mi=eymic2&af=R&access=on&content=articlesChapters&publication=pnas&sortBy=Earliest&target=default,Proceedings of the National Academy of Sciences: Keyword search for query,2026-10-07 07:00:00 UTC,2026-10-07 07:00:00+00:00,10.1073/pnas.2612096123,Aleksandra M. Walczak,"The composition of a polyclonal antibody response is hard to measure experimentally but contains vital information about the robustness of immunity. Here, we argue that the statistics of neutralization titers alone can be used to make quantitative predictions about the composition of the response, circumventing challenges arising through sequencing and monoclonal antibody expression. We show that the response against influenza within a cohort can be either driven by a collective phenomenon where many antibodies contribute to neutralization, or dominated by just a few strong binders, leading to a broad distribution of titers across individuals described by a Gumbel distribution from extreme value theory. Comparing titers across cohorts, we find that Gumbel statistics accurately describe individuals prior to an immune challenge. We propose an equilibrium binding model that quantitatively captures titer data and illustrates the structure of the polyclonal response. Our approach extends generically to immune responses to other pathogens.",crossref,0
Everyday adaptation in a gilded trap: Risk-taking and resilience in Maine’s lobster fishery,https://www.pnas.org/doi/abs/10.1073/pnas.2613270123?mi=eymic2&af=R&access=on&content=articlesChapters&publication=pnas&sortBy=Earliest&target=default,Proceedings of the National Academy of Sciences: Keyword search for query,2026-10-07 07:00:00 UTC,2026-10-07 07:00:00+00:00,10.1073/pnas.2613270123,Joshua S. Stoll,"Flexibility is widely regarded as an enabling factor of adaptive capacity among natural resource users. Yet, as ecological systems around the world become increasingly simplified and social environments reduce diversification options, flexibility is becoming limited. Despite this trend, efforts to study how people adapt within the confines of constrained social–ecological systems have been sparse. Here, we broaden the analysis of resilience through a study of the American lobster fishery in Maine, United States, one of the most valuable fisheries in the world. Drawing on 307,000 observations from 3,515 harvesters over a 13-y period (2010–2022), we used a generalized linear mixed-effects model to analyze how sociodemographic characteristics, economic conditions, and time shape the probability of fishing during poor weather conditions, which we define as high-risk. We find demographic and socioeconomic heterogeneity in risk-taking: Men, mid-career harvesters, and captains of larger businesses were more likely to fish in risky conditions, and both low landings and high catch prices increased risk-taking. Contrary to our prediction, however, we observed an overall decline in risk-taking through time. We argue that harvesters instead relied on everyday adaptation—individual-scale, short- and medium-term adjustments in business strategy that occur within the constraints of the existing social–ecological system—to maintain resilience without increasing risk. Observable shifts in fleet composition, including use of larger vessels and higher-capacity licenses, lend support to this understanding. These results suggest that even in highly constrained social–ecological systems, protected response spaces and comanagement structures can enable often overlooked forms of flexibility.",crossref,0
The NAC transcription factor SOMBRERO controls auxin gradients for columella root cap maturation and turnover,https://www.pnas.org/doi/abs/10.1073/pnas.2615485123?mi=eymic2&af=R&access=on&content=articlesChapters&publication=pnas&sortBy=Earliest&target=default,Proceedings of the National Academy of Sciences: Keyword search for query,2026-10-07 07:00:00 UTC,2026-10-07 07:00:00+00:00,10.1073/pnas.2615485123,Byung-Ho Kang,"The plant root cap consists of continuously renewed cells that collectively protect meristematic stem cells, sense environmental stimuli, and guide root growth direction. Auxin gradients within the root cap are essential for cell turnover, root responses to external cues, and root cap development. However, our understanding of how the auxin gradient is established and maintained remains limited. Here, we show that the root cap-specific NAC transcription factor SOMBRERO (SMB), previously implicated in root cap maturation, turnover, and programmed cell death, coordinates auxin homeostasis, and signaling in the columella root cap. Inactivation of SMB (
                    smb-3
                    ) disrupted the subcellular maturation program of root cap cells and diminished the auxin response gradient in the columella root cap. Root tip-specific transcriptomic profiling of wild-type (Col-0) and
                    smb-3
                    revealed that transcript levels of auxin biosynthesis, transport, and signaling were significantly altered in
                    smb-3
                    . EMSA and promoter reporter assays further showed that SMB binds promoter fragments of multiple auxin-related genes and modulates their transcriptional activity, supporting a transcriptional role for SMB in auxin regulation. Perturbation of auxin transport impaired Golgi remodeling, xylogalacturonan accumulation, and border-like cell turnover. Exogenous auxin partially restored Golgi morphology but failed to rescue root cap organization and border-like cell turnover, indicating that proper auxin dynamics, rather than auxin levels alone, are required for root cap development. Taken together, these results extend previous understanding of SMB function and identify SMB as a versatile transcription factor that coordinates auxin dynamics with Golgi remodeling and root cap turnover.",crossref,0
Human trilayer engineered blood vessel reveals influence of fibroblasts on disease progression in model of Hutchinson-Gilford progeria,https://www.science.org/doi/abs/10.1126/sciadv.aeh3785?af=R,AAAS: Science Advances: Table of Contents,2026-10-07 07:00:00 UTC,2026-10-07 07:00:00+00:00,10.1126/sciadv.aeh3785,George A. Truskey,"In vitro models of vascular disease have focused primarily on the pathophysiology of smooth muscle cell (SMC) or endothelial cell (EC). Adventitial fibroblasts can contribute to disease progression, but their specific influence is not well understood in different disease contexts. To elucidate fibroblast’s impact on vascular pathology, we developed trilayer tissue-engineered blood vessels (TEBVs) with SMCs, ECs, and fibroblasts. We modeled atherosclerosis in the accelerated aging disease, Hutchinson-Gilford progeria syndrome (HGPS). HGPS fibroblasts substantially elevated several features of the vascular pathology. Correcting the HGPS-associated mutation using base editing returned many disease characteristics to healthy levels. By generating TEBVs with different combinations of vascular cells with or without the HGPS mutation, we found that fibroblasts contributed to extracellular matrix dysregulation and fibrotic signaling, SMCs to collagen accumulation, and ECs to inflammation. These results clarify the poorly understood influence of fibroblasts in progression of HGPS vascular pathology. The trilayer TEBV model could enable further mechanistic insights or therapeutic discovery for other vascular diseases.",crossref,0
Geometric criterion for capillary thread breakup in rectangular microchannels,https://www.pnas.org/doi/abs/10.1073/pnas.2617004123?mi=eymic2&af=R&access=on&content=articlesChapters&publication=pnas&sortBy=Earliest&target=default,Proceedings of the National Academy of Sciences: Keyword search for query,2026-10-07 07:00:00 UTC,2026-10-07 07:00:00+00:00,10.1073/pnas.2617004123,Xiaodong Chen,"Capillary breakup of fluid threads underlies lab-on-a-chip diagnostics, drug encapsulation, and oil trapping in underground rock. Rectangular channels are the practical norm, yet no unified geometric criterion explains how their shape controls the onset and geometry of breakup. Combining direct numerical simulations, stop-flow analysis, and static equilibrium analysis, we show that breakup is triggered when the family of equilibrium neck shapes terminates. The associated critical continuous-phase volume depends only on the channel aspect ratio
                    
                      
                        
                          W
                          /
                          H
                        
                      
                    
                    , and the critical neck geometry transitions between two distinct collapse modes at a threshold
                    
                      
                        
                          W
                          /
                          H
                          ≈
                          2.0
                        
                      
                    
                    . Below this threshold, the neck detaches from the top and bottom walls before pinch-off, with a slow three-dimensional necking stage intervening between the two events. Above it, detachment and pinch-off coincide. This geometry-derived critical volume serves as the mechanism-based input to a semiempirical thread-length model, validated for both primary thread breakup and secondary thread breakup across
                    
                      
                        
                          W
                          /
                          H
                        
                      
                    
                    from 1.0 to 3.0. Turning this principle into a design rule, we design a curved junction that matches the critical neck profile and directly reduces the critical volume, enabling on-chip production of densely packed emulsions beyond the close-packing limit of monodisperse spheres. By linking confined thread breakup in rectangular microchannels to a single dimensionless ratio, these results provide geometry-based design rules for droplet microfluidics, enhanced oil recovery, and precision emulsion manufacturing.",crossref,0
Trans- and cis-interaction dynamics of cadherin complexes on membranes visualized by high-speed atomic force microscopy,https://www.pnas.org/doi/abs/10.1073/pnas.2620441123?mi=eymic2&af=R&access=on&content=articlesChapters&publication=pnas&sortBy=Earliest&target=default,Proceedings of the National Academy of Sciences: Keyword search for query,2026-10-07 07:00:00 UTC,2026-10-07 07:00:00+00:00,10.1073/pnas.2620441123,Takayuki Uchihashi,"Classical cadherin-mediated cell–cell adhesion is important for maintaining the animal body and defects in adhesion cause severe diseases. The combination of
                    trans
                    - (between cells) and
                    cis
                    - (on the same membrane) interactions of the extracellular domains of cadherins is necessary for cadherin clustering in cell–cell junctions, which is essential for robust tissue formation. However, the solution structure and interaction dynamics of
                    trans
                    /
                    cis
                    -binding cadherin complexes have not been observed because of technical limitations; therefore, the cadherin clustering mechanism is not well understood. In this study, we reconstituted
                    trans
                    /
                    cis
                    -binding cadherin complexes on membranes and visualized their structure and dynamics using high-speed atomic force microscopy. Our method revealed
                    trans
                    -strand-swap interactions through flipping and hopping motions and
                    cis
                    -interactions, which contributed to multiple interaction patterns on the membrane. In addition, we observed cadherin complex structures that were distinct from those in crystal structures. These results suggest that cadherins adopt dynamic and diverse conformations through multiple assembly pathways on the membrane.",crossref,0
"Infection of macrophages by mpox virus activates inflammasome and cell death, informing multitarget therapeutic strategies",https://www.pnas.org/doi/abs/10.1073/pnas.2623018123?mi=eymic2&af=R&access=on&content=articlesChapters&publication=pnas&sortBy=Earliest&target=default,Proceedings of the National Academy of Sciences: Keyword search for query,2026-10-07 07:00:00 UTC,2026-10-07 07:00:00+00:00,10.1073/pnas.2623018123,Qiuwei Pan,"Severe mpox virus (MPXV) infection causes immunopathological manifestations in patients. Here, we provide clinical evidence of MPXV-induced inflammation in a large patient cohort and demonstrate direct macrophage infection in skin tissues from an autopsied mpox patient. In human macrophages, MPXV efficiently enters, replicates, and produces infectious particles. Infection activates both AIM2 and NLRP3 inflammasomes, triggering inflammatory responses and three forms of programmed cell death: pyroptosis, apoptosis, and necroptosis. Inflammasome inhibition reduces MPXV-induced inflammation and cell death without affecting viral replication. Screening clinically used anti-inflammatory drugs identified flufenamic acid, which suppresses MPXV-induced inflammation and cell death and, unexpectedly, also inhibits viral infection. Combined treatment with flufenamic acid and the antiviral brincidofovir further enhances suppression of viral infection, inflammatory response, and cell death, while largely preventing MPXV-induced transcriptomic reprogramming in macrophages. These effects were consistent across clade IIb, Ia, and Ib strains associated with the 2022–2023 global and recent African outbreaks. Together, our findings provide insight into MPXV immunopathology and support multitarget therapeutic strategies for severe mpox.",crossref,0
Myeloid cell reprogramming drives enhanced defense against Streptococcus pneumoniae lung infection following exposure to commensal Prevotella,https://www.pnas.org/doi/abs/10.1073/pnas.2623525123?mi=eymic2&af=R&access=on&content=articlesChapters&publication=pnas&sortBy=Earliest&target=default,Proceedings of the National Academy of Sciences: Keyword search for query,2026-10-07 07:00:00 UTC,2026-10-07 07:00:00+00:00,10.1073/pnas.2623525123,Sarah E. Clark,"Clinical data link the prevalent respiratory tract anaerobe
                    Prevotella
                    with reduced pneumonia mortality, but the mechanisms directing
                    Prevotella
                    regulation of lung immune homeostasis are unclear. Here, single-cell RNA sequencing was employed to define the transcriptional immune signatures underlying improved clearance of
                    Streptococcus pneumoniae
                    following lung exposure to
                    Prevotella melaninogenica
                    . Overall, we observed a substantial shift in myeloid cell transcriptional programming from interferon-dominant to a more antibacterial profile in
                    S. pneumoniae
                    –infected mice after pre-exposure to
                    P. melaninogenica
                    , correlating with increased macrophage and neutrophil phagocytosis of
                    S. pneumoniae
                    and improved pathogen clearance. In neutrophils, tumor necrosis factor (TNF) signaling through TNFR2 was essential for increased antimicrobial function. Moreover, improved defense required CCR2-dependent monocyte-derived macrophages, with selective enrichment of more a mature Cxcl3+ population which was distinct from the hallmark
                    S. pneumoniae
                    –associated C1qa+ population enriched in the absence of effective clearance. Together, these findings inform the myeloid cell transcriptional changes associated with natural infection resistance mediated by pulmonary microbial exposures.",crossref,0
Diversity and spatial segregation of TRP channels in the closest relatives of animals,https://www.pnas.org/doi/abs/10.1073/pnas.2625484123?mi=eymic2&af=R&access=on&content=articlesChapters&publication=pnas&sortBy=Earliest&target=default,Proceedings of the National Academy of Sciences: Keyword search for query,2026-10-07 07:00:00 UTC,2026-10-07 07:00:00+00:00,10.1073/pnas.2625484123,Jeffrey Colgren,"Sensory systems, built around specialized cell types, are central to how animals perceive and respond to their environments. However, the evolutionary origin of these systems remains unclear. Here, we show that choanoflagellates, the sister group of animals, possess remarkably diverse repertoires of transient receptor potential (TRP) channels, an ancient superfamily of sensory ion channels. Comparative analyses indicate that most major animal TRP channel families predate the origin of animals and reveal extensive radiations of the TRPM and TRPW families within choanoflagellates, with the latter family likely being lost in the animal lineage. Furthermore, in the choanoflagellate model
                    Salpingoeca rosetta
                    , TRPA, TRPC and TRPV occupy discrete microdomains within the collar complex, a key interface for environmental sensing and feeding. We propose that the evolution of animal sensory systems involved both expansion and reorganization of this ancestral repertoire, with subcellular patterning in unicellular organisms representing a precursor to cell-type specialization in multicellular animals.",crossref,0
Profile of Michael N. Shadlen,https://www.pnas.org/doi/abs/10.1073/pnas.2631778123?mi=eymic2&af=R&access=on&content=articlesChapters&publication=pnas&sortBy=Earliest&target=default,Proceedings of the National Academy of Sciences: Keyword search for query,2026-10-07 07:00:00 UTC,2026-10-07 07:00:00+00:00,10.1073/pnas.2631778123,Jennifer Viegas,"Neuroscientist and neurologist Michael N. Shadlen is a world leader in the neurobiology of decision-making, a field of study he helped establish. His research explores higher brain functions—memory retrieval, reasoning, and multitasking, among others—that he theorizes share underlying mechanisms. His work suggests that a holy grail of neuroscience—the “hard problem” of consciousness, or the mechanism(s) by which physical brain operations are translated into lived experiences—could be resolved. Shadlen’s Inaugural Article explains what distinguishes conscious from nonconscious thought.",crossref,0
"Team science: Progress, barriers, and pathways forward",https://www.pnas.org/doi/abs/10.1073/pnas.2632228123?mi=eymic2&af=R&access=on&content=articlesChapters&publication=pnas&sortBy=Earliest&target=default,Proceedings of the National Academy of Sciences: Keyword search for query,2026-10-07 07:00:00 UTC,2026-10-07 07:00:00+00:00,10.1073/pnas.2632228123,,,,0
"Barry Bloom and the convergence of immunology, infectious disease, and public health",https://www.pnas.org/doi/abs/10.1073/pnas.2632686123?mi=eymic2&af=R&access=on&content=articlesChapters&publication=pnas&sortBy=Earliest&target=default,Proceedings of the National Academy of Sciences: Keyword search for query,2026-10-07 07:00:00 UTC,2026-10-07 07:00:00+00:00,10.1073/pnas.2632686123,Arturo Casadevall,"In early 2026, the world lost Barry Bloom, a great advocate for public health, an extraordinarily accomplished immunologist, and a science advisor who helped refocus policy on controlling infectious diseases, including neglected diseases such as leprosy. Barry’s career took him from a life of laboratory discovery where he was enormously influential in catalyzing the late 20th century shift from studying the immune response of simple molecules to pathogenic microbes. As Dean of Harvard T.H. Chan School of Public Health he had a profound influence on the growth of the institution and the careers of many who have continued his work.",crossref,0
"Correction for Campana, The market for human smuggling: Structure, mechanisms, and paradoxes",https://www.pnas.org/doi/abs/10.1073/pnas.2633299123?mi=eymic2&af=R&access=on&content=articlesChapters&publication=pnas&sortBy=Earliest&target=default,Proceedings of the National Academy of Sciences: Keyword search for query,2026-10-07 07:00:00 UTC,2026-10-07 07:00:00+00:00,10.1073/pnas.2633299123,,,,0
Cell jamming transition is regulated by mitochondrial pyruvate transport and endocytosis,https://www.pnas.org/doi/abs/10.1073/pnas.2617216123?mi=eymic2&af=R&access=on&content=articlesChapters&publication=pnas&sortBy=Earliest&target=default,Proceedings of the National Academy of Sciences: Keyword search for query,2026-10-07 07:00:00 UTC,2026-10-07 07:00:00+00:00,10.1073/pnas.2617216123,Neil Y. C. Lin,"Epithelial tissues undergo dynamic transitions between fluid-like collective motion and mechanically jammed states during development, injury repair, and disease progression. However, the cellular programs that drive these transitions and regulate collective behavior remain unclear. Using a controlled crowding model integrated with live-cell imaging and time-resolved multiomics, we demonstrate that epithelial crowding triggers early metabolic changes characterized by increased mitochondrial pyruvate anaplerosis that precedes the jamming transition. Restricting mitochondrial pyruvate import increased collective cell motility and delayed jamming in crowded monolayers. This unjammed state is driven by enhanced cytoskeletal remodeling and requires RhoA-myosin II activity. Mechanistically, we show that elevated cytoskeletal signaling promotes macropinocytic uptake, which serves as a required feedback loop to maintain motility. These findings identify mitochondrial pyruvate utilization as an important regulatory input linking metabolic remodeling to the endocytic control of epithelial fluidity.",crossref,0
Enhancement of hippocampal synaptic AMPA receptor function by the antidepressant tianeptine and by opioid peptides,https://www.pnas.org/doi/abs/10.1073/pnas.2521987123?mi=eymic2&af=R&access=on&content=articlesChapters&publication=pnas&sortBy=Earliest&target=default,Proceedings of the National Academy of Sciences: Keyword search for query,2026-10-07 07:00:00 UTC,2026-10-07 07:00:00+00:00,10.1073/pnas.2521987123,Jeremy J. Lambert,"Management of major depressive disorder (MDD) with conventional therapeutics that enhance monoaminergic neurotransmission requires prolonged treatment prior to clinical benefit and a substantial proportion of patients show little or no improvement. Identifying alternative molecular targets is required to develop efficacious, rapid acting antidepressants. In this regard, tianeptine, an established but atypical clinical antidepressant, is of interest. Tianeptine does not directly influence monoamine levels; in rodents it has a relatively rapid onset of antidepressant-like efficacy and, unusually for an antidepressant, exhibits procognitive properties. Here, voltage-clamp recordings from mouse hippocampal CA1 pyramidal neurons demonstrated tianeptine enhanced the amplitude of neurally evoked excitatory postsynaptic currents mediated by glutamate activation of synaptic α-amino-3-hydroxy-5-methyl-4-isoxazolepropionic acid receptors (AMPARs). The effect required intracellular polyamines and expression of the GluA1 subunit. These observations suggest that tianeptine relieves the channel block by endogenous polyamines of synaptic GluA1 containing AMPARs (GluA1-AMPARs). The tianeptine effect was abolished by postsynaptic inhibition of G-protein signaling, was reduced in mice lacking either the µ- or the δ-opioid receptor, and inhibited by selective antagonists of these receptors, collectively demonstrating that the facilitation of excitatory transmission was indirectly mediated by activation of opioid receptors. Importantly, enhancement of GluA1-AMPAR function was mimicked by opioid peptide and nonpeptide agonists selective for µ- or δ-receptors. These observations improve understanding of how the antidepressant tianeptine enhances glutamatergic transmission but more generally suggest that endogenous and exogenous opioids act in a similar manner, which may contribute to their behavioral effects.",crossref,0
Global grassland productivity and carbon storage benefit from functional diversity under climate change,https://www.pnas.org/doi/abs/10.1073/pnas.2528067123?mi=eymic2&af=R&access=on&content=articlesChapters&publication=pnas&sortBy=Earliest&target=default,Proceedings of the National Academy of Sciences: Keyword search for query,2026-10-07 07:00:00 UTC,2026-10-07 07:00:00+00:00,10.1073/pnas.2528067123,Susanne Rolinski,"Functional diversity plays an important role for ecosystem services of managed grasslands such as their gross primary productivity (GPP) and soil organic carbon (SOC) stocks. Yet vegetation models assessing functional diversity have been limited to small spatial scales. We used the Lund-Potsdam-Jena managed land (LPJmL) competitor stress-tolerant ruderal (CSR) model to assess the role of functional diversity for managed grassland GPP and SOC under climate change at the global scale. LPJmL-CSR simulates functional diversity using plant functional types representing different ecological strategies based on functional traits connected to CSR strategies. Our simulation experiments assumed low and high functional diversity levels and moderate and strong climate change scenarios. Results show that functional diversity plays an important role for GPP and SOC stocks already under moderate climate change. Strong loss of functional diversity prohibits communities’ adaptation to climate change, resulting in loss of GPP and SOC. Spatial patterns of GPP and SOC stocks show substantial differences between the low and high functional diversity scenarios dependent on regional conditions. These results are consistent with empirical findings and support the importance of functional diversity as insurance against climate change. The results of our global-scale model assessment show that enhancing functional diversity could be crucial for maintaining grassland productivity and thus human well-being under global change. In combination with empirical findings, they underpin the need for management practices that support functional diversity of managed grasslands.",crossref,0
SLC39-driven zinc influx orchestrates pleiotropic tumor–immune system cross-talk to establish immune suppression in colorectal cancer,https://www.science.org/doi/abs/10.1126/sciadv.aeh2362?af=R,AAAS: Science Advances: Table of Contents,2026-10-07 07:00:00 UTC,2026-10-07 07:00:00+00:00,10.1126/sciadv.aeh2362,Kwoneel Kim,"Tumor metabolic programs shape immune evasion; however, the mechanism by which nutrient-transport systems rewire tumor-immune cell interactions remains unknown. We integrated bulk multi-omics, single-cell transcriptomics, spatial profiling, and functional assays for colorectal cancer–associated zinc-driven immunosuppressive circuit identification. Multi-omics analysis of 258 patients revealed three solute carrier transporter-centered archetypes, with an SLC39-enriched subtype aligned with consensus molecular subtype 2–like immune-desert tumors. SLC39-mediated zinc influx activated CDX2, which engaged a distal enhancer to induce tumor cell-specific CD24 expression. CD24
                    +
                    tumor cells formed spatial niches with SIGLEC10-expressing monocyte-derived macrophages, dendritic cells, and resident macrophages, activating pleiotropic programs that suppress phagocytosis and remodel adhesion. SLC39 overexpression increased intracellular zinc and CD24 levels and reduced macrophage-mediated engulfment, whereas CD24 blockade restored phagocytosis. The zinc-CDX2-CD24-SIGLEC10 axis defined a terminal cancer cell state associated with poor survival and immune checkpoint blockade resistance. A seven-gene signature predicted immunotherapy responses across five colorectal cancer cohorts, identifying SLC39-driven zinc influx as a metabolic checkpoint governing immune exclusion.",crossref,0
Spin force from a nitrogen-vacancy ensemble drives a 100-mg levitated resonator,https://www.science.org/doi/abs/10.1126/sciadv.aeh0566?af=R,AAAS: Science Advances: Table of Contents,2026-10-07 07:00:00 UTC,2026-10-07 07:00:00+00:00,10.1126/sciadv.aeh0566,Jason Twamley,"The force experienced by a spin in a magnetic field gradient underlies many proposals for hybrid quantum systems. These include schemes for mechanically mediated quantum gates, spin squeezing, searches for exotic forces, and motional superpositions for probing the interface between quantum and gravity. Yet, experimentally observing this spin force for anything larger than atomic scales has proved challenging. In our work, we demonstrate controllable center-of-mass motion of a 128-milligram diamagnetically levitated oscillator due to force from an ensemble of nitrogen-vacancy (NV) defects in diamond. We induce coherent motion in the oscillator by periodic optical initialization of the NV spin states, achieving motional amplitudes exceeding 100 nanometers. Our results mark a key milestone toward spin-based engineering of motional states deep in the high-mass regime.",crossref,0
Cis-regulatory inactivation of vitamin D signaling confers extreme calcium tolerance in Jialing fish,https://www.science.org/doi/abs/10.1126/sciadv.aeg8398?af=R,AAAS: Science Advances: Table of Contents,2026-10-07 07:00:00 UTC,2026-10-07 07:00:00+00:00,10.1126/sciadv.aeg8398,Jianzhen Li,"The turquoise karst lakes of China’s Jiuzhaigou Nature Reserve harbor among the highest natural calcium concentrations known in freshwater, around threefold higher than adjacent rivers. Yet the Jialing fish (
                    Schizopygopsis kialingensis
                    ) thrives there with serum calcium levels indistinguishable from river-dwelling conspecifics. We show that this calcium tolerance arose through evolutionary loss of vitamin D signaling. Lake and river populations diverged ∼410,000 years ago. Gill transcriptomics revealed &gt;90% suppression of vitamin D receptor b (
                    vdrb
                    ) and 99% reduction of its downstream calcium transporter
                    calb2a
                    in lake fish. Zebrafish knockout of either gene enhanced survival under hypercalcemia. We traced this suppression to specific mutations in a
                    vdrb
                    enhancer that reduce its activity. These findings reveal that regulatory dismantling of a canonical endocrine pathway can drive vertebrate adaptation to extreme environments, providing a clear example of how cis-regulatory evolution can drive ecological adaptation.",crossref,0
Kupffer cells are key mediators of antigen-specific immune tolerance by peptide-coupled red blood cells,https://www.science.org/doi/abs/10.1126/sciadv.aeg6770?af=R,AAAS: Science Advances: Table of Contents,2026-10-07 07:00:00 UTC,2026-10-07 07:00:00+00:00,10.1126/sciadv.aeg6770,Thorsten Buch,"Induction of antigen-specific immune tolerance is the most precise method for reverting an autoreactive immune response in diseases such as multiple sclerosis (MS). Coupling red blood cells (RBCs) with a cocktail of MS immunodominant peptides is a promising approach to induce antigen-specific immune tolerance in patients. Here, we show that RBCs coupled with disease-inducing antigen efficiently prevent the development of experimental autoimmune encephalomyelitis, when administered prophylactically, and ameliorate disease symptoms when given therapeutically. The tolerogenic activity of peptide-coupled RBCs (pcRBC) was antigen specific and dependent on both cell and peptide dose. Kupffer cells (KC) were the primary phagocytes of pcRBC, and their uptake of pcRBC did not require complement component 3, SIRPα, and Stabilin 1 and 2. KC were indispensable for the induction of tolerance, which was accompanied by programmed death-ligand 1 up-regulation and a tolerogenic transcriptional shift. Our findings establish KC as central mediators of pcRBC-induced immune tolerance and provide mechanistic insight for the use of this therapeutic strategy in autoimmune disease.",crossref,0
Targeted integration of extrachromosomal arrays in C. elegans using PhiC31 integrase,https://www.science.org/doi/abs/10.1126/sciadv.aef6902?af=R,AAAS: Science Advances: Table of Contents,2026-10-07 07:00:00 UTC,2026-10-07 07:00:00+00:00,10.1126/sciadv.aef6902,Erik M. Jorgensen,"Extrachromosomal arrays are unique chromosome-like structures created from DNA injected into the
                    Caenorhabditis elegans
                    germline. However, they are unstable unless integrated into a chromosome. Current methods for integration using x-rays or CRISPR can damage DNA and exhibit low efficiency. We demonstrate that the viral integrase PhiC31, which mediates nonmutagenic recombination between short
                    attB
                    and
                    attP
                    sequences, can be used for extremely efficient and targeted integration of arrays. Arrays were integrated by PhIAT (PhiC31-mediated integration of arrays of transgenes) at
                    attB
                    sites on three chromosomes, including at a fluorescent landing pad. Moreover, integrations can be inserted at any arbitrary site in the genome by simultaneously co-injecting Cas9 ribonucleoprotein, an
                    attB
                    repair template, and the DNA components for the array—thereby providing sites on all six chromosomes. Single injections can integrate arrays ranging in size from 1 to 18 megabases. PhIAT makes it practical to study genomes of other organisms in the nematode; one of our strains incorporates 65% of the yeast genome at a single site in the worm genome. PhIAT will accelerate a shift from unstable extrachromosomal arrays to direct integration of arrays in
                    C. elegans
                    .",crossref,0
From plankton to fish: 21st-century redistribution of marine biodiversity and the changing role of rare species,https://www.science.org/doi/abs/10.1126/sciadv.aee7253?af=R,AAAS: Science Advances: Table of Contents,2026-10-07 07:00:00 UTC,2026-10-07 07:00:00+00:00,10.1126/sciadv.aee7253,Murray S. A. Thompson,"Predictions of climate-driven marine biodiversity change typically overlook noncommercial and rare taxa, leading to an incomplete and potentially biased understanding of change. We address this gap by quantifying α-, β-, and γ-diversity using Hill numbers consistently across co-occurring phytoplankton, zooplankton, benthos, and fish taxonomic groups. Using Bayesian additive regression trees and extensive survey data, we project climate-driven biodiversity change in the northeast Atlantic until 2100. We show that climate change could redistribute biodiversity both within taxonomic groups, altering the contribution of rare species, and across the food web. Widespread increases in fish and benthos species richness, reflecting poleward migration, often coincided with declines in zooplankton and phytoplankton richness, potentially disrupting energy transfer from lower to higher trophic levels. By identifying areas with high biodiversity across taxonomic groups and predicting how these could change in the future, we provide a framework to support proactive conservation actions to help achieve global biodiversity targets in a changing climate.",crossref,0
Correlated one-dimensional electron conduction in ferroelastic domain walls through nematic-like charge stripes,https://www.science.org/doi/abs/10.1126/sciadv.aee1472?af=R,AAAS: Science Advances: Table of Contents,2026-10-07 07:00:00 UTC,2026-10-07 07:00:00+00:00,10.1126/sciadv.aee1472,Chan-Ho Yang,"One-dimensional electronic transport reveals many-body quantum phenomena and serves as a foundation for quantum devices, sensors, and reconfigurable electronics. Here, we demonstrate that surface-exposed ferroelastic twin walls in epitaxial WO
                    3
                    films function as intrinsic one-dimensional channels, confining electrons to screen surface-bound charges induced by flexoelectric polarization. Scanning tunneling microscopy uncovers a self-organized nematic-like phase forming periodic stripes perpendicular to the walls. Conductive atomic force microscopy and angle-resolved photoemission spectroscopy resolve quantized one-dimensional states and reveal conductance enhancements exceeding two orders of magnitude along the twin walls relative to the surrounding semi-insulating surface regions at room temperature. Temperature-dependent transport follows an Efros–Shklovskii variable-range hopping law, with a crossover near 140 K and a localization length of 39 Å—identical to the stripe period—signifying Coulomb-coupled electrons confined within stripe-induced potential wells along the walls. These findings establish WO
                    3
                    ferroelastic walls as a tunable platform for engineering one-dimensional correlated electron states.",crossref,0
Clonal lineage tracing and parallel multiomics profiling reveal transcriptional heterogeneity induced by ARID1A deficiency,https://www.science.org/doi/abs/10.1126/sciadv.aed7880?af=R,AAAS: Science Advances: Table of Contents,2026-10-07 07:00:00 UTC,2026-10-07 07:00:00+00:00,10.1126/sciadv.aed7880,Reo Maruyama,"Transcriptional heterogeneity drives malignant progression, yet how it emerges within tumors remains unclear. By combining genetic perturbation and lineage tracing with parallel single-cell multiomics, we tracked the consequences of ARID1A loss within individual clonal lineages. ARID1A deficiency increased transcriptional variability both within and across clones, recurrently giving rise to diverse transcriptional profiles that did not converge on a common, coordinated pattern. This variability was accompanied by broadened chromatin accessibility at normally silenced loci and depended on residual SMARCA4 activity. Clones in which this variability was prominent showed no growth advantage under standard conditions but were preferentially recovered under specific environmental stresses and during lung colonization, a context dependence consistent with bet-hedging. Our findings suggest that loss of an epigenetic regulator can promote tumor evolution by relaxing transcriptional constraints and widening the range of phenotypes accessible to a clonal lineage, rather than by imposing a single fixed phenotype.",crossref,0
Rapid protamine evolution suppresses meiotic drive in Drosophila,https://www.science.org/doi/abs/10.1126/sciadv.aeb5514?af=R,AAAS: Science Advances: Table of Contents,2026-10-07 07:00:00 UTC,2026-10-07 07:00:00+00:00,10.1126/sciadv.aeb5514,Harmit S. Malik,"Many animal species replace histones with protamines during spermatogenesis. Although essential for sperm function, protamines evolve rapidly for reasons that remain unknown. Using in vivo gene replacement, we examined the causes and consequences of the rapid evolution of
                    Mst77F
                    , a protamine essential for male fertility in
                    Drosophila melanogaster
                    (
                    D. melanogaster
                    ). Replacing
                    Mst77F
                    with divergent orthologs caused DNA compaction defects in X-bearing sperm, resulting in fewer mature X-bearing sperm and male-biased progeny. Reducing
                    D. melanogaster Mst77F
                    dosage caused the same bias, whereas increasing the dosage of
                    Mst77F
                    orthologs rescued it. Engineered sex chromosome fusions revealed that
                    Mst77F
                    protects the
                    D. melanogaster
                    X chromosome from a killer-target meiotic drive system in a dosage- and sequence-dependent manner. Unlike in
                    D. melanogaster
                    ,
                    Mst77F
                    was dispensable for fertility in
                    Drosophila yakuba
                    (
                    D. yakuba
                    ) but remained important for suppressing sex ratio distortion. Our findings show that relentless pressure to suppress sex chromosome meiotic drive underlies the rapid evolution of protamines.",crossref,0
Self-buoyant cell-spheroid culture programming multi-spheroid assembly,https://www.science.org/doi/abs/10.1126/sciadv.aee3306?af=R,AAAS: Science Advances: Table of Contents,2026-10-07 07:00:00 UTC,2026-10-07 07:00:00+00:00,10.1126/sciadv.aee3306,Fan Yang,"Tempo-spatially controlled culture and assembly of cellular spheroids are fundamental in engineering tissue-like assembloids for scalable application, yet remain a technical challenge. Here, we show self-buoyant culture of cell spheroids and programmable assembly of multi-spheroid by microbubbles in a high-throughput, external field-free and miniaturized format. This approach allows one-step engineering of biocompatible cell-adhesive buoyancy interface that lifts the self-adaptive levitation growth of reliable one-drop-one-spheroid in an array without requiring any external fields. Using this self-floating spheroidal microarray, we find that a facile droplet ‘kiss’ facilitates the buoyancy-driven ultrafast transfer (∼1 s) of spheroids between top-down adjacent droplets, thus achieving rapid spheroid relocation, media exchange, and drug administration in parallel. Such a self-buoyant approach allows programmable horizontal/vertical bioassembly and enhanced fusion of homo/heterogeneous multi-spheroids into different “buoyantoid” patterns via sequential flash transfer along droplet array. This self-powered design provides a promising tool to enable mass production and smart manipulation of encoded assembloids for precision medicine, tissue engineering and high-throughput drug screening.",crossref,0
3D DNA origami-enabled molecularly addressable optical nanocircuit,https://www.science.org/doi/abs/10.1126/sciadv.aeb2001?af=R,AAAS: Science Advances: Table of Contents,2026-10-07 07:00:00 UTC,2026-10-07 07:00:00+00:00,10.1126/sciadv.aeb2001,Seungwoo Lee,"Clusters of nanoparticles enable electric and magnetic resonances and strong light–molecule interactions, including plasmonic resonance energy transfer (PRET). The optical nanocircuit concept provides a predictive RLC framework for these responses, but experimental realization has been limited by insufficient control over nanogaps and molecular placement. Here, we introduce a molecularly addressable optical nanocircuit based on a robust three-dimensional (3D) DNA origami. We demonstrate that gold nanoparticles and dye-loaded origami function as distinct circuit elements, with the latter acting as a resistor-coupled capacitor that directly participates in resonance. This capability enables deterministic assembly of nanocircuits with controlled symmetry and tunable nanogaps. The multilayer barrel scaffold yields a non–close-packed, symmetry-broken trimer with a magnetic resonance exhibiting a
                    Q
                    -factor of ∼19.2, exceeding values reported for comparable plasmonic clusters. Selective dye loading onto origami enables predictive light–molecule coupling, producing a 100-fold PRET enhancement in dimers over monomers. This approach provides a versatile route to designer optical resonances for nanophotonic applications.",crossref,0
Exact solutions produce a full picture of crack behavior in dynamic fracture,https://www.pnas.org/doi/abs/10.1073/pnas.2517238123?mi=eymic2&af=R&access=on&content=articlesChapters&publication=pnas&sortBy=Earliest&target=default,Proceedings of the National Academy of Sciences: Keyword search for query,2026-10-07 07:00:00 UTC,2026-10-07 07:00:00+00:00,10.1073/pnas.2517238123,Michael Marder,"The theory of fracture normally describes cracks as propagating discontinuities in a continuous medium where stresses vanish on free crack faces. We describe cracks instead at the particle level and obtain more general analytical results than were available previously. Using dynamical crack solutions for widely varying dissipation and general isotropic elastic moduli, we construct a catalog of 100,000 crack solutions and from it a general picture of when cracks are stable. For our exactly solvable model of dynamic fracture, the surface wave speed sometimes sets an upper limit on crack velocity, as expected. However tensile cracks traveling faster than the shear wave speed are possible and their stability is enhanced when they travel along weak interfaces, when dissipation increases, and when system sizes are small. Our results reinforce a standard view that supersonic cracks require supersonic energy transport near the tip, but we show it can come from dissipation as well as hyperelasticity.",crossref,0
"Epigenetic insights into extreme longevity in the world’s oldest terrestrial animal, Jonathan",https://www.science.org/doi/abs/10.1126/sciadv.adw8887?af=R,AAAS: Science Advances: Table of Contents,2026-10-07 07:00:00 UTC,2026-10-07 07:00:00+00:00,10.1126/sciadv.adw8887,Stephen W. Clark,"Aldabra giant tortoises (
                    Aldabrachelys gigantea
                    ) are exceptionally long-lived. We sequenced the genome and methylome of Jonathan, a 194-year-old Aldabra, to explore the molecular basis of his longevity. Relative to other giant tortoises (
                    A. gigantea
                    and
                    Chelonoidis abingdonii
                    ), Jonathan has unique gene variants in most aging pathways. Moreover, Jonathan has substantial DNA methylation and methylation entropy changes compared to four other Aldabras ranging in age from a 5-year-old juvenile to older adults. Notably, we found that lower-entropy regions in Jonathan’s methylome were enriched for the promoters of genes involved in the mitochondrial electron transport chain, and RNA metabolism. This suggests that high-fidelity transcription of the genes in these pathways may be crucial for long-lived species. Our findings support a model for aging wherein the maintenance of low methylation entropy in gene promoters is coupled to efficient mitochondrial energy production, efficient RNA processing, and efficient genomic repair.",crossref,0
Minimal-actuation feather star–inspired soft swimmers for multimodal 3D maneuverability,https://www.science.org/doi/abs/10.1126/sciadv.aeg9211?af=R,AAAS: Science Advances: Table of Contents,2026-10-07 07:00:00 UTC,2026-10-07 07:00:00+00:00,10.1126/sciadv.aeg9211,Jie Yin,"Complex, three-dimensional (3D) motions typically require actuator arrays and complex control architectures. Here, we present a feather star–inspired soft robotic swimmer that uses only two pneumatic inputs to produce three distinct and switchable swimming modes: jellyfish-like pulsation, fishlike propulsion, and rotor-like reorientation. The robot owes this ability to mechanical intelligence: It leverages a monostable instability in its flexible arms to convert two control actuation inputs into 3D swimming modes, including ascension and descension, forward and backward swimming, hovering, and rotation. The robot achieves a maximum swimming speed of 1.64 body lengths per second, minimum cost of transport of 17.6, and peak rotation speed of 90° per second. Particle image velocimetry analyses and computational fluid dynamics simulations reveal distinct vortex structures governing thrust generation and/or rotational torque in each swimming mode. The robot’s minimal input yet multimodal output demonstrates how mechanical intelligence can enable adaptive and multifunctional, yet simple and energy-efficient, robotic and biological swimming mechanisms.",crossref,0
A 256-year daily rainfall record reveals multiscale rainy-season variability and emerging hydroclimatic hazard over northern East Asia,https://www.science.org/doi/abs/10.1126/sciadv.aeh6716?af=R,AAAS: Science Advances: Table of Contents,2026-10-07 07:00:00 UTC,2026-10-07 07:00:00+00:00,10.1126/sciadv.aeh6716,Wei Lin,"Monsoon rainy seasons shape water supply and flood hazard across northern East Asia, but their long-term variability remains poorly understood because few daily rainfall records extend beyond the instrumental era. Here, we reconstruct rainy-season onset, retreat, and duration from a 256-year daily precipitation record for Seoul (1770–2025), providing an unusually long view of seasonal monsoon behavior. The reconstruction reveals structured quasi-decadal to multidecadal variability in rainy-season duration, indicating that recent rainy-season lengthening over northern East Asia is consistent with the latest positive excursion of a recurrent multidecadal modulation rather than a purely isolated modern anomaly. Coupled with warming-associated intensification of extreme rainfall, this prolonged-duration phase has elevated the compound-hazard probability, with recent probability peaks exceeding the long-term mean of ∼25% in Seoul. Exploratory near-term outlooks suggest that rainy-season duration in northern East Asia is likely to remain prolonged toward mid-century, sustaining heightened compound hydroclimatic hazard when seasonally extended overlaps with intensified event-scale rainfall.",crossref,0
Endogenous retrovirus control of calbindin is essential for human early embryogenesis,https://www.science.org/doi/abs/10.1126/sciadv.aee4523?af=R,AAAS: Science Advances: Table of Contents,2026-10-07 07:00:00 UTC,2026-10-07 07:00:00+00:00,10.1126/sciadv.aee4523,George Kassiotis,"The cis-regulatory potential of human endogenous retroviruses (HERVs) that have accumulated in our genome affects diverse host processes, including embryonic development and malignancy, where HERV epigenetic control is reduced. Non–small cell lung cancer optimal growth requires cancer cell–intrinsic expression of the calcium-binding protein calbindin under the control of a
                    HERVH
                    integrant on chromosome 8q21.3. Chimeric transcription of
                    HERVH
                    and
                    CALB1
                    , encoding calbindin, is also observed in human embryonic stem cells (ESCs), but its significance remained uncertain. Here, we show that
                    HERVH
                    integration on 8q21.3 during
                    Homininae
                    evolution coincides with acquisition of expression of
                    CALB1
                    in preimplantation embryos. We further show that
                    CALB1
                    expression is critical for human ESC growth and the prevention of cellular senescence and for the formation of ESC-derived preimplantation blastoids and postgastrulation amnioids. Thus, the co-option of
                    HERVH 8q21.3
                    cis-regulatory activity in lung cancer may echo its essential requirement for human embryo development.",crossref,0
Translocation-induced enhancer rewiring reveals cryptic oncogenic circuits in multiple myeloma,https://www.science.org/doi/abs/10.1126/sciadv.aeg9610?af=R,AAAS: Science Advances: Table of Contents,2026-10-07 07:00:00 UTC,2026-10-07 07:00:00+00:00,10.1126/sciadv.aeg9610,Luyang Sun,"Immunoglobulin heavy chain (
                    IGH
                    ) enhancer translocations drive multiple myeloma (MM), but routine diagnostics resolve only 32 to 38% of cases. Here, we introduce TransFinder, a multiomic pipeline integrating SMRT long-read sequencing (LRS), Hi-C, H3K27ac ChIP-seq/CUT&amp;Tag, and RNA-seq to systematically resolve cryptic translocations and their hijacked oncogenes by deconvoluting enhancer-promoter neo-loops at rearrangement breakpoints. Applied to MM, TransFinder identified that t(16;22)(q23;q11), a canonical translocation known to activate
                    MAF
                    , also hijacks enhancers to activate
                    RAB36
                    . It further uncovered previously unrecognized t(5;8)(q35;q24) and t(1;22)(q25;q13), which activate
                    MYC
                    and
                    CBX7
                    , respectively, through chromatin topology rewiring. CRISPR-Cas9–engineered t(1;22)(q25;q13) recapitulated
                    CBX7
                    induction, and pharmacological inhibition of CBX7 suppressed myeloma cell proliferation. Beyond MM, TransFinder identified enhancer hijacking in chronic myeloid leukemia, where t(9;22)(q34;q11) repositioned an enhancer to activate
                    BCR-ABL1
                    , and pancreatic ductal adenocarcinoma, where t(2;12)(p24;q24) hijacked an enhancer to activate
                    SDC1
                    . Linking 3D genome architecture to oncogene activation, TransFinder decodes oncogenic structural variants and their trans-activities, establishing clinically actionable dependencies of noncoding drivers in malignancies.",crossref,0
Rise and spread of lead-silver metallurgy deciphered from peatland archives,https://www.science.org/doi/abs/10.1126/sciadv.aec1413?af=R,AAAS: Science Advances: Table of Contents,2026-10-07 07:00:00 UTC,2026-10-07 07:00:00+00:00,10.1126/sciadv.aec1413,Janne Blichert-Toft,"How mining has shaped long-term economic and political landscapes across Europe and the Mediterranean remains poorly understood, largely because archaeological evidence is spatially fragmented and ore sources are difficult to trace from atmospheric lead (Pb) records. Here, we compile Pb isotope data from environmental archives and introduce the Environmental Match Intensity Index (EMII), a metric applied to peat records to track Pb–silver (Ag) ore-supply patterns and relative changes in the integrated mining-related atmospheric Pb signal over six millennia. EMII reveals an early mining signal centered on Laurion (Greece) during the Late Neolithic/Chalcolithic, followed by Bronze Age expansion structured by maritime routes linking the Cyclades, the Troad, and Anatolian coasts. From the Iron Age onward, our results challenge the conventional Iberian-centered mining model and instead reveal a polycentric and multimodal organization rooted in west-central European districts interconnected through major fluvial corridors and complementary terrestrial and maritime routes. EMII reaches its first major peak during the Early Roman period, declines during Late Antiquity and the Early Middle Ages, and rises again from the High Middle Ages onward. Despite these temporal fluctuations, the overall continental distribution of the contributing mining regions remains broadly stable. By connecting environmental archives with mining, transport, and urban demand, this framework provides a scalable approach for reconstructing the long-term organization of metal production and circulation and their contribution to anthropization processes across different chrono-cultural periods and geographical settings.",crossref,0
Predicting regional gray swans via translocation: AI weather models and Dubai’s unprecedented 2024 rainfall,https://www.science.org/doi/abs/10.1126/sciadv.ady9406?af=R,AAAS: Science Advances: Table of Contents,2026-10-07 07:00:00 UTC,2026-10-07 07:00:00+00:00,10.1126/sciadv.ady9406,Adam Marchakitus,"Artificial intelligence (AI) models have transformed weather forecasting, but their skill for unprecedented weather extremes is unclear. Here, we analyze GraphCast, AIFS, and FuXi forecasts of the unprecedented 2024 Dubai storm, which had twice the training set’s highest rainfall in that region. GraphCast and AIFS accurately forecast this event up to 8 days ahead. FuXi forecasts the event but underestimates the rainfall. Fine-tuning and receptive field analyses suggest that these models’ success stems from “translocation”: learning from comparable/stronger dynamically similar events in other regions during training. Evidence of “extrapolation” (learning from weaker events) is not found. Even events within the global distribution’s tail are poorly forecasted, which is not only due to data imbalance (generalization error) but also spectral bias (optimization error). These findings demonstrate the potential of AI models to forecast “regional” gray swans and the opportunity to improve them through understanding the mechanisms behind their successes/limitations.",crossref,0
Escalating soil CO2 degassing correlates with ground uplift and seismicity during the ongoing unrest of Campi Flegrei (2005–2025),https://www.science.org/doi/abs/10.1126/sciadv.aei8075?af=R,AAAS: Science Advances: Table of Contents,2026-10-07 07:00:00 UTC,2026-10-07 07:00:00+00:00,10.1126/sciadv.aei8075,Stefano Caliro,"The mechanism driving accelerating unrest at the densely populated Campi Flegrei caldera since 2005 remains debated. Analyzing an unprecedented two-decade geochemical dataset, we show that escalating soil CO
                    2
                    fluxes closely tracks caldera uplift, revealing magmatic fluid pressurization at 3- to 4-kilometer depth and heating as the fundamental driver of the unrest. A critical magmatic gas pulse occurred between 2018 and 2022 specifically focused this outgassing beneath the Solfatara crater. Thermodynamic modeling demonstrates that an increasing mass of ascending fluid pressurizes the hydrothermal system, forcing vapor condensation within the upper kilometer. This condensation transfers latent heat to the crust. We calculate that this released thermal energy is an order of magnitude greater than that required for the 1.6-meter uplift since 2005. Ultimately, this fluid pressurization and heating drive accelerating deformation and seismicity; alongside the 2021 emergence of seismic sequences with short inter-event times, it directly signals an escalating phreatic or magmatic eruption risk.",crossref,0
Atomic structure and dynamics of the mechanosensitive channel MscL from Escherichia coli by cryo-EM and solid-state NMR,https://www.science.org/doi/abs/10.1126/sciadv.aei0096?af=R,AAAS: Science Advances: Table of Contents,2026-10-07 07:00:00 UTC,2026-10-07 07:00:00+00:00,10.1126/sciadv.aei0096,Adam Lange,"Mechanosensitive channels are central to cellular responses to membrane tension, yet the structural basis of their gating remains incompletely understood. Here, we determine the structures of wild-type and Gly22→Ser (G22S) mutants of MscL from
                    Escherichia coli
                    (
                    Ec
                    MscL) by cryogenic electron microscopy (cryo-EM) in peptide-based lipid nanodiscs and complement them with solid-state nuclear magnetic resonance (NMR) measurements in liposomes to capture their dynamics in a native-like membrane environment. The cryo-EM structures reveal a closed conformation, whereas analysis of the low-threshold G22S mutant by NMR uncovers widespread conformational changes in both cytoplasmic and periplasmic regions. These data indicate enhanced dynamics and conformational heterogeneity in the mutant, revealing the early transitions from the closed toward the open state. Together, our results establish a synergistic framework integrating cryo-EM and NMR to resolve both structure and dynamics of mechanosensitive channels, and identify lipid-protein interactions as key determinants of MscL gating and mechanosensitivity. Our study further provides a quantitative benchmark for computational investigations of mechanogating and lays the foundation for the rational design of channels with tunable gating kinetics.",crossref,0
AIMNet2-rxn: A machine-learned potential for generalized reaction modeling on a millions-of-pathways scale,https://www.science.org/doi/abs/10.1126/sciadv.aea1557?af=R,AAAS: Science Advances: Table of Contents,2026-10-07 07:00:00 UTC,2026-10-07 07:00:00+00:00,10.1126/sciadv.aea1557,Olexandr Isayev,"Mechanistic modeling of chemical transformations offers a compelling basis for understanding reactivity and allows for prediction of reaction outcomes before attempting experiments. Despite progress in machine-learned interatomic potentials (MLIPs), we demonstrate that available models lack the accuracy for diverse reaction modeling. With this motivation, we developed a general MLIP for mechanistic modeling of closed-shell carbon, hydrogen, nitrogen, and oxygen reactions, AIMNet2-rxn, using a dataset of ∼4.7 × 10
                    6
                    range-separated density functional theory calculations. AIMNet2-rxn enables reaction modeling ∼10
                    6
                    faster than the reference quantum mechanical (QM) methods while substantially outperforming graph-based ML, reaffirming the value using three-dimensional chemical information for training. On a test suite of well-known reaction mechanisms—such as amide formation, proton transfers, and pericyclics—AIMNet2-rxn yields 1 to 2 kilocalories per mole accuracy across reaction coordinates without retraining or system-specific fine-tuning. To exploit graphics processing unit parallelism and AIMNet2-rxn efficiency, we introduce a batched nudged elastic band procedure that readily achieves minimum energy pathway search on a millions-of-reactions scale. To demonstrate complex reaction characterization, the thermodynamics of an 11-step pathway producing hydroxymethylfurfural, the experimentally observed major product of glucose pyrolysis, is evaluated. Overall, the accuracy and efficiency afforded by AIMNet2-rxn create opportunities in high-throughput reaction discovery and deep reaction network analysis that would be infeasible with QM methods.",crossref,0
Glass Transition of Chiral Hybrid Metal Halides for Self‐Supported 3D Printing,https://advanced.onlinelibrary.wiley.com/doi/10.1002/adma.75314?af=R,Wiley: Advanced Materials: Table of Contents,2026-10-07 07:08:20 UTC,2026-10-07 07:08:20+00:00,10.1002/adma.75314,Jialiang Xu,"ABSTRACT
                  
                    Hybrid metal halides (HMHs) have emerged as promising functional materials owing to their versatile structural tunability and outstanding optoelectronic properties. In particular, chiral HMHs could be endowed with fascinating chiroptoelectronic properties such as circularly polarized light emission, circularly polarized photodetection, and spin regulation. However, the implementation of their practical integrated optoelectronic applications has been mainly restricted to planar thin‐film devices due to the poor processability of chiral HMHs for the construction of complex three‐dimensional (3D) architectures. Here, we take advantage of the glass transition of chiral HMH with 3D printing technology to construct self‐supported 3D architectures with high‐performance linear and nonlinear optical functionalities. Chiral HMH (
                    R
                    /
                    S
                    ‐THNA)
                    3
                    SbCl
                    6
                    ·0.5H
                    2
                    O (
                    R
                    /
                    S
                    ‐THNA =
                    R
                    /
                    S
                    ‐1,2,3,4‐tetrahydro‐1‐naphthylammonium) forms transparent amorphous glass upon rapid quenching from its molten state. The resulting
                    R
                    /
                    S
                    ‐SbCl‐glass favors tunable photoluminescence colors and a large, continuously tunable range of glass transition temperature (∼50°C) through metal halide infusion. The intrinsic thermoplasticity of HMH glasses allows for additive‐free, thermally assisted extrusion‐based printing of self‐supporting 3D architectures. Upon recrystallization, the printed structures recovered non‐centrosymmetric crystal lattices and exhibited strong isotropic second harmonic generation response, enabling customized nonlinear optical imaging. This work establishes a thermally programmable paradigm for transforming HMHs from molecularly designed materials into 3D optical architectures.",crossref,0
Simultaneous Laser Light and Electromagnetic Wave Pulsed Emissions Triggered by Spatiotemporally‐Compressed Triboelectricity,https://advanced.onlinelibrary.wiley.com/doi/10.1002/adma.75306?af=R,Wiley: Advanced Materials: Table of Contents,2026-10-07 07:34:51 UTC,2026-10-07 07:34:51+00:00,10.1002/adma.75306,Zhong Lin Wang,"ABSTRACT
                  Serving as information carriers, laser light (LL) and electromagnetic waves (EWs) lay the foundation of information sensing and communication systems for modern society, featuring different advantages and disadvantages. Simultaneously emitting LL and EWs with environmental information modulated in a self‐powered manner has great potential to benefit diverse applications, especially internet of things (IoTs). In this work, a triboelectricity‐driven radiator is developed for simultaneous emissions of LL and EWs. Driven by the environmental motion‐induced triboelectricity, the LL and EW emissions are achieved by the breakdown‐induced discharging via a tailored instantaneous charge transfer channel where the spatially accumulated charge is released within an ultrashort time. At least 5 environmental factors, including environmental motion profiles, concentrations of pollutants, gas components, liquid types, and the presence of metal, can be sensed and wirelessly transmitted. The information interaction can be operated in two modes, isotropic EWs and collimated LL. Attributed to the spatiotemporally‐compressed triboelectric mechanism, the generated ultrahigh current of 11 A drives the simultaneous LL and EW radiations for multidimensional sensing, achieving a highly competitive Figure‐of‐Merit of 100. Our results demonstrate a proof‐of‐concept of the all‐in‐one information system enabled by the TENG, paving a new avenue to achieve TENG‐based multiple‐environmental‐factor sensing.",crossref,0
1T‐to‐2H Phase Evolution During Epitaxial Growth of Transition Metal Dichalcogenides,https://advanced.onlinelibrary.wiley.com/doi/10.1002/adma.75272?af=R,Wiley: Advanced Materials: Table of Contents,2026-10-07 07:41:09 UTC,2026-10-07 07:41:09+00:00,10.1002/adma.75272,Joan M. Redwing,"ABSTRACT
                  
                    Polymorphism in transition‐metal dichalcogenides is typically defined based on the post‐growth phase (1T or 2H) or stabilized heterophase structures. Transient 1T‐to‐2H phase evolution is demonstrated during epitaxial growth of MoS
                    2
                    and WSe
                    2
                    on sapphire by metalorganic chemical vapor deposition (MOCVD). In both systems, x‐ray photoelectron spectroscopy shows that metallic 1T character is prominent during early stages of growth when the film is comprised of small domains and declines as domains enlarge and coalesce and the films approach stoichiometric composition. At low coverage, the XPS‐derived ex situ 1T fractions reach ≈40% of detected Mo and ≈48% of detected W and approach zero upon coalescence in both systems. Local structural observations and complementary optoelectronic evidence further corroborate the WSe
                    2
                    assignment. MoS
                    2
                    ‐specific ReaxFF molecular‐dynamics simulations indicate that small domain size and chalcogen‐deficient edge environments reduce the energetic penalty for 1T‐like formation within the model, while chalcogen vacancies facilitate local rearrangement. For WSe
                    2
                    , a multivariable growth regime with a smaller early‐stage 1T fraction also produces a substantially narrower final ensemble Φ‐scan width, motivating a possible path‐dependent influence on epitaxial development.",crossref,0
Strong Fully Reprocessable Engineered Wood Composites,https://advanced.onlinelibrary.wiley.com/doi/10.1002/adma.75232?af=R,Wiley: Advanced Materials: Table of Contents,2026-10-07 07:54:16 UTC,2026-10-07 07:54:16+00:00,10.1002/adma.75232,Pingan Song,"ABSTRACT
                  Developing fully reprocessable engineered wood composites (EWCs) with high mechanical strength under mild fabrication conditions remains a significant challenge. Here, a hyperbranched adhesive with complementary imine‐bond and hydrogen‐bond networks was designed and combined with wood particles to fabricate a wood composite (WP/HTP) by hot pressing at 120°C. The hyperbranched structure and multiple hydrogen bonds of the adhesive minimize steric hindrance while facilitating molecular‐chain mobility, thereby synergistically accelerating imine‐bond exchange. The WP/HTP exhibits outstanding reprocessability, retaining 100% of its mechanical properties after three cycles of reprocessing. Meanwhile, the reprocessed WP/HTP exhibits a modulus of rupture (MOR) of 89 MPa and a modulus of elasticity (MOE) of 5.2 GPa, far surpassing those of current commercial EWCs, which typically exhibit recovery rates of 3%–18%, MOR of 1–5 MPa, and MOE of 0.1–0.8 GPa. This study provides a practical strategy for fabricating strong, reprocessable EWCs for advanced manufacturing and represents a fundamental approach to addressing the wood‐waste problem.",crossref,0
