title,link,source,published_str,pub_date,doi,last_author,abstract,abstract_source,must_have_abstract
Monolithic 3D integration of atomic-layer-deposited oxide semiconductors on 200-mm silicon wafers,https://www.nature.com/articles/s41565-026-02276-0,Nature Nanotechnology,2026-09-15 00:00:00 UTC,2026-09-15 00:00:00+00:00,10.1038/s41565-026-02276-0,Peide D. Ye,"Monolithic 3D (M3D) integration offers a pathway to overcome the scaling limits of conventional silicon complementary metal–oxide–semiconductor technology by extending dense vertical stacking of multifunctional logic and memory devices. Here we demonstrate wafer-scale M3D integration of three tiers of atomic-layer-deposited indium oxide (InOx)-based devices (>100,000 fabricated), including ferroelectric, enhancement-mode and depletion-mode field-effect transistors, on 200-mm silicon wafers. We achieve threshold voltage standard deviations as low as 0.04 V, average electron mobilities of up to 91.6 cm2 V−1 s−1 and fully functional cross-tier circuits. A four-tier 3D computing-in-memory accelerator targeting large-language-model workloads is developed using a custom InOx process design kit, delivering 1.4× to 2.9× speed-up and comparable energy–delay product improvements over 2D baselines. These results establish atomic-layer-deposited InOx M3D integration as a scalable and complementary metal–oxide–semiconductor-compatible platform for next-generation artificial intelligence hardware and advanced electronics.",nature_html,0
Multimodal data-driven clustering analysis of heart failure patients identifies two distinct patterns of heart failure with preserved ejection fraction: Results from the PACIFIC-PRESERVED study,https://www.nature.com/articles/s41467-026-77642-6,Nature Communications,2026-09-15 00:00:00 UTC,2026-09-15 00:00:00+00:00,10.1038/s41467-026-77642-6,Damien Logeart,"Heart failure with preserved ejection fraction (HFpEF) accounts for over half of heart failure cases but remains poorly defined due to its clinical heterogeneity. In the prospective PACIFIC-Preserved cohort (NCT04189029, n = 155), we applied multimodal deep phenotyping, including high-throughput proteomics, and unsupervised machine learning to identify biologically distinct HFpEF subgroups. Multiview clustering revealed two major HFpEF phenogroups: PEF1, characterized by inflammatory signaling, TNF receptor activation, cardio-skeletal injury, and greater renal dysfunction; and PEF2, marked by endothelial stress and milder perturbations. Conventional diagnostics alone could not reliably distinguish these subgroups, but a multimodal classifier integrating clinical, imaging, and proteomic variables achieved high predictive accuracy (F1-score 0.87). External validation in the MEDIA-DHF cohort (n = 456) confirmed that PEF1 was independently associated with adverse outcomes (adjusted HR 2.27, 95% CI 1.04–4.94). These findings establish a classifier-driven, biologically informed stratification of HFpEF, providing a framework for precision medicine in heart failure.",nature_html,0
Direct measurement of protein dipoles reveals the mechanism for like-charge adsorption on silica,https://www.nature.com/articles/s41467-026-76501-8,Nature Communications,2026-09-15 00:00:00 UTC,2026-09-15 00:00:00+00:00,10.1038/s41467-026-76501-8,Olivier Pluchery,"Negatively charged particles are expected to adsorb with difficulty onto negatively charged surfaces. However, some proteins do. In this work, we use ferritin as a model protein particle to study its adsorption onto a negatively charged silica surface. Using Kelvin Probe Force Microscopy (KPFM), we provide direct measurement of the dipole moment of the protein ferritin on silica. The positive dipole value indicates that the negative end of the protein faces the surface. In this immobilization mechanism, our results unveil the pivotal role of sodium cations in the buffer solution. Changing the iron loading inside the ferritin, appears to add positive charges and the dipole is modulated without inducing structural changes. Comparison of quartz crystal microbalance results with KPFM reveals a strong correlation between rigidity and internal charge distribution. Our measurements provide insights on the relationship between dipole, protein adsorption, and the contribution of internal charge distribution.",nature_html,0
Compound Z247611722 Exhibits Antifungal Activity by Inhibiting Serine Palmitoyltransferase,https://www.nature.com/articles/s41467-026-77817-1,Nature Communications,2026-09-15 00:00:00 UTC,2026-09-15 00:00:00+00:00,10.1038/s41467-026-77817-1,Patrick Van Dijck,"The global rise in fungal infections, driven by expanding at-risk populations and growing antifungal resistance, highlights the need for new therapies. However, the current antifungal arsenal remains limited and emerging resistance reduces treatment efficacy. Through high-throughput screening of 20,000 drug-like compounds, we identified Z56812898, a benzamide linked to a bicyclic pyrimidine–pyran trione with novel antifungal activity. Guided by this hit, we discovered a structural analog with improved antifungal potency, Z247611722. This fungicidal compound has novel antifungal activity against multiple Candida species and fluconazole-resistant isolates. Chemogenomic, metabolomic, and phenotypic analyses revealed that Z247611722 disrupts sphingolipid biosynthesis by targeting serine palmitoyltransferase (SPT). The mode of action was confirmed by experimental evolution, yielding a resistant strain with a non-synonymous mutation in the SPT-encoding gene, LCB2. Structural modelling localized this alanine-to-proline substitution adjacent to the catalytic cavity, where it could alter the dynamics and conformation of the binding pocket and impair compound accommodation. Importantly, Z247611722 demonstrates in vivo efficacy in an invertebrate model of C. albicans infection. These findings validate SPT as a promising target and introduce a structurally distinct sphingolipid biosynthesis inhibitor with therapeutic potential.",nature_html,0
Visible light-induced oxygen atom transfer into C−CL bond of acyl chlorides for homolytic cleavage,https://www.nature.com/articles/s41467-026-77774-9,Nature Communications,2026-09-15 00:00:00 UTC,2026-09-15 00:00:00+00:00,10.1038/s41467-026-77774-9,Chengfeng Xia,"Oxygen O(3P) atom has been rarely explored in condensed-phase chemistry, with known examples limited to σ insertion into C − H bonds, alkene epoxidation, and sulphide oxidation. Herein, we report the efficient generation of oxygen O(3P) atom via visible-light-induced deoxygenation of aryl 1H-benzotriazole 3-oxides under mild conditions. We demonstrate that oxygen atom undergoes transfer into the C−Cl bond of acyl chlorides to afford acyl hypochlorites. Two distinct homolytic cleavage pathways, O−Cl bond homolysis and C − O bond homolysis, are identified for hypochlorites derived from either aryl acyl chlorides or alkyl acyl chlorides. On the basis of these findings, the oxygen atom transfer is employed in cascade radical coupling of acyl chlorides with alkenes and silyl enol ethers.",nature_html,0
In situ monitoring of channel swelling in organic electrochemical transistors using a laser Doppler vibrometer,https://www.nature.com/articles/s41928-026-01708-y,Nature Electronics,2026-09-15 00:00:00 UTC,2026-09-15 00:00:00+00:00,10.1038/s41928-026-01708-y,Wei Huang,"The operation of organic electrochemical transistors relies on the ionic doping and dedoping of organic mixed ionic–electronic semiconductor channels, which is accompanied by volumetric swelling of the channel. However, the monitoring of such swelling with high spatiotemporal resolution remains a challenge. Here we report a platform that is based on a laser Doppler vibrometer and can be used for the in situ monitoring of organic mixed ionic–electronic semiconductor channels. The approach can reconstruct swelling with a lateral resolution of 3 µm, a vertical resolution of 0.6 nm and a temporal resolution below 0.1 ms. We use the platform to examine swelling in different channels under distinct operating conditions, and observe a range of swelling magnitudes (around 4–400 nm) and distinct ionic (de)doping paths originating from the vertical channel edge. We identify pronounced localized swelling at the top electrode edge, which could lead to structural instability of the transistor. We suppress this mechanical degradation through encapsulation and develop organic electrochemical transistors that can endure more than 15 million full switching cycles, as well as organic artificial neurons that can operate for more than 15 days in a phosphate-buffered saline solution.",nature_html,0
On-demand design of controlled-release systems using an expert-mimic AI framework,https://www.nature.com/articles/s41467-026-77619-5,Nature Communications,2026-09-15 00:00:00 UTC,2026-09-15 00:00:00+00:00,10.1038/s41467-026-77619-5,Yufei Xia,"Navigating a vast formulation-preparation design space that is highly sensitive to perturbations makes trial-and-error approaches inefficient and costly for diverse clinical needs. Here, we introduce an expert-mimic AI framework called E-MAF that integrates a process-aware surrogate with an optimized genetic algorithm to emulate coarse-to-fine reasoning, autonomously generating lab-ready designs tailored to desired release profiles. We show that E-MAF delivers on-demand release and shortens design cycles from 6-12 months to approximately 1 hour. We demonstrate that in vitro release, in vivo pharmacokinetics and therapeutic effects match or surpass commercial benchmarks across 7 active pharmaceutical ingredients. We show that E-MAF also enables release profiles that are hard to achieve by conventional approaches, exemplified by ≤2% risperidone burst within 1 h and near-zero-order release over ~28 days in vivo. These results demonstrate E-MAF’s potential to accelerate polymeric controlled-release system development and drug-delivery industrialization.",nature_html,0
Practical insights into high-temperature storage of lithium-rich layered oxide cathodes,https://academic.oup.com/nsr/advance-article/doi/10.1093/nsr/nwag596/8796002?rss=1,National Science Review Advance Access,2026-09-15 00:00:00 UTC,2026-09-15 00:00:00+00:00,10.1093/nsr/nwag596,Shi-Gang Sun,"Lithium-rich layered oxides (LRLOs) deliver exceptional gravimetric energy density (>1000 Wh kg−1 at 4.8 V) via anion redox reactions, but inherently suffer from low volumetric energy density (VED) due to Li-rich phase and inherent porous granular architecture. In practical industrial applications, the operating voltage window is strictly limited to ∼4.5 V to ensure long-term durability and safety, which further exacerbates the VED deficiency. To bridge this gap, industrial wide distribution composite strategies involving blending large polycrystalline matrices with small polycrystalline (PP) or single-crystalline (PS) interstitial fillers can improve electrode packing density. Although PP offers superior rate capability and cost-effectiveness, it suffers from severe high-temperature (HT) storage instability. In this study, we reveal a cathode-dominated failure driven by accelerated ligand-to-metal charge transfer (LMCT) that activates lattice oxygen, prompting their transformation into highly reactive O-O dimers. In the PP route, abundant intergranular boundaries act as nucleation sites, triggering a destructive feedback loop of secondary cracking, gas release, and detrimental phase transitions. Based on these mechanistic insights, we propose a targeted first-cycle formation voltage regulation strategy to thermodynamically suppress excessive initial oxygen activation. Validated in 60 Ah-level cells, this approach effectively mitigates intergranular degradation and significantly extends the HT storage lifespan of PP cathodes, thus supporting the practical application of high-VED LRLOs.",rss_oup,0
Vertical root distribution underpins belowground resistance to extreme drought,https://academic.oup.com/nsr/advance-article/doi/10.1093/nsr/nwag592/8796007?rss=1,National Science Review Advance Access,2026-09-15 00:00:00 UTC,2026-09-15 00:00:00+00:00,10.1093/nsr/nwag592,Yann Hautier,"Extreme droughts are becoming more frequent and strongly affect ecosystem productivity, yet their impact on belowground productivity—key to the carbon cycle—remain underexplored. Using a coordinated drought experiment across six Eurasian grassland sites spanning a precipitation gradient, we found that extreme drought had little effect on belowground net primary productivity (BNPP) or root biomass across the 0-20 cm soil profile because drought-induced shifts in root allocation compensated across soil depths. Specifically, drought induced site- and depth-specific shifts: in xeric grasslands, BNPP and root biomass increased in the 0-10 cm layer but declined in the 10-20 cm layer, whereas mesic grasslands exhibited the opposite pattern. These contrasting responses were consistent with shifts in depth-specific soil moisture. Consequently, the apparent resistance of belowground productivity to drought masks a redistribution of root growth along the vertical soil profile. Accounting for such depth-dependent root dynamics is essential for understanding ecosystem functioning, including carbon cycling, plant persistence, and ecosystem responses to intensifying climate extremes.",rss_oup,0
Integrated optoelectronic chip technologies for quantum information processing,https://academic.oup.com/nsr/advance-article/doi/10.1093/nsr/nwag598/8796204?rss=1,National Science Review Advance Access,2026-09-15 00:00:00 UTC,2026-09-15 00:00:00+00:00,10.1093/nsr/nwag598,Guangcan Guo,"In photonic quantum information processing, the generation, manipulation, and detection of photonic quantum states inherently depend on electronic control devices. As a core enabling technology, on-chip optoelectronic hybrid integration drives optical quantum devices toward higher density, lower power consumption, and enhanced stability while pushing the application and performance limits of quantum information processing. This review summarizes the progress in chip-integrated optoelectronic technologies and their applications in key quantum information scenarios-quantum communication, quantum photonic source engineering, optical frequency conversion, and linear optical quantum information processing. We also discuss key challenges and future directions, envisioning optoelectronic integration as the pivotal bridge from lab demonstrations to practical, scalable quantum photonic systems.",rss_oup,0
Quality control of glycogen through direct ubiquitylation by RNF213,https://www.nature.com/articles/s41586-026-11139-6,Nature,2026-09-15 00:00:00 UTC,2026-09-15 00:00:00+00:00,10.1038/s41586-026-11139-6,Felix Randow,"Quality control of biomolecules is vital for organismal health. While DNA repair and protein quality control are well understood, how cells monitor other important biomolecules such as glycogen remains ill-defined. The accumulation of aberrant, poorly branched glycogen into insoluble polyglucosan bodies causes severe disease1,2. Here, we discover autophagy of ubiquitylated aberrant glycogen as a previously unrecognized quality control mechanism safeguarding the brain from polyglucosan buildup. This mechanism depends on the E3 ubiquitin ligase RNF213. Mice lacking ligase activity in RNF213 accumulate polyglucosan in cerebellum, pons, and hippocampus. Using cells engineered to produce polyglucosan, we show that RNF213 selectively ubiquitylates abnormal glycogen. Cryo-EM analysis of RNF213 bound to glycogen-derived maltoheptaose revealed its CBM20 domain binds linear oligosaccharides. Disrupting carbohydrate binding results in gain of E3 ligase activity towards physiological glycogen, indicating the CBM20 domain limits RNF213 activity towards physiological glycogen. Epistasis analysis places RNF213 upstream of LUBAC, suggesting a hierarchical network of multiple E3 ligases surveying glycogen quality. Ubiquitylated polyglucosan recruits the autophagy receptors SQSTM1, TAX1BP1, and optineurin, thereby triggering uptake into autophagosomes. These findings identify RNF213 as a quality control factor preventing polyglucosan accumulation in astrocytes through direct ubiquitylation of polyglucosan, revealing an essential role for non-protein ubiquitylation in glycogen quality control.",nature_html,0
A 250-kilowatt system for co-production of hydrogen and fresh water from seawater,https://www.nature.com/articles/s41560-026-02130-6,Nature Energy,2026-09-15 00:00:00 UTC,2026-09-15 00:00:00+00:00,10.1038/s41560-026-02130-6,Dehui Deng,"Hydrogen production from seawater is attractive given its abundance, but direct seawater electrolysis is challenging due to the poor stability and low energy efficiency. ‌Here we report the co-production of hydrogen and fresh water from seawater by coupling alkaline water electrolysis with low-temperature desalination, wherein low-grade waste heat from the electrolyser drives seawater distillation to generate fresh water for both electrolysis and external use. A 20-kW industrial pilot system achieved co-productivities of 3.8 Nm3 h−1 H2 and 1.2 kg h−1 fresh water with stable operation for 100 days. Scaling up to 250 kW achieved 48 Nm3 h−1 H2 and 31.6 kg h−1 fresh water, with a 14.4% improvement in system electrical efficiency relative to alkaline electrolysis of fresh water alone. Techno-economic analysis of the coupled process indicates higher profitability than the traditional tandem process of desalination followed by electrolysis.",nature_html,0
Accelerating water desorption at heterostructure interfaces for high-rate solar evaporation,https://www.nature.com/articles/s41893-026-01934-4,Nature Sustainability,2026-09-15 00:00:00 UTC,2026-09-15 00:00:00+00:00,10.1038/s41893-026-01934-4,Dewei Chu,"Solar-driven interfacial evaporation represents a sustainable and cost-effective pathway for water purification, yet how to accelerate the kinetics of water molecule desorption on the surface of photothermal materials remains a critical and largely overlooked bottleneck. Here we report a dual-phase photothermal heterostructure designed to accelerate desorption and substantially boost solar-to-vapour efficiency. By tailoring the coordination between surface Ga3+ sites on eutectic gallium indium and oxygen-containing groups on graphene oxide, we construct a graphene oxide–Ga2O3 interface that minimizes bonding with water molecules, thereby lowering the energy barrier for vapour escape. The resulting thin-film evaporator achieves an evaporation rate of 3.64 kg m−2 h−1 with 95.3% conversion efficiency under 1 sun irradiation. Optimizing the geometry to a high-aspect-ratio configuration further elevates performance to 7.54 kg m−2 h−1 at an efficiency of 96.2%. The system demonstrates exceptional long-term stability, maintaining stable operation over 30 days under indoor conditions and 60 days outdoors, while retaining robust self-cleaning properties and resilience in harsh environments. This work establishes surface desorption management through heterostructure engineering as a primary strategy for scalable, high-performance solar evaporation technologies with implications for green energy and global water security.",nature_html,0
Exploring hydrogen pipeline costs by considering regional geographical and political characteristics,https://www.nature.com/articles/s41560-026-02141-3,Nature Energy,2026-09-15 00:00:00 UTC,2026-09-15 00:00:00+00:00,10.1038/s41560-026-02141-3,Russell McKenna,"Transporting hydrogen using pipelines is becoming increasingly relevant in the energy system, yet current cost estimates typically rely on simplistic approaches that overlook region-specific characteristics, leading to potential miscalculation of costs. Here we examine hydrogen pipeline costs by incorporating regional geographical factors, such as land use, topography and existing infrastructure, together with political-economic factors represented through country-specific weighted average costs of capital. Using a geographic information system-based model, we demonstrate that the regional levelized cost of transportation can vary by up to a factor of three. Comparing our approach with conventional ones based on uniform detour factors in an existing European energy system analysis framework shows substantial deviations in trade flows and highlights the relevance of this work. We provide cost and route data for 4,900 potential global pipeline routes. Our findings yield insights for further research and stakeholders when assessing the economic viability of hydrogen as a competitive energy carrier.",nature_html,0
Highly Efficient and Cost‐Effective Single‐Atom Catalysts for Lithium‐Sulfur Batteries Exceeding 540 Wh kg−1,https://advanced.onlinelibrary.wiley.com/doi/10.1002/aenm.71516?af=R,Wiley: Advanced Energy Materials: Table of Contents,2026-09-15 05:45:13 UTC,2026-09-15 05:45:13+00:00,10.1002/aenm.71516,Yaqin Huang,"ABSTRACT
                  
                    Despite the high theoretical energy density (2600 Wh kg
                    −1
                    ) of lithium–sulfur (Li–S) batteries, their practical application in low‐altitude unmanned aerial vehicles is severely hindered by sluggish reaction kinetics and the severe shuttle effect of lithium polysulfides, making it difficult to meet the stringent demands for high‐rate capability and high energy density. Single‐atom catalysts (SACs) have emerged as a promising strategy to accelerate polysulfide conversion kinetics. However, conventional SACs often face challenges such as high preparation costs, complex synthetic processes, and catalyst poisoning due to excessively strong binding with sulfur species. To address these technical and economic limitations, this work focuses on developing cost‐effective and efficient materials for large‐scale energy storage. Graphitic carbon nitride (g‐C
                    3
                    N
                    4
                    ), a low‐cost, easily scalable material with abundant nitrogen coordination sites, was selected as the substrate to prepare an atomically dispersed SAC (Mn‐CN). Benefiting from the unique half‐filled 3d electronic configuration of the Mn atom, the catalyst directly establishes a robust “Mn–S and Li–N” dual‐coordination mechanism. This specific interaction effectively activates the Li─S bond and substantially lowers the thermodynamic energy barriers, thereby improving the redox kinetics of polysulfide conversion. Consequently, the assembled Li–S batteries maintain a reversible capacity of 658 mAh g
                    −1
                    at a high rate of 4 C and exhibit stable long cycling performance. Furthermore, the assembled 14 Ah‐level pouch cell achieves an initial energy density of 547 Wh kg
                    −1
                    and over 30 stable cycles. This work provides a practical approach for preparing cost‐effective and efficient single‐atom catalysts, supporting the industrial application of high‐energy‐density Li–S batteries.",crossref,0
Solar Salt Thermal Storage Enhancement Through Defect Engineering,https://advanced.onlinelibrary.wiley.com/doi/10.1002/aenm.71588?af=R,Wiley: Advanced Energy Materials: Table of Contents,2026-09-15 05:48:43 UTC,2026-09-15 05:48:43+00:00,10.1002/aenm.71588,Bingyang Cao,"ABSTRACT
                  
                    Molten salts nanofluids‐based thermal energy storage systems offer a viable solution for the advancing of concentrated solar power (CSP) systems and grid peak shaving. However, further enhancement of the thermal energy storage performance of molten salts nanofluids is facing a bottleneck. Here, we report a novel defect‐engineering method that can overcome this obstacle by incorporating the oxygen vacancy (Vo) into silica nanoparticles dispersed in solar salts. By integrating experiments, DFT‐based charge analysis, MD simulations, and techno‐economic analysis, solar salt thermal storage enhancement through defect engineering is systematically investigated from microscale to system level. Unlike SiO
                    2
                    nanoparticles without V
                    O
                    , V
                    O
                    ‐engineered SiO
                    2
                    nanoparticles induce strong Coulombic interactions with molten salt ions, which can reorganize the molten salt ions into an exceptionally dense and thick compressed layer. This unique structure triples the specific heat capacity enhancement achievable with conventional nanoparticle doping, yielding a maximum increase of 56.6%. Concurrently, the thermal conductivity, dispersibility, and viscosity have also been significantly improved. System‐level analysis reveals that these integrated thermophysical enhancements directly reduce the levelized cost of electricity and increase the annual energy generation of CSP system. The established oxygen vacancy engineering provides a novel approach to underpin the potential of molten salts nanofluids‐based thermal energy storage.",crossref,0
Intrinsic Adsorption‐Diffusion Asymmetry Enables Stable Hydrovoltaic Power Generation Under Intermittent Humidity,https://advanced.onlinelibrary.wiley.com/doi/10.1002/aenm.71571?af=R,Wiley: Advanced Energy Materials: Table of Contents,2026-09-15 05:49:52 UTC,2026-09-15 05:49:52+00:00,10.1002/aenm.71571,Dong‐Hwan Kim,"ABSTRACT
                  
                    Hydrovoltaic energy harvesters provide a passive strategy for converting ambient moisture into electricity. However, their electrical output often rapidly decays after the removal of humidity stimulation, limiting their operation under dynamic environmental conditions. Here, we report a polyurethane‐derived polymer hydrovoltaic energy harvester (pp‐HEH) based on a hygroscopic polymeric deep eutectic solvent (HyPU
                    DES
                    ). The ionic and polar sites within HyPU
                    DES
                    enable rapid moisture adsorption, while the coupled interactions within the polymer network regulate subsequent moisture redistribution and release. This kinetic asymmetry between rapid moisture uptake and slow post‐stimulus water redistribution enables sustained hydrovoltaic output beyond the period of external humidity exposure. At 90% RH, the pp‐HEH delivers an open‐circuit voltage of 487 mV and a current density of 1.62 µA cm
                    −2
                    . After 30 min exposure to 90% RH, the device maintains a voltage response for more than 120 min under 20 ± 5% RH after humidity withdrawal. This work demonstrates a material‐level strategy for extending hydrovoltaic response windows by regulating moisture transport kinetics, providing potential opportunities for self‐powered wearable and distributed electronic systems.",crossref,0
Copper‐Governed Divergence of Lithium Deposition Modes in Anode‐Free Lithium Metal Batteries,https://advanced.onlinelibrary.wiley.com/doi/10.1002/aenm.71583?af=R,Wiley: Advanced Energy Materials: Table of Contents,2026-09-15 05:49:54 UTC,2026-09-15 05:49:54+00:00,10.1002/aenm.71583,Xiangming He,"ABSTRACT
                  Anode‐free lithium metal batteries (AFLMBs) maximize energy density by eliminating anode host materials, but their lifetime is governed by Li deposition on the current collector (CC)—a heterogeneous nucleation and growth process. Current research mainly focuses on electrolyte or artificial interphase engineering, whereas how the CC's physical structure dictates initial deposition behavior remains unclear. Here, we show that the microstructure of Cu foils induces two distinct Li deposition modes: localized nucleation‐selective growth (LS) and distributed nucleation‐competitive coalescence (DCC). Using HLCu and nmCu as model interfaces, we elucidate the evolution pathways of these modes. By integrating AFM, iSCAT, ToF‐SIMS and operando EIS‐DRT, we reveal mode‐specific differences in nucleation sites, interfacial kinetics, and the coupling between morphology, mechanical response, and side reactions. The LS mode generates loose, non‐uniform Li deposits with strong gas evolution, whereas the DCC mode enables dense, continuous, and kinetically stable Li layers. This work demonstrates that the CC is not a passive substrate but a critical component that determines the deposition mode and performance degradation. Optimizing the physical structure of the CC interface offers a key strategy—beyond electrolyte and interphase design—for long‐life AFLMBs.",crossref,0
Kinetic Isotope Effects in CO2 Reduction: Insights Into Reaction Mechanisms,https://advanced.onlinelibrary.wiley.com/doi/10.1002/aenm.71591?af=R,Wiley: Advanced Energy Materials: Table of Contents,2026-09-15 05:51:15 UTC,2026-09-15 05:51:15+00:00,10.1002/aenm.71591,Peng Wang,"ABSTRACT
                  
                    Electrochemical and photochemical carbon dioxide reduction reactions (CO
                    2
                    RR) represent pivotal strategies for converting CO
                    2
                    into valuable chemicals, yet their multistep pathways and transient intermediates complicate the identification of the rate‐determining step (RDS). Kinetic isotope effects (KIEs) provide bond‐sensitive evidence by revealing how isotopic substitution changes reaction rates. This Perspective critically examines the application of KIEs to investigate CO
                    2
                    activation, C─H bond formation, C─C coupling, water activation, and interfacial hydrogen transfer. Across these processes, normal, inverse, and near‐unity KIEs, when combined with spectroscopy and theoretical calculations, help distinguish competing elementary steps and reaction pathways. Isotope‐dependent product abundances further differentiate Langmuir–Hinshelwood and Eley–Rideal hydrogen transfer pathways and reveal how catalyst structure and interfacial environments regulate reaction pathways and selectivity. Finally, we discuss advances in isotope‐resolved operando detection, broader application of isotope analysis, and closer integration with theoretical calculations as opportunities to strengthen mechanistic analysis of CO
                    2
                    RR.",crossref,0
Decoding the Low‐Voltage Plateau in Hard Carbon Negative Electrodes: From Sodium‐Storage Models to Quantitative Active‐Site Design,https://advanced.onlinelibrary.wiley.com/doi/10.1002/aenm.71586?af=R,Wiley: Advanced Energy Materials: Table of Contents,2026-09-15 05:55:53 UTC,2026-09-15 05:55:53+00:00,10.1002/aenm.71586,Pan Xu,"ABSTRACT
                  
                    Hard carbon (HC) is the leading anode candidate for sodium‐ion batteries, but its practical optimization remains constrained by an unresolved question: which structural motifs actually store Na
                    +
                    at low potential? Early voltage‐profile assignments separated sloping capacity from plateau capacity and attributed them to adsorption, intercalation, or pore filling. However, recent evidence indicates that these assignments are often sample‐dependent and may overinterpret individual characterization signatures. This Review re‐examines HC anodes from the perspective of site‐resolved Na storage. We first compare the evolution of sodium‐storage models and clarify what each model explains, where it fails, and why apparently contradictory conclusions have emerged. We then focus on the low‐voltage plateau, discussing monolayer Na accumulation, quasi‐metallic Na cluster formation, closed‐pore filling, and the remaining pore‐volume paradox. Particular attention is given to the strengths and limitations of WAXS/XRD, SAXS, XPS, Raman, NMR, titration, and theoretical simulations for assigning Na storage states. Finally, we connect mechanistic understanding to active‐site design, including defects, heteroatoms, pores, metal‐assisted motifs, and surface functional groups, emphasizing which design rules are established and which remain speculative. HC design must move beyond qualitative structure‐performance correlations toward quantitative active‐site identification, closed‐pore metrology, and full‐cell‐relevant optimization of plateau capacity, initial Coulombic efficiency, and scalability.",crossref,0
In Situ Reconstructed Cu–Bi Interfacial Sites Enable Cooperative CO2 and Nitrate Activation for Efficient Urea Electrosynthesis,https://advanced.onlinelibrary.wiley.com/doi/10.1002/aenm.71587?af=R,Wiley: Advanced Energy Materials: Table of Contents,2026-09-15 05:57:06 UTC,2026-09-15 05:57:06+00:00,10.1002/aenm.71587,Hao Wu,"ABSTRACT
                  
                    Electrochemical urea synthesis via co‐reduction of CO
                    2
                    and nitrate (NO
                    3
                    −
                    ) offers a sustainable route for C─N bond formation but remains challenged by poor selectivity and competing side reactions. Here, we report a dual‐metal interfacial engineering strategy that enables C─N coupling by favoring a key NO─M
                    1
                    ─NO─CO─M
                    2
                    configuration. Using CuBi
                    2
                    O
                    4
                    as a model precursor, in situ electroreduction induces reconstruction into an electron‐enriched and low‐coordinated Cu─Bi interfacial structure. Operando Raman and surface‐enhanced infrared absorption spectroscopy, together with density functional theory calculations, reveal that these reconstructed dual‐metal interfaces enable cooperative adsorption of NO
                    3
                    −
                    and CO
                    2
                    , favoring a spatially confined NO─Cu─NO─CO─Bi configuration. This proposed configuration lowers the overall activation barrier and converts the traditionally endergonic C─N coupling into an exergonic N─C─N coupling process, thereby redirecting the reaction pathway toward urea formation while suppressing nitrite and CO byproducts. As a result, the catalyst achieves a urea Faradaic efficiency of 32.7% at −0.4 V vs. RHE with a high yield rate of 2955.3 mg h
                    −1
                    g
                    −1
                    at −0.6 V vs. RHE under large current densities. This work provides insights into a generalizable interfacial‐site design for modulating reaction pathways in electrosynthetic C─N coupling systems.",crossref,0
Phase‐Change Enabled Bilayer Meta‐Fabrics for High‐Performance Thermal Rectification,https://advanced.onlinelibrary.wiley.com/doi/10.1002/aenm.71581?af=R,Wiley: Advanced Energy Materials: Table of Contents,2026-09-15 06:03:12 UTC,2026-09-15 06:03:12+00:00,10.1002/aenm.71581,Ruqiang Zou,"ABSTRACT
                  
                    Adaptive thermal‐management materials capable of direction‐dependent heat transport are highly desirable for building‐envelope and other moderate‐temperature applications, yet scalable and flexible thermal rectifiers remain limited. Here, we report a polyester‐based phase‐change thermal diode meta‐fabric (TDMF) fabricated via continuous modified rotary jet spinning (M‐RJS), with potential compatibility for textile‐scale processing. The TDMF comprises a hot‐pressed reduced graphene oxide (rGO)‐integrated dense conductive layer (DCL) and an ultra‐porous fluffy insulating layer (FIL), coupling structural asymmetry with phase‐change‐induced thermal nonlinearity. An optimized configuration containing 80 wt.% phase‐change material in the DCL achieves a maximum material‐level thermal rectification ratio of ∼2.1 at Δ
                    T
                    = 45 K, where PCM‐assisted thermal switching becomes pronounced. The rGO‐enabled conductive network promotes forward heat transfer and PCM activation, whereas the porous FIL suppresses reverse heat transport through reduced interfacial contact and increased thermal resistance. The meta‐fabric also exhibits high flexibility and moisture permeability. A low‐temperature orientation test shows a ∼1.9°C surface‐temperature difference between opposite bilayer orientations, while building‐envelope analogue tests show differences up to ∼2.7°C under controlled irradiation. This work establishes a scalable fibrous platform for directional thermal management, particularly relevant to building‐envelope and other moderate‐temperature applications using the current PCM formulation design.",crossref,0
Beyond Oxygen Evolution: Anodic High‐Value Conversion for Energy‐Saving Hydrogen and Chemical Co‐Production,https://advanced.onlinelibrary.wiley.com/doi/10.1002/aenm.71592?af=R,Wiley: Advanced Energy Materials: Table of Contents,2026-09-15 06:11:35 UTC,2026-09-15 06:11:35+00:00,10.1002/aenm.71592,Qiang Zhao,"ABSTRACT
                  
                    Water electrolysis offers a scalable route to green hydrogen, but its anodic half‐reaction is still constrained by the oxygen evolution reaction (OER), a sluggish four‐electron process that consumes voltage while yielding low‐value O
                    2
                    . Anodic high‐value conversion (AHVC) replaces this value‐losing step with product‐forming oxidation, enabling hydrogen evolution to be coupled with upgrading of oxygenated organics, nitrogen‐containing molecules, pollutants, and polymer or waste‐derived streams. Yet the promise of AHVC is not established by lower oxidation potential alone. Useful co‐production requires selective bond transformation, suppression of overoxidation and OER re‐entry, controlled intermediate fate, limited crossover, and recoverable product streams at relevant current densities. This Review develops a value‐retention framework for AHVC. We discuss the thermodynamic and kinetic origins of alternative anodic reactions, compare major substrate families and their product windows, and examine how working phases, interfacial adsorption, reactive oxygen species, and local microenvironments steer molecular pathways. Device translation is then considered through full‐cell metrics, membrane transport, product recovery, durability, and techno‐economic boundaries. By connecting molecular selectivity with electrolyzer operation, AHVC is framed as a route to energy‐saving hydrogen and value‐added chemical co‐production, rather than a simple OER substitute.",crossref,0
A Multifunctional Ionograsper Enabling Ion‐Redistribution Proximity Sensing and Structural‐Reconfiguration‐Driven Bidirectional Actuation,https://advanced.onlinelibrary.wiley.com/doi/10.1002/adma.74981?af=R,Wiley: Advanced Materials: Table of Contents,2026-09-15 06:37:58 UTC,2026-09-15 06:37:58+00:00,10.1002/adma.74981,Hong Chul Moon,"ABSTRACT
                  
                    Autonomous soft actuators are essential for untethered intelligent robotic systems. However, achieving energy‐efficient operation and long‐term shape retention in solid‐state platforms remains a significant challenge, as most conventional systems rely on continuous power input or complex fluidic architectures. Here, we report an environmentally adaptive ionic actuator inspired by the Venus flytrap, capable of self‐sensing and bidirectional deformation without sustained external energy. By incorporating azobenzene moieties into an ionogel network, we trigger a unique nanopore‐mediated Janus actuation. A single, low‐power UV pulse (35.3 mW cm
                    −2
                    ) induces rapid photoisomerization and localized dehydration, forming surface nanopores that facilitate asymmetric moisture uptake. This structural reconfiguration drives directional bending that is passively maintained for over 10 min, which is an exceptionally long retention time compared to conventional soft actuators. Furthermore, electrification‐induced voltage signals enable zero‐bias proximity sensing. By integrating these synergistic characteristics, we demonstrate a biomimetic ionograsper that combines ion‐redistribution‐induced sensing with energy‐efficient light‐triggered actuation for sophisticated object manipulation. Overall, this work provides a robust strategy for developing multifunctional and power‐efficient soft robots capable of intelligent environmental interaction.",crossref,0
Detection and sequencing of Ap2N-capped RNAs in human cells,https://www.pnas.org/doi/abs/10.1073/pnas.2608168123?mi=eymic2&af=R&access=on&content=articlesChapters&publication=pnas&sortBy=Earliest&target=default,Proceedings of the National Academy of Sciences: Keyword search for query,2026-09-15 07:00:00 UTC,2026-09-15 07:00:00+00:00,10.1073/pnas.2608168123,Hana Cahova,"It was long believed that the eukaryotic RNA was primarily capped with 7-methylguanosine (m
                    7
                    G). However, the expanding field of noncanonical RNA caps recently revealed the presence of other structures (nicotinamide adenine dinucleotide, flavin adenine dinucleotide, dinucleoside polyphosphates) at the 5′ end of various mRNAs and noncoding RNAs. We report here on the detection and quantification of a new type of RNA cap—diadenosine diphosphate (Ap
                    2
                    A) and adenosine guanosine diphosphate (Ap
                    2
                    G)—on mammalian RNA. We have established a liquid chromatography–mass spectrometry (LC-MS) method to measure Ap
                    2
                    N-RNA levels and observed its increase under oxidative stress. To identify Ap
                    2
                    N-capped RNAs, we have developed a sequencing method (Ap
                    2
                    N-RNA Seq) by leveraging the ability of truncated T4 RNA Ligase 2 to selectively ligate Ap
                    2
                    N-capped RNAs to an RNA adaptor. We applied this method to human short RNA and identified a subset of tRNA-derived species as candidate Ap
                    2
                    N-capped RNAs. Among these, Ap
                    2
                    N-RNA Seq revealed previously uncharacterized 3′ tRNA fragments consistent with Ap
                    2
                    A capping at their 5′ ends. This expands current understanding of tRNA capping and processing and broadens the toolkit for studying the RNA life cycle.",crossref,0
Porous medium heterogeneity favors chemotaxis to nutrient hotspots in flow,https://www.pnas.org/doi/abs/10.1073/pnas.2616336123?mi=eymic2&af=R&access=on&content=articlesChapters&publication=pnas&sortBy=Earliest&target=default,Proceedings of the National Academy of Sciences: Keyword search for query,2026-09-15 07:00:00 UTC,2026-09-15 07:00:00+00:00,10.1073/pnas.2616336123,Joaquin Jimenez-Martinez,"Natural porous environments, such as soils and aquifers, are often highly heterogeneous, exposing microorganisms to variable fluid flow and nutrient landscapes. Chemotactic bacteria can locate nutrient hotspots and thereby accelerate subsurface reactions, yet how chemotaxis is affected by pore-scale flow remains poorly understood. Here, we show that pore-scale heterogeneity enhances the foraging benefits afforded to bacteria by motility and chemotaxis, compared to nonmotile cells advected by the flow. Using a microfluidic porous medium with localized steady nutrient sources, mimicking those found in natural porous media, we systematically test the effects of hydrodynamic heterogeneity, flow magnitude, and bacterial traits on nutrient exposure and pore-scale transport by directly tracking single cells of the soil bacterium
                    Azospirillum brasilense
                    . By introducing an advantage index that quantifies nutrient exposure compared to that of nonmotile cells, we find that the chemotactic gain in nutrient exposure increases with hydrodynamic heterogeneity by 1.5-fold. The underlying mechanism is due to swimming bacteria preferentially occupying low-velocity regions, where they can swim against the flow to climb the chemical gradient. The heterogeneous flow field in porous systems additionally causes chemotaxis to remain advantageous across a wider range of flow rates than in uniform, grain-free systems at the same mean fluid speed. These findings highlight how, due to the strong heterogeneity in the flow field, the quenching effect of flow on chemotaxis is much weaker in porous media than in homogeneous environments, with implications for biogeochemical cycling and predictive modeling of the transport of chemotactic bacteria and contaminants in porous media.",crossref,0
NMR crystallography reveals active-site protonation states of Toho-1 β-lactamase in complex with avibactam,https://www.pnas.org/doi/abs/10.1073/pnas.2616547123?mi=eymic2&af=R&access=on&content=articlesChapters&publication=pnas&sortBy=Earliest&target=default,Proceedings of the National Academy of Sciences: Keyword search for query,2026-09-15 07:00:00 UTC,2026-09-15 07:00:00+00:00,10.1073/pnas.2616547123,Leonard J. Mueller,"The determination of active-site protonation states is critical for a full mechanistic understanding of enzyme catalysis and inhibition. Here, we employ NMR crystallography—the integrated combination of solid-state NMR spectroscopy, X-ray diffraction, and first-principles computational chemistry—to determine the protonation states of the active site of Toho-1 β-lactamase in complex with the non-β-lactam inhibitor avibactam. We report two X-ray crystal structures of the Toho-1:avibactam complex, along with high-field solid-state NMR measurements that enable near-complete backbone and side-chain resonance assignments. To overcome the computational scaling limits that have traditionally hindered NMR crystallography in large systems, we use an accelerated workflow in which machine-learning interatomic potentials enable efficient geometry refinement prior to density functional theory chemical shift calculations. For Toho-1, quantitative analysis of the active-site chemical shifts and chemical shift tensors using this hybrid protocol reveals that the key active-site side chains retain their canonical charge states in the presence of avibactam, with Lys73 and Lys234 protonated and positively charged, and Glu166 deprotonated and poised to function as a general base. Contrary to recent proposals suggesting that avibactam inhibits by suppressing essential proton transfers through p
                    K
                    a
                    perturbations, our data point to a more direct chemical origin arising from the intrinsic resistance of the Ser70-avibactam carbamoyl linkage to hydrolysis.",crossref,0
Origin flexibility governs robust ssDNA engagement by the DnaA initiator,https://www.pnas.org/doi/abs/10.1073/pnas.2615469123?mi=eymic2&af=R&access=on&content=articlesChapters&publication=pnas&sortBy=Earliest&target=default,Proceedings of the National Academy of Sciences: Keyword search for query,2026-09-15 07:00:00 UTC,2026-09-15 07:00:00+00:00,10.1073/pnas.2615469123,Shogo Ozaki,"In model bacteria, initiation of chromosome replication requires engagement of single-stranded DNA by oligomers of the DnaA-family initiator assembled within the origin DNA. Although arrays of double-strand motifs recognized by DnaA are a general feature of the origins, the DnaA-binding single-strand elements are elucidated in only a limited number of species, and the mechanical principles governing their recognition remain elusive. Using the Alphaproteobacterium
                    Caulobacter crescentus
                    , we identify a previously uncharacterized GA-rich single-stranded element in the origin that directly engages DnaA oligomers and is essential for robust initiation. This element is positioned at a subkilobase distance from the DnaA oligomerization region and is brought into proximity through dynamic structural rearrangements. Moreover, DnaA oligomers exhibit an unexpectedly broad yet constrained capacity to accommodate single-stranded sequence variation. These findings provide the molecular basis for origin plasticity, highlighting how origins can diverge while preserving initiation logic.",crossref,0
An eco-evolutionary theory of host-associated microbiomes,https://www.pnas.org/doi/abs/10.1073/pnas.2612550123?mi=eymic2&af=R&access=on&content=articlesChapters&publication=pnas&sortBy=Earliest&target=default,Proceedings of the National Academy of Sciences: Keyword search for query,2026-09-15 07:00:00 UTC,2026-09-15 07:00:00+00:00,10.1073/pnas.2612550123,Miguel Lurgi,"Host-associated microbiomes often display host specificity and heritability, yet the evolutionary processes under which such structured communities first emerge are still unclear. In particular, the conditions by which intergenerational (i.e., vertical) transmission of microbes can evolve and generate host-specific microbiomes are still unresolved. Here, we present an eco-evolutionary theory of microbiome assembly under minimal assumptions of microbial dynamics (i.e., neutrally driven by environmental fluctuations) and host control. We consider the adaptive evolution of microbial and host traits, including microbiome size and vertical transmission. We show that environmental fluctuations can generate enough among-host microbial variation to enable host-level selection favoring beneficial microbiome configurations. Vertical transmission can then evolve and, even when weak, allow microbiome specificity to be inherited and amplified across generations despite continuous influx from the external environment. Selection is most effective at intermediate levels of environmental fluctuation and host lifespan, revealing fundamental trade-offs between stochastic assembly, inheritance, and dispersal of microbes. The resulting microbiomes are dense, host-specific, and heritable, yet retain high intraspecific variability and lack strict phylosymbiosis. Simulated patterns of microbial dominance, diversity, and host–microbiome dissimilarity closely match those observed in nature, as evidenced using marine sponge microbiomes. Our results provide a mechanistic theory for the early evolution of host-associated microbiomes, showing that beneficial and species-specific communities can arise through selection and inheritance prior to the evolution of dedicated host-control mechanisms.",crossref,0
Martensitic-like transition between liquid crystalline and crystalline phases of a prototypical discotic organic semiconductor,https://www.pnas.org/doi/abs/10.1073/pnas.2612044123?mi=eymic2&af=R&access=on&content=articlesChapters&publication=pnas&sortBy=Earliest&target=default,Proceedings of the National Academy of Sciences: Keyword search for query,2026-09-15 07:00:00 UTC,2026-09-15 07:00:00+00:00,10.1073/pnas.2612044123,Kushal Bagchi,"Transitions between crystalline phases occur either through the nucleation and growth mechanism, a process that is slow and destructive, or through the diffusion-less and order preserving Martensitic route. We demonstrate here that for canonical discotic organic semiconductor HAT6, the transition between the liquid crystalline columnar hexagonal phase (Col
                    H
                    ) and the crystalline solid can occur through a mechanism that exhibits the hallmarks of Martensitic transformations: orientational correlations between parent and daughter phases, reversibility, and ultrafast kinetics. To access Martensitic-like solidification, the Col
                    H
                    phase of HAT6 is biaxially aligned in microchannels and crystallization is induced on deep supercooling or fast cooling rates. Selection of a Martensitic-like transformation requires cooling rates fast enough to avoid an equilibrium phase transition but slow enough to avoid vitrification. The transition mechanism is studied using a combination of polarized optical microscopy and X-ray scattering. At the largest accessible supercooling, the Col
                    H
                    → Crystal phase transition occurs at speeds of ~100 µm/s, which is seven orders of magnitude greater than the theoretical prediction for growth from isotropic melts. Our work suggests that Martensitic-like transformations can occur between liquid crystals and crystals and are therefore more general than previously believed. Further, we demonstrate that Martensitic-like transformations of anchored liquid crystals can be used to grow biaxially aligned crystals of organic molecules over arbitrarily long distances. As macroscopic lattice alignment is desirable for devices like transistors and as several high-performance molecular semiconductors exhibit a Col
                    H
                    phase, our results hold general significance for organic electronics.",crossref,0
Domestication as gene–culture coevolution,https://www.pnas.org/doi/abs/10.1073/pnas.2620741123?mi=eymic2&af=R&access=on&content=articlesChapters&publication=pnas&sortBy=Earliest&target=default,Proceedings of the National Academy of Sciences: Keyword search for query,2026-09-15 07:00:00 UTC,2026-09-15 07:00:00+00:00,10.1073/pnas.2620741123,Marcus W. Feldman,"Human preferences can shape the genetic evolution of other species via conservation practices, public health actions, and domestication. While the dynamics of domestication have been explored in depth through empirical and theoretical analyses, few studies have analyzed models for the coevolution of human cultural preferences with the genetics of a domesticate population. Humans shape the fitness landscape of domesticate populations both intentionally and unconsciously, by selecting for desirable traits and modifying environments; in turn, changes in domesticate phenotypes can affect the cultural preferences in the domesticator population. We present a model for the dynamics of domestication which includes interactions between genetic evolution, cultural transmission, and selective pressures. The model includes forms of selection due to culturally transmitted domesticator preferences that can affect the dynamics of domesticate genetic variants, which then affect the dynamics of domesticators. Equilibria with simultaneous genetic and cultural polymorphisms may exist, and may occur under apparent heterozygote disadvantage in the domesticate. Stable quasiperiodic cycles in both domesticates and domesticators are also possible.",crossref,0
Structure-controlled quantum magnetotransport in Ba–Cu–As pnictide single crystals,https://www.pnas.org/doi/abs/10.1073/pnas.2620060123?mi=eymic2&af=R&access=on&content=articlesChapters&publication=pnas&sortBy=Earliest&target=default,Proceedings of the National Academy of Sciences: Keyword search for query,2026-09-15 07:00:00 UTC,2026-09-15 07:00:00+00:00,10.1073/pnas.2620060123,Mercouri G. Kanatzidis,"The relationship between local coordination, framework connectivity, and lattice scattering, electronic structure, and quantum transport in complex pnictides remains poorly understood. Here, we show that Cu–As polyhedral architecture provides a structural route to tuning scattering and quantum magnetotransport in Ba–Cu–As pnictide single crystals. The clearest example is BaCu
                    4
                    As
                    2
                    , which undergoes a first-order transition near 225 K from a trigonal to a triclinic structure. This symmetry lowering converts the Cu–As framework into a more distorted mixed-coordination network and is accompanied by a sharp resistive anomaly, thermal hysteresis, heat-capacity feature, Hall-response changes, and reconstruction of the low-temperature electronic structure. High-field measurements further reveal light carriers associated with small three-dimensional Fermi pockets in the reconstructed phase. A broader comparison with Ba
                    2
                    Cu
                    18−x
                    As
                    10
                    , BaCu
                    8
                    As
                    4
                    , BaCu
                    6
                    As
                    2
                    , and BaCu
                    2
                    As
                    2
                    shows that the characteristic electron–phonon scattering scale extracted from Bloch–Grüneisen fits follows the dimensionality and connectivity of the Cu–As polyhedral networks. BaCu
                    8
                    As
                    4
                    , a three-dimensional mixed-coordination framework, additionally exhibits low-field magnetoconductance consistent with weak-antilocalization-like behavior and symmetry-indicator evidence suggestive of nontrivial topology. These results underscore the Ba–Cu–As family as a platform in which Cu coordination, framework dimensionality, and metal or pnictogen bonding provide chemical handles for controlling metallic scattering, Fermi-surface reconstruction, and quantum magnetotransport.",crossref,0
Stimuli-induced reversible transformation between isomers of copper(I) clusters sharing an identical core,https://www.pnas.org/doi/abs/10.1073/pnas.2619869123?mi=eymic2&af=R&access=on&content=articlesChapters&publication=pnas&sortBy=Earliest&target=default,Proceedings of the National Academy of Sciences: Keyword search for query,2026-09-15 07:00:00 UTC,2026-09-15 07:00:00+00:00,10.1073/pnas.2619869123,Vivian Wing-Wah Yam,"The construction of reversible structural isomerization in atomically precise metal clusters remains a daunting challenge. Herein, we report the application of a bifunctionalized phosphine-alkyne ligand, (2-ethynylphenyl)diphenylphosphine (HL), to synthesize an octanuclear copper(I) cluster
                    
                      Cu
                      8
                      -1
                    
                    [(Cu
                    8
                    (L)
                    6
                    (PF
                    6
                    )
                    2
                    ], which can undergo a clean and reversible transformation to a
                    
                      Cu
                      8
                      -2
                    
                    isomer responsive to solvent or temperature stimuli. The structural isomerization process has been readily monitored by NMR in solution. Single-crystal X-ray diffraction studies further suggested the possible occurrence of a dynamic ligand rearrangement with reversible Cu–P coordination bond dissociation/reformation with the Cu
                    8
                    kernel remained intact. This reversible structural switching is accompanied by a luminescence color change between green (520 nm,
                    
                      Cu
                      8
                      -1
                    
                    ) and red (625 nm,
                    
                      Cu
                      8
                      -2
                    
                    ). This work not only provides a simple approach to achieve stimuli-induced isomerization between
                    
                      Cu
                      8
                      -1
                    
                    and
                    
                      Cu
                      8
                      -2
                    
                    but also offers an ideal platform for investigating their structure–property relationships.",crossref,0
RETRACTION: Doubling Power Conversion Efficiency of Si Solar Cells,https://advanced.onlinelibrary.wiley.com/doi/10.1002/adma.74929?af=R,Wiley: Advanced Materials: Table of Contents,2026-09-15 07:00:00 UTC,2026-09-15 07:00:00+00:00,10.1002/adma.74929,,"Z. Li, Y. Chen, R. Guo et al., ""Doubling Power Conversion Efficiency of Si Solar Cells,"" Advanced Materials, 36, no. 48, (2024): 2405724, https://doi.org/10.1002/adma.202405724. The above article, published online on 27 August 2024 in Wiley Online Library (onlinelibrary.wiley.com), has been retracted by agreement between the journal Editors-in-Chief Irem Bayindir-Buchhalter and Esther Levy; and Wiley-VCH GmbH. The retraction has been agreed following concerns raised by a third party regarding the reported power conversion efficiencies. The concerns were evaluated by independent experts who agreed that the headline claims likely resulted from measurement and calibration problems in the experimental setup, rather than demonstrating a violation of the theoretical Shockley-Queisser limit. The reviewers also agreed that the results are scientifically unsupported as no uncertainty analysis or independent verification were performed. The editors therefore found that the evidence presented in the article is insufficient to support the conclusions. The authors disagree with the decision to retract.",openalex,0
The CTNNB1–TRIM28 complex governs hormone-induced RNA polymerase II dynamics in kidney epithelial cells,https://www.pnas.org/doi/abs/10.1073/pnas.2611995123?mi=eymic2&af=R&access=on&content=articlesChapters&publication=pnas&sortBy=Earliest&target=default,Proceedings of the National Academy of Sciences: Keyword search for query,2026-09-15 07:00:00 UTC,2026-09-15 07:00:00+00:00,10.1073/pnas.2611995123,Tae-Hwan Kwon,"Arginine vasopressin maintains water homeostasis by regulating epithelial water permeability through complex transcriptional mechanisms in kidney collecting duct cells. Although CTNNB1 (β-catenin) functions as a transcriptional coregulator in vasopressin-responsive gene transcription, its role remains poorly understood. To identify CTNNB1-dependent components mediating the vasopressin-responsive transcription, we profiled transcriptomic changes following Ctnnb1 knockdown in mouse kidney collecting duct cells using RNA sequencing (RNA-Seq). RNA-Seq and promoter enrichment analyses identified bromodomain-containing proteins (TRIM28, TRIM33, BRD4, CREBBP, and EP300) as components of a CTNNB1-dependent complex regulating RNA Polymerase II (Pol II) activity. Biochemical analyses revealed physical interactions between TRIM28, CTNNB1, Pol II, and CDK9. Functionally, Trim28 knockdown blunted vasopressin-induced expression of the
                    Aqp2
                    gene. Quantitative genomic binding assays demonstrated that TRIM28 is required for robust genomic occupancy and stabilization of Pol II at the transcription start site of
                    Aqp2
                    . Additionally, dynamic formation of phase-separated nuclear TRIM28 condensates in response to vasopressin suggests that TRIM28-associated machinery functions at specialized chromatin hubs. These findings reveal that TRIM28 facilitates Pol II recruitment, pause release, and elongation upon vasopressin stimulation. Our study establishes the CTNNB1–TRIM28 machinery as a critical transcriptional scaffold that controls Pol II dynamics and chromatin structure, thereby driving osmotic water reabsorption and urine concentration.",crossref,0
FAP53 facilitates formation of microtubule doublets,https://www.pnas.org/doi/abs/10.1073/pnas.2531822123?mi=eymic2&af=R&access=on&content=articlesChapters&publication=pnas&sortBy=Earliest&target=default,Proceedings of the National Academy of Sciences: Keyword search for query,2026-09-15 07:00:00 UTC,2026-09-15 07:00:00+00:00,10.1073/pnas.2531822123,Guangshuo Ou,"The formation of microtubule doublets (MTDs) is a foundational step in cilia biogenesis, yet how B-tubule nucleation is initiated at the molecular level remains elusive. Here, we identify FAP53 as a factor that facilitates B-tubule assembly in a scaffold-dependent manner. In vitro reconstitution demonstrated that recombinant FAP53 enhances MTD formation in the presence of preassembled microtubule scaffolds, but is insufficient to drive de novo assembly from free tubulin alone. In cultured HeLa cells, coexpression of CFAP53 and CFAP20—an inner junction protein—induced ectopic MTD-like structures in the cytoplasm. Furthermore, we identified a structurally homologous protein in
                    Caenorhabditis elegans
                    , WFAP-53, which localized to sensory cilia. Loss of
                    wfap-53
                    does not abolish MTD formation in vivo, but its overexpression triggered ectopic MTD formation in neuronal dendrites and concomitantly led to sensory cilia disassembly. Molecular dynamics simulations suggested that FAP53 could stabilize B-tubule docking at the A-tubule surface. These findings uncover a conserved mechanism of B-tubule initiation and underscore the necessity for spatially restricted expression of MTD assembly factors during ciliogenesis.",crossref,0
Identification and structural characterization of stereochemical promiscuity in a taste receptor,https://www.pnas.org/doi/abs/10.1073/pnas.2534924123?mi=eymic2&af=R&access=on&content=articlesChapters&publication=pnas&sortBy=Earliest&target=default,Proceedings of the National Academy of Sciences: Keyword search for query,2026-09-15 07:00:00 UTC,2026-09-15 07:00:00+00:00,10.1073/pnas.2534924123,Atsuko Yamashita,"Taste receptor type 1 (TAS1R), which consists of sweet and umami receptors in humans, senses nutrients (such as sugars and amino acids) with substrate specificity that is often broad and varies among animals and subtypes. However, the structural basis for achieving diverse specificities remains largely elusive. Here, we present the crystal structure of the ligand-binding domain (LBD) of Tas1r1/Tas1r3 heterodimer from pufferfish, an ortholog of the human umami taste receptor. The overall structure of Tas1r1/Tas1r3LBD resembles previously reported TAS1R structures, indicating a conserved core architecture within the family. Nevertheless, pufferfish Tas1r1/Tas1r3 was found to bind and respond to both
                    l
                    - and
                    d
                    -amino acids, even though TAS1Rs are considered to respond to either enantiomer. Structural and mutational analyses revealed that this nonrigorous stereochemical recognition is attributed to intersubdomain interactions that latch the cleft containing the amino acid-binding site. These interactions prevent the cleft from fully opening, thereby stabilizing the active conformation, even if the ligand has a different chirality. These results suggest that different substrate specificities in TAS1Rs can be acquired not only by the gain or loss of direct interactions with the substrate but also by the gain of intramolecular interactions, which alter the conformational equilibrium of the receptor.",crossref,0
Decoupling food insecurity from shocks: A global analysis of food system resilience,https://www.pnas.org/doi/abs/10.1073/pnas.2536118123?mi=eymic2&af=R&access=on&content=articlesChapters&publication=pnas&sortBy=Earliest&target=default,Proceedings of the National Academy of Sciences: Keyword search for query,2026-09-15 07:00:00 UTC,2026-09-15 07:00:00+00:00,10.1073/pnas.2536118123,Jing Zhang,"Food systems worldwide are increasingly exposed to climate extremes, conflicts, pandemics, and economic shocks, raising concerns about their capacity to safeguard food security and nutrition. Although resilience is now central in global policy debates, empirical evidence on what enables national food systems to withstand shocks remains limited. Here, we analyze a unique multi-country dataset integrating measures of shock severity, governance, economic conditions, social capitals, and food-system characteristics. Using a causal resilience-as-capacity framework and a series of hybrid econometric models, we assess how structural factors and emergent system properties shape countries’ ability to limit rises in prevalence of undernourishment when affected by shocks. We show that experiencing more severe shocks does not systematically lead to worse food security: several highly affected countries—particularly in Asia—display encouraging outcomes despite severe disturbances. More generally, countries with stronger resilience capacities and more favorable food-system characteristics fare better during shocks. Especially, within-country improvements in government effectiveness, food-supply redundancy, or GDP per capita significantly reduce deterioration in undernourishment, while stronger social capital supports long-term improvement across countries. Together, these findings indicate that food-system resilience capacities can weaken the relationship between shock severity and food insecurity, with food-system resilience then understood as the ability to decouple food-security outcomes from shock severity. These findings provide one of the first global empirical assessments of the factors underpinning food-system resilience. Strengthening institutional effectiveness, enhancing redundancy, and investing in social capital emerge as critical pathways for building resilient food systems in an increasingly shock-prone world.",crossref,0
Regulation of immune signal integration and memory by inflammation-induced chromosome conformation,https://www.pnas.org/doi/abs/10.1073/pnas.2600693123?mi=eymic2&af=R&access=on&content=articlesChapters&publication=pnas&sortBy=Earliest&target=default,Proceedings of the National Academy of Sciences: Keyword search for query,2026-09-15 07:00:00 UTC,2026-09-15 07:00:00+00:00,10.1073/pnas.2600693123,Ansuman T. Satpathy,"Three-dimensional (3D) genome conformation is central to gene expression regulation, yet our understanding of its contribution to rapid transcriptional responses, signal integration, and memory in immune cells is limited. Here, we study the molecular regulation of the inflammatory response in primary macrophages using integrated transcriptomic, epigenomic, and chromosome conformation data, including base pair-resolution Micro Capture-C. We demonstrate that interleukin-4 (IL-4) primes the inflammatory response in macrophages by stably rewiring 3D genome conformation, juxtaposing endotoxin-, interferon-gamma-, and dexamethasone-responsive enhancers to their cognate gene promoters. CRISPR-based perturbations of enhancer–promoter contacts or CCCTC-binding factor (CTCF) boundary elements show that IL-4-driven conformation changes are required for enhanced and synergistic endotoxin-induced transcriptional responses, as well as transcriptional memory following stimulus removal. Moreover, transcriptional memory mediated by changes in chromosome conformation can occur in the absence of changes in chromatin accessibility or histone modifications. Collectively, these findings demonstrate that rapid and memory transcriptional responses to immunological stimuli are encoded in the 3D genome.",crossref,0
Alternative splicing of synaptotagmin 7 regulates oligomerization and short-term synaptic plasticity,https://www.pnas.org/doi/abs/10.1073/pnas.2601714123?mi=eymic2&af=R&access=on&content=articlesChapters&publication=pnas&sortBy=Earliest&target=default,Proceedings of the National Academy of Sciences: Keyword search for query,2026-09-15 07:00:00 UTC,2026-09-15 07:00:00+00:00,10.1073/pnas.2601714123,Edwin R. Chapman,"Synaptic plasticity is crucial for learning and memory. The presynaptic calcium sensor synaptotagmin 7 (syt7) regulates aspects of short-term plasticity (STP), but the underlying mechanisms remain unclear. Here, we show that alternative splicing of the syt7 juxtamembrane linker acts as a molecular switch at both biochemical and functional levels. The α and β variants undergo liquid–liquid phase separation to form condensates, while the γ variant forms aggregates. Using iGluSnFR imaging, we found that, when expressed at equal levels, these three isoforms also diverge regarding their abilities to regulate two key aspects of STP: paired-pulse facilitation and synaptic depression. Stimulated emission depletion microscopy showed that all three isoforms form active zone-associated clusters that colocalize with syt1, while minimal photon flux superresolution microscopy resolved syt7 clusters within the active zone, well-positioned to directly control synaptic vesicle dynamics. Thus, alternative splicing might fine-tune STP by differentially impacting syt7 oligomerization.",crossref,0
Nonperturbative nonlinear magnonics in a strongly driven antiferromagnet,https://www.pnas.org/doi/abs/10.1073/pnas.2606002123?mi=eymic2&af=R&access=on&content=articlesChapters&publication=pnas&sortBy=Earliest&target=default,Proceedings of the National Academy of Sciences: Keyword search for query,2026-09-15 07:00:00 UTC,2026-09-15 07:00:00+00:00,10.1073/pnas.2606002123,Keith A. Nelson,"Nonlinear dynamics govern a wide array of natural phenomena and are essential for understanding nonequilibrium behaviors in condensed matter systems. In magnetically ordered materials, magnons—the quanta of spin waves—exhibit intrinsic nonlinearities that are of great interest in fundamental research and practical applications. Despite progress in the nonlinear control of magnon modes in antiferromagnetic materials, the transition from perturbative to nonperturbative regimes of magnon coherences has remained elusive. Here, we explore the nonlinear dynamics of a magnon mode in an antiferromagnet using two-dimensional terahertz spectroscopy with waveguide-enhanced terahertz fields. By driving the magnon mode far from equilibrium, we demonstrate the emergence of high-order magnon coherences and delineate a distinct transition into nonperturbative magnon nonlinearities. This behavior originates from the intrinsic anharmonicity of the effective magnetic free-energy landscape and marks a regime dominated by magnon self-interactions at large spin deflection angles. These findings provide fundamental mechanistic insights that might be exploited for ultrafast switching and other advanced magnonic applications.",crossref,0
Dynamic Polycomb–CBC crosstalk orchestrates mRNA production at transcriptionally active loci in plants,https://www.pnas.org/doi/abs/10.1073/pnas.2607481123?mi=eymic2&af=R&access=on&content=articlesChapters&publication=pnas&sortBy=Earliest&target=default,Proceedings of the National Academy of Sciences: Keyword search for query,2026-09-15 07:00:00 UTC,2026-09-15 07:00:00+00:00,10.1073/pnas.2607481123,Zicong Li,"Histone modifications and cotranscriptional processing play fundamental roles in regulating eukaryotic gene transcription. Active histone modifications and efficient cotranscriptional mRNA processing act in concert to promote transcription, whereas repressive histone marks are normally depleted from active genes. However, the localization of repressive histone marks at transcribing genes and the regulatory mechanism in mRNA transcription are largely unclear. Here, we show that in
                    Arabidopsis thaliana
                    , the chromodomain H3K27me3 reader LIKE HETEROCHROMATIN PROTEIN1 binds nascent precursor mRNA through its middle intrinsically disordered region at H3K27me3-coated chromatin loci, thereby attenuating transcription efficiency. This interaction is subsequently disrupted by mRNA cap-binding complex to complete transcription. We illustrate how this interplay fine-tunes
                    WUSCHEL
                    transcription in the shoot apical meristem region to maintain stem cell homeostasis. Our findings uncover a distinct mechanism implemented by Polycomb repression and elucidates an interdependent crosstalk linking repressive histone modification and cotranscriptional mRNA processing to transcription regulation.",crossref,0
Gene expression programs underlying spinal commissural neuron differentiation and axon growth across the midline,https://www.pnas.org/doi/abs/10.1073/pnas.2607727123?mi=eymic2&af=R&access=on&content=articlesChapters&publication=pnas&sortBy=Earliest&target=default,Proceedings of the National Academy of Sciences: Keyword search for query,2026-09-15 07:00:00 UTC,2026-09-15 07:00:00+00:00,10.1073/pnas.2607727123,Alexander Jaworski,"Commissural neurons in the spinal cord project axons across the midline to fulfill various critical functions in somatosensory information processing and left–right coordination of motor output. These neurons have long served as a powerful model system for axon pathfinding, driving the identification of molecules and mechanistic principles for neuronal wiring that apply widely across neural circuits and model organisms. Aside from their shared initial projection path, commissural neurons are highly heterogenous, which has hampered lineage-based methods for accessing them, and most prior studies have been limited to small subpopulations of dorsal commissural neurons. The shared transcriptional programs for axonal midline crossing and the divergent gene expression signatures that define commissural neuron subtypes have therefore remained largely elusive. Here, we combine a genetic labeling strategy with single-cell RNA sequencing, birthdating, and complementary methods to study the production and transcriptomic trajectories of developing commissural neurons in the mouse embryonic spinal cord. We identify molecularly distinct commissural neuron subtypes that reveal stratification of this neuronal population beyond progenitor identities and temporal cohorts of neurogenesis, and we provide evidence that axon laterality is not linked to neuronal birthdate. We also uncover a large-scale gene expression switch that coincides with commissural axon growth across the midline and underlies differential axonal protein expression for guidance toward and away from the midline. Our findings elucidate both shared and subtype-specific gene expression programs that drive commissural neuron differentiation and axon midline crossing, and they provide a valuable resource for future studies of commissural neuron development and function.",crossref,0
ACTA2-directed actin filaments license STING trafficking and activation for antiviral immunity and autoimmune pathogenesis,https://www.pnas.org/doi/abs/10.1073/pnas.2608171123?mi=eymic2&af=R&access=on&content=articlesChapters&publication=pnas&sortBy=Earliest&target=default,Proceedings of the National Academy of Sciences: Keyword search for query,2026-09-15 07:00:00 UTC,2026-09-15 07:00:00+00:00,10.1073/pnas.2608171123,Fajian Hou,"The cyclic GMP-AMP synthase–stimulator of interferon genes (STING) pathway is essential for antiviral immunity, and its dysregulation causes inflammatory disease. The mechanism underlying STING activation, including its essential endoplasmic reticulum-to-Golgi translocation, has remained elusive. Here, we identify a dedicated actin-based transport system licensed by the smooth muscle actin isoform ACTA2 via in vitro reconstitution. Superresolution live imaging reveals STING becomes punctate and activated while moving along ACTA2 filaments. This ACTA2-directed network is required for antiviral interferon responses against HSV-1. Strikingly, it also drives pathological interferon production and lethal autoimmunity in
                    Trex1
                    −/−
                    mice, where its genetic or pharmacological disruption rescues disease. Furthermore, ACTA2 expression correlates with proinflammatory cytokine levels in peripheral blood mononuclear cells from systemic lupus erythematosus patients, and its downregulation ameliorates this inflammatory signature. Our work defines a specific cytoskeletal network that governs STING-dependent inflammatory responses to both foreign and self-DNA, thereby establishing stimulus-directed organelle trafficking as a central control point in innate immune signaling.",crossref,0
Temperate phages limit their own propagation under spatial constraint in biofilms on chitin,https://www.pnas.org/doi/abs/10.1073/pnas.2531341123?mi=eymic2&af=R&access=on&content=articlesChapters&publication=pnas&sortBy=Earliest&target=default,Proceedings of the National Academy of Sciences: Keyword search for query,2026-09-15 07:00:00 UTC,2026-09-15 07:00:00+00:00,10.1073/pnas.2531341123,Carey D. Nadell,"Biofilm growth and phage exposure are common to diverse bacterial species. Studying phage–host interaction and population dynamics in biofilms with cellular resolution remains a significant challenge, especially when attempting to recapitulate the natural environments that microbes occupy. Here, we study the population dynamics of phage K139 lysogenized and nonlysogenized
                    Vibrio cholerae
                    when growing in biofilms on the surface of chitin particles in seawater, replicating key features of
                    V. cholerae
                    ecology in the marine environment. We find that lysogenized
                    V. cholerae
                    , via spontaneous lytic induction and phage release, kill and displace nonlysogenized bacteria on chitin surfaces. After lysogens become common, however, they can no longer displace remaining nonlysogenized cells. Using a combination of modeling approaches and microscopy experiments, we show that the lysogens’ capacity to displace nonlysogens depends on the ability of phages released by spontaneous induction to reach susceptible nonlysogens. Phage access to nonlysogenized bacterial hosts declines once lysogens become common, and this occurs due to the spatial constraints inherent to biofilm growth as well as to superinfection immunity, which neutralizes phage particles adsorbed to lysogens. Once lysogens comprise the majority of the host population, they can be selected against, because they still incur the cost of spontaneous induction without gaining the benefit of killing nonlysogen cells via phage release. The cost of lytic induction, phage-mediated killing of nonlysogens, and constraints on phage mobility within host bacterial biofilms together yield population dynamics that are consistent with negative frequency-dependent selection for lysogenized cells under physiologically realistic growth conditions.",crossref,0
A lipid cue drives the subcellular localization of a self-inserting bacterial transmembrane protein,https://www.pnas.org/doi/abs/10.1073/pnas.2616693123?mi=eymic2&af=R&access=on&content=articlesChapters&publication=pnas&sortBy=Earliest&target=default,Proceedings of the National Academy of Sciences: Keyword search for query,2026-09-15 07:00:00 UTC,2026-09-15 07:00:00+00:00,10.1073/pnas.2616693123,Kumaran S. Ramamurthi,"The correct subcellular localization of proteins is a critical step underlying myriad biological processes, but the cues that drive the specific localization of integral membrane proteins in bacteria remain largely undeciphered. During sporulation in
                    Bacillus subtilis
                    , a rod-shaped outer “mother cell” constructs an internal spherical “forespore” cell that eventually matures into the spore. The integral membrane protein ShfA is made in the mother cell cytosol and localizes to the surface of the forespore. Here, we report that, despite being a multipass transmembrane protein, ShfA spontaneously inserts into the lipid bilayer via its N-terminal “YabQ” domain without the apparent need for a prelocalized insertase. ShfA preferentially inserts into cell division septa in multiple bacterial species, indicating that a widely conserved septal cue drives ShfA localization. Structural modeling suggested that the YabQ domain harbors a specific intramembrane groove that can bind the universal lipid carrier undecaprenyl phosphate (UndP), and in vitro experiments confirmed that ShfA binds to UndP directly. Moreover, UndP depletion in vivo disrupted proper ShfA localization. We propose that ShfA localizes to sites of active cell wall synthesis by binding to UndP and/or molecules like lipid I and lipid II that contain UndP and speculate that the function of ShfA is to stabilize these precursors of cell wall biogenesis from the harsh cytosolic nanoenvironment that surrounds the forespore during sporulation.",crossref,0
Efficient Dynamic Piezo‐Photocatalysis of Freestanding Single‐Crystal BaTiO3 Membranes by Strain Gradient,https://advanced.onlinelibrary.wiley.com/doi/10.1002/adma.75029?af=R,Wiley: Advanced Materials: Table of Contents,2026-09-15 08:07:51 UTC,2026-09-15 08:07:51+00:00,10.1002/adma.75029,Ming Liu,"ABSTRACT
                  
                    Piezocatalysis, capable of direct mechanical‐to‐chemical energy conversion, emerges as a promising strategy to address the global challenge of antibiotic pollution. Herein, freestanding single‐crystal BaTiO
                    3
                    membranes featuring superior piezo‐photocatalytic activity are fabricated via a water‐soluble sacrificial layer‐assisted pulsed laser deposition process. Ultrasonic cavitation‐induced strain gradients trigger dynamic a/c domain switching, which suppresses the screening effect and enhances the built‐in electric field, enabling dynamic tuning of piezoelectric polarization and sustained carrier separation. Surpassing its substrate‐clamped counterpart, the freestanding membrane exhibits a degradation activity 1.88 times higher under ultrasound. Under piezo‐photocatalytic synergy, it achieves a tetracycline removal efficiency of 90.25%, demonstrating superior broad‐spectrum degradability. This study establishes freestanding single‐crystal membranes as a transformative paradigm material form in piezocatalysis by decoding the cross‐scale coupling mechanism linking macroscopic strain gradients, microscopic domain evolution, and nanoscopic carrier dynamics, thereby paving a novel avenue for designing high‐performance catalysts.",crossref,0
Lithography‐Compatible Conductive Metal–Organic Frameworks for Scalable Electronics,https://advanced.onlinelibrary.wiley.com/doi/10.1002/adma.75003?af=R,Wiley: Advanced Materials: Table of Contents,2026-09-15 10:18:06 UTC,2026-09-15 10:18:06+00:00,10.1002/adma.75003,Sarah S. Park,"ABSTRACT
                  
                    Conductive metal–organic frameworks (MOFs) have emerged as promising electronic materials, yet their integration as functional components in semiconductor devices remains limited by challenges in device‐level fabrication. Here, we demonstrate chemical vapor deposition (CVD)‐grown Cu
                    3
                    (C
                    6
                    O
                    6
                    )
                    2
                    thin films, a highly conductive two‐dimensional (2D) MOF, as gate electrodes, enabled by their suitable work function and stable electronic structure. A sequential APS–Cr etching strategy enables high‐conformity patterning of MOF thin films fully compatible with standard photolithographic processes, while preserving the integrity of the underlying device layers. Field‐effect transistors were realized across three technologically relevant semiconductor platforms, including
                    n
                    ‐type MoS
                    2
                    ,
                    p
                    ‐type MoTe
                    2
                    , and indium gallium zinc oxide (IGZO), demonstrating the generality of Cu
                    3
                    (C
                    6
                    O
                    6
                    )
                    2
                    MOF as a gate electrode material. The resulting devices exhibit transfer characteristics and charge mobilities comparable to conventional metal gates in MoS
                    2
                    , while large‐area IGZO transistor arrays show uniform and highly reproducible electrical performance. These results establish conductive MOF thin films as viable gate materials and expand their potential toward source–drain electrodes and even channel materials, in next‐generation semiconductor devices.",crossref,0
Spectral Selective and Low‐Noise Thin‐Film Organic Photodetectors Enabled by Electric‐Field Engineering,https://advanced.onlinelibrary.wiley.com/doi/10.1002/adma.75009?af=R,Wiley: Advanced Materials: Table of Contents,2026-09-15 10:19:42 UTC,2026-09-15 10:19:42+00:00,10.1002/adma.75009,Franky So,"ABSTRACT
                  Spectral selective response is a key advantage of organic photodetectors for next‐generation imaging and sensing systems. However, under some practical operating conditions, organic photodetectors are typically subjected to high dark current that limits the device detectivity. Here, we report an electric‐field‐engineering strategy that enables tunable spatial carrier extraction in donor‐acceptor bulk heterojunctions through doping‐induced space‐charge redistribution. By reshaping the internal electric‐field profile, the carrier‐extraction region can be selectively tuned across the active layer. Therefore, the engineered field profile suppresses extraction of injected carriers, contributing to low dark current and high detectivities under reverse bias. Simultaneously, spatial selective extraction of photocarriers enables tuning of the photoresponse bandwidth of thin‐film organic photodetectors without external optical filters. The spectral response can be systematically tuned across multiple material systems, dopants, and device architectures. These results establish electric‐field engineering as a general framework for spectrally selective, high‐detectivity organic photodetection under practically relevant operating conditions.",crossref,0
Atomic‐Level Hydrogen Pumping Enables Near‐Unity Faradaic Efficiency in Nitrate‐to‐Ammonia Electroreduction,https://advanced.onlinelibrary.wiley.com/doi/10.1002/adma.75022?af=R,Wiley: Advanced Materials: Table of Contents,2026-09-15 10:21:29 UTC,2026-09-15 10:21:29+00:00,10.1002/adma.75022,Chaoqiu Chen,"ABSTRACT
                  
                    Electrochemical nitrate reduction (NO
                    3
                    RR) offers a sustainable route for ammonia synthesis and wastewater remediation, yet its efficiency is often constrained by the spatial mismatch between hydrogen (H) generation and consumption, leading to H accumulation, parasitic H
                    2
                    evolution, and intermediate poisoning. Here we report an atomic‐level hydrogen pump that directionally regulates hydrogen flux across a well‐defined Cu
                    2
                    O@Co
                    3
                    O
                    4
                    core–shell interface. By anchoring Pd single atoms either at the interface (Pd‐in) or on the outer shell (Pd‐out), we demonstrate that only the interfacial configuration enables efficient *H relay from Co
                    3
                    O
                    4
                    hydrogen‐generation sites to Cu
                    2
                    O nitrate‐reduction centers. This design suppresses *NO
                    2
                    accumulation and minimizes hydrogen evolution, achieving a near‐unity Faradaic efficiency of 99.9% and an exceptional NH
                    3
                    yield of 63.9 mg h
                    −1
                    mg
                    cat
                    −1
                    at −0.55 V versus RHE, outperforming most reported systems. Operando spectroscopy, kinetic isotope effects (KIEs), and DFT calculations reveal that interfacial Pd lowers the *H migration barrier from 1.21 to 1.01 eV, thereby kinetically favoring hydrogenation over HER. The generality of this hydrogen‐pump mechanism is further demonstrated in urea synthesis, hydrodehalogenation of 2,4,6‐tribromophenol, and Zn‐NO
                    3
                    −
                    battery systems. These findings establish hydrogen flux regulation via single‐atom positioning as a general strategy for optimizing multi‐step electrocatalytic reactions.",crossref,0
Radiation‐Resilient Perovskite Solar Cells for Space Exploration: From Soft‐Lattice Dynamics to Stack‐Level Hardening,https://advanced.onlinelibrary.wiley.com/doi/10.1002/adma.74974?af=R,Wiley: Advanced Materials: Table of Contents,2026-09-15 10:26:19 UTC,2026-09-15 10:26:19+00:00,10.1002/adma.74974,Qi Chen,"ABSTRACT
                  Perovskite solar cells (PSCs) have emerged as compelling candidates for next‐generation space photovoltaics, offering high specific power, mechanical flexibility, and promising radiation tolerance. However, in orbit, these devices face a harsh radiation environment of energetic electrons, protons, gamma rays, ultraviolet (UV) photons, and other radiation sources such as neutrons and x‐rays, together with vacuum, AM0 illumination, and temperature cycling. Here, we review radiation damage mechanisms and hardening strategies for PSCs under space‐relevant conditions. We highlight that the soft ionic lattice and defect tolerance of halide perovskites enable dynamic self‐healing capability, wherein non‐ionizing energy loss (NIEL)‐driven displacement damage competes with ionizing energy loss (IEL)‐driven defect reorganization. Despite the perovskite absorber's exceptional radiation hardness, device‐level failure is frequently dictated by the degradation of charge‐transport layers, buried interfaces, metal contacts, substrates, and encapsulation layers. We then discuss hardening strategies, including compositional engineering, robust transport layers, interfacial passivation, and functional encapsulation. Finally, we outline key challenges limiting practical deployment, including the lack of standardized space‐relevant testing protocols, insufficient understanding of multi‐physics coupled space stressors, and the absence of predictive lifetime models. By bridging fundamental radiation physics with device engineering, this review provides a comprehensive roadmap for developing radiation‐resilient perovskite photovoltaics for aerospace applications.",crossref,0
Pulsed Electrocatalysis: A Novel Paradigm of Nitrate Reduction,https://advanced.onlinelibrary.wiley.com/doi/10.1002/adma.74881?af=R,Wiley: Advanced Materials: Table of Contents,2026-09-15 10:55:07 UTC,2026-09-15 10:55:07+00:00,10.1002/adma.74881,Bin Liu,"ABSTRACT
                  
                    Electrocatalytic nitrate (NO
                    3
                    −
                    ) reduction reaction (eNO
                    3
                    RR) offers a promising route for NO
                    3
                    −
                    pollution control and nitrogen resource recovery. However, under conventional potentiostatic electrolysis, limited product selectivity and catalyst deactivation still hinder its practical application. Pulsed electrolysis provides a new strategy to dynamically regulate the complex interfacial reaction processes in eNO
                    3
                    RR. Nevertheless, its effectiveness strongly depends on rational parameter design, as inappropriate pulse settings may increase energy consumption and induce undesired catalyst structural evolution. More importantly, the relationship between pulse parameters and interfacial reaction mechanisms remains unclear. Thereby, current parameter optimization lacks generalizable design principles. In this review, we summarize recent advances in pulsed electrolysis for eNO
                    3
                    RR, focusing on its mechanistic roles in dynamic catalyst reconstruction, interfacial microenvironment regulation, and reaction pathway modulation. We then outline design considerations for key pulse parameters and analyze their effects on catalyst stability, mass transport, Faradaic efficiency, and product selectivity. We further discuss the potential of pulsed strategies for value‐added C─N coupling transformations. Finally, we examine the key challenges facing pulsed eNO
                    3
                    RR in energy efficiency, stability, and practical scale‐up. This review aims to provide mechanistic insights and design guidance for pulsed eNO
                    3
                    RR systems and to support their transition from laboratory studies toward sustainable practical applications.",crossref,0
Molecular Engineering of a Mixed‐Spacer System Toward High‐Performance Polycarbazole Anion‐Exchange Membranes,https://onlinelibrary.wiley.com/doi/10.1002/anie.5745701?af=R,Wiley: Angewandte Chemie International Edition: Table of Contents,2026-09-15 10:58:50 UTC,2026-09-15 10:58:50+00:00,10.1002/anie.5745701,Chuanbing Tang,"ABSTRACT
                  
                    This manuscript reports a mixed‐spacer architecture for resolving the conductivity–swelling–stability tradeoff in ether‐free anion‐exchange membranes (AEMs). Unlike conventional spacer engineering, which usually relies on a single spacer length, the mixed‐spacer approach provides an additional degree of freedom for regulating membrane properties. Using mixed‐spacer engineering in polycarbazoles with mixed short and long spacer side chains, we show that hydroxide transport and membrane durability can be jointly optimized through control of hydration, ionic connectivity, and local cation solvation, rather than through ion exchange capacity alone. A series of membranes with varied ratios of short (
                    C4
                    ) and long (
                    C6
                    ) alkyl spacers were synthesized via acid‐catalyzed Friedel–Crafts polymerization followed by quaternization. The optimized membrane achieves a hydroxide conductivity of 184 mS cm
                    −1
                    at 80°C, outperforming both short‐spacer and long‐spacer counterparts. Membranes rich in
                    C4
                    spacers exhibit weaker alkaline stability, whereas those containing dominant
                    C6
                    spacers show excellent stability. In a fuel cell device, the membrane delivers a peak power density of 2.51 W cm
                    −2
                    , among the highest reported for polycarbazole AEMs. Mechanistic understanding was achieved through both experimental and computational investigations. These results demonstrate that mixed‐spacer molecular engineering is a promising and effective strategy for designing high‐performance AEMs.",crossref,0
Integrating Rigidity and Regular Packing in Ag6 Clusters via Ligand Fluorination: Toward High‐Efficiency Low‐Loss Optical Waveguiding,https://onlinelibrary.wiley.com/doi/10.1002/anie.5830758?af=R,Wiley: Angewandte Chemie International Edition: Table of Contents,2026-09-15 10:59:06 UTC,2026-09-15 10:59:06+00:00,10.1002/anie.5830758,Hui Xu,"ABSTRACT
                  
                    Ligand fluorination offers an effective approach to regulate both molecular packing and excited‐state properties in metal nanoclusters for optical waveguiding. In this study, a series of Ag
                    6
                    L
                    6
                    clusters, Ag
                    6
                    (PPT)
                    6
                    , Ag
                    6
                    (FPPT)
                    6
                    , and Ag
                    6
                    (2FPPT)
                    6
                    , were constructed using stepwise fluorinated ligands. All three clusters feature a slightly distorted octahedral Ag
                    6
                    core, while fluorination reorganizes intercluster interactions through C─H···F contacts, leading to more regular and compact crystal packing with enhanced lattice rigidity. Photophysical studies reveal that fluorination modulates the emission properties and increases the photoluminescence quantum yield from 35.66% to 98.67%. Theoretical simulations elucidate that fluorination localizes the lowest charge‐transfer excited states, simplifies the composition of excited states, and shifts the emissive states from greater metal‐centered character toward increased ligand participation, thereby favoring radiative decay and suppressing excited‐state absorption. Consequently, both absorption‐ and scattering‐related losses are effectively suppressed, resulting in a substantial decrease in optical loss coefficients from 0.04164 to 0.00365 dB µm
                    −1
                    . Ligand fluorination emerges as a robust approach to achieving organized molecular packing, bolstered lattice rigidity, and refined excited‐state configurations, paving the way for high‐efficiency, low‐loss cluster‐based optical waveguides.",crossref,0
In Situ Engineered NiCoRu‐CeO2 Interfaces for Active and Stable Ammonia Conversion Toward High‐Performance Direct Ammonia Protonic Ceramic Fuel Cells,https://advanced.onlinelibrary.wiley.com/doi/10.1002/adma.74961?af=R,Wiley: Advanced Materials: Table of Contents,2026-09-15 11:04:58 UTC,2026-09-15 11:04:58+00:00,10.1002/adma.74961,Xinbo Zhang,"ABSTRACT
                  
                    Direct ammonia proton‐conducting ceramic fuel cells (DA‐PCFCs) emerge as one promising clean energy technology that directly utilizes ammonia as a hydrogen‐rich, zero‐carbon fuel. However, limited catalytic activity and structural instability of conventional Ni‐based anode under ammonia atmospheres impose daunting challenges in the practical DA‐PCFCs application. Here, we develop the stable NiCoRu‐CeO
                    2
                    catalytic heterointerface using the facile strategy of infiltration coupled with in situ conversion of the Ce
                    0.9
                    Co
                    0.09
                    Ru
                    0.01
                    O
                    2
                    (CCR) precursor on Ni‐BaCe
                    0.7
                    Zr
                    0.1
                    Y
                    0.1
                    Yb
                    0.1
                    O
                    3‐
                    
                      δ
                    
                    (Ni‐BCZYYb) anode. The in situ engineered NiCoRu‐CeO
                    2
                    heterointerface synergistically promotes efficient ammonia decomposition and proton conduction, achieving a near‐complete and stable conversion efficiency close to 100% at 600°C under 300 h operation. Mechanism studies reveal that CCR‐induced electronic modulation facilitates sufficient charge transfer and downshifts the Ni d‐band center, thereby optimizing adsorption energetics of reactants and key intermediates, and mitigating the over‐binding of NH
                    3
                    toward an efficient and stable ammonia conversion process. Using CCR@Ni‐BCZYYb anodes, the assembled DA‐PCFCs exhibit a high peak power density of 1.06 W cm
                    −2
                    at 650°C, and negligible degradation over 300 h of operation. This work provides an effective interface engineering strategy for developing highly active and durable ammonia‐fueled PCFCs.",crossref,0
BrIS: Visualizing Internal Standards at the MS1 Level via Bromine Fingerprint for Sensitive and Robust Proteomics Quality Control,https://onlinelibrary.wiley.com/doi/10.1002/anie.1708018?af=R,Wiley: Angewandte Chemie International Edition: Table of Contents,2026-09-15 11:04:59 UTC,2026-09-15 11:04:59+00:00,10.1002/anie.1708018,Haojie Lu,"ABSTRACT
                  Data fidelity in mass spectrometry (MS)‐based proteomics demands stringent quality control, for which spiking internal standards into biological samples is a straightforward practice. Yet, conventional internal‐standard tracking relies on MS/MS‐dependent identification, which can be unavailable or unreliable under challenging analytical conditions. Herein, we introduce a suite of Brominated Internal Standards (BrIS) and a tailored scanning algorithm, BrScan‐MS1, which exploits bromine isotopic fingerprints and conserved elution order of BrIS peptides to directly track them at the MS1 level and enable reliable retention time (RT) assignment. Across a DDA dilution series, BrScan‐MS1 recognized all BrIS peptides in every BrIS‐spiked replicate and provided consistent RT assignments. In long‐term DIA analyses using a plasma matrix, BrIS showed greater RT stability and quantitative consistency than iRT peptides and enabled sensitive tracking of instrumental drift. Cross‐platform analyses demonstrated robust BrIS‐based RT calibration of endogenous peptides across LC‐MS platforms. In single‐cell proteomics involving three cell lines, BrIS enabled reliable tracking at low sample inputs while largely maintaining cell‐line‐specific proteomic patterns and showed a modest tendency to better preserve control‐derived differential‐expression patterns than iRT peptides. Together, BrIS and BrScan‐MS1 provide a practical approach for quality control across diverse proteomics settings ranging from complex matrices to ultra‐low‐input samples.",crossref,0
Correction to “Boron Cluster Anions Dissolve En Masse in Lipids Causing Membrane Expansion and Thinning”,https://onlinelibrary.wiley.com/doi/10.1002/anie.8380013?af=R,Wiley: Angewandte Chemie International Edition: Table of Contents,2026-09-15 11:06:41 UTC,2026-09-15 11:06:41+00:00,10.1002/anie.8380013,,"A. Barba-Bon, A. El Haitami, C. Pasquier, et al., “Boron Cluster Anions Dissolve En Masse in Lipids Causing Membrane Expansion and Thinning,” Angewandte Chemie International Edition 63 (2024): e202412834, https://doi.org/10.1002/anie.202412834. In the Supporting Information, Table S4, the σ value for boron needs to be corrected to 2.0415 Å. The MD simulations were performed with the correct parameter at 298 K, and the revised versions of Figures 4 and S18 are shown below, affording similar results with a more systematic trend of the membrane thinning effect with cluster size in Figure S18. The original Supporting Information is replaced by the corrected version, including also revised versions of Figures S16 and S17. The Discussion and Conclusions of the study remain unaffected by this correction. We apologize for these errors.",openalex,0
Evidence for BINAP‐Stabilized Gold(II) Species in a Catalytic Bromination Reaction of Terminal Alkynes,https://onlinelibrary.wiley.com/doi/10.1002/anie.9751771?af=R,Wiley: Angewandte Chemie International Edition: Table of Contents,2026-09-15 11:11:07 UTC,2026-09-15 11:11:07+00:00,10.1002/anie.9751771,Manzhou Zhu,"ABSTRACT
                  
                    Despite significant advances in gold chemistry, the EPR spectroscopic identification of a transient Au(II) species remains highly challenging. Herein, in the study of a bromination reaction of terminal alkynes enabled by a structurally rigid [Au(BINAP)(TFA)]
                    2
                    complex as a precatalyst, a novel BINAP‐stabilized gold(II) intermediate has been generated in situ and identified by EPR spectroscopy in the case of an oxidation reaction of a binuclear [Au(BINAP)(TFA)]
                    2
                    with
                    N
                    ‐bromosuccinimide (NBS). Structurally rigid [Au(BINAP)(TFA)]
                    2
                    complex is the essential factor to form Au(II) species with triplet spin state and subsequent further dissociation to mononuclear gold species.",crossref,0
Single‐Stranded Interruptions in the T7 Promoter Non‐Template Strand Exhibit Unexpected Transcription Behavior,https://onlinelibrary.wiley.com/doi/10.1002/anie.2229119?af=R,Wiley: Angewandte Chemie International Edition: Table of Contents,2026-09-15 11:11:18 UTC,2026-09-15 11:11:18+00:00,10.1002/anie.2229119,Michael Famulok,"ABSTRACT
                  T7 RNA polymerase (T7RNAP) is widely used for in vitro transcription due to its high specificity and efficiency. Its ability to initiate transcription from a promoter containing single‐stranded interruptions, however, remains largely unexplored even though such an ability might provide a potential mechanism for transcriptional regulation in vitro. Here, we systematically introduce single‐stranded gaps of varying sizes and positions within the non‐template strand of the T7 promoter to investigate their effects on transcription, hypothesizing that small gaps would essentially be tolerated while large gaps would be inhibitory. Surprisingly, single‐nucleotide gaps in the promoter's specificity region (−11 to −8) prevented transcription and larger gaps allowed transcription. Fluorescence and gel‐based assays confirmed these effects. Structurally, small gaps may disrupt essential hydrogen bonding while larger gaps may increase promoter interaction with T7RNAP, thereby improving binding and initiation while hindering promoter release. These insights reveal new aspects of T7RNAP function and suggest novel strategies for DNA‐based transcriptional control in bio‐hybrid systems, which we demonstrate by introducing an RNA‐dependent transcription‐based molecular switch.",crossref,0
Self‐Pillared Pentasil Zeolite Microspheres as Self‐Supported Catalysts With Enhanced Molecular Diffusion for Waste Plastic Upcycling,https://onlinelibrary.wiley.com/doi/10.1002/anie.1633031?af=R,Wiley: Angewandte Chemie International Edition: Table of Contents,2026-09-15 11:16:12 UTC,2026-09-15 11:16:12+00:00,10.1002/anie.1633031,Zhendong Liu,"ABSTRACT
                  Hierarchical and two‐dimensional zeolites often exhibit superior diffusion properties and catalytic performance unattainable with conventional three‐dimensional crystals, yet their practical deployment is limited by shaping with binders that compromise these structural advantages. Here we report the synthesis of self‐pillared pentasil (SPP) zeolite microspheres as self‐supported catalyst bodies built from nanosheets in a characteristic house‐of‐cards arrangement. Time‐resolved studies reveal that, in a dual‐template system containing tetrabutylphosphonium hydroxide (TBPOH) and ethylenediamine (EDA) as co‐structure‐directing agents, SPP zeolite nanosheets spontaneously assemble into microscale spheres during crystallization while developing their hierarchical architecture. This strategy is not limited to the pure‐silica composition but also enables the synthesis of aluminosilicate SPP microspheres with enriched Brønsted and Lewis acidity. Diffusion measurements, together with peak‐force quantitative nanomechanical mapping (PF‐QNM) and nanoindentation analyses, show that the SPP microspheres combine efficient molecular transport with appreciable mechanical robustness. As a proof of concept, we further demonstrate that the aluminosilicate SPP microspheres function as self‐supported and recyclable catalysts for polyethylene upcycling, which achieve high conversion, selective formation of liquid hydrocarbons, and excellent structural stability upon reuse. These findings provide a synthetic blueprint for self‐supporting structured zeolitic catalysts and highlight their broader potential in catalytic transformations involving bulky molecules.",crossref,0
Controlled Cationic Ring‐Opening Polymerization Enables Chemically Recyclable Polyacetal‐Based Polyurethanes,https://onlinelibrary.wiley.com/doi/10.1002/anie.7101768?af=R,Wiley: Angewandte Chemie International Edition: Table of Contents,2026-09-15 13:16:31 UTC,2026-09-15 13:16:31+00:00,10.1002/anie.7101768,Youhua Tao,"ABSTRACT
                  The pursuit of a sustainable, circular polyurethane (PU) economy has created a pressing need to develop chemically recyclable polyols capable of reconciling the inherent conflicts between the performance requirements during and after their life span. Polyacetal polyols offer a promising candidate for this purpose; however, their widespread adoption in PUs manufacturing has been persistently hindered by challenges in precision synthesis. Here, we demonstrate a highly efficient anion‐binding catalytic polymerization (ABCP) strategy for reversible‐deactivation cationic ring‐opening polymerization of cyclic acetals, using a selenocyclodiphosph(V)azane catalyst and a trimethylsilyl iodide initiator. This approach enables the long‐sought precision synthesis of poly(1,3‐dioxepane) (PDXP) diol—a representative polyacetal polyol—on the kilogram scale, with no detectable cyclic side‐products. This chemistry further enables the utilization of hydroxyl‐telechelic PDXP as an alternative to poly(tetramethylene ether glycol) diol in the preparation of both thermoplastic PUs and flexible foams. The resulting materials exhibit excellent mechanical properties and processability comparable to those of commercial polyether‐based PUs, while the PDXP soft segments in representative thermoplastic PU and crosslinked flexible foam can be depolymerized to regenerate 1,3‐dioxepane, and the hard‐segment‐enriched residue can be converted to 4,4'‐diaminodiphenylmethane, thereby demonstrating closed‐loop recycling of the PDXP soft segment together with chemical valorization of the hard‐segment‐derived fraction.",crossref,0
Transient Potential‐Driven Ir‐Site Response Regulates Lattice‐Oxygen Participation,https://onlinelibrary.wiley.com/doi/10.1002/anie.8928500?af=R,Wiley: Angewandte Chemie International Edition: Table of Contents,2026-09-15 13:16:55 UTC,2026-09-15 13:16:55+00:00,10.1002/anie.8928500,Tao Yao,"ABSTRACT
                  
                    Understanding how active sites dynamically respond to electrochemical polarization and control catalytic pathway selection remains a key challenge in multistep electrocatalysis. Here we show that electron‐withdrawing Mn doping endows Ca
                    2
                    IrO
                    4
                    with an enhanced transient response of Ir sites under acidic oxygen‐evolution conditions. Using time‐resolved energy‐dispersive x‐ray absorption spectroscopy, we directly capture Ir‐site evolution during a single voltammetric sweep, revealing a rapid potential‐induced increase in Ir oxidation state accompanied by strengthened Ir‐O covalency under anodic polarization.
                    Operando
                    characterizations and theoretical calculations demonstrate that this enhanced transient Ir‐site response facilitates lattice‐oxygen activation, thereby increasing the contribution of the lattice oxygen mechanism under working conditions. Consequently, Mn‐doped Ca
                    2
                    IrO
                    4
                    delivers 1 A cm
                    −2
                    at 1.675 V in a proton‐exchange‐membrane water electrolyzer and maintains stable operation for over 500 h. These findings identify the transient Ir‐site response as an important factor regulating lattice‐oxygen participation in Ca
                    2
                    IrO
                    4
                    ‐based catalysts, providing a basis for designing Ir‐based oxides with tunable lattice‐oxygen chemistry.",crossref,0
Deuterated Multi‐Color Probes for Reaction‐Resolved Mapping of Intracellular Redox Pathways With Magnetic Resonance,https://onlinelibrary.wiley.com/doi/10.1002/anie.7813699?af=R,Wiley: Angewandte Chemie International Edition: Table of Contents,2026-09-15 13:17:01 UTC,2026-09-15 13:17:01+00:00,10.1002/anie.7813699,Stefan Glöggler,"ABSTRACT
                  
                    Deuterium (
                    2
                    H) offers unique advantages as a nuclear magnetic resonance (NMR) reporter owing to its negligible endogenous biological background and ability to provide chemically distinguishable resonances. In the present study, we propose a chemical‐shift encoding concept in which reactions converting the deuterium‐bearing carbon from an sp
                    2
                    ‐ to an sp
                    3
                    ‐hybridized state produce pronounced and predictable
                    2
                    H NMR chemical‐shift changes, enabling distinct reaction outcomes to be encoded as spectroscopically resolvable signatures. Here we introduce deuterated “multi‐color” probes (DMCPs), a molecular platform coupling reaction‐based molecular recognition with
                    2
                    H NMR spectroscopy to simultaneously map distinct intracellular redox pathways. DMCPs encode thiol conjugation and enzymatic reduction as spectrally separable
                    2
                    H NMR signatures, allowing multiplexed detection of glutathione reactivity and NAD(P)H‐driven reductive activity within a single acquisition. Applied in living glioblastoma cells, DMCPs reveal parallel glutathione conjugation and NAD(P)H‐dependent reduction, with the corresponding reaction‐derived signals changing upon glutathione depletion. This method further captures pharmacologically induced redox perturbations, providing a mechanistic framework for evaluating redox‐targeting strategies and rationalizing resistance mechanisms in early‐stage drug discovery.",crossref,0
Luminescence Vapochromism of a Cu(I)/Na Phosphane Iodide Assembly Based on a Secondary‐Sphere Sodium Response,https://onlinelibrary.wiley.com/doi/10.1002/anie.6117838?af=R,Wiley: Angewandte Chemie International Edition: Table of Contents,2026-09-15 13:19:27 UTC,2026-09-15 13:19:27+00:00,10.1002/anie.6117838,Igor O. Koshevoy,"ABSTRACT
                  
                    Photoluminescent compounds showing distinct and selective optical response to external perturbation are essential components for sensing applications. Herein, we present a copper(I) iodide–sodium luminescent complex assembled with a hybrid phosphane‐phosphinate ligand. The photoemission of the tetrametallic {Cu
                    2
                    I
                    2
                    Na
                    2
                    } aggregate is consistent with the thermally activated delayed fluorescence that originates from the [CuI(phosphane)] motifs but strongly depends on the coordination environment of sodium ions completed by O‐donor solvent molecules, Na–π(phenyl) interactions, and/or Na–I bonds. The reversible removal and vapor‐phase addition of methanol, ethanol, water, and dimethoxyethane as Na‐bound ligands alter the solid‐state luminescence from blue (461 nm) to yellow (570 nm) with quantum yields reaching 0.73. Importantly, different photoemission responses to methanol (522 nm) and ethanol (492 nm) are complemented by preferred binding of methanol and its detection in up to 1:10 methanol:ethanol mixtures. Variations of luminescence among the studied solvates are attributed to the alterations of secondary sphere interactions involving sodium ions and illustrate a new approach to stimuli‐responsive metal complexes constructed from soft‐hard donor ligands.",crossref,0
Stabilizing Zinc Anodes via a Zeolite‐Induced Localized Supersaturated Electrolyte Interface,https://onlinelibrary.wiley.com/doi/10.1002/anie.5744163?af=R,Wiley: Angewandte Chemie International Edition: Table of Contents,2026-09-15 13:26:49 UTC,2026-09-15 13:26:49+00:00,10.1002/anie.5744163,Zifeng Yan,"ABSTRACT
                  
                    Aqueous Zn‐ion batteries (AZIBs) hold great potential for cost‐effective and safe grid‐scale energy storage, yet their lifespan is limited by dendrite growth and side reactions arising from an unstable electrode/electrolyte interface. Although high‐concentration electrolytes can tune solvation structure and enhance Zn plating/stripping stability, they suffer from high cost and low practicality. Herein, we propose a localized supersaturated electrolyte interface (LSEI) concept via constructing a low Si/Al ratio ZSM‐5 zeolite (LZ5) interphase on the Zn surface. The abundant Brønsted acid sites inside the LZ5 nanochannels function as “ion tentacles” to spontaneously capture and confine Zn
                    2+
                    , dramatically raising the localized Zn
                    2+
                    concentration on the Zn surface even in a dilute ZnSO
                    4
                    electrolyte (1 M). This LSEI creates a H
                    2
                    O‐deficient and anion‐enriched Zn
                    2+
                    solvation structure at the LZ5 interface, which concurrently accelerates Zn
                    2+
                    desolvation and transport dynamics for dendrite‐free deposition and suppresses H
                    2
                    O‐induced side reactions. Consequently, the LZ5@Zn symmetric cells deliver a lifespan of over 2400 h and a high cumulative capacity exceeding 5.5 Ah cm
                    −2
                    . The assembled LZ5@Zn//NH
                    4
                    V
                    4
                    O
                    10
                    full cells achieve 96% capacity retention over 1200 cycles at 3 A g
                    −1
                    . Our findings highlight the potential of LSEI design for developing durable Zn anodes toward practical AZIBs.",crossref,0
Overcoming Salt Precipitation in CO2 Reduction Membrane Electrode Assembly Electrolyzer Enables Over 4200 Hours Stable Operation,https://onlinelibrary.wiley.com/doi/10.1002/anie.3224934?af=R,Wiley: Angewandte Chemie International Edition: Table of Contents,2026-09-15 13:28:04 UTC,2026-09-15 13:28:04+00:00,10.1002/anie.3224934,Lequan Liu,"ABSTRACT
                  
                    Alkali metal cations (AMCs) are widely recognized as critical promoters of CO
                    2
                    electroreduction. Yet, salt precipitation severely undermines membrane electrode assembly (MEA) electrolyzer stability, while limited mechanistic understanding of how the interfacial cation is sustained hinders efforts to address this challenge. Here, we reveal that sustained AMC‐enabled CO
                    2
                    reduction in MEA systems relies on a dynamic interfacial cation replenishment mechanism, in which continuous cation transport from the anolyte to the cathode compensates for the rapid depletion of interfacial cations, a process particularly pronounced in CEM–MEA systems. Guided by these insights, we demonstrate that (CH
                    3
                    )
                    4
                    N
                    +
                    can serve as an effective alternative to AMCs, achieving CO
                    2
                    RR performance comparable to that of Cs
                    +
                    in MEA systems. Crucially, the high solubility and strong hygroscopicity of (CH
                    3
                    )
                    4
                    NHCO
                    3
                    , together with the reduced crossover of (CH
                    3
                    )
                    4
                    N
                    +
                    , effectively suppress salt precipitation. Integrating this precipitation‐free cation system with a continuous cation recovery unit enabled long‐term CO
                    2
                    electrolysis: an AEM–MEA operated continuously for over 4200 h without disassembly at 100 mA cm
                    −2
                    , with the CO Faradaic efficiency (FE
                    CO
                    ) maintained above 90%, and a CEM–MEA operated intermittently for a cumulative 380 h at 50 mA cm
                    −2
                    with FE
                    CO
                    above 80%. These results open a promising route toward durable, precipitation‐free CO
                    2
                    electrolysis.",crossref,0
Phase Inversion‐Engineered Ultrathick Electrodes With Intrinsic Hydrogel Interphase for High Areal Capacity Aqueous Zinc–Iodine Batteries at Room/Subzero Temperatures,https://advanced.onlinelibrary.wiley.com/doi/10.1002/adma.74986?af=R,Wiley: Advanced Materials: Table of Contents,2026-09-15 14:01:36 UTC,2026-09-15 14:01:36+00:00,10.1002/adma.74986,Yang Yang,"ABSTRACT
                  
                    Thick cathodes are essential to maximize the practical energy density of zinc–iodine (Zn–I
                    2
                    ) batteries, yet their implementation is severely constrained by processing‐induced elemental iodine sublimation loss and aggravated polyiodide shuttling during cycling. Herein, unstable active iodine species are decoupled from the conventional cathode and incorporated into a ZnI
                    2
                    electrolyte, which is paired with an ultrathick polyethersulfone–polyvinylpyrrolidone@activated carbon (PES–PVP@AC) host electrode to achieve practical high‐areal‐capacity Zn–I
                    2
                    batteries. This scalable phase‐inversion electrode‐fabrication strategy using a PES–PVP binder blend not only creates highly interconnected electrolyte‐infiltration microchannels but also generates an intrinsic PVP‐containing hydrogel interphase, thereby simultaneously facilitating rapid ion transport and regulating I
                    3
                    −
                    generation/dissolution. Mechanistically, the PVP‐containing hydrogel interphase coordinates with electrodeposited I
                    2
                    to form a stable PVP–I
                    2
                    complex, thereby increasing the Gibbs free energy of I
                    3
                    −
                    formation and rendering the reaction thermodynamically less favorable, while concurrently reducing interfacial H
                    2
                    O availability to inhibit water‐mediated I
                    3
                    −
                    dissolution/diffusion kinetics. Benefiting from the inherent anti‐freezing capability of the ZnI
                    2
                    ‐based electrolyte, the Zn–I
                    2
                    battery achieves an ultrahigh areal capacity of 7.5 mAh cm
                    −2
                    over 3000 cycles at −20°C. Importantly, this strategy enables the direct assembly of Ah‐level single‐layer pouch cells (∼1.5  Ah) without complex multilayer stacking, offering a practical pathway toward scalable grid energy storage.",crossref,0
Understanding the Two‐Stage Interfacial Mass Transfer of Zn2+ Ions in Aqueous Zinc Batteries,https://advanced.onlinelibrary.wiley.com/doi/10.1002/adma.75047?af=R,Wiley: Advanced Materials: Table of Contents,2026-09-15 14:04:56 UTC,2026-09-15 14:04:56+00:00,10.1002/adma.75047,Liang An,"ABSTRACT
                  Parasitic reactions, dendrite growth, and sluggish zinc‐ion transport kinetics coherently deteriorate the reversibility and stability of zinc anodes in aqueous zinc‐ion/metal batteries. Thus, the simultaneous regulation of zinc ions and water contents at the interface and facilitation of zinc‐ion reaction kinetics are crucial for advancing the zinc anode. Herein, we establish a hydrophobic decoration with two‐stage facilitation of zinc‐ion transport using the high‐entropy alloy (HEA) to achieve these goals. The zincophilicity of the alloy enriches zinc ions in the electric double layer (EDL), achieving the first‐stage acceleration. Meanwhile, the widespread d‐band centers of each element provide gradual coordination to zinc ions, establishing the second‐stage facilitation. Combining with the hydrophobicity of both the HEA and carbon supports, water, the source of side reactions, is shielded from the interface. This zincophilic, hydrophobic, and gradually accelerating interface contributes to a stable and highly reversible zinc anode, as demonstrated by a lifespan over 4000 h in Zn||Zn cells, and a Coulombic efficiency of 99.69%. Meanwhile, practical application is confirmed by the superior capacity retention of 90.9% in Zn||PANi batteries. These results underscore the efficacy of the diversified d‐band centers, supplementing a novel dimension for future design of commercial separators.",crossref,0
Cornea‐Penetrating Nanodrug Co‐Delivering VEGF‐Silencing siRNA and Lutein for Treating Age‐Related Macular Degeneration,https://advanced.onlinelibrary.wiley.com/doi/10.1002/adma.74994?af=R,Wiley: Advanced Materials: Table of Contents,2026-09-15 14:16:39 UTC,2026-09-15 14:16:39+00:00,10.1002/adma.74994,Na Kong,"ABSTRACT
                  Age‐related macular degeneration (AMD) is the leading cause of irreversible blindness among the elderly, driven by oxidative stress, chronic inflammation, and pathological choroidal neovascularization (CNV). Although intravitreal anti‐vascular endothelial growth factor (VEGF) therapies remain the current clinical standard, their invasive nature and requirement for long‐term repeated injections present substantial risks and patient burden, underscoring an urgent need for noninvasive therapeutic alternatives. Here, we develop a noninvasive, cornea‐penetrating nanodrug based on chitosan‐modified lipid‐polymer hybrid nanoparticles (LPNPs) for co‐delivery of lutein and VEGF‐silencing siRNA (Chi@Lu/si NPs) to treat AMD. The structurally stabilized nanoparticles overcome the intrinsic instability of siRNA and the poor solubility of lutein, while the chitosan coating confers strong mucoadhesion and transient modulation of epithelial tight junctions, enabling a 3.3‐fold enhancement in trans‐epithelial transport across the ocular surface. Once delivered to the posterior segment, lutein effectively scavenges excessive reactive oxygen species and suppresses inflammatory cascades, whereas siRNA‐VEGF achieves precise VEGF gene silencing, collectively interrupting the pathological cycle driving CNV progression. In a laser‐induced CNV mouse model, topical administration of Chi@Lu/si NPs twice daily exerted potent inhibitory effects on neovascularization, with therapeutic efficacy comparable to that of intravitreal bevacizumab, reducing CNV lesion thickness to 58.9% of pre‐treatment levels while maintaining excellent ocular biocompatibility.",crossref,0
Reconciling flexibility and power generation in Bi2Te3,https://www.nature.com/articles/s41578-026-00966-8,Nature Reviews Materials,2026-09-16 00:00:00 UTC,2026-09-16 00:00:00+00:00,10.1038/s41578-026-00966-8,Giulia Pacchioni,,,0
Carbometallation with alcohols: A facile strategy for olefin synthesis via deoxygenative hydroalkylation,https://www.cell.com/chem/fulltext/S2451-9294(26)00315-3?rss=yes,Chem,2026-09-16 00:00:00 UTC,2026-09-16 00:00:00+00:00,10.1016/j.chempr.2026.103249,David W.C. MacMillan,"Olefins are valuable intermediates for the construction of C(sp3)-rich frameworks. 1,1-Disubstituted olefins are especially privileged precursors because their unique geminal substitution pattern enables diverse, regioselective transformations. Despite this utility, 1,1-disubstituted olefins are less readily available than other olefin substitution classes, and many established syntheses require harsh conditions or specialized starting materials. The reported mild metallaphotoredox hydroalkylation couples abundant alcohols with bench-stable alkynes to access 1,1-di- and trisubstituted olefins.",rss_cell,0
Learning stochasticity via a nonparametric approach to state-dependent noise estimation,https://www.nature.com/articles/s41467-026-75727-w,Nature Communications,2026-09-16 00:00:00 UTC,2026-09-16 00:00:00+00:00,10.1038/s41467-026-75727-w,M. Bisiacco,"Modeling stochastic dynamical systems remains a central challenge across disciplines. Incomplete knowledge of nonlinear interactions and state-dependent fluctuations often renders bottom-up approaches ineffective, motivating methods that infer governing equations directly from data. However, parametric models struggle in the absence of strong prior assumptions, particularly when the intensity of the process noise depends on the system state. Here we introduce Trine (Three-phase Regression for INferred noisE), a nonparametric, kernel-based framework for inferring state-dependent noise from time-series data. The approach naturally extends to supervised learning settings with heteroskedastic noise. Trine employs a three-stage algorithm combining analytically solvable subproblems with a structured kernel architecture capable of capturing both abrupt stochastic fluctuations and smooth variations in variance. We validate Trine on biological and ecological systems, where it uncovers hidden dynamics without predefined parametric assumptions. Across benchmark systems, Trine achieves near-oracle performance, matching an idealized observer with direct access to the stochastic input realizations. On live-cell RNA transcription trajectories, Trine reveals localized regimes of elevated stochastic activity, demonstrating how effective state-dependent diffusion models can uncover biologically meaningful hidden variability directly from experimental observations. The Trine framework thus opens new avenues for quantifying how process noise shapes the behavior of complex dynamical systems.",nature_html,0
"Türkiye and South Korea's atomic energy programs since 1958: A comparative study of industrial policy, technological learning, and localization strategies",https://www.sciencedirect.com/science/article/pii/S0301421526005318?dgcid=rss_sd_all,ScienceDirect Publication: Energy Policy,2026-09-16 00:00:00 UTC,2026-09-16 00:00:00+00:00,,G. Gurcan Yulek,,,0
CCS deployment policy choices under regional heterogeneity: Economy-wide impacts and spillovers in China,https://www.sciencedirect.com/science/article/pii/S0301421526005501?dgcid=rss_sd_all,ScienceDirect Publication: Energy Policy,2026-09-16 00:00:00 UTC,2026-09-16 00:00:00+00:00,,Fei Li,,,0
Geopolitical risk exposure and innovation in the new energy vehicle industry: Policy implications for transport electrification,https://www.sciencedirect.com/science/article/pii/S0301421526005380?dgcid=rss_sd_all,ScienceDirect Publication: Energy Policy,2026-09-16 00:00:00 UTC,2026-09-16 00:00:00+00:00,,Boqiang Lin,,,0
"Corrigendum to “Marginal curtailment of wind and solar PV: Transmission constraints, pricing and access regimes for efficient investment” [Energy Pol. 191 (2024) 114206]",https://www.sciencedirect.com/science/article/pii/S0301421526005379?dgcid=rss_sd_all,ScienceDirect Publication: Energy Policy,2026-09-16 00:00:00 UTC,2026-09-16 00:00:00+00:00,,Darryl R. Biggar,,,0
"Does geopolitical risk shape green hydrogen innovation? Policy ecosystem, governance, energy poverty, and global heterogeneity in an age of fragmentation",https://www.sciencedirect.com/science/article/pii/S0301421526005331?dgcid=rss_sd_all,ScienceDirect Publication: Energy Policy,2026-09-16 00:00:00 UTC,2026-09-16 00:00:00+00:00,,Brahim Bergougui,,,0
Who leads the global gas market? Geopolitics and price transmission between the U.S. and Europe,https://www.sciencedirect.com/science/article/pii/S0301421526005276?dgcid=rss_sd_all,ScienceDirect Publication: Energy Policy,2026-09-16 00:00:00 UTC,2026-09-16 00:00:00+00:00,,Cosimo Magazzino,,,0
Sparse X-ray spectro-tomography for high-sensitivity three-dimensional chemical imaging at the nanoscale,https://www.nature.com/articles/s41467-026-77821-5,Nature Communications,2026-09-16 00:00:00 UTC,2026-09-16 00:00:00+00:00,10.1038/s41467-026-77821-5,Kangxuan Xia,"Achieving three-dimensional (3D) chemical imaging with scanning x-ray microscopy is often hindered by the prohibitively long acquisition time. In this work, we develop a method that drastically reduces the data requirement by two orders of magnitude, thereby significantly decreasing acquisition time and radiation dose. This is accomplished through sparse and stochastic energy sampling combined with a joint spectral-tomographic reconstruction algorithm that performs the spectrum fitting with prior knowledge of the known reference spectra and 3D reconstruction in a single step. Using this approach, we reveal the reduced oxidation state of Co on the surface of a cycled lithium-ion battery particle and its correlation with the depletion of Mn in 3D. This technique enables comprehensive 3D material characterization with high sensitivity and multimodality, opening opportunities in various scientific and technological fields where volumetric chemical information at the nanoscale is essential.",nature_html,0
Frequency-aware dynamic microgrid formation for distribution system restoration considering electromechanical transients,https://www.sciencedirect.com/science/article/pii/S0306261926014820?dgcid=rss_sd_all,ScienceDirect Publication: Applied Energy,2026-09-16 00:00:00 UTC,2026-09-16 00:00:00+00:00,,Jinshuai Zhang,,,0
Perspectives on scaling up clean energy technologies in the energy transition,https://www.sciencedirect.com/science/article/pii/S0306261926014315?dgcid=rss_sd_all,ScienceDirect Publication: Applied Energy,2026-09-16 00:00:00 UTC,2026-09-16 00:00:00+00:00,,Peter D. Lund,,,0
The power of confined disorder,https://www.nature.com/articles/s41578-026-00964-w,Nature Reviews Materials,2026-09-16 00:00:00 UTC,2026-09-16 00:00:00+00:00,10.1038/s41578-026-00964-w,Giulia Pacchioni,,,0
Physics-constrained large language model-assisted optimal scheduling approach for hydro-wind-solar systems considering multi-level backwater effects,https://www.sciencedirect.com/science/article/pii/S0306261926014753?dgcid=rss_sd_all,ScienceDirect Publication: Applied Energy,2026-09-16 00:00:00 UTC,2026-09-16 00:00:00+00:00,,Chuntian Cheng,,,0
A reinforcement learning-optimized charging strategy for lithium-ion batteries with plating mitigation based on multi-physics modeling,https://www.sciencedirect.com/science/article/pii/S0306261926014649?dgcid=rss_sd_all,ScienceDirect Publication: Applied Energy,2026-09-16 00:00:00 UTC,2026-09-16 00:00:00+00:00,,Cherming Tan,,,0
Bi-level planning of grid-connected photovoltaic charging stations on highways with coupled traffic assignment and energy dispatch,https://www.sciencedirect.com/science/article/pii/S0306261926014790?dgcid=rss_sd_all,ScienceDirect Publication: Applied Energy,2026-09-16 00:00:00 UTC,2026-09-16 00:00:00+00:00,,Fang Fang,,,0
Online operating of photovoltaic–energy storage-charging and swapping stations in coordinated energy and regulation markets,https://www.sciencedirect.com/science/article/pii/S0306261926014777?dgcid=rss_sd_all,ScienceDirect Publication: Applied Energy,2026-09-16 00:00:00 UTC,2026-09-16 00:00:00+00:00,,Yanlei Zhao,,,0
A novel symplectic-geometry and Hamiltonian-dynamics-based multi-energy flow cooperative optimization framework for the dairy eco-industrial park considering multi-path biomass energy,https://www.sciencedirect.com/science/article/pii/S0306261926014601?dgcid=rss_sd_all,ScienceDirect Publication: Applied Energy,2026-09-16 00:00:00 UTC,2026-09-16 00:00:00+00:00,,Ling-Ling Li,,,0
Design-to-operation optimization of low-energy high-rise buildings integrating PV vacuum glazing and hybrid storage with flexible grid-interaction,https://www.sciencedirect.com/science/article/pii/S0306261926014583?dgcid=rss_sd_all,ScienceDirect Publication: Applied Energy,2026-09-16 00:00:00 UTC,2026-09-16 00:00:00+00:00,,Huijun Wu,,,0
Energy management strategy for ammonia-hydrogen hybrid vehicles based on prior knowledge-informed deep reinforcement learning,https://www.sciencedirect.com/science/article/pii/S0306261926014819?dgcid=rss_sd_all,ScienceDirect Publication: Applied Energy,2026-09-16 00:00:00 UTC,2026-09-16 00:00:00+00:00,,Changwei Ji,,,0
"Coordinated optimization of virtual power plants in coupled electricity and carbon markets for energy systems: a review of models, algorithms and challenges",https://www.sciencedirect.com/science/article/pii/S0306261926014492?dgcid=rss_sd_all,ScienceDirect Publication: Applied Energy,2026-09-16 00:00:00 UTC,2026-09-16 00:00:00+00:00,,Guoao Shi,,,0
A state-of-the-art review and analysis of battery system technologies for maritime electrification,https://www.sciencedirect.com/science/article/pii/S030626192601439X?dgcid=rss_sd_all,ScienceDirect Publication: Applied Energy,2026-09-16 00:00:00 UTC,2026-09-16 00:00:00+00:00,,Pooya Davari,,,0
Improving the performance of solar drying systems through phase change energy storage and AI-based optimization techniques: trends and applications,https://www.sciencedirect.com/science/article/pii/S0306261926014613?dgcid=rss_sd_all,ScienceDirect Publication: Applied Energy,2026-09-16 00:00:00 UTC,2026-09-16 00:00:00+00:00,,Yimin Xiao,,,0
"Toward precision and intelligence: The convergence and evolution of artificial intelligence, data science, and control theory in building HVAC load forecasting",https://www.sciencedirect.com/science/article/pii/S0306261926014261?dgcid=rss_sd_all,ScienceDirect Publication: Applied Energy,2026-09-16 00:00:00 UTC,2026-09-16 00:00:00+00:00,,Rui He,,,0
Artificial intelligence-enabled energy optimization in electric and hybrid vehicles: towards sustainable and smart transportation systems,https://www.sciencedirect.com/science/article/pii/S0306261926014522?dgcid=rss_sd_all,ScienceDirect Publication: Applied Energy,2026-09-16 00:00:00 UTC,2026-09-16 00:00:00+00:00,,Gadisa Sufe,,,0
Leveraging design for collective phototaxis in morphological swarm robotics,https://www.nature.com/articles/s41467-026-77743-2,Nature Communications,2026-09-16 00:00:00 UTC,2026-09-16 00:00:00+00:00,10.1038/s41467-026-77743-2,Olivier Dauchot,"Morphological computing-the use of a robot’s physical design to facilitate task execution-has emerged as a promising strategy in swarm robotics. Here, through experiments and simulations, we show that its success critically depends on both the robots’ control policy and the details of their physical design. We study a swarm of Kilobots embedded in an exoskeleton whose geometry controls the propensity of robots to align or anti-align with the external force they experience. Experimentally, the contrast between the two morphologies in the success rate of a simple phototactic task becomes dramatic when stopping is forbidden and robots can only slow down. Using a faithful physical model of the robots’ self-aligning dynamics, numerical simulations reveal that efficient phototaxis requires fine tuning of the self-alignment strength around a sweet spot. More broadly, varying this parameter unlocks a rich repertoire of collective behaviors.",nature_html,0
Direct air capture portfolio analysis: technology allocation and modular deployment strategies under demand and cost uncertainty,https://www.sciencedirect.com/science/article/pii/S0306261926014844?dgcid=rss_sd_all,ScienceDirect Publication: Applied Energy,2026-09-16 00:00:00 UTC,2026-09-16 00:00:00+00:00,,James Smith,,,0
Inositol hexaphosphate-based neuroinductive hydrogel promotes metabolic-epigenetic signaling to repair spinal cord injury,https://academic.oup.com/nsr/advance-article/doi/10.1093/nsr/nwag600/8802073?rss=1,National Science Review Advance Access,2026-09-16 00:00:00 UTC,2026-09-16 00:00:00+00:00,10.1093/nsr/nwag600,Liming Bian,"Spinal cord injury (SCI) repair is fundamentally constrained by a hostile post-injury microenvironment characterized by oxidative stress, metabolic dysfunction, and aberrant stem cell fate decisions. This study presents a dual-crosslinked neuroinductive hydrogel engineered for the controlled co-release of inositol hexaphosphate (IP6) and magnesium ions (Mg2+). This dynamic-covalent dual-network architecture combines injectability, swelling resistance, and mechanical compliance matched to native spinal cord tissue. Within the 3D matrix, IP6 and Mg2+ are anchored and gradually released via dynamic coordination bonds. Specifically, IP6 functions as a metabolic regulator, triggering AMP-activated protein kinase (AMPK) phosphorylation, elevating intracellular adenosine triphosphate (ATP) levels, and inducing endoplasmic reticulum Ca2+ release. The resulting Ca2+/calmodulin-dependent protein kinase-Ⅱ (CAMKII) cascade promotes phosphorylation and nuclear translocation of the epigenetic coactivator p300, enhances histone acetylation and selectively activates neuron-associated gene expression while suppressing astrocytic differentiation. In parallel, the hydrogel mitigates inflammatory and oxidative stress and supports vascular repair, thereby stabilizing the injury microenvironment to preserve neuroinductive signaling in vivo. Transplantation of the neural stem cell (NSC)-laden hydrogels into a rat SCI model resulted in robust neuronal regeneration, axonal reconnection, and significant recovery of motor and bladder function. This work establishes a metabolically and epigenetically instructive biomaterial strategy for in situ neural regeneration, offering a new paradigm for stem cell-based SCI therapy.",rss_oup,0
Three-dimensional chromatin architecture is rapidly restored after DNA replication,https://www.nature.com/articles/s41467-026-77901-6,Nature Communications,2026-09-16 00:00:00 UTC,2026-09-16 00:00:00+00:00,10.1038/s41467-026-77901-6,Alexander Mazo,"Studies of post-replicative chromatin exclusively focus on the kinetics of protein binding after DNA replication to understand maintenance of transcriptional programs. Here we investigated both chromatin-bound factors and the three-dimensional architecture of the post-replicative genome in human cells. We found that transcription factors and chromatin looping proteins rapidly associate with nascent DNA. We discovered that the architectural factors, CTCF and YY1, bind to their target sequences immediately following DNA replication, and that chromatin loops from 39 to 425 kb re-form within 10 min of DNA replication. This suggests that the 3D structure of chromatin is at most briefly disrupted by DNA replication and quickly restores following replisome passage, providing insight into an unaddressed question of the structure of post-replicated chromatin. Our results suggest that all components of the transcriptional network and tertiary chromatin structure are restored shortly after replication, which is consistent with previously detected fast resumption of transcription on daughter DNA strands.",nature_html,0
Cross-domain state-of-health estimation for lithium-ion batteries via meta-transfer learning,https://www.sciencedirect.com/science/article/pii/S030626192601490X?dgcid=rss_sd_all,ScienceDirect Publication: Applied Energy,2026-09-16 00:00:00 UTC,2026-09-16 00:00:00+00:00,,Qin Zhang,,,0
Dual-pseudohalide engineering suppresses halide segregation in wide-band-gap perovskites,https://www.cell.com/joule/fulltext/S2542-4351(26)00353-3?rss=yes,Joule,2026-09-16 00:00:00 UTC,2026-09-16 00:00:00+00:00,10.1016/j.joule.2026.102669,Mercouri G. Kanatzidis,"Light-induced halide segregation remains the principal stability bottleneck in mixed-halide wide-band-gap perovskites. Here, dual SCN−/OCN− alloying induces an emergent cooperative frustration within the halide sublattice, creating a non-additive distortion field that simultaneously suppresses halide vacancy formation and elevates ion migration barriers. This cooperative mechanism delays phase segregation by an order of magnitude while preserving optoelectronic quality, providing a general design principle for stable wide-band-gap absorbers in tandem photovoltaics.",rss_cell,0
Co-optimised design of renewable energy and vertical farming systems for profit-carbon trade-offs,https://www.sciencedirect.com/science/article/pii/S0306261926014947?dgcid=rss_sd_all,ScienceDirect Publication: Applied Energy,2026-09-16 00:00:00 UTC,2026-09-16 00:00:00+00:00,,Congcong Sun,,,0
Does causality matter? How incorporating cause-and-effect relationships benefits occupant-centric building control,https://www.sciencedirect.com/science/article/pii/S0306261926014571?dgcid=rss_sd_all,ScienceDirect Publication: Applied Energy,2026-09-16 00:00:00 UTC,2026-09-16 00:00:00+00:00,,Seungjae Lee,,,0
Optimal planning of heterogeneous charging stations: a methodological framework for simultaneous siting and sizing under finite queue constraints,https://www.sciencedirect.com/science/article/pii/S0306261926014765?dgcid=rss_sd_all,ScienceDirect Publication: Applied Energy,2026-09-16 00:00:00 UTC,2026-09-16 00:00:00+00:00,,Mika Goto,,,0
Sky-image-based ultra-short-term PV forecasting for green hydrogen production estimation using a deep multimodal learning solar-to-hydrogen framework,https://www.sciencedirect.com/science/article/pii/S030626192601473X?dgcid=rss_sd_all,ScienceDirect Publication: Applied Energy,2026-09-16 00:00:00 UTC,2026-09-16 00:00:00+00:00,,Qi Huang,,,0
Ligand‐Mediated Microenvironment in COFs Incorporating Ion‐Pair Motifs and Atomically Dispersed Copper Sites for Cascade CO2 Conversion,https://onlinelibrary.wiley.com/doi/10.1002/anie.4841198?af=R,Wiley: Angewandte Chemie International Edition: Table of Contents,2026-09-16 03:03:58 UTC,2026-09-16 03:03:58+00:00,10.1002/anie.4841198,Tianxiang Zhao,"ABSTRACT
                  
                    Precisely programming the local microenvironment of covalent organic frameworks (COFs) is critical for catalytic selectivity, but remains challenging, especially via de novo synthesis. Here, we present a rational ligand‐effect‐oriented microenvironment design for the de novo construction of multifunctional COFs that integrate N
                    +
                    /Br
                    −
                    ion‐pairs and imine‐anchored atomically dispersed copper sites. A key innovation lies in the precise control of the COFs microenvironment, enabling a seamless three‐component cascade reaction of CO
                    2
                    (1 bar), epoxides, and anilines to afford 2‐oxazolidinones under mild and precious‐metal‐free conditions. The optimized catalyst, Cu@PD‐iCOF, delivers up to 99% yield, exhibits broad functional‐group compatibility, and retains &gt;96% activity over nine cycles. This work shows that combining ion‐pairs and single‐atom sites reprograms the COFs microenvironment for efficient CO
                    2
                    utilization.",crossref,0
Redefining Photosensitizers Functionality Through Consensus‐Assisted Integration of Orthogonal Antibacterial Mechanisms,https://onlinelibrary.wiley.com/doi/10.1002/anie.2546246?af=R,Wiley: Angewandte Chemie International Edition: Table of Contents,2026-09-16 03:05:45 UTC,2026-09-16 03:05:45+00:00,10.1002/anie.2546246,Xiaojun Peng,"ABSTRACT
                  
                    Photodynamic antimicrobial therapy (PDAT) offers a promising bactericidal strategy via light‐triggered reactive oxygen species (ROS), yet conventional photosensitizers (PSs) typically lack sustained inhibitory activity. Herein, we attempt to redefine the functionality of PSs through a consensus‐assisted design strategy that integrates deep learning and molecular docking to embed orthogonal antibacterial mechanisms into a single PS molecule. Specifically, a near‐infrared hemi‐cyanine PS IHcy‐OH is found to unite PDAT with interference of filamentous temperature‐sensitive mutant Z (FtsZ) protein, which is essential for bacterial division. By conjugating IHcy‐OH with a responsive arm, IHcy‐PbE is rationally designed and synthesized to achieve infection responsiveness, rapid light‐controlled bactericidal activity, and long‐time bacterial inhibition. While such integration typically requires complex multi‐component platforms, this strategy successfully unlocks the multifunctional potential of a single PS molecule. Consistent with its design, IHcy‐PbE could inhibit methicillin‐resistant
                    S. aureus
                    (MRSA) in the dark and exert robust PDAT efficacy upon exposure to hydrogen peroxide and light. This work helps to transform PSs from ROS‐dependent killing agents into therapeutics with orthogonal antibacterial mechanisms, establishing a proof‐of‐concept for a generalizable PSs design paradigm.",crossref,0
Ligand‐Directed Nitrate Incorporation Into Reconstructed Oxyhydroxides for Durable Seawater Electrolysis,https://onlinelibrary.wiley.com/doi/10.1002/anie.3751410?af=R,Wiley: Angewandte Chemie International Edition: Table of Contents,2026-09-16 03:07:18 UTC,2026-09-16 03:07:18+00:00,10.1002/anie.3751410,Yingwei Li,"ABSTRACT
                  
                    Chloride ions (Cl
                    −
                    )‐induced corrosion severely limits the practical implementation of direct seawater electrolysis. Although oxyanion incorporation can mitigate Cl
                    −
                    poisoning, existing approaches offer limited control over oxyanion generation and retention during catalyst reconstruction. Herein, we report a MOF‐based ligand‐engineering strategy that enables defined oxyanion incorporation into reconstructed metal oxyhydroxides for active and durable seawater electrolysis. Nitro‐ (NO
                    2
                    ) functionalized ligands are incorporated into a NiFe‐MOF precursor, where the NO
                    2
                    group undergo a simple and direct oxidation to nitrate (NO
                    3
                    −
                    ) during electrochemical reconstruction, enabling well‐defined NO
                    3
                    −
                    regulation of the reconstructed γ‐NiFeOOH phase. The anchored NO
                    3
                    −
                    not only forms a robust Cl
                    −
                    ‐repelling interface but also activates lattice oxygen to drive a mechanistic transition from an adsorbate evolution mechanism to a more efficient lattice‐oxygen‐mediated pathway. The designed catalyst achieves excellent oxygen evolution reaction performance in alkaline seawater, requiring an overpotential of only 230 mV to reach a current density of 500 mA cm
                    −2
                    , outperforming its NO
                    3
                    −
                    ‐free counterpart. It also exhibits high durability, operating for over 4000 h at 1.5 A cm
                    −2
                    with an ultralow degradation rate of 1.8 µV h
                    −1
                    . Furthermore, a kilowatt‐level alkaline seawater electrolyzer equipped with the designed electrode operates stably for over 1100 h under industrially relevant conditions.",crossref,0
A Covalent Brush‐on‐Brush Polymer Programs Ordered Intracellular Activation of a Mitochondria‐Disrupting Peptide,https://onlinelibrary.wiley.com/doi/10.1002/anie.4777081?af=R,Wiley: Angewandte Chemie International Edition: Table of Contents,2026-09-16 03:09:19 UTC,2026-09-16 03:09:19+00:00,10.1002/anie.4777081,Fei Jia,"ABSTRACT
                  Can the order in which a material encounters distinct biological environments be encoded directly into its covalent architecture? Intracellular peptide effectors acting at defined subcellular sites require activation logic that follows this order, yet many responsive carriers couple multiple functional changes to one trigger. Here, we report sequential unmasking peptide release architecture (SUPRA), a covalent brush‐on‐brush (BOB) bottlebrush polymer that distributes two orthogonal biochemical inputs across two structural layers: a mitochondria‐disrupting KLAK peptide inner brush densely grafted onto a glutathione‐cleavable polydisulfide backbone, and an acid‐labile PEG outer brush that masks the construct during circulation. Acidity first removes the outer mask to expose a membrane‐interactive peptide‐brush state, whereas cytosolic reduction deconstructs the backbone and relieves brush confinement. Architecture‐disrupted control and intracellular perturbation/FRET studies support a sequential pathway of acid‐triggered endolysosomal escape followed by reductive scaffold deconstruction and mitochondrial accumulation of KLAK‐bearing species. SUPRA extends circulation, accumulates in tumors, induces tumor‐cell death with immunogenic features, sensitizes tumors to PD‐1 blockade, and produces no detectable anti‐PEG antibody response under the tested dosing schedule. These results establish covalent BOB architectures as a design strategy for programming the sequence, not only the occurrence, of intracellular activation events.",crossref,0
Monomicellar Assembly for Hierarchically Meso‑Macroporous Spheres,https://onlinelibrary.wiley.com/doi/10.1002/anie.8317130?af=R,Wiley: Angewandte Chemie International Edition: Table of Contents,2026-09-16 03:11:22 UTC,2026-09-16 03:11:22+00:00,10.1002/anie.8317130,Xin Jia,"ABSTRACT
                  
                    Hierarchically meso‐macroporous materials are attractive for catalysis, separations, and energy conversion, yet controlling multiple pore length scales within a single soft‐template system remains challenging. Here, we develop a molecularly guided monomicellar assembly strategy that couples amine‐mediated interfacial polymerization with molecular engineering of polyphenol precursors to construct hierarchically meso‐macroporous spheres. We show that precursor‐micelle interactions and solvent‐regulated interfacial dynamics govern the transition from individual micelle templating to intermicellar collision and fusion, allowing micelle‐derived mesopores to be preserved while larger macroporous domains are generated. Tuning the interactions enables programmable pore evolution from surface‐mesoporous and multichambered mesoporous architectures to hierarchically meso‐macroporous spheres. The resulting nitrogen‐doped carbon spheres possess uniform sizes (∼355 nm), high surface areas (379.2 m
                    2
                    g
                    −1
                    ), and well‐defined hierarchical pore networks (∼36, ∼62, and ∼121 nm). As metal‐free electrocatalysts, they exhibit enhanced oxygen reduction activity. Our findings establish a general design principle for extending monomicellar assembly from mesoporous materials to hierarchical porous architectures and provide new opportunities for the rational synthesis of multi‐scale porous materials.",crossref,0
S‐Scheme Charge Separation Enables Photocarrier‐Regulated Aqueous NH4+ Storage in g‐C3N4@WO3 Heterojunctions,https://onlinelibrary.wiley.com/doi/10.1002/anie.3990578?af=R,Wiley: Angewandte Chemie International Edition: Table of Contents,2026-09-16 03:12:06 UTC,2026-09-16 03:12:06+00:00,10.1002/anie.3990578,Tianyi Ma,"ABSTRACT
                  
                    Aqueous ammonium‐ion (NH
                    4
                    +
                    ) batteries are promising for sustainable energy storage, yet their performance is severely constrained by sluggish reaction kinetics. Photo‐assisted strategies offer a compelling route to overcome these limitations; however, single‐semiconductor electrodes suffer from rapid photogenerated carrier recombination, resulting in poor light‐utilization efficiency. Here, we develop a g‐C
                    3
                    N
                    4
                    @WO
                    3
                    S‐scheme heterojunction (CNW) that unlocks efficient light‐to‐charge conversion for photocarrier‐regulated reversible NH
                    4
                    +
                    storage. Characterization and simulation reveal that Fermi level alignment and band bending at the CNW interface establish a built‐in electric field, driving S‐scheme charge separation with selective recombination of low‐energy carriers and retention of high‐energy electrons on g‐C
                    3
                    N
                    4
                    and holes on WO
                    3
                    . This preserves strong redox capability, thereby enabling efficient utilization of photoexcited carriers in the electrochemical storage process. Together with pronounced interfacial orbital coupling, the resulting photocarrier redistribution accelerates NH
                    4
                    +
                    adsorption and electron/ion transport. Consequently, the CNW electrode delivers a 187% capacity enhancement under illumination, achieving 452 mAh g
                    −1
                    at 2 A g
                    −1
                    with excellent cycling stability, surpassing all currently reported W‐based and C‐based materials for NH
                    4
                    +
                    storage. Correlative electrochemical, spectroscopic, and theoretical analyses decouple photoelectric and thermal effects, revealing a photoelectric‐dominated, thermally assisted synergistic mechanism that simultaneously enhances NH
                    4
                    +
                    storage kinetics and capacity.",crossref,0
In Vitro Selection of Functional Neoproteins Containing Highly Fluorinated Cores,https://onlinelibrary.wiley.com/doi/10.1002/anie.5293145?af=R,Wiley: Angewandte Chemie International Edition: Table of Contents,2026-09-16 03:13:19 UTC,2026-09-16 03:13:19+00:00,10.1002/anie.5293145,Hiroaki Suga,"ABSTRACT
                  The inclusion of non‐proteinogenic amino acids (npAAs) into proteins vastly expands their chemical repertoire and hence possible functional diversity. However, it remains challenging to obtain non‐proteinogenic sequences that carry out a specific task. Here we develop a platform to discover functional non‐standard proteins and illustrate its utility by generating a family of bioactive proteins whose hydrophobic cores are built using fluorinated amino acids (fAAs). Starting from the protein chymotrypsin inhibitor 2 (CI2), we use genetic code reprogramming, combinatorial mutagenesis and mRNA display‐based in vitro selection to discover fluorinated mutant sequences with optimised inhibitory activity. Using microwave‐assisted solid‐phase peptide synthesis, we perform preparative chemical synthesis of 14 selected proteins, which contain up to eight fAAs—or 19 fluorine atoms. All are nanomolar inhibitors of chymotrypsin; several hits are more active than the wildtype, and possess thermostabilities of up to 70°C. Crystal structures reveal that these proteins maintain native‐like folds, with fluorine atoms forming close and epistatically coupled packing contacts within the core. This work demonstrates how to generate functional protein sequences with multiple interacting npAAs, namely neoproteins, and thereby provides a framework for exploring the use of unnatural building blocks in protein design.",crossref,0
Axial Boron Coordination Reconstructs Stereostructure of Cu Single‐Atom Nanozymes for Efficient Water‐Phase Chemical Sensing,https://onlinelibrary.wiley.com/doi/10.1002/anie.8789610?af=R,Wiley: Angewandte Chemie International Edition: Table of Contents,2026-09-16 03:14:37 UTC,2026-09-16 03:14:37+00:00,10.1002/anie.8789610,Kang Liang,"ABSTRACT
                  
                    Developing single‐atom nanozymes with stereoconfigurations is a new paradigm for biomimetic construction of next‐generation natural enzyme alternatives and for achieving high enzyme‐like selectivity and activity. This work developed a high‐temperature pyrolysis tandem chemical vapor deposition technique to produce Cu SAzymes (Cu‐B/N‐C) with axial B coordination as laccase mimics, with Cu‐B
                    axial
                    N
                    3
                    ‐C as the core structure. Axial ligands modulate the d‐band center of Cu SAzymes to identify the equilibrium point between the energy barriers of reactant adsorption and product desorption. Transforming product desorption from an endothermic process to a spontaneously exothermic process promotes the regeneration of nanozymes after catalytic cycles. This results in Cu‐B/N‐C exhibiting higher kinetic parameters and specific activity than natural laccase. Subsequently, a sensor array for high‐throughput detection of phenolic pollutants in seawater was constructed based on the time‐dependent changes in the laccase‐like catalytic kinetics of Cu SAzymes before and after modification. On this basis, a stepwise prediction model was further developed using machine‐learning artificial neural network algorithms to enhance the sensor array's detection accuracy for blind samples. Overall, this work provides new insights into the rational design of artificial enzymes from a stereochemical perspective.",crossref,0
Constructing p‐d Orbital Hybridization via In Situ Generation of Bi19Br3S27/NiSx for Highly Selective Photothermal CO2 Reduction to C2H4,https://onlinelibrary.wiley.com/doi/10.1002/anie.1626004?af=R,Wiley: Angewandte Chemie International Edition: Table of Contents,2026-09-16 03:15:16 UTC,2026-09-16 03:15:16+00:00,10.1002/anie.1626004,Jie Wu,"ABSTRACT
                  
                    Photothermal catalytic CO
                    2
                    reduction to multi‐carbon products is a promising approach for carbon utilization, yet the design of active sites that effectively promote multistep C─C coupling toward selective C
                    2
                    H
                    4
                    formation remains a significant challenge. Hence, we employ an in situ interfacial engineering strategy to construct crystalline/amorphous Bi
                    19
                    Br
                    3
                    S
                    27
                    /NiS
                    
                      x
                    
                    (BBSN) photothermal catalysts with strong p‐d orbital hybridization. The optimized BBSN‐8 achieves a C
                    2
                    H
                    4
                    production rate of 41.38 µmol g
                    −1
                    h
                    −1
                    with a selectivity of 96.8% under full‐spectrum irradiation, which exhibits a remarkable advantage in the field of C
                    2
                    H
                    4
                    production. Experimental results and theoretical calculations demonstrate that Ni incorporation optimizes CO
                    2
                    adsorption from overly strong Bi─C single‐site binding to balanced multi‐sites adsorption, while newly formed p‐d orbital hybridization establishes electronically cooperative Bi─S─Ni active sites stabilizing both carbon‐ and oxygen‐centered species, synergistically facilitating *CO─CHO* coupling and boosting C
                    2
                    H
                    4
                    formation. This work demonstrates that in situ interfacial orbital hybridization can regulate intermediate coupling and steer photothermal CO
                    2
                    reduction toward highly selective C
                    2
                    H
                    4
                    formation.",crossref,0
Proximal Symmetry‐Enhanced Single‐Atom Ni and In Situ Evolved Co Nanoparticle in MOFs for Synergistically Boosted Electrocatalytic Urea Synthesis,https://onlinelibrary.wiley.com/doi/10.1002/anie.4551056?af=R,Wiley: Angewandte Chemie International Edition: Table of Contents,2026-09-16 03:16:38 UTC,2026-09-16 03:16:38+00:00,10.1002/anie.4551056,Zhihu Sun,"ABSTRACT
                  
                    Catalysts with synergetic dual sites offer a promising way to drive efficient coupling reactions. Metal–organic frameworks (MOFs) are powerful for integrating diverse functional units, while the precise fabrication of dual sites in close proximity still remains challenging. Herein, Zr‐based PCN‐222‐NiCo with single‐atom (SA) Ni and Co precisely decorated on porphyrin ligands and Zr–oxo clusters separately is fabricated. During electrocatalysis, the SA Co sites are in situ reduced to nanoparticles (NPs) decorated on the pore wall of MOFs, which improves the planar symmetry of the Ni─N
                    4
                    sites and creates tightly coupled Co NP/SA Ni dual‐sites. In the electrocatalytic C─N coupling for urea synthesis, the enhanced symmetry of Ni–N
                    4
                    lowers the *NO‐to‐*NOH rate‐determining step barrier for NO
                    3
                    −
                    reduction, and the in situ evolved Co NPs facilitate the *COOH‐to‐*CO conversion for CO
                    2
                    activation. This unique dual‐site architecture minimizes the diffusion distance of *NH
                    2
                    and *CO intermediates and simultaneously facilitates the formation of the *CONH
                    2
                    key intermediate. PCN‐222‐NiCo exhibits a maximum Faradaic efficiency (FE) of 36.8% at −0.4 V vs RHE with a urea yield of 28.1 mmol h
                    −1
                    g
                    cat
                    −1
                    , outperforming MOFs with single‐site counterparts. This work offers a strategy to build proximal synergistic dual sites for efficient coupling reactions.",crossref,0
Breaking the Activity‐Stability Trade‐Off in Dry Reforming of Methane via Heteroenergetic Support Engineering,https://onlinelibrary.wiley.com/doi/10.1002/anie.8581956?af=R,Wiley: Angewandte Chemie International Edition: Table of Contents,2026-09-16 03:18:03 UTC,2026-09-16 03:18:03+00:00,10.1002/anie.8581956,Yulian He,"ABSTRACT
                  
                    Nickel‐based catalysts are promising for dry reforming of methane (DRM) owing to their high C─H bond activation ability and low cost, while highly susceptible to coke deposition and sintering. Here, we report a heteroenergetic Ce
                    0.75
                    Ti
                    0.25
                    O
                    2‐x
                    support that simultaneously regulates Ni nanoparticle stabilization, DRM activity, and oxygen‐mediated carbon removal. Neural‐network‐based molecular dynamics (NN‐MD) simulations and electron microscopy show that partial Ti substitution in CeO
                    2
                    transforms the strong Ni‐CeO
                    2
                    interaction and weak Ni‐TiO
                    2
                    interaction into an intermediate wetting regime with a Ni‐support contact angle close to 90°, suppressing both particle migration/coalescence‐ and Ostwald ripening‐induced sintering while preserving a coupled population of active interfacial and metallic Ni sites. Characterizations and Bader charge analysis further reveal that Ce
                    0.75
                    Ti
                    0.25
                    O
                    2‐x
                    moderates Ni‐support electronic coupling and improves oxygen vacancy concentration and lattice oxygen mobility. These coupled structural and chemical effects facilitate methane activation and transient carbon removal through synergistic Mars‐van Krevelen and Langmuir‐Hinshelwood pathways. As a result, Ni/Ce
                    0.75
                    Ti
                    0.25
                    O
                    2‐x
                    achieves highly competitive DRM performance with near‐equilibrium CH
                    4
                    and CO
                    2
                    conversions of 93.8% and 94.3%, respectively, at 750°C and remains stable over 120 h without noticeable deactivation. This work establishes heteroenergetic support engineering as an effective strategy that reconciles high activity with long‐term stability in thermally demanding catalytic reactions.",crossref,0
Phase‐Change‐Induced Dual Electric Fields Over Atomically Bonded MicCu2O@Cu‐TCPP Heterojunctions for Synergistic Photocatalysis,https://onlinelibrary.wiley.com/doi/10.1002/anie.3230584?af=R,Wiley: Angewandte Chemie International Edition: Table of Contents,2026-09-16 03:20:33 UTC,2026-09-16 03:20:33+00:00,10.1002/anie.3230584,Ge Wang,"ABSTRACT
                  
                    Photocatalytic technology is essential for sustainable chemical synthesis but is constrained by charge recombination and thermal accumulation, which reduce quantum efficiency. Although heterojunctions enhance charge separation, conventional systems fail to alleviate thermally enhanced recombination. This study addresses these challenges through atomic‐level interface engineering of a phase‐change‐modulated MicCu
                    2
                    O@Cu‐TCPP, pioneering the exploitation of temperature gradients generated during phase transitions to establish a thermal electric field that operates synergistically with the intrinsic built‐in electric field, thereby markedly enhancing charge‐separation efficiency. Under exothermic photocatalytic conditions, the encapsulated phase‐change domain effectively absorbs reaction heat and generates microscale temperature differentials across the heterointerface, resulting in a 4.3‐fold enhancement in electric field strength compared to pristine Cu
                    2
                    O. Concurrently, the delocalized π‐electron system of Cu‐TCPP furnishes complementary light absorption to Cu
                    2
                    O, broadening the spectral responsiveness into previously underutilized regions. As a result, the MicCu
                    2
                    O@Cu‐TCPP heterojunction delivers an almost eightfold increase in benzylamine oxidation conversion relative to Cu
                    2
                    O alone. By integrating phase‐change thermal regulation with atomically bonded p‐n junctions and dual electric‐field coupling, our strategy unlocks a new class of intelligent catalytic materials capable of multi‐field synergy, and provides critical insights for the precision control of advanced photocatalytic processes.",crossref,0
Inverse Solid‐State Photoluminescence and Electrochemiluminescence of Isostructural Nanoclusters: Unveiling the Critical Role of Intermolecular Charge Migration,https://onlinelibrary.wiley.com/doi/10.1002/anie.2001254?af=R,Wiley: Angewandte Chemie International Edition: Table of Contents,2026-09-16 03:22:17 UTC,2026-09-16 03:22:17+00:00,10.1002/anie.2001254,Manzhou Zhu,"ABSTRACT
                  
                    Atomically precise metal nanoclusters are promising electrochemiluminescent (ECL) materials. However, the correlation between their solid‐state photoluminescence (PL) and ECL remains ambiguous, severely hindering the rational design of high‐performance solid‐state ECL materials. Herein, we report two nanoclusters, Au
                    5
                    Ag
                    13
                    (DPPP)
                    4
                    (C
                    6
                    F
                    5
                    S)
                    10
                    and [Au
                    x
                    Ag
                    17‐x
                    ((DPPP)
                    5
                    (C
                    6
                    F
                    5
                    S)
                    8
                    ]SbF
                    6
                    , which share an identical Au
                    5
                    Ag
                    8
                    metal core but differ slightly in peripheral motifs, thus exhibiting a striking inverse solid‐state PL–ECL relationship. Single‐crystal structures and Hirshfeld surface analysis reveal that the stronger π–π interactions and higher molecular packing density in (AuAg)
                    18
                    facilitate efficient intermolecular electron transfer and charge migration, which are more critical than excited‐state generation and annihilation during the ECL process. This work demonstrates that charge transfer between nanoclusters and the electrode surface outweighs intrinsic excited‐state annihilation and decay in solid‐state ECL, providing a new mechanistic guideline for designing high‐performance ECL materials beyond the traditional pursuit of strong PL.",crossref,0
Substrate‐Dependent Crosslinking by the Cytochrome P450 From Aminopyruvatide Biosynthesis,https://onlinelibrary.wiley.com/doi/10.1002/anie.7714055?af=R,Wiley: Angewandte Chemie International Edition: Table of Contents,2026-09-16 03:22:20 UTC,2026-09-16 03:22:20+00:00,10.1002/anie.7714055,Wilfred A. van der Donk,"ABSTRACT
                  Cytochrome P450s catalyze an array of reactions including crosslinking of aromatic side chains in the biosynthesis of ribosomally synthesized and post‐translationally modified peptides (RiPPs). ApyO is a cytochrome P450 that forms a C─C bond between two tyrosines in a YLY motif in the substrate ApyA, the precursor peptide of the RiPP aminopyruvatide. We utilized cell‐free translation to generate ApyA variants and probe the substrate tolerance of ApyO. Through AlphaFold‐based modelling and in vitro assays, we show that ApyO accepts the 10 C‐terminal residues of ApyA and requires a conserved Arg/Lys in the substrate. Inspired by substrate sequences in orthologous biosynthetic gene clusters, we substituted one of the tyrosine residues with a tryptophan and observed that ApyO catalyzed formation of an N─C bond between the indole of Trp and Cε2 of Tyr. ApyO unexpectedly catalyzed formation of a C─O bond between the two tyrosine residues when we substituted the leucine residue in the YLY motif with tyrosine or tryptophan. A peptide containing a biaryl linkage and C‐terminal aminopyruvate displayed sub‐nanomolar inhibition of select proteases, with the aminopyruvate group critical for activity. Overall, this study demonstrates plasticity in the manner of macrocyclization catalyzed by the P450 ApyO.",crossref,0
Biocompatible Polysaccharides Enable Sustainable Wearable Seawater‐Based Zinc–Sulfur Pouch Cells,https://onlinelibrary.wiley.com/doi/10.1002/anie.8355248?af=R,Wiley: Angewandte Chemie International Edition: Table of Contents,2026-09-16 03:23:41 UTC,2026-09-16 03:23:41+00:00,10.1002/anie.8355248,Chenyang Zha,"ABSTRACT
                  
                    Seawater zinc‐sulfur (Zn‐S) batteries could support marine energy systems, but their development is hindered by sluggish sulfur redox kinetics, chloride‐induced Zn corrosion, and poorly understood biological risks from electrolyte additives. Here, 4‐formylphenyl β‐D‐allopyranoside, a saccharide‐derived glycoside, is introduced as a biologically compatible electrolyte regulator for rechargeable seawater Zn–S batteries. The glycoside promotes reversible sulfur‐ZnS conversion and suppresses hydrogen evolution, corrosion, and dendritic Zn deposition. This dual regulation enables an energy density of approximately 542 Wh/kg
                    sulfur
                    and stable cycling over 6000 cycles, while supporting flexible pouch cells under mechanical deformation and low‐temperature conditions. Zebrafish embryo, rat implantation, and human keratinocyte assays indicate that the glycoside‐regulated electrolyte is less toxic than electrolytes containing conventional organic additives. By integrating molecular interfacial regulation with biosafety assessment, this work establishes a design strategy for durable and environmentally compatible seawater batteries, with potential applications in marine renewable‐energy storage, distributed monitoring, and wearable technologies for ocean deployment.",crossref,0
Thinking Outside the Binding Site: A Self‐Encapsulating Kinase Inhibitor Remodels Its Pocket to Achieve Selectivity,https://onlinelibrary.wiley.com/doi/10.1002/anie.2953141?af=R,Wiley: Angewandte Chemie International Edition: Table of Contents,2026-09-16 03:24:19 UTC,2026-09-16 03:24:19+00:00,10.1002/anie.2953141,David E. Heppner,"ABSTRACT
                  Rendering kinase inhibitors selective is a strict requirement in drug development and remains a persistent challenge. To identify new routes to engineer selectivity, we have discovered a first‐in‐class p38δ‐isoform selective inhibitor reflecting 12 000‐fold selectivity improvement over currently available compounds and superior kinome targeting. X‐ray crystallographic characterization indicates that these molecules bind through noncanonical n–π–π stacking sandwich interactions enabled by structural remodeling of the P‐loop. Structural and functional analysis indicates that these selective inhibitors are self‐encapsulating agents due to direct steric clashing that occludes the binding site in a conformation reinforced by a hydrogen‐bonding network involving p38δ‐unique H30. This work reveals how inhibitor selectivity is achieved by deliberate remodeling of the drug binding site leveraging structural features outside the binding site commonly overlooked in structure‐guided design.",crossref,0
Proton‐Transfer Inhibition by Imine‐Linked Covalent Organic Frameworks Enables Efficient C2+ Production From Acidic CO2 Electroreduction,https://onlinelibrary.wiley.com/doi/10.1002/anie.3734382?af=R,Wiley: Angewandte Chemie International Edition: Table of Contents,2026-09-16 03:26:13 UTC,2026-09-16 03:26:13+00:00,10.1002/anie.3734382,Dan Li,"ABSTRACT
                  
                    Acidic CO
                    2
                    electroreduction offers a compelling route to mitigate carbonate formation and improve carbon efficiency, yet the high proton concentration intensifies hydrogen evolution reaction (HER), severely suppressing multi‑carbon (C
                    2+
                    ) production. While covalent organic frameworks (COFs) are explored to modulate the reaction microenvironment, existing studies primarily focus on the confinement of alkali cations, CO
                    2
                    , and CO intermediates, largely overlooking the critical role of proton‑transport. Herein, we demonstrate that an imine‑linked COF (TAPB–BTCA) anchored on Cu electrocatalysts functions as a proton‑regulating interlayer. Combined experimental and molecular dynamics simulation analyses reveal that the reversible protonation of its C═N bonds retards H
                    +
                    diffusion to the Cu surface, suppressing HER and preserving a locally alkaline environment conducive to C─C coupling. The Cu/TAPB–BTCA electrode achieves 74.0% Faradaic efficiency for C
                    2+
                    at −250 mA cm
                    −2
                    , a 58% improvement over bare Cu, and outperforms previously reported COF‑based electrocatalysts under similar acidic conditions. Comparison with two other imine‐linked COFs (LZU‑1 and CQN) shows that the protonation capability, dictated by the conjugated framework structure, governs proton‑blocking efficacy, local microenvironment, and consequently CO
                    2
                    RR performance. This work highlights proton‑transport management via rationally designed COF frameworks as a promising strategy to achieve efficient acidic CO
                    2
                    electroreduction.",crossref,0
Orientationally Coherent Chiral Nanoparticle Superlattices With Emergent and Tunable Collective Chiroptical Activity,https://onlinelibrary.wiley.com/doi/10.1002/anie.7913188?af=R,Wiley: Angewandte Chemie International Edition: Table of Contents,2026-09-16 03:27:22 UTC,2026-09-16 03:27:22+00:00,10.1002/anie.7913188,Angang Dong,"ABSTRACT
                  Assembling chiral nanoparticles into superstructures that combine positional order with global orientational coherence remains challenging, as geometrically complex chiral building blocks often become kinetically arrested before orientational alignment is established. Here, we report liquid–air interfacial assembly of polymer‐grafted chiral gold nanoparticles into macroscopic two‐dimensional superlattice films with long‐range positional order and orientational coherence. The orientational coherence, interparticle spacing, and stacking dimensionality can be finely modulated, enabling systematic control over their collective chiroptical response. Combined experimental and simulation studies reveal that orientationally coherent superlattices support a long‐wavelength collective chiroptical mode with sign inversion relative to the intrinsic particle circular dichroism. This emergent mode, which is absent in isolated nanoparticles and orientationally disordered assemblies, is attributed to order‐dependent collective near‐field plasmonic coupling among aligned chiral building blocks and is structurally tunable: increasing orientational coherence enhances its intensity, decreasing interparticle spacing red‐shifts its spectral position, and multilayer stacking further amplifies the optical dissymmetry. As a proof‑of‑concept demonstration, these superlattice films enable reproducible, highly enantioselective surface‐enhanced Raman scattering detection of penicillamine enantiomers. This work establishes orientational coherence as a decisive structural parameter for engineering emergent chiroptical activity in chiral plasmonic superlattices, providing a versatile assembly strategy for designing collective optical functionality from chiral building blocks.",crossref,0
Engineering Ferrimagnetic Interactions in Molecular Quantum Systems,https://onlinelibrary.wiley.com/doi/10.1002/anie.4744683?af=R,Wiley: Angewandte Chemie International Edition: Table of Contents,2026-09-16 03:27:26 UTC,2026-09-16 03:27:26+00:00,10.1002/anie.4744683,Pascal Ruffieux,"ABSTRACT
                  Achieving long‐range ferrimagnetic order in purely organic systems remains a major challenge in molecular magnetism. Here, we report the synthesis and characterization of heterospin‐coupling motifs, formed by covalently linking spin‐ and spin‐1 triangular nanographenes. A combined solution‐phase and on‐surface synthetic strategy yields three distinct compounds, whose structures are elucidated by bond‐resolved scanning probe microscopy. Starting from a spin‐–spin‐1 dimer as the elemental ferrimagnetic unit, we employ inelastic electron tunneling spectroscopy to resolve low‐energy magnetic excitations and extract the parameters of the Heisenberg Hamiltonian. Extension to trimeric architectures results in two distinct spin configurations, with compensated () and uncompensated () ferrimagnetic ground states. The Heisenberg model accurately describes all magnetic transitions, offering direct insight into increasingly complex spin Hamiltonians. These findings establish a molecular platform for designing heterospin systems with robust exchange interactions, providing access to higher‐dimensional spin states beyond the two‐level qubit paradigm.",crossref,0
Lattice Strain and Charge Transfer Induced by the Ru@RuO2 Core–Shell Heterostructure Enable Efficient and Durable Acidic Water Oxidation,https://onlinelibrary.wiley.com/doi/10.1002/anie.3816467?af=R,Wiley: Angewandte Chemie International Edition: Table of Contents,2026-09-16 03:30:50 UTC,2026-09-16 03:30:50+00:00,10.1002/anie.3816467,Biaobiao Zhang,"ABSTRACT
                  
                    Ru‐based electrocatalysts are promising for low‐cost proton exchange membrane (PEM) electrolyzers, but their stability is severely limited by the overoxidation of Ru sites during the acidic oxygen evolution reaction (OER). Herein, we propose a synthetic approach to convert the typical Ru/RuO
                    2
                    heterostructure into a well–defined Ru@RuO
                    2
                    core–shell structure, with preferential exposure of the (020) plane of RuO
                    2
                    . Such a core–shell design not only shields the metallic Ru core from direct contact with the oxidative catalytic environment, thereby suppressing metallic Ru overoxidation, but also maximizes the surface with abundant active sites on the (020) plane, leading to enhanced durability and intrinsic activity. Ru@RuO
                    2
                    achieves a low overpotential of 165 mV at 10 mA·cm
                    −2
                    and operates stably for over 1500 h. In a PEM electrolyzer, it delivers a current density of 1.0 A·cm
                    −2
                    at 1.606 V and maintains stable operation for more than 200 h at 500 mA·cm
                    −2
                    . This study highlights metal–oxide core–shell heterostructures as a new paradigm for designing highly active and stable RuO
                    2
                    ‐based catalysts for acidic OER.",crossref,0
"FePO4/FeF3 Composites as High‐Capacity, Highly Reversible Cathodes for Li‐Ion Batteries",https://onlinelibrary.wiley.com/doi/10.1002/anie.5050030?af=R,Wiley: Angewandte Chemie International Edition: Table of Contents,2026-09-16 03:33:47 UTC,2026-09-16 03:33:47+00:00,10.1002/anie.5050030,Xiulei Ji,"ABSTRACT
                  
                    Increasing the energy density of Li‐ion batteries requires cathodes that can store more than one electron per transition‐metal center. Iron‐based conversion cathodes such as FeF
                    3
                    are attractive due to their high theoretical capacity and low cost; however, their practical performance is limited by large voltage hysteresis, sluggish kinetics, and capacity loss during cycling. Here, we report a ball‐milled FeF
                    3
                    /FePO
                    4
                    composite cathode that combines the high capacity of FeF
                    3
                    with the superior reversibility of FePO
                    4
                    . Compared to pure FeF
                    3
                    , the composite retains high capacity while exhibiting improved rate capability, lower polarization, and markedly enhanced cycling stability. After prelithiation, the composite delivers a reversible discharge capacity of 572 mAh g
                    −1
                    , corresponding to a specific energy of 1175 Wh kg
                    −1
                    . These results show that integration of FeF
                    3
                    and FePO
                    4
                    offers an effective route to cathodes that combine high capacity with high reversibility.",crossref,0
Incorporation of Graphdiyne‐Based sp‐Carbon Into the First Coordination Sphere of a Metal Complex for the Electrocatalysis of Nitric Oxide to Ammonia,https://onlinelibrary.wiley.com/doi/10.1002/anie.9566713?af=R,Wiley: Angewandte Chemie International Edition: Table of Contents,2026-09-16 03:35:05 UTC,2026-09-16 03:35:05+00:00,10.1002/anie.9566713,Sifei Zhuo,"ABSTRACT
                  
                    Although metal‒carbon bonds are prevalent in organometallics, integrating carbon donors alongside nitrogen, oxygen, and sulfur heteroatoms into the first coordination sphere of metal complexes poses a considerable challenge. Here, graphdiyne‐based sp‐carbon atoms are incorporated into the first coordination sphere of the metal complex, yielding an asymmetric sp‐C
                    2
                    –M–O
                    2
                    (M = Cu, Co, Ni) coordination geometry. During synthesis, hydrogen‐substituted graphdiyne (HsGDY) acts as a microporous polymeric ligand populated with periodically aligned diacetylene coordination sites, which spatially confine and arrange metal complexes within micropores featuring a dominant size of 1.5 nm. For the electrochemical NO reduction, the microporous framework of HsGDY, which is rich in sp‐carbons, accelerates NO mass transport, enabling elevated NO surface coverage even under diluted NO feeding streams. The electron‐donating sp‐carbons synergize with oxygen to tune the electronic structure of Cu
                    δ+
                    (1 &lt;
                    δ
                    &lt; 2), reducing the formation barrier of *HNO and thus achieving a high NH
                    3
                    Faradaic efficiency of 91.8% and a yield rate of 0.44 mg h
                    −1
                    cm
                    2
                    at 0.1 V versus a reversible hydrogen electrode (RHE). This work identifies graphdiyne‐based sp‐carbon atoms as viable constituents of the first coordination sphere of metal complexes, breaking the reliance on nitrogen, oxygen, and sulfur heteroatoms for constructing nonaxial asymmetric coordination geometries.",crossref,0
Franziska R. Traube,https://onlinelibrary.wiley.com/doi/10.1002/anie.3830778?af=R,Wiley: Angewandte Chemie International Edition: Table of Contents,2026-09-16 03:39:46 UTC,2026-09-16 03:39:46+00:00,10.1002/anie.3830778,Franziska R. Traube,“My favorite molecule is alpha-ketoglutarate because it is structurally simple yet performs an astonishing variety of functions in the cell… The most exciting thing about my research is bridging scales—understanding single chemical reactions and uncovering how they contribute to the complex processes underlying cellular function…” Find out more about Franziska R. Traube in her Introducing… Profile.,openalex,0
Chemoenzymatic Assembly of Branch‐Selective Sulfated N‐ and O‐Glycans to Decode Glycan‐Binding Protein Recognition,https://onlinelibrary.wiley.com/doi/10.1002/anie.2218878?af=R,Wiley: Angewandte Chemie International Edition: Table of Contents,2026-09-16 04:10:04 UTC,2026-09-16 04:10:04+00:00,10.1002/anie.2218878,Tiehai Li,"ABSTRACT
                  
                    N
                    ‐ and
                    O
                    ‐glycosylations are essential post‐translational modifications involved in numerous physiological and pathological processes. Sulfated
                    N
                    ‐ and
                    O
                    ‐glycans, commonly found on biologically important glycoproteins, serve as critical mediators of molecular recognition. However, their precise structure–function relationships remain poorly understood, primarily due to the limited accessibility of structurally well‐defined glycans bearing branch‐specific sulfation patterns. Herein, we report a versatile chemoenzymatic strategy that integrates chemical synthesis of editable glycan scaffolds with enzyme‐driven diversification, enabling the efficient construction of a diverse library of branch‐specifically sulfated
                    N
                    ‐ and
                    O
                    ‐glycans, along with their nonsulfated counterparts. Central to the strategy is the streamlined chemical synthesis of editable
                    N
                    ‐ and
                    O
                    ‐glycan precursors bearing two orthogonally protected glucosamine termini, allowing branch‐selective sulfation through flexible protecting‐group manipulation. Subsequent modular enzymatic extension readily generates a panel of sulfated glycans with sialylation and fucosylation patterns. These diverse structures enable comprehensive profiling of their interactions with immune‐associated lectins and viral proteins using microarray technology, uncovering unique binding specificities modulated by branch‐specific sulfation patterns and core glycan architectures. This work establishes a powerful synthetic approach to previously inaccessible complex sulfated
                    N
                    ‐ and
                    O
                    ‐glycans, providing critical tools to advance glycobiology and biomedical applications.",crossref,0
A Universal Synthesis of PtPd‐Based High‐Entropy Sub‐Nanoribbons for Oxygen Reduction Electrocatalysis,https://advanced.onlinelibrary.wiley.com/doi/10.1002/aenm.71585?af=R,Wiley: Advanced Energy Materials: Table of Contents,2026-09-16 05:40:27 UTC,2026-09-16 05:40:27+00:00,10.1002/aenm.71585,Wenjun Dong,"ABSTRACT
                  
                    PtPd‐based high‐entropy alloys (HEAs) with sub‐nano‐thick ribbon morphology are a class of promising catalysts for electrochemical reactions; however, a lack of a general synthetic method that allows extensive compositional modulation for probing untold catalytic powers. Herein, we report a universal strategy for constructing PtPd‐based sub‐nanoribbons (SNRs) with tunable alloy elements for boosting oxygen reduction reaction (ORR). In this synthetic method, a ligand collection is organized to balance the large differences in redox potentials of multiple metal precursors and enforce ribbon‐like anisotropic growth. By diversifying composition, SNRs can be tuned from low‐entropy alloys to HEAs. For acidic ORR, the catalytic performance of SNRs improves as entropy increases, wherein the high‐entropy PtPdNiFeGa SNRs exhibit optimal catalytic activity and superior stability. Our theoretical investigations suggest that more bonding states are formed in the HEAs, which is conducive to creating new active sites with greater electron accumulation near the Fermi level for low‐barrier electron transfer, besides resulting in a denser crystal structure with robust catalytic stability. When equipped in the membrane electrode assembly, the PtPdNiFeGa SNRs deliver a remarkable mass activity (MA = 0.79 A/mg
                    Pt
                    at 0.9 V) and stability (MA retention = 82% after 30 000 cycles), outperforming most of the reported PtPd‐based catalysts.",crossref,0
Coordination‐Engineered Cu Single Atom on N‐Doped Carbon Nanosheets for Highly‐Efficient Photocatalytic CO2 Reduction to CH4,https://advanced.onlinelibrary.wiley.com/doi/10.1002/aenm.71595?af=R,Wiley: Advanced Energy Materials: Table of Contents,2026-09-16 05:41:05 UTC,2026-09-16 05:41:05+00:00,10.1002/aenm.71595,Rong Xu,"ABSTRACT
                  
                    Photocatalytic CO
                    2
                    conversion offers sustainable catalytic pathway for solar fuel production and CO
                    2
                    mitigation. However, the mechanism of coordination environment of metal catalytic centers in CO
                    2
                    adsorption and the selectivity of intermediates and products remains unclear. Herein, two N‐doped carbon nanosheets hosting coordination‐engineered Cu single atom (referred to as Cu‐N
                    x
                    , where x denotes the number of coordinated N atoms, e.g., Cu‐N
                    3
                    and Cu‐N
                    4
                    ) were synthesized via a simple two‐step pyrolysis process. The Cu‐N coordination number decreases with increasing pyrolysis temperature. Under visible light irradiation, the optimal catalyst with Cu‐N
                    3
                    coordination achieves a CH
                    4
                    yield of 219 µmol in 10 h using 5 mg catalyst with a selectivity of 97% in the presence of photosensitizer. In contrast, the high‐coordinated Cu‐N
                    4
                    site dominated catalyst exhibits a significantly lower CH
                    4
                    yield (58 µmol) and selectivity (93.7%), highlighting the advantage of the Cu‐N
                    3
                    motif for efficient CH
                    4
                    production. Experimental and theoretical results reveal that low‐coordinated Cu‐N
                    3
                    site favors
                    *
                    CHO intermediate via
                    *
                    CO hydrogenation (ΔG = 0.71 eV) rather than
                    *
                    CO desorption (ΔG = 0.83 eV), thereby promoting the selective CH
                    4
                    generation during the CO
                    2
                    photoreduction. In addition, the Cu‐N
                    3
                    coordination enhances CO
                    2
                    adsorption and charge transfer from Cu to CO
                    2
                    compared to Cu‐N
                    4
                    coordination. This work underscores the critical role of atomic‐level coordination engineering in optimizing the catalytic performance of single atom catalysts for efficient and selective solar fuel production.",crossref,0
All‐In‐One Sensing Supercapacitor With Shared Configuration and Decoupled Performance,https://advanced.onlinelibrary.wiley.com/doi/10.1002/aenm.71590?af=R,Wiley: Advanced Energy Materials: Table of Contents,2026-09-16 05:42:25 UTC,2026-09-16 05:42:25+00:00,10.1002/aenm.71590,Zhi Chang,"ABSTRACT
                  
                    Integrated energy‐storage sensing devices promote greatly the miniaturization and integration of wearable electronic devices. However, they still face long‐lasting challenges of tailored semi‐integrated configuration or highly‐coupled sensing and energy storage functions. Herein, an unprecedented all‐in‐one sensing supercapacitor (ASS) is proposed for independent and synchronous strain sensing and self‐powering. The ASS features a shared configuration, endows it with several key features, including reversible changes of ion‐transport paths and resistance in porous electrolyte, robust electron transport in the dense electrode, and stable interface resistance in the chain‐entangled interfaces. These guarantee reliable sensing and charge‐discharge processes under compression. Consequently, the ASS exhibits satisfactory electrochemical performance, including low interface‐resistance, high areal‐capacitance (37.9 mF cm
                    −2
                    ), and good stability (98.8% capacitance retention after 5000 cycles), which can be well maintained under wide compressive strains of 0%∼80% and 5000 cyclic compression‐release. Furthermore, good sensing characteristics are also achieved with wide detection ranges up to 80% compressive strain and superior durability (&gt;7000 cycles). The ASS also shows minimal mutual interference in synchronous sensing‐powering mode over harsh conditions, highlighting its great multi‐scenario applications. These findings open up a new perspective for highly efficient all‐in‐one energy‐storage sensing devices toward practical wearable applications.",crossref,0
Dense Zinc Deposition Underneath a Zincophobic MoTe2 Protective Layer via Weakening Electrostatic Repulsion for Durable Zinc Metal Batteries,https://advanced.onlinelibrary.wiley.com/doi/10.1002/aenm.71492?af=R,Wiley: Advanced Energy Materials: Table of Contents,2026-09-16 05:43:01 UTC,2026-09-16 05:43:01+00:00,10.1002/aenm.71492,Zhong‐Shuai Wu,"ABSTRACT
                  
                    Aqueous zinc metal batteries (ZMBs) with low cost and intrinsic safety hold great promise for large‐scale energy storage. However, the unstable zinc‐electrolyte interface chemistry frequently triggers Zn dendrites and side reactions, leading to rapid capacity decay of ZMBs. Herein, an interfacial electrical field based on the work function difference between Zn (3.8 eV) and metallic 1T'‐MoTe
                    2
                    nanosheets (4.4 eV) is established to weaken electrostatic repulsion of Zn
                    2+
                    ions in the electrical double layer (EDL) for durable ZMBs. Importantly, theoretical and experimental results indicate that the interfacial electric field can effectively compress the EDL thickness and attract more zinc ions to occupy the EDL, greatly suppressing side reactions during zinc deposition; thus, dense and dendrite‐free Zn deposition can be achieved under the zincophobic MoTe
                    2
                    protective layer for long‐life ZMBs. Therefore, the assembled MoTe
                    2
                    @Zn||MoTe
                    2
                    @Zn cells display an ultra‐long cycle life of 5000 h at 1 mA cm
                    −2
                    and 1 mAh cm
                    −2
                    , and maintain reversible zinc deposition for 75 h at 1 mA cm
                    −2
                    and 4 mAh cm
                    −2
                    even at a depth of discharge of 68%. The resulting MoTe
                    2
                    @Zn||MnO
                    2
                    ZMBs exhibit outstanding 1000 cycles at 1 A g
                    −1
                    , and the MoTe
                    2
                    @Zn||MnO
                    2
                    pouch ZMBs are further demonstrated for practical applications.",crossref,0
Iron‐Based Sodium‐Salt Composite Cathode for Sodium‐Ion Batteries (Adv. Energy Mater. 35/2026),https://advanced.onlinelibrary.wiley.com/doi/10.1002/aenm.71450?af=R,Wiley: Advanced Energy Materials: Table of Contents,2026-09-16 06:11:01 UTC,2026-09-16 06:11:01+00:00,10.1002/aenm.71450,Xiulei Ji,"Sodium-Ion Batteries In article number e71154, De-en Jiang, Yuzhang Li, Tongchao Liu, Xiulei Ji, and co-workers report a low-cost sodium-salt composite cathode made by one-step ball milling of earth-abundant Fe and Na2SO4 with CuS. Amorphous CuS stitches the Fe and salt domains together, creating heterointerfaces that accelerate charge transfer and Na-ion transport. This function-decoupled architecture unlocks reversible multielectron Fe redox for sustainable sodium-ion batteries.",openalex,0
Dilute Interstitial Carbon Stabilization of Highly Strained Metastable HCP Nickel for Enhanced Electrocatalysis,https://onlinelibrary.wiley.com/doi/10.1002/anie.2874510?af=R,Wiley: Angewandte Chemie International Edition: Table of Contents,2026-09-16 06:30:01 UTC,2026-09-16 06:30:01+00:00,10.1002/anie.2874510,Andreu Cabot,"ABSTRACT
                  
                    Lattice strain engineering can regulate the electronic structure of electrocatalysts, but stabilizing distorted metastable phases remains challenging. Here, we report an N,N‐dimethylformamide‐assisted strategy for synthesizing metastable hexagonal close‐packed (HCP) Ni nanoparticles with local lattice‐spacing deviations reaching approximately 5.2%. Structural and spectroscopic analyses support a dilute interstitial‐carbon‐stabilized HCP Ni framework dominated by expanded metallic Ni─Ni coordination rather than ordered Ni
                    3
                    C. Carbon‐associated perturbations inhibit structural relaxation and retain the distorted HCP framework. Operando x‐ray absorption and infrared spectroscopies indicate the formation of a NiOOH‐like working surface coupled to an HCP‐derived subsurface framework, accompanied by potential‐dependent changes in the interfacial hydrogen‐bonding environment and urea‐derived species. Calculations using idealized metallic models show that HCP lattice strain induces a Ni d‐band upshift, anisotropic Ni─Ni bonding, and localized charge redistribution, modifying adsorption‐energy trends for the urea oxidation reaction. The optimized HCP‐Ni delivers an apparent steady‐state Tafel slope of 26.95 mV dec
                    −1
                    , over twice the electrochemically active surface area‐normalized activity of the face‐centered cubic‐containing controls, and approximately 98% apparent urea conversion after 22 h. It sustains current for over 120 h in three‐electrode testing and enables over 400 h of urea‐assisted zinc–air battery cycling. This work demonstrates dilute interstitial‐carbon stabilization as a route to strained metastable electrocatalysts.",crossref,0
The Impact of Copolymer Molecular Sequence on Electronic Transport (Adv. Mater. 52/2026),https://advanced.onlinelibrary.wiley.com/doi/10.1002/adma.74871?af=R,Wiley: Advanced Materials: Table of Contents,2026-09-16 06:32:31 UTC,2026-09-16 06:32:31+00:00,10.1002/adma.74871,Matthias J. Young,Molecular Sequence Control in Conductive Polymers Reveals Insights into Electronic Conductivity An automated vapor deposition process enables molecular sequence control in conductive polymers to reveal new insights into how electrons move through polymer chains made up of different monomer building blocks. More details can be found in the Research Article by Matthias J. Young and co-workers (DOI: 10.1002/adma.202517721).,openalex,0
Interlayer Electronic Decoupling Unlocks Giant Birefringence in π‐Conjugated Metal‐Organic Frameworks (Adv. Mater. 52/2026),https://advanced.onlinelibrary.wiley.com/doi/10.1002/adma.74870?af=R,Wiley: Advanced Materials: Table of Contents,2026-09-16 06:32:31 UTC,2026-09-16 06:32:31+00:00,10.1002/adma.74870,Jin‐Hu Dou,,,0
Graphene Nanosensor for the Detection of Small Organic Compounds Using an Insect Olfactory Receptor (Adv. Mater. 52/2026),https://advanced.onlinelibrary.wiley.com/doi/10.1002/adma.74869?af=R,Wiley: Advanced Materials: Table of Contents,2026-09-16 06:32:31 UTC,2026-09-16 06:32:31+00:00,10.1002/adma.74869,Kiana Aran,"Detection of Small Organic Compounds Using an Insect Olfactory Receptor The cover illustrates a bioelectronic nose inspired by the extraordinary olfactory system of insects. Insect odorant receptors, synthesized from genetic sequences and integrated with graphene transistors, transform odor binding into measurable electrical signals. The platform detects and distinguishes diverse airborne chemicals, creating a scalable electronic sense of smell that brings nature's powerful chemical-sensing capabilities to electronics. More details can be found in the Research Article by Kiana Aran and co-workers (DOI: 10.1002/adma.74079).",openalex,0
Electrostatic Gaussian Transistor for Real‐Time Probabilistic Inference (Adv. Mater. 52/2026),https://advanced.onlinelibrary.wiley.com/doi/10.1002/adma.74872?af=R,Wiley: Advanced Materials: Table of Contents,2026-09-16 06:32:31 UTC,2026-09-16 06:32:31+00:00,10.1002/adma.74872,Hocheon Yoo,"Electrostatic Gaussian Transistor In their Research Article (DOI: 10.1002/adma.74242), Hocheon Yoo and his colleagues demonstrate a Gaussian transistor capable of real-time probabilistic inference for trustworthy voice authentication. The back cover illustrates the device distinguishing authentic human speech from AI-generated deepfake voices, presenting how Gaussian-shaped transfer characteristics can directly enable hardware-level probabilistic intelligence for emerging secure and intelligent electronic systems.",openalex,0
Electron Bridge Enhanced Charge Polarization Enables Efficient and Ultra‐Long Stable Urea Electrosynthesis,https://onlinelibrary.wiley.com/doi/10.1002/anie.2196422?af=R,Wiley: Angewandte Chemie International Edition: Table of Contents,2026-09-16 06:32:43 UTC,2026-09-16 06:32:43+00:00,10.1002/anie.2196422,Wei Ye,"ABSTRACT
                  
                    Urea electrosynthesis from carbon dioxide and nitrates powered by green electricity is a zero‐carbon route for urea production. Simultaneously achieving high activity and long‐term stability is a prerequisite for the industrialization of urea electrosynthesis. In this study, we propose an electron bridge strategy based on a Pd
                    1
                    and Ni
                    1
                    dual single‐atom alloy to boost the electrocatalytic activity and durability for urea electrosynthesis. The single‐atom Ni
                    1
                    sites act as electron bridges to promote charge transfer from Cu to Pd
                    1
                    sites, leading to charge‐polarized Pd–Cu sites, which upshift the d‐band center and improve oxidation resistance of the catalyst. Consequently, the Pd
                    1
                    and Ni
                    1
                    dual single‐atom sites simultaneously accelerates both carbon dioxide reduction and nitrates reduction half‐reactions, while facilitating the first C–N coupling step. The Pd
                    1
                    and Ni
                    1
                    dual single‐atom alloys deliver a urea yield rate of 541.6 mmol g
                    cat
                    −1
                    h
                    −1
                    with a urea Faradaic efficiency of 57.3%. Remarkably, this catalyst achieves a record durability of 1700 h at a current density of 40 mA cm
                    −2
                    . This work provides new insights into the synergistic catalysis of complex multi‐molecule reactions through cooperative multiple active sites.",crossref,0
Ru Single‐Atom Anchored Zeolite for Selective Upcycling of Polyolefins Into Butanes,https://onlinelibrary.wiley.com/doi/10.1002/anie.1866514?af=R,Wiley: Angewandte Chemie International Edition: Table of Contents,2026-09-16 06:35:28 UTC,2026-09-16 06:35:28+00:00,10.1002/anie.1866514,Zhimin Liu,"ABSTRACT
                  
                    Precisely upcycling polyolefins into specific compounds remains a formidable challenge in sustainable chemistry. Here, we report a spatially confined relay catalysis strategy enabled by Ru single‐atom‐anchored MOR zeolite (Ru
                    1
                    @MOR), which achieves a maximum C
                    4
                    alkane selectivity of 63.4% and a production rate of 4516.4 mmol g
                    Ru
                    −1
                     h
                    −1
                    in the hydrocracking of low‐density polyethylene, outperforming reported catalysts to date. Combined AC HAADF‐STEM, solid‑state NMR, and density functional theory calculations demonstrated that isolated Ru
                    1
                    sites are coordinatively situated on the inner surface of MOR, forming Ru─O─Si and Ru─O─Al linkages, which enhance the electrophilicity of framework Al sites and the Brønsted acidity strength of adjacent bridging hydroxyl groups, thereby endowing the catalyst with improved hydride abstraction capability while retaining the intrinsic carbenium‐ion‑mediated cracking pathway. Life‑cycle assessment further substantiates the minimal operating cost and environmental impacts of this system, and a techno‑economic projection for a 10 000‐tonne‐per‐year butane facility can yield annual alkane revenues exceeding US$1.5 million. This work provides a retrosynthesis‐inspired, atom‐economical paradigm for plastic waste valued, highlighting the role of precisely engineered single‑atom/zeolite interfaces in selectivity toward targeted hydrocarbon fractions.",crossref,0
Synergistic Ternary Doping Strategy Boosts the Performance of Monolayer‐Scale Molecular Crystals,https://advanced.onlinelibrary.wiley.com/doi/10.1002/adma.75025?af=R,Wiley: Advanced Materials: Table of Contents,2026-09-16 06:37:33 UTC,2026-09-16 06:37:33+00:00,10.1002/adma.75025,Lang Jiang,"ABSTRACT
                  
                    Achieving high conductivity in organic single crystals without disrupting their performance‐enabling long‐range molecular order is a central challenge in organic electronics. To approach this goal, we here introduce a universal synergistic ternary doping strategy comprising a primary dopant (FeCl
                    3
                    ), a secondary acceptor (F4TCNQ), and a salt additive (LiTFSI), which enables a cooperative, nondisruptive surface‑doping mechanism that retains the pristine crystalline lattice and resolves this conflict. This strategy is highlighted by enabling an over nine‑order‑of‑magnitude increase in conductivity of DPA single crystals, which arises from the combined effects of efficient charge transfer, electrostatic homogenization, and stabilized anion exchange. Concurrently, it reduces the contact resistance by more than 90% to only 93.32 Ω·cm in the corresponding OFETs. When applied to the ultimate physical limit of monolayer‐scale molecular crystals (BTBTT6‐syn and C6‐DPA), the strategy achieves a high conductivity as high as 10.19 S·cm
                    −
                    1
                    and a near‐vanishing contact resistance of 17.03 Ω·cm in the doped OFETs. This work provides a powerful and general pathway to unlock the full carrier potential of crystalline organic semiconductors for next‐generation devices.",crossref,0
Homologous Fluorination Enables Asymmetric Dynamic Interfacial Coupling for Efficient and Sustainable Blade‐Coated Perovskite Solar Cells,https://onlinelibrary.wiley.com/doi/10.1002/anie.3844270?af=R,Wiley: Angewandte Chemie International Edition: Table of Contents,2026-09-16 06:37:35 UTC,2026-09-16 06:37:35+00:00,10.1002/anie.3844270,Wu‐Qiang Wu,"ABSTRACT
                  
                    Self‐assembled monolayers (SAMs) are indispensable hole‐transport interfaces in inverted perovskite solar cells (PSCs), yet conventional co‐assembly strategies based on symmetric strong interactions often suffer from excessive aggregation, limited adaptability, and insufficient interfacial robustness. Here, we developed a homologous fluorination‐enabled asymmetric interfacial interaction strategy by integrating fluorinated SAM molecule [2‐(3,6‐difluoro‐9
                    H
                    ‐carbazol‐9‐yl)ethyl]phosphonic acid (F‐2PACz) with perfluorooctanoic acid (PFOA) as a dynamic co‐assembly modulator. Unlike conventional symmetric systems, PFOA formed weak fluorine‐mediated interactions with F‐2PACz to regulate SAM assembly and improve interfacial coverage, while establishing stronger hydrogen‐bonding and coordination interactions with the perovskite layer for defect suppression and Pb
                    2
                    +
                    immobilization. This asymmetric interaction hierarchy optimized buried interface quality, promoted charge extraction, and enhanced device stability. Consequently, blade‐coated inverted PSCs achieved a champion efficiency of 24.72% and retain 97.7% of their initial efficiency after 1140 h maximum power point tracking under ISOS‐L‐1I conditions. The strategy was compatible with perovskites of different bandgaps, enabling four‐terminal all‐perovskite tandems with 27.10% efficiency. Moreover, the fluorinated interface achieved a lead sequestration efficiency of 97.4%, mitigating lead leakage. This work establishes asymmetric fluorine‐mediated interfacial coupling as a molecular design strategy for efficient, stable, and sustainable inverted PSCs.",crossref,0
Contact‐Electrification Induced Electromagnetic Radiation and Charge Polarization Drive Spontaneous Microdroplet Interfacial Reactions,https://advanced.onlinelibrary.wiley.com/doi/10.1002/adma.75039?af=R,Wiley: Advanced Materials: Table of Contents,2026-09-16 06:40:28 UTC,2026-09-16 06:40:28+00:00,10.1002/adma.75039,Leo N. Y. Cao,"ABSTRACT
                  
                    Spontaneous chemical reactions occurring at microdroplet interfaces are fascinating and significant, yet uncovering the underlying charge interaction mechanisms remain major challenges. In this study, we integrated triboelectric‐assisted atomization with electromagnetic wave detection to investigate spontaneous polarization and charge transfer dynamics at heterogeneous interfaces. Experimental results reveal that microdroplets and their surroundings undergo high‐frequency electrical discharge under the influence of a contact‐electrification (CE) field. For the first time, real‐time monitoring of electromagnetic radiations emitted (∼30 dBm) from the microdroplet discharges was achieved and converted into electrical energy. The CE field also induces interfacial polarization, causing significant spontaneous accumulation of negative charges in the inlet reservoir, reaching 6 nC/mL and kilovolt‐level voltages. In our proposed reaction routes, the CE field offer potential energy for the electrons and lower energy barriers, facilitating the formation of radicals, H
                    2
                    O
                    2
                    , and H
                    2
                    . Overall, the current findings offer a new CE‐induced approach and perspective to enhance spontaneous chemical reaction at microdroplets interfaces.",crossref,0
A Sprayable Multifunctional Film Based on EGFR‐Targeting DNA Nanoactivators for Burn Wound Healing,https://advanced.onlinelibrary.wiley.com/doi/10.1002/adma.74960?af=R,Wiley: Advanced Materials: Table of Contents,2026-09-16 06:41:16 UTC,2026-09-16 06:41:16+00:00,10.1002/adma.74960,Xiaoxiao Cai,"ABSTRACT Burn treatment remains a tough clinical hurdle, as traditional epidermal growth factor (EGF) treatments suffer from rapid proteolytic degradation and poor skin permeation. Herein, a sprayable, multifunctional film (STAR) based on EGFR‐targeting DNA nanoactivators is reported for efficient burn wound healing. The STAR platform combines tannic acid (TA), silk fibroin (SF), and tetrahedral framework nucleic acids (tFNA) modified with tetravalent EGFR‐stimulating aptamers. This design leverages the nanostructure of tFNA to realize multivalent cooperativity, inducing potent and sustained EGFR activation and downstream signaling. Crucially, the ready‐to‐use dual‐component spray formulation offers superior operational convenience compared with conventional hydrogels, ensuring uniform coverage of irregular wounds. Upon co‐spraying, the system rapidly forms a robust, adhesive film in situ, providing an immediate waterproof barrier and localized antimicrobial protection against pathogens. In vitro, STAR significantly enhances the proliferation and migration of keratinocytes and fibroblasts. In vivo, therapeutic efficacy was validated in two distinct models: a full‐thickness scald model and a skin‐grafting model. STAR film exhibited prolonged retention, effectively accelerating re‐epithelialization, promoting organized collagen deposition, and resolving inflammation. Furthermore, STAR enabled suture‐free skin grafting by ensuring stable bio‐adhesion and facilitating bioactive integration at the graft–host interface. This sprayable platform offers a promising strategy for comprehensive burn management and reconstructive surgery.",openalex,0
DMSO‐Modulated Divergent Fluoroalcohol Addition to Alkenes via Cooperative Iron/Disulfide Photocatalysis,https://onlinelibrary.wiley.com/doi/10.1002/anie.5041475?af=R,Wiley: Angewandte Chemie International Edition: Table of Contents,2026-09-16 06:41:48 UTC,2026-09-16 06:41:48+00:00,10.1002/anie.5041475,Peng Xu,"ABSTRACT
                  
                    Fluoroalcohols and their ether counterparts are indispensable pharmacophores in modern medicinal chemistry. Despite the inherent appeal of constructing these motifs through the direct addition of fluoroalcohols across alkenes, the profound inductive withdrawal exerted by the fluorine atoms engenders a formidable electronic barrier: it drastically suppresses oxygen nucleophilicity, pushes oxidation potentials to prohibitive levels, and renders the α‑C─H bonds kinetically inert. Here, we report a cooperative iron/disulfide photocatalytic framework that transcends this electronic recalcitrance through an exogenously controlled divergent strategy. By harnessing a photoinduced alkoxide to iron charge transfer (Fe‐LMCT) process, this platform bypasses traditional redox limitations to generate reactive fluoroalkoxy radicals from unactivated substrates. We further uncover a concentration‐dependent pathway regulated by DMSO: while bulk DMSO promotes a low‐barrier 1,2‐hydrogen atom transfer (HAT) of the transient fluoroalkoxy radicals to access α‐hydroxyfluoroalkyl radical reactivity, this facilitation is insufficient at additive‐level concentrations, thereby prioritizing direct
                    O
                    ‐centered radical reactivity. This platform provides a robust gateway to structurally complex fluorinated architectures and establishes a blueprint for orchestrating the reactivity of high‐energy radical intermediates through external chemical cues.",crossref,0
Co‐Assembled Helical Polymer Nanofibers Enable Efficient CO2 Photoreduction Through Interchain Energy Transfer,https://onlinelibrary.wiley.com/doi/10.1002/anie.7599397?af=R,Wiley: Angewandte Chemie International Edition: Table of Contents,2026-09-16 06:42:45 UTC,2026-09-16 06:42:45+00:00,10.1002/anie.7599397,Chunhui Dai,"ABSTRACT
                  
                    One‐dimensional (1D) nanofibers have shown bright prospects for artificial CO
                    2
                    photoreduction but still face formidable challenge in achieving high performance. Herein, a series of polymer nanofibers are prepared via the helical co‐assembly of chiral poly{1,2‐bis(4‐ethynylphenyl)‐1,2‐diphenylethene‐
                    co
                    ‐(
                    S
                    )‐dinaphtho[2,1‐
                    d
                    :1',2'‐
                    f
                    ][1,3]dioxepine} (P1) and poly[(9,9’‐dioctylfluorenyl‐2,7‐diyl)‐
                    co
                    ‐4,7‐di(2‐thienyl)‐2,1,3‐benzothiadiazole] (P2) using interchain energy transfer strategy. The helical nanostructure arranged through intermolecularly layered packing endows the polymer nanofibers with expansive surface area, strong light harvesting ability, and great mass diffusion kinetics arising from the abundant active sites. In comparison with the model polymer P1, the binary polymers exhibit not only minimized radiative energy loss, broaden solar light absorption, but also significantly boosted charge transport during the photoreduction process. Under simulated solar light (100 mW/cm
                    2
                    ), P1‐0.3P2 nanofibers achieved an excellent CO yield of 1165.31 µmol h
                    −1
                    g
                    −1
                    , which is superior to that of P1 nanofibers (76.28 µmol h
                    −1
                    g
                    −1
                    ) and previously reported nanofiber photocatalysts under similar conditions. This study presents a novel strategy to fabricate conjugated polymer‐based nanofibers as a promising photocatalyst for highly efficient CO
                    2
                    conversion.",crossref,0
"A Microphase Engineering Strategy for Spider Silk‐Inspired Fibers With Exceptional Strength, Toughness, and Damping Capacity",https://advanced.onlinelibrary.wiley.com/doi/10.1002/adma.75034?af=R,Wiley: Advanced Materials: Table of Contents,2026-09-16 06:43:12 UTC,2026-09-16 06:43:12+00:00,10.1002/adma.75034,Kai Liu,"ABSTRACT
                  
                    Spider silk exhibits exceptional mechanical properties, inspiring the development of diverse biomimetic fibers. However, spider silk‐inspired fibers typically introduce β‐sheet‐like domains while neglecting microphase structure regulation, failing to overcome inherent strength‐toughness conflict. Herein, a spider silk‐inspired fiber is fabricated through a microphase engineering strategy by mimicking spidroin assembly process and microphase structure evolution during natural spider silk spinning. Polyurethane (PU) serves as raw material because its molecular structure closely resembles that of nature spidroin's architecture. Through a solvent exchange‐induced phase separation process, the long‐range oriented microphase structures are constructed. The as‐spun fiber achieves a high toughness of 626.14 ± 38.01 MJ m
                    −3
                    , surpassing that of the strongest natural spider silk. Subsequently, post‐treatment is applied to induce crystallization, further increasing the tensile strength to 418.21 ± 9.56 MPa while maintaining a high toughness of 333.09 ± 20.64 MJ m
                    −3
                    . Notably, the spider silk‐inspired fiber can be used as an energy‐absorbing layer in a ballistic board due to its excellent energy dissipation capabilities, reducing deformation by 36.5% compared with a ceramic‐aramid control upon impact with a ∼730 m s
                    −1
                    bullet. This work highlights the microphase engineering strategy in enhancing mechanical properties of fibers, offering a simple pathway to fabricate high‐performance spider silk‐inspired fibers.",crossref,0
In Situ Lithium Nitridosilicate Interlayer via Reactive Anolyte Design for All‐Solid‐State Silicon Anodes,https://advanced.onlinelibrary.wiley.com/doi/10.1002/adma.75015?af=R,Wiley: Advanced Materials: Table of Contents,2026-09-16 06:45:05 UTC,2026-09-16 06:45:05+00:00,10.1002/adma.75015,Huidong Dai,"ABSTRACT
                  
                    The solid‐electrolyte interphase in liquid‐electrolyte systems reaches a self‐passivating steady state by electrolyte design. However, the interphase in all‐solid‐state batteries (ASSBs) arises from mutual electrochemical decomposition between the anode and solid electrolyte, yielding unpredictable composition, poor ionic conductivity, and insufficient mechanical compliance. Instead of suppressing this interfacial reaction, we introduce a reactive anolyte design strategy in which vacancy‐rich β‐Li
                    3
                    N undergoes a controlled in situ interfacial reaction with Si, resulting in a purpose‐built lithium nitridosilicate interlayer directly on the surfaces of Si particles within the composite anode. This interlayer with the anolyte simultaneously establishes fast Li
                    +
                    transport pathways, suppresses electrochemical sintering, and accommodates large volumetric strain. A pre‐lithiation protocol further shifts the anode operation window into the kinetically favorable region and supplements the Li inventory. The resulting composite Si anode paired with a LiCoO
                    2
                    cathode delivers outstanding rate capability (19C, current density of 25.5 mA/cm
                    2
                    ), long cycling stability (over 5000 cycles), and high areal capacity (above 10 mAh/cm
                    2
                    ). Beyond the Li‐Si‐N system, the reactive anolyte principle could be extended to other alloy‐ and conversion‐type active materials, offering both a practical solution to the Si anode interface problem and a conceptual framework for rational interphase engineering in next‐generation ASSBs.",crossref,0
Homogeneous Positive Surface Charge via Interfacial Amino‐yne Polymerization for Efficient Li+/Mg2+ Separation,https://onlinelibrary.wiley.com/doi/10.1002/anie.4614965?af=R,Wiley: Angewandte Chemie International Edition: Table of Contents,2026-09-16 06:45:26 UTC,2026-09-16 06:45:26+00:00,10.1002/anie.4614965,Ming Liu,"ABSTRACT
                  
                    Efficient Li
                    +
                    /Mg
                    2+
                    separation is essential for lithium recovery from salt‐lake brines, yet remains highly challenging because of the similar physicochemical properties of these ions and the large excess of Mg
                    2+
                    in practical feed streams. Polyamide (PA) membranes offer a promising solution, representing the most widely used platform. However, their intrinsically negative surface of conventional PA membranes limits selectivity under Mg
                    2
                    +
                    ‐rich conditions. Although introducing positive charges can enhance selectivity through Donnan exclusion, current approaches rarely achieve a homogeneous distribution. Such interfacial charge heterogeneity prevents the formation of a uniformly selective transport pathway and thus limits the membrane separation performance. Herein, we introduce an interfacial amino‐yne click polymerization strategy that simultaneously incorporates positive charges and promotes their homogeneous distribution, yielding a defect‐suppressed membrane with a uniformly positive surface. By avoiding hydrolysis‐prone acyl chloride chemistry, this strategy eliminates hydrolysis‐induced negatively defects and forms a continuous, amine‐rich selective layer. Multiscale characterization reveals that high‐molecular‐weight polyethyleneimine (PEI) suppresses local structural defects and bridges nanoscale gaps in charge distribution, thereby establishing a homogeneous positive surface. Owing to the synergistic effects of these surface properties, the optimized membrane exhibits markedly improved Li
                    +
                    /Mg
                    2+
                    separation, enhanced tolerance to Mg
                    2+
                    ‐rich feeds, and stable long‐term performance.",crossref,0
"Gradient Gyroid Aerogels With Programmable Multiscale Pore Architectures and Fibrillated Loss Networks for Electromagnetic, Thermal/Fire, and Mechanical Protection",https://advanced.onlinelibrary.wiley.com/doi/10.1002/adma.74996?af=R,Wiley: Advanced Materials: Table of Contents,2026-09-16 06:47:09 UTC,2026-09-16 06:47:09+00:00,10.1002/adma.74996,Ye‐Tang Pan,"ABSTRACT
                  Airborne electronic systems operating in extreme environments require lightweight protective materials that combine efficient electromagnetic attenuation, thermal protection, and mechanical robustness. However, conventional aerogel absorbers typically rely on pore engineering at a single length scale, making it difficult to simultaneously optimize these properties. Herein, we develop a decoupled multiscale structural engineering strategy based on a custom‐built freeze‐printing platform, in which pore structures at different length scales are regulated through distinct mechanisms and subsequently integrated into a hierarchical Gyroid architecture spanning from the nanoscale to the millimeter scale. Notably, the amino‐functionalized metal–organic framework employed for nanopore regulation can also intercalate between MXene nanosheets through interactions between its amino groups and the polar surface terminations of MXene, thereby suppressing nanosheet restacking, generating abundant MX@MOF heterointerfaces, and realizing the coupling of structural regulation and functionality. Building on these heterointerfaces, trypan blue directs PPy growth from discrete particles into fibrillar bridges, linking MX@MOF units into continuous conductive pathways enriched with electromagnetic‐loss sites. As a result, the optimized CS‐4 aerogel achieved a minimum reflection loss of −71.5 dB at only 2.45 mm and an effective absorption bandwidth of 6.26 GHz, while maintaining excellent thermal insulation, compressive strength, flame retardancy, and smoke suppression.",crossref,0
Windmill‐Type π‐Extension Within Donor Moiety of Covalent Organic Framework Boosts Overall Photocatalytic Hydrogen Peroxide Production,https://onlinelibrary.wiley.com/doi/10.1002/anie.8141705?af=R,Wiley: Angewandte Chemie International Edition: Table of Contents,2026-09-16 06:48:15 UTC,2026-09-16 06:48:15+00:00,10.1002/anie.8141705,Long Hao,"ABSTRACT
                  
                    Covalent organic framework (COF)‐based catalysts are promising for overall photocatalytic hydrogen peroxide (H
                    2
                    O
                    2
                    ) production, yet the sluggish kinetics of water oxidation reaction (WOR) and inefficient charge carrier processes limit the catalytic performance. Herein, by modulating the donor structure of COF where the WORs take place, we designed and synthesized a new benzothiophene‐based donor moiety (BTPC) with intramolecular windmill‐type
                    π
                    ‐extension to simultaneously enrich WOR active sites and enhance charge carrier separation. The BTPC‐based COFs exhibited remarkably enhanced photocatalytic H
                    2
                    O
                    2
                    production performance compared with the conventional benzotrithiophene‐based COF (BTT‐TAT). Notably, BTPC‐TAT achieved a rate of 9.08 mmol g
                    −1
                    h
                    −1
                    , which is over 3‐fold higher than that of BTT‐TAT (2.94 mmol g
                    −1
                    h
                    −1
                    ). In the following continuous‐flow H
                    2
                    O
                    2
                    generation system, the immobilized BTPC‐TAT also exhibited excellent stability and facile operation for in situ H
                    2
                    O
                    2
                    generation coupled with Rhodamine B degradation. Comprehensive studies demonstrate that the “windmill‐type
                    π
                    ‐extension” strategy in the donor moiety promotes charge carrier separation and prolongs carrier lifetime, while enhancing WOR interfacial interactions via improved water adsorption and reduced energy barriers for intermediate formation. This work introduces a new donor moiety for efficient photocatalytic H
                    2
                    O
                    2
                    production and provides insights into rational intra‐donor
                    π
                    ‐system engineering.",crossref,0
Asymmetric‐Wall Nanoporous Polymer Capsules via AIEgen‑Assisted Assembly as High‑Performance Electrocatalytic Carriers,https://advanced.onlinelibrary.wiley.com/doi/10.1002/adma.75033?af=R,Wiley: Advanced Materials: Table of Contents,2026-09-16 06:48:24 UTC,2026-09-16 06:48:24+00:00,10.1002/adma.75033,Ben Zhong Tang,"ABSTRACT
                  
                    Soft‐templating through the co‐assembly of surfactants and precursors is a powerful strategy for synthesizing ordered porous materials. However, the range of available precursors and materials is relatively limited, and the correlation between precursor structure and the resulting morphology remains largely unexplored. Herein, we design a water‐soluble, ammonium‐functionalized aggregation‑induced emission luminogen (AIEgen) that serves dual roles as a crosslinkable building block and an auxiliary fluorescence probe. Co‑assembled with Pluronic F127 in an emulsion, this system yields an asymmetric‑wall nanoporous polymer capsule (ANPC) with a mesoporous outer shell and a dense inner layer, a morphology rarely achieved in polymer‑based systems. Multi‐scale characterizations, spanning fluorescence monitoring, precursor structure variation, electron microscopy, crystallographic and computational analyses, collectively reveal that AIEgen‑solvent and AIEgen‑F127 interactions cooperatively govern this architecture evolution. Benefiting from its hollow cavity and nanoporous shell that promote mass transport and site accessibility, the cobalt phthalocyanine‐loaded ANPC catalyst achieves an impressive methanol Faradaic efficiency of 44.2% in acidic CO
                    2
                    electroreduction, markedly outperforming nonporous bulk (6.8%), nonporous capsules (14.8%), mesoporous nanospheres (17.5%), and sparse‐porous capsules (28.5%). Ultimately, this work establishes a rational co‐assembly strategy for engineering porous architectures, highlighting how precursor design dictates morphology and how such structural uniqueness directly boosts electrocatalytic performance.",crossref,0
Inductively Expandable Supraparticles as Microscopic Force Generators for Remote Mechanical Actuation,https://advanced.onlinelibrary.wiley.com/doi/10.1002/adma.74932?af=R,Wiley: Advanced Materials: Table of Contents,2026-09-16 06:50:49 UTC,2026-09-16 06:50:49+00:00,10.1002/adma.74932,Karl Mandel,"Generating strong mechanical forces at the microscale is central to emerging technologies like soft microrobotics and adaptive materials. However, delivering energy remotely and converting it into mechanical work within confined environments remains challenging. Magnetic nanoparticles enable rapid, contactless heat generation through induction heating under alternating magnetic fields, yet this is typically exploited only for thermal effects. Here, we introduce micrometer-scaled supraparticle additives that convert induction-generated heat directly into mechanical work through confined expansion. These supraparticles are fabricated by spray-drying magnetic nanoparticles with functional blowing agents, enabling actuation by rapid gas release using azodicarbonamide or volumetric expansion via vaporization-induced volume expansion within a superabsorbent poly(acrylamide-co-acrylic acid) network. Upon magnetic excitation, heating generates pressure within the supraparticles, yielding power densities up to 5 kW kg-1 and lifting capabilities of up to 25 000 times their own mass, exceeding the typical limit of conventional materials (∼10 000x). Actuation is achieved with heating times of ≤5 s and total energy consumption below 3 Wh, remaining reproducible over multiple actuation cycles without failures. Generated stresses are sufficient to disrupt mechanically stable matrices, including rigid epoxies. These results establish supraparticles as versatile platforms for remotely powered mechanical actuation, enabling localized stress generation and material disruption in interactive materials.",semanticscholar,0
"One‐Step Intermolecular Oxidative Coupling and Cyclodehydration Strategy for Pure‐Green B,N,O‐Embedded Hetero[9]Helicene Emitter",https://onlinelibrary.wiley.com/doi/10.1002/anie.8789956?af=R,Wiley: Angewandte Chemie International Edition: Table of Contents,2026-09-16 06:52:33 UTC,2026-09-16 06:52:33+00:00,10.1002/anie.8789956,You‐Xuan Zheng,"ABSTRACT
                  
                    Helicenes are promising circularly polarized luminescence (CPL) candidates owing to their inherent chirality. In particular, B,N‐embedded heterohelicenes achieve superior exciton utilization via multiple‐resonance thermally activated delayed fluorescence, whereas their syntheses remain challenging. Herein, we present a facile strategy of one‐step intermolecular oxidative coupling and cyclodehydration to achieve the concise synthesis of a B,N,O‐embedded hetero[9]helicene (
                    BNFN
                    ).
                    BNFN
                    exhibits narrowband green photoluminescence peaking at 516 nm with a rapid reverse intersystem crossing rate (3.76 × 10
                    5
                     s
                    −1
                    ), and the enantiomers display intense CPL with dissymmetry factors (
                    g
                    PL
                    ) of +2.4/−2.6 × 10
                    −3
                    . Corresponding circularly polarized organic light‐emitting diodes (CP‐OLEDs) deliver CIE coordinates of (0.20, 0.72) and
                    g
                    EL
                    of +3.4/−3.3 × 10
                    −3
                    . Notably, these devices demonstrate maximum external quantum efficiencies of 31.3%/30.2% and low efficiency roll‐off. This work paves the way toward the development of a novel B,N‐embedded heterohelicene for efficient CP‐OLEDs.",crossref,0
"Spin effects in superfluidity, neutron matter, and neutron stars",https://www.science.org/doi/abs/10.1126/sciadv.aef0431?af=R,AAAS: Science Advances: Table of Contents,2026-09-16 07:00:00 UTC,2026-09-16 07:00:00+00:00,10.1126/sciadv.aef0431,Peter B. Rau,"We review selected aspects of the interior physics of compact stars, focusing on the microscopic and macroscopic manifestations of spin, magnetic fields, and nucleonic superfluidity and superconductivity. Spin statistics of fermions allow quantum degeneracy pressure to determine the stability and global properties of neutron stars, whose structure depends sensitively on the strong interactions among baryons in dense matter. Using a generic metamodeling framework based on an expansion of the nuclear energy density around the isospin-symmetric and saturation-density limits, we highlight how various lesser-known terms in this expansion affect compact-star observables and review multimessenger constraints on mass, radius, and moment of inertia. The influence of magnetic fields on dense matter is examined, showing that substantial effects in their structure require extremely strong fields, whereas lower fields are sufficient to affect their superfluid phases. At the mesoscopic scale, the coexistence of superfluid and superconducting components features vortex and flux-tube lattices, with pinning and mutual friction processes playing central roles in neutron-star rotational dynamics. We discuss unresolved issues concerning vortex structure, flux-tube configurations, and the origin of pulsar glitches and postglitch relaxation. We also briefly address the possible emergence of deconfined quark phases in compact-star cores, including their color-superconducting properties, as well as the associated vortex structures and magnetic-field responses in such phases.",crossref,0
The next century of spin,https://www.science.org/doi/abs/10.1126/sciadv.aem0444?af=R,AAAS: Science Advances: Table of Contents,2026-09-16 07:00:00 UTC,2026-09-16 07:00:00+00:00,10.1126/sciadv.aem0444,Warren S. Warren,,,0
PAX3-SIX2 muscle stem cell heterogeneity drives muscle-specific repair dynamics diversification,https://www.science.org/doi/abs/10.1126/sciadv.aed0880?af=R,AAAS: Science Advances: Table of Contents,2026-09-16 07:00:00 UTC,2026-09-16 07:00:00+00:00,10.1126/sciadv.aed0880,Frederic Relaix,"The human body contains around 640 distinct muscles, each capable of regeneration following injury through the action of muscle-specific stem cells (MuSCs), that express the transcription factor PAX7. Its paralog, PAX3, a master regulator of embryonic myogenesis, is selectively expressed in a subset of adult quiescent MuSCs. The proportion of PAX3-pos MuSCs varies across muscles. By combining lineage tracing and skeletal muscle injury, we demonstrate that PAX3 drives MuSC diversity and muscle-specific regeneration rates. PAX3-expressing MuSCs display enhanced proliferation and differentiation capacities, enabling a faster response following injury, whereas loss of PAX3 leads to proliferation arrest and cell death. Single-cell RNA-sequencing analyses revealed the specific expression of
                    Six2
                    in PAX3-pos MuSCs. We show that PAX3 is required for SIX2 expression, and loss of SIX2 in MuSCs reduces proliferation and differentiation rates. Conversely, ectopic
                    Six2
                    expression promotes proliferation of PAX3-neg MuSCs by directly activating cell cycle pathways. With this work, we establish that PAX3-SIX2 expression correlates with distinct MuSCs behavior, influencing regeneration rates in a muscle-type-dependent context. Our findings highlight a previously unrecognized layer of regulation in MuSC behaviour and muscle repair and suggest that PAX3-SIX2 heterogeneity could be leveraged for targeted therapeutic strategies in muscle-wasting diseases.",crossref,0
Magnetic resonance imaging,https://www.science.org/doi/abs/10.1126/sciadv.aeg6766?af=R,AAAS: Science Advances: Table of Contents,2026-09-16 07:00:00 UTC,2026-09-16 07:00:00+00:00,10.1126/sciadv.aeg6766,Kamil Uğurbil,"Magnetic resonance imaging explores the atomic-scale and mesoscale environments of nuclear spin to produce images predominantly of soft matter. Within 10 years of its first realization over 50 years ago, it has been established in medical diagnostics. It has undergone continuous development to improve image quality and sensitivity by using both higher magnetic fields and by making instrumentation more affordable and portable. The physical principles and major milestones of MRI are reviewed and concluded with an outlook into the future.",crossref,0
Structural principles underlying the evolution of SWI/SNF chromatin remodelers,https://www.science.org/doi/abs/10.1126/sciadv.aei0972?af=R,AAAS: Science Advances: Table of Contents,2026-09-16 07:00:00 UTC,2026-09-16 07:00:00+00:00,10.1126/sciadv.aei0972,Yong Chen,"Adenosine 5′-triphosphate–dependent switch/sucrose nonfermentable (SWI/SNF)–family chromatin remodelers regulate genome accessibility by repositioning nucleosomes, yet how these complexes diversified across evolution while preserving a common remodeling mechanism has remained unresolved. Here, we determine cryo–electron microscopy structures of the SWI/SNF and RSC (remodels the structure of chromatin) complexes from the thermophilic fungus
                    Chaetomium thermophilum
                    in apo and nucleosome-bound states, providing an evolutionarily informative structural bridge between budding yeast and metazoan remodelers. We show that SWI/SNF-family complexes are built around a conserved mechanochemical core, whereas architectural and functional diversification is achieved through modular rewiring of peripheral regulatory elements. Despite extensive sequence divergence, several regulatory subunits preserve conserved structural motifs and occupy equivalent positions within the remodeler scaffold, revealing previously unrecognized structural relationships, including the ARP (actin-related protein)–associated SMARCJ and QLQ-binding SMARCL proteins. Our findings establish a unifying framework for the evolution of SWI/SNF-family remodelers and illustrate how large chromatin remodeling assemblies preserve catalytic cores while diversifying regulatory architecture across eukaryotes.",crossref,0
Magnetic resonance searches for Earth-sourced exotic nuclear spin–dependent interactions,https://www.science.org/doi/abs/10.1126/sciadv.aeg0974?af=R,AAAS: Science Advances: Table of Contents,2026-09-16 07:00:00 UTC,2026-09-16 07:00:00+00:00,10.1126/sciadv.aeg0974,Xinhua Peng,"Searches for physics beyond the standard model motivate investigations into ultralight exotic bosons, which may mediate long-range spin-spin interactions. Here, we develop an unreported method based on nuclear magnetic resonance (NMR) performed at the surface of Earth to search for exotic interactions sourced by astrophysical bodies. The key aspects of the work are modeling the internal nuclear spin polarization of Earth and developing an NMR detector to sense the exotic fields produced by such polarization. We create a distribution map of underground polarized nucleons by combining nuclear physics and geophysics data, identifying approximately
                    
                      
                        
                          5.3
                          ×
                          
                            10
                            37
                          
                        
                      
                    
                    polarized geoprotons. The searches are enabled by a dual-xenon-isotope NMR sensor combined with phase cycling techniques, which suppresses systematic errors by more than 200-fold compared with a measurement without using these reversals. As a result, the experiment can detect exotic fields corresponding to equivalent static magnetic fields at the femtotesla level. Our work sets the most stringent limits on axion-mediated couplings
                    
                      
                        
                          
                            g
                            P
                            n
                          
                          
                            g
                            P
                            p
                          
                        
                      
                    
                    , as well as on
                    Z
                    ′ boson–mediated couplings
                    
                      
                        
                          
                            g
                            A
                            n
                          
                          
                            g
                            A
                            p
                          
                        
                      
                    
                    and
                    
                      
                        
                          
                            g
                            A
                            n
                          
                          
                            g
                            V
                            p
                          
                        
                      
                    
                    . In particular, the limits on
                    
                      
                        
                          
                            g
                            A
                            n
                          
                          
                            g
                            A
                            p
                          
                        
                      
                    
                    improve upon previous bounds by more than 15 orders of magnitude for the force range beyond 4.0 kilometers. Our technique opens an avenue for a wide range of terrestrial and space-based quantum sensors in studying macroscopic-scale fundamental physics.",crossref,0
Ultrabright NIR-II fluorophores enabled by noncovalent conformational locking for in vivo inflammation imaging,https://www.science.org/doi/abs/10.1126/sciadv.aeh5112?af=R,AAAS: Science Advances: Table of Contents,2026-09-16 07:00:00 UTC,2026-09-16 07:00:00+00:00,10.1126/sciadv.aeh5112,Quli Fan,"Ultrabright fluorophores emitting in the second near-infrared (NIR-II, 1000–1700 nm) window are highly desirable for biomedical and optoelectronic applications but remain rare, because fluorescence brightness requires the simultaneous realization of a large absorption coefficient (ε) and a high photoluminescence quantum yield (Φ
                    PL
                    ), two parameters that are inherently difficult to balance. Here, we develop an ultrabright semiconducting polymer fluorophore (P1) via a simple noncovalent conformational locking strategy that enforces a rigid and planar backbone with small dihedral angles. This design extends π-conjugation to boost ε and Φ
                    PL
                    while effectively suppressing aggregation-caused quenching in P1 nanoparticles (P1 NPs). Compared to its unlocked analogue, P1 NPs exhibits a notable 360 nm redshift towards NIR-II emission, together with intensified ε and elevated Φ
                    PL
                    . These properties afford P1 NPs 10-fold enhancement in NIR-II brightness relative to reported polymer fluorophores, enabling high-resolution vascular imaging and precise inflammation localization. These findings represent a significant design advance in creating ultrabright fluorophores for bioimaging and optoelectronic applications.",crossref,0
Optimal control of spin systems,https://www.science.org/doi/abs/10.1126/sciadv.aeh1978?af=R,AAAS: Science Advances: Table of Contents,2026-09-16 07:00:00 UTC,2026-09-16 07:00:00+00:00,10.1126/sciadv.aeh1978,Dieter Suter,"Quantum optimal control has become a central tool for designing high-performance pulse sequences in magnetic resonance and quantum technologies. Early developments in NMR relied on heuristic composite and shaped pulses or analytical approaches such as average Hamiltonian theory. The introduction of modern optimal control algorithms enabled the systematic optimization of thousands of control parameters, greatly expanding the achievable performance and scope of pulse engineering. This review summarizes key developments in optimal control of spin and pseudo-spin systems and highlights major applications in magnetic resonance, in quantum technologies, and in the control of atoms and molecules.",crossref,0
Unraveling the epidemiological and dispersal dynamics of the 2024–2025 chikungunya virus epidemic on Réunion Island,https://www.pnas.org/doi/abs/10.1073/pnas.2621019123?mi=eymic2&af=R&access=on&content=articlesChapters&publication=pnas&sortBy=Earliest&target=default,Proceedings of the National Academy of Sciences: Keyword search for query,2026-09-16 07:00:00 UTC,2026-09-16 07:00:00+00:00,10.1073/pnas.2621019123,Simon Dellicour,"Réunion Island experienced a massive chikungunya virus epidemic in 2024–2025, with &gt;54,000 confirmed cases. This is the second major chikungunya epidemic on the island, following the first one that peaked 20 years ago. It has been asserted that this new outbreak finds its origin in a single introduction event into the island, offering an opportunity to exploit viral genomic data to understand the epidemiological and dispersal dynamics of the introduced transmission chain. We sequenced &gt;3,000 viral genomes collected during the epidemic. Harnessing this genomic dataset, we used several phylogeographic and phylodynamic approaches to unravel the paths taken by the transmission chain and the external factors that might have impacted its dispersal and epidemiological dynamics on the island. Our analyses highlight a dispersal pattern in line with a gravity-model dynamic with viral transition events being more frequent from and toward more populated areas. Our analyses reveal that the transmission chain was overall spatially intermixed, with frequent exchanges among residential areas. In addition, we show that the temporal dynamic and intensity of the epidemic were associated with climatic variables, namely temperature and precipitation. Our results also show that in theory, the population immunity—resulting from this epidemic and the previous one (2005–2006)—could be sufficient to explain on its own the decrease in the transmission rate that led to the end of the epidemic. While a short-term resurgence cannot be excluded, the risk of a large-scale circulation of the virus in the human population appears therefore relatively limited in the upcoming seasons.",crossref,0
"Topology, imaging, and emergent phenomena of spin textures",https://www.science.org/doi/abs/10.1126/sciadv.aeg8564?af=R,AAAS: Science Advances: Table of Contents,2026-09-16 07:00:00 UTC,2026-09-16 07:00:00+00:00,10.1126/sciadv.aeg8564,Naoto Nagaosa,"Spin textures are magnetic configurations that vary smoothly in space, momentum, or time. This review explores the topology, geometry, dynamics, and imaging of these complex, often noncollinear configurations in magnetic and multiferroic systems, providing a framework for investigating the interplay between local spatial patterns and their global physical properties. A central theme is the role of Berry phases and quantum geometry, which provide a common framework linking topological textures, emergent electrodynamics, charge transport, and magnetically induced ferroelectricity. Spin textures can manifest as stable topological particles, coupling to electrons or magnons via emergent electromagnetic fields. Advanced real-space imaging techniques resolve the internal structure and dynamics of topological textures like magnetic skyrmions or multiferroic domains, enabling the direct observation of their nucleation, motion, and annihilation in both two and three dimensions. In multiferroic systems, spin textures can induce ferroelectricity, and nonlinear optical techniques, such as second-harmonic generation, can resolve the coexisting order parameters in such systems. Last, we examine emergent functionalities of spin textures and multiferroics, such as nonreciprocal transport, and provide an outlook on the technological potential of magnetic textures and their role in exploring the link between topology and magnetism.",crossref,0
Wired for life: Intracellular electron nanowires help methane-producing microbes grow,https://www.science.org/doi/abs/10.1126/sciadv.aek5988?af=R,AAAS: Science Advances: Table of Contents,2026-09-16 07:00:00 UTC,2026-09-16 07:00:00+00:00,10.1126/sciadv.aek5988,Nikhil S. Malvankar,Methane-producing microbes use iron-sulfur cofactors as a nanowire to split electron energy through specialized megacomplexes. Understanding this process could enable more efficient methane production.,crossref,0
Applied spintronics: From spin transport to spin-charge interconversion and emerging devices,https://www.science.org/doi/abs/10.1126/sciadv.aeh2967?af=R,AAAS: Science Advances: Table of Contents,2026-09-16 07:00:00 UTC,2026-09-16 07:00:00+00:00,10.1126/sciadv.aeh2967,Mathias Kläui,"Spintronics exploits the electron’s spin degree of freedom to go beyond the capabilities of conventional charge-based electronics. Since the discovery of giant magnetoresistance, the field has evolved from the study of spin-polarized transport in ferromagnets to a broader framework encompassing spin-orbit coupling, collective spin dynamics, and electric-field control of magnetic states. In this Review, we discuss the physical mechanisms that underpin modern applied spintronics, with particular emphasis on spin-charge interconversion, magnetoresistive effects, and the electrical detection and manipulation of collective spin phenomena. We examine how spin currents, spin-orbit torques, and voltage-controlled magnetic properties enable efficient control of magnetization and magnetic excitations in nanoscale devices. These mechanisms form the basis of key technologies such as magnetic sensors and magnetic random-access memory (MRAM) while also opening pathways toward emerging architectures including racetrack memories, spin-based logic, and unconventional computing. By highlighting common principles across materials platforms and device concepts, we provide a perspective on the current state of spintronics and outline promising directions for future spin-based electronics.",crossref,0
"Investigations of spin textures at small length and short timescales with neutron, x-ray, and optical methods",https://www.science.org/doi/abs/10.1126/sciadv.aef3254?af=R,AAAS: Science Advances: Table of Contents,2026-09-16 07:00:00 UTC,2026-09-16 07:00:00+00:00,10.1126/sciadv.aef3254,Alexey V. Kimel,"The theoretical prediction, experimental discovery, and validation of the electron spin 100 years ago have provided the scientific foundation toward a fundamental understanding of magnetism. The interactions among spins and their arrangements into spin textures at the microscopic scale and their dynamical behavior across multiple timescales largely determine the properties and behavior of magnetic materials and their functionalities in technological applications. Experimental investigations of spin textures at scientifically and technologically relevant small length and ultrashort timescales, down to nanometers and femtoseconds, respectively, have stimulated and benefited from advances in developing experimental probes using neutrons, x-rays, and optical methods. On the occasion of the centennial anniversary of the electron spin, here, we review pioneering and groundbreaking scientific accomplishments with these methods, describe the current state of the art, and provide a perspective into future directions, such as quantum information systems or neuromorphic computing, which leverage the coherence and correlations between electron spins.",crossref,0
"One hundred years of spin: Fundamental physics, dark matter, exotic interactions, and all that",https://www.science.org/doi/abs/10.1126/sciadv.aeh6139?af=R,AAAS: Science Advances: Table of Contents,2026-09-16 07:00:00 UTC,2026-09-16 07:00:00+00:00,10.1126/sciadv.aeh6139,W. Mike Snow,"For a century, spin has been an indispensable probe of the fundamental laws of nature. A reflection on the role of spin in shaping modern physics is presented, from the early days of quantum mechanics to the latest precision tests of the Standard Model. The significance of magnetic and electric dipole moments in testing
                    CP
                    and
                    CPT
                    symmetries is surveyed, along with the ongoing searches for exotic spin–dependent interactions that may reveal the nature of dark matter and its connection to spacetime geometry. Through these vignettes, it is shown that spin continues to provide a fresh perspective on the most profound questions in physics today.",crossref,0
High-frequency dynamic nuclear polarization in rotating solids,https://www.science.org/doi/abs/10.1126/sciadv.aei6187?af=R,AAAS: Science Advances: Table of Contents,2026-09-16 07:00:00 UTC,2026-09-16 07:00:00+00:00,10.1126/sciadv.aei6187,Robert G. Griffin,"Nuclear magnetic resonance (NMR) spectroscopy is among the most powerful tools for determining molecular structure, yet its intrinsic sensitivity has long constrained what can be studied. Dynamic nuclear polarization (DNP) addresses this fundamental limitation by transferring the much larger polarization of electron spins to nearby nuclei, amplifying NMR signals by several orders of magnitude. When combined with magic angle spinning (MAS), a technique that averages anisotropic interactions in solid samples to yield high-resolution spectra, DNP transforms solid-state NMR into a practical tool for investigating complex biological assemblies, functional materials, and surfaces that are inaccessible to solution methods. Here, we review the current state and near-term future of high-field MAS DNP. We describe the principal continuous-wave polarization transfer mechanisms and their distinct dependencies on magnetic field strength, spinning frequency, and microwave power. We survey the development of polarizing agents, from early nitroxide biradicals to asymmetric and hetero-biradical designs that maintain efficiency at high magnetic fields above 18 T. We discuss the instrumentation that makes high-field DNP possible, particularly the gyrotron oscillator and emerging solid-state microwave sources. We discuss time-domain pulsed DNP as the solution to circumvent the field-scaling limitations of continuous-wave methods. Last, we highlight applications in structural biology, materials science, and surface chemistry where DNP-enhanced sensitivity has enabled measurements not otherwise feasible.",crossref,0
Retraction,https://www.science.org/doi/abs/10.1126/sciadv.aem1185?af=R,AAAS: Science Advances: Table of Contents,2026-09-16 07:00:00 UTC,2026-09-16 07:00:00+00:00,10.1126/sciadv.aem1185,H. Holden Thorp,,,0
Nonresonant SABRE provides an additional versatile hyperpolarization approach in magnetic resonance,https://www.science.org/doi/abs/10.1126/sciadv.aed8061?af=R,AAAS: Science Advances: Table of Contents,2026-09-16 07:00:00 UTC,2026-09-16 07:00:00+00:00,10.1126/sciadv.aed8061,Warren S. Warren,"Hyperpolarization approaches in magnetic resonance overcome sensitivity limitations imposed by thermal magnetization and are integral to many modern applications. We begin with an overview of hyperpolarization. We then focus on one method, SABRE, which uses parahydrogen to form hydride transition metal complexes, followed by reversible exchange to polarize target molecules in solution. SABRE has produced large signal enhancements (up to 10
                    4
                    ) on many different molecules, cheaply and rapidly. Here, we demonstrate an unconventional SABRE strategy, applicable to a wide range of targets, that produces field-independent spin order in target molecules which efficiently converts to magnetization. The observed signal is even independent of field direction, and hyperpolarization can be achieved on a lab bench with no field control. We show that this signal arises from creation of two-spin order in targets and discuss ways this strategy should expand SABRE generality and efficiency. We also show that, often, the standard assumption that low-field SABRE requires a singlet-only starting state leads to incorrect results.",crossref,0
Spin in quantum chromodynamics,https://www.science.org/doi/abs/10.1126/sciadv.aeh1991?af=R,AAAS: Science Advances: Table of Contents,2026-09-16 07:00:00 UTC,2026-09-16 07:00:00+00:00,10.1126/sciadv.aeh1991,Jinfeng Liao,"This article surveys the role of spin in quantum chromodynamics (QCD), tracing its manifestations from the internal structure of the nucleon to the collective dynamics of strongly interacting matter. We review the decomposition of the proton spin into the spin and orbital angular momentum of quarks and gluons and discuss the theoretical and experimental progress that has shaped our modern understanding of polarized parton structure. We then examine spin transport phenomena in hot and dense QCD matter, highlighting theoretical developments of phase structures under rotation and spin hydrodynamics theory as well as the experimental discovery of global polarization and other related phenomena. Last, we present anomalous transport and the chiral magnetic effect as paradigmatic examples of how quantum anomalies convert chirality and topology into macroscopic, nondissipative currents whose signal can be measured in experiments. Together, these topics illustrate how spin provides a unifying framework linking hadronic structure, gauge field topology, quark field chirality, and relativistic many-body dynamics in QCD.",crossref,0
Endothelial C/EBPβ/AEP pathway drives vascular deterioration and systemic aging,https://www.science.org/doi/abs/10.1126/sciadv.aed1961?af=R,AAAS: Science Advances: Table of Contents,2026-09-16 07:00:00 UTC,2026-09-16 07:00:00+00:00,10.1126/sciadv.aed1961,Keqiang Ye,"Age-related microvascular dysfunction disrupts nutrient homeostasis and waste clearance, leading to organ failure. However, a critical gap remains in our understanding of the specific molecular drivers of vascular deterioration and how they orchestrate organism-wide aging. Here, we identify progressive activation of the CCAAT/enhancer-binding protein β (C/EBPβ)/asparagine endopeptidase (AEP) pathway in aging vascular endothelial cells contributes to vascular degeneration and lifespan reduction. Endothelial-specific C/EBPβ or AEP overexpression accelerated vascular aging and shortened lifespan in mice. Mechanistically, AEP mediates proteolytic cleavage of nicotinamide phosphoribosyltransferase (NAMPT), the rate-limiting enzyme in nicotinamide adenine dinucleotide (oxidised form, NAD
                    +
                    ) biosynthesis, resulting in systemic NAD
                    +
                    depletion and senescence that elicits both central and peripheral vascular dysfunction and ultimately systemic aging. Genetic ablation of AEP or expression of AEP-resistant NAMPT N136A mutant significantly ameliorated vascular aging and extended lifespan in endothelial-specific Tie 2-C/EBPβ transgenic mice. Pharmacologically, AEP inhibitor CP#11A or nicotinamide mononucleotide (NMN) supplementation alleviated age-related vascular decline, with CP#11A showing superior efficacy. These findings support a model in which endothelial senescence contributes to vascular dysfunction and systemic aging mediated by C/EBPβ/AEP signaling, and establish C/EBPβ/AEP as a therapeutic target to preserve vascular integrity and mitigate systemic frailty in aging populations.",crossref,0
Soft photonic hydrogel interfaces for autonomous and dynamic thermoregulation,https://www.pnas.org/doi/abs/10.1073/pnas.2610818123?mi=eymic2&af=R&access=on&content=articlesChapters&publication=pnas&sortBy=Earliest&target=default,Proceedings of the National Academy of Sciences: Keyword search for query,2026-09-16 07:00:00 UTC,2026-09-16 07:00:00+00:00,10.1073/pnas.2610818123,Swee Ching Tan,"Adaptive passive cooling offers an energy-efficient approach to thermal management by dynamically responding to changes in solar irradiation, temperature, and humidity without external power input. However, existing adaptive thermoregulation materials remain limited by structural–mechanical mismatches in rigid multilayer architectures and weak coupling among optical, sorption, and mechanical functions. Here, we report a soft photonic hydrogel interface whose adaptive thermal regulation performance arises from the coordinated roles of a zwitterionic polymer network, hexagonal boron nitride (hBN), and aluminum oxide (Al
                    2
                    O
                    3
                    ). The zwitterionic chains provide strong mid-infrared emission, high moisture affinity, conformal adhesion, and immobilization of hygroscopic lithium chloride (LiCl) salts; hBN nanoplates enhance broadband solar scattering and thermal transport; and Al
                    2
                    O
                    3
                    nanoparticles regulate stretchability, thus enabling radiative cooling, evaporative cooling, and sorption-induced heat release within one system. This all-in-one materials design yields high solar reflectance (0.87) and thermal emittance (0.94), alongside rapid, autonomous water uptake and release driven by environmental stimuli. Consequently, the soft photonic interface achieves up to 7.1 °C subambient cooling during the daytime and a 5.8 °C nighttime temperature increase via continuous hygroscopic latent heat release, effectively mitigating diurnal overcooling without external energy input. This work establishes a soft-matter strategy for autonomous and bidirectional thermal regulation across deformable and complex surfaces.",crossref,0
A global decline in atmospheric dust during the 21st century,https://www.science.org/doi/abs/10.1126/sciadv.aef5691?af=R,AAAS: Science Advances: Table of Contents,2026-09-16 07:00:00 UTC,2026-09-16 07:00:00+00:00,10.1126/sciadv.aef5691,Carlos Pérez García-Pando,"Mineral dust affects Earth’s energy budget, clouds, and biochemistry, yet the evolution of the global dust cycle in recent decades remains shrouded in uncertainty. Here we reconstruct the global dust cycle during the early 21st century by integrating a suite of global dust aerosol optical depth (DAOD) products from satellite-borne lidar, infrared sounders, and multispectral imagers; three aerosol reanalyses; and a compilation of dust-dominated AERONET sites into a large-ensemble inverse modeling framework. We show that North Africa has remained the dominant global dust source, yet it has experienced a decline in DAOD of −10 ± 8% between 2003 and 2023. A comparable reduction is observed across Asia (−10 ± 12%), together driving a global decrease of −10 ± 8%. Similar declines in dust loading, emissions, and deposition indicate a coherent reduction of the global dust cycle. Individual satellite products converge on overall similar trends, providing the strongest evidence to date that the planet has become less dusty in the early 21st century. This decline in atmospheric dust has exerted a positive effective radiative forcing of +0.02 ± 0.05 watts per square meter over 2003–2023, implying that declining atmospheric dust might have modestly contributed to the rapid warming of the past two decades.",crossref,0
In situ–generated PdHx promotes electrochemical CO2 conversion to CO,https://www.science.org/doi/abs/10.1126/sciadv.aef3031?af=R,AAAS: Science Advances: Table of Contents,2026-09-16 07:00:00 UTC,2026-09-16 07:00:00+00:00,10.1126/sciadv.aef3031,Xuan Yang,"Palladium-based catalysts have been recognized to be active for the production of syngas with controlled carbon monoxide (CO)/hydrogen gas ratios via the electrochemical carbon dioxide (CO
                    2
                    ) reduction reaction (CO
                    2
                    RR); however, the active phase remains the subject of debate. In this work, we have found that the Faradaic efficiency of CO is linearly dependent on the hydride stoichiometry of in situ–generated palladium hydride (PdH
                    
                      x
                    
                    ) for palladium (Pd)–based catalysts, despite their different composition, size, and morphology, as well as the applied potential. The active phase for the production of CO via the CO
                    2
                    RR on the surfaces of Pd-based catalysts is revealed to be in situ–generated PdH
                    
                      x
                    
                    . In situ surface-enhanced infrared absorption spectroscopy and electro-optical imaging results demonstrate that in situ–generated PdH
                    
                      x
                    
                    is totally different from chemically synthesized PdH
                    
                      x
                    
                    . Density functional theory calculations demonstrate that the higher stoichiometry of in situ–generated PdH
                    
                      x
                    
                    promotes CO production. Our results provide insights into the rational design of Pd-based catalysts with improved CO
                    2
                    RR performance.",crossref,0
Quantum coherent dynamics in allophycocyanin trimer complex,https://www.science.org/doi/abs/10.1126/sciadv.aef1022?af=R,AAAS: Science Advances: Table of Contents,2026-09-16 07:00:00 UTC,2026-09-16 07:00:00+00:00,10.1126/sciadv.aef1022,Hong-Guang Duan,"For years, scientists have debated whether plants and algae use quantum coherence to enhance the transfer of light energy during photosynthesis. Some studies have suggested that wavelike quantum effects might help energy flow more efficiently between pigments. To investigate this idea, we studied allophycocyanin (APC), a light-harvesting protein complex found in cyanobacteria. Using a combination of ultrafast laser spectroscopic methods and rigorous hierarchical equations-of-motion simulations, we examined both the trimer protein complex and its monomer subunit. The experiments detected rapid oscillations in the optical signals that resembled quantum beats. However, temperature-dependent studies and further analysis showed that these signals were caused by vibrations rather than true quantum superpositions. The excitonic transitions of APC exhibit ultrafast dephasing, within ∼40 femtoseconds at low temperatures and ∼20 femtoseconds at room temperature. This is much shorter than the time required for energy to move between chromophores, which is around 344 femtoseconds. In contrast, certain vibrational motions lasted much longer and remained largely unaffected by temperature. Similar vibrations were observed in both the full protein complex and its isolated subunits, confirming that long-lived oscillations do not rely on interactions between pigments. These findings suggest that long-lived oscillations in APC are predominantly vibrational rather than functionally significant electronic coherence.",crossref,0
Diversity of electron-bifurcating CO2-fixing supercomplexes in methanogens,https://www.science.org/doi/abs/10.1126/sciadv.aed3711?af=R,AAAS: Science Advances: Table of Contents,2026-09-16 07:00:00 UTC,2026-09-16 07:00:00+00:00,10.1126/sciadv.aed3711,Bonnie J. Murphy,"In the hydrogenotrophic methanogenic pathway, formylmethanofuran dehydrogenase (Fmd) reduces and fixes CO
                    2
                    , driven by low-potential electrons provided by electron-bifurcating heterodisulfide reductase (Hdr) complexed with electron-donating proteins such as Mvh hydrogenase. Here, we report the structure of a C2-symmetric (Mvh-Hdr)
                    2
                    -Fmd
                    4
                    supercomplex from a Class I methanogen,
                    Methanothermobacter marburgensis
                    , which is architecturally different from the previously reported ring-shaped D3-symmetric supercomplex of a methanogen belonging to phylogenetically distinct Class II methanogens. In this C2-symmetric form, the redox active sites of Hdr and Fmd are connected by two MvhB polyferredoxins, whose branching electron paths appear to be available for electron transfer to/from other partners. The ancestral form was likely C2 symmetric, whereas D3-symmetric supercomplexes were acquired by horizontal gene transfer, a transition probably helpful for growth in substrate-poor environments.",crossref,0
QnAs with Gregg Alan Howe,https://www.pnas.org/doi/abs/10.1073/pnas.2631363123?mi=eymic2&af=R&access=on&content=articlesChapters&publication=pnas&sortBy=Earliest&target=default,Proceedings of the National Academy of Sciences: Keyword search for query,2026-09-16 07:00:00 UTC,2026-09-16 07:00:00+00:00,10.1073/pnas.2631363123,Sandeep Ravindran,,,0
Can a simple geoengineering approach restore dwindling Arctic ice?,https://www.pnas.org/doi/abs/10.1073/pnas.2630778123?mi=eymic2&af=R&access=on&content=articlesChapters&publication=pnas&sortBy=Earliest&target=default,Proceedings of the National Academy of Sciences: Keyword search for query,2026-09-16 07:00:00 UTC,2026-09-16 07:00:00+00:00,10.1073/pnas.2630778123,Umair Irfan,,,0
Adenylate cyclase Mac1 functions as a cutin monomer receptor to drive appressorium development and infection in Magnaporthe oryzae,https://www.pnas.org/doi/abs/10.1073/pnas.2625812123?mi=eymic2&af=R&access=on&content=articlesChapters&publication=pnas&sortBy=Earliest&target=default,Proceedings of the National Academy of Sciences: Keyword search for query,2026-09-16 07:00:00 UTC,2026-09-16 07:00:00+00:00,10.1073/pnas.2625812123,Jianping Lu,"The rice blast fungus
                    Magnaporthe oryzae
                    senses plant surface cues, such as cutin monomers, to initiate appressorium formation. Although cutin monomers are known to trigger the cAMP–protein kinase A signaling pathway, their fungal receptor has remained unknown. Here, we identify the adenylate cyclase Mac1 as a direct receptor for cutin monomers in
                    M. oryzae
                    . A 32-amino acid segment (residues 424 to 455) in Mac1’s N terminus is specifically required for its binding to and activation by cutin monomers. Strikingly, Mac1’s subcellular localization dictates its functional response to cutin monomers: when anchored to late endosomes, Mac1 promotes appressorium maturation in a cutin monomer–dependent manner; in contrast, cytosolic Mac1 is inhibited by the same ligand, leading to reduced cAMP accumulation and failed appressorium maturation. We show that both the appressorium-specific membrane protein Pams1 and high intracellular turgor are required for stable Mac1 anchoring to late endosomes. Our findings reveal a spatial regulatory mechanism whereby a single chemical signal elicits opposing cellular responses depending on receptor localization during appressorium development in
                    M. oryzae
                    . This work resolves a long-standing question in
                    M. oryzae
                    –plant interactions, establishes a molecular framework for how this pathogen decodes host-derived chemical signals, and advances our mechanistic understanding of fungal pathogenesis.",crossref,0
Atypical RanGAP drives nucleocytoplasmic transport in a parasitic Alveolate,https://www.pnas.org/doi/abs/10.1073/pnas.2624510123?mi=eymic2&af=R&access=on&content=articlesChapters&publication=pnas&sortBy=Earliest&target=default,Proceedings of the National Academy of Sciences: Keyword search for query,2026-09-16 07:00:00 UTC,2026-09-16 07:00:00+00:00,10.1073/pnas.2624510123,Michael L. Reese,"Transport of macromolecules between the nucleus and cytoplasm requires a gradient of the small GTPase, Ran. Ran:GTP marks the nucleus because Ran activity requires a cytoplasmic GTPase activating protein (RanGAP) for GTP hydrolysis. As expected for such central and essential cellular machinery, both Ran and RanGAP are conserved across the vast majority of eukaryotes. Many Alveolates, including apicomplexan parasites, however, lack a canonical RanGAP. Here, we biochemically purify RanGAP activity from the model Alveolate
                    Toxoplasma gondii
                    . We demonstrate that this activity is provided by a neofunctionalized RabGAP-fold protein, called TBC9. We find that TBC9 is sufficient to provide RanGAP activity in yeast, and is absolutely required to maintain active nucleocytoplasmic transport in
                    Toxoplasma
                    . By purifying
                    Toxoplasma
                    Ran and TBC9, we demonstrate that TBC9 is a robust and specific GAP for Ran. Finally, we delineate an essential, conserved low complexity motif in the C-terminus of TBC9 that drives interaction with Ran and is required for its full RanGAP activity. We use this C-terminal motif to identify TBC9 orthologs in all nonciliate clades of Alveolata, which suggests that the canonical RanGAP has been replaced by the neofunctionalized TBC9 RanGAP in these lineages.",crossref,0
"Isolation and in vitro characterization of BchE, the cobalamin-dependent anaerobic magnesium protoporphyrin IX monomethylester cyclase",https://www.pnas.org/doi/abs/10.1073/pnas.2615158123?mi=eymic2&af=R&access=on&content=articlesChapters&publication=pnas&sortBy=Earliest&target=default,Proceedings of the National Academy of Sciences: Keyword search for query,2026-09-16 07:00:00 UTC,2026-09-16 07:00:00+00:00,10.1073/pnas.2615158123,Squire J. Booker,"The radical
                    S
                    -adenosylmethionine (SAM) superfamily comprises more than 800,000 enzymes that use [Fe
                    4
                    S
                    4
                    ] clusters to initiate radical chemistry that mediates an exceptionally broad range of chemical transformations. Within this superfamily, cobalamin (Cbl)-dependent radical SAM enzymes constitute a major subclass predominantly associated with methylation reactions. However, several notable members catalyze nonmethylase reactions, for which the mechanistic role of Cbl is poorly understood. Bacteriochlorophyll biosynthesis enzyme BchE is a Cbl-dependent radical SAM enzyme that catalyzes a six-electron oxidation of Mg-protoporphyrin IX monomethylester to protochlorophyllide (PChlide), installing a ketone and forming the fifth ring of bacteriochlorophyll under anaerobic conditions. Although prior in vivo and in vitro studies have demonstrated a requirement for Cbl, SAM, and a low-potential reductant, detailed mechanistic analysis has been impeded by the inability to obtain soluble, catalytically active enzyme. Here, we report the successful isolation and spectroscopic characterization of BchE, enabling in vitro reconstitution of its enzymatic activity. Using both chemical and biological reducing systems, we observe the formation of PChlide along with proposed reaction intermediates and several off-pathway products. These results provide insight into the oxidative chemistry mediated by Cbl in nonmethylase radical SAM enzymes and establish BchE as a tractable model for elucidating how cobalamin is deployed in this understudied subclass.",crossref,0
Estimating protein isoform abundances with [math],https://www.pnas.org/doi/abs/10.1073/pnas.2614319123?mi=eymic2&af=R&access=on&content=articlesChapters&publication=pnas&sortBy=Earliest&target=default,Proceedings of the National Academy of Sciences: Keyword search for query,2026-09-16 07:00:00 UTC,2026-09-16 07:00:00+00:00,10.1073/pnas.2614319123,Matthew L. MacDonald,"A single gene can encode multiple versions of a protein, dubbed isoforms, with varying functionality. Cellular control of isoform abundances is critical for multiple aspects of biology and is only partially regulated by transcript levels. While long-read sequencing facilitates transcript quantification, quantifying the resulting protein isoforms on a large scale is a major challenge, complicating biological interpretation of transcript alterations. Standard “bottom up” mass spectrometry can assess only short portions of isoforms called peptides, and these peptides often map onto more than one isoform. We introduce
                    
                      
                        
                          PAQu
                        
                      
                    
                    (Protein isoform Abundance Quantification), a Bayesian method that leverages multiomic information from the peptidome and transcriptome to provide accurate estimates of isoform abundance even when peptide mapping is ambiguous.
                    
                      
                        
                          PAQu
                        
                      
                    
                    offers several advantages over existing methods in a unified framework. It provides uncertainty quantification, integrates multiomic information for improved accuracy, and provides a rigorous framework for hypothesis testing. Extensive simulations show that
                    
                      
                        
                          PAQu
                        
                      
                    
                    consistently outperforms competing methods in detecting differentially abundant protein isoforms and estimating their abundances. We use
                    
                      
                        
                          PAQu
                        
                      
                    
                    to investigate differences in isoform abundance levels between people with schizophrenia and control subjects, confirming a long-held hypothesis that levels of the C4A isoform of Complement Component 4 are increased in schizophrenia while C4B is not. These results demonstrate that
                    
                      
                        
                          PAQu
                        
                      
                    
                    can identify significant variations in isoform abundance levels not previously possible.",crossref,0
Aliphatic chains as physical realizations of one-dimensional spin chains supporting magnetically silent spin waves,https://www.science.org/doi/abs/10.1126/sciadv.aef7347?af=R,AAAS: Science Advances: Table of Contents,2026-09-16 07:00:00 UTC,2026-09-16 07:00:00+00:00,10.1126/sciadv.aef7347,Kirill F. Sheberstov,"Spin waves are collective spin excitations that propagate through lattices with nearest-neighbor interactions. They are conventionally observed in magnetically ordered solids using inelastic scattering techniques or ferromagnetic resonance. Here, we show that analogous spin dynamics can occur in solution-state nuclear magnetic resonance (NMR) of molecules containing aliphatic chains. We show that singlet-triplet population imbalances of nuclear spins can propagate coherently along aliphatic chains. These dynamics correspond to spin waves that carry no net magnetization and are therefore referred to as magnetically silent. When
                    J
                    -couplings along the chain exhibit translational symmetry, the spin Hamiltonian factorizes into subspaces that are formally equivalent to the one-dimensional XY model of spin chains. This enables analytical expressions for eigenstates and eigenenergies, leading to a form of spectroscopy that we term spin-chain zero-quantum NMR. Beyond spectroscopy, the emergence of collective dynamics in molecular systems provides a platform for exploring spin transport, which can be addressed using quantum simulations when classical computational approaches become intractable.",crossref,0
Bacterial stress responses lower mRNA–protein level correlations,https://www.pnas.org/doi/abs/10.1073/pnas.2613102123?mi=eymic2&af=R&access=on&content=articlesChapters&publication=pnas&sortBy=Earliest&target=default,Proceedings of the National Academy of Sciences: Keyword search for query,2026-09-16 07:00:00 UTC,2026-09-16 07:00:00+00:00,10.1073/pnas.2613102123,Kemal Avican,"Diverse bacterial pathogens have evolved complex regulatory mechanisms to adapt to various environmental stresses during infection. The uncertainty in mRNA–protein levels in response to environmental stressors complicates our understanding of bacterial physiology and their adaptation to stressful environments. To examine this issue, we have integrated transcriptomics and proteomics data on three human bacterial pathogens:
                    Salmonella enterica
                    Typhimurium,
                    Yersinia pseudotuberculosis
                    , and
                    Staphylococcus aureus
                    under 10 infection-relevant stress conditions. We observed positive correlations between mRNA and protein levels, which were decreased under different stress conditions. Essential genes exhibited higher expression levels with lower variation across the conditions and stronger mRNA–protein correlations compared to nonessential genes, highlighting their critical role in bacterial adaptability and survival. Moreover, we identified a substantial number of genes with stress-induced noncorrelating mRNA–protein levels, particularly under conditions triggering strong stress responses. Particularly this level was dramatically lowered for osmotic stress-specific genes affected by impaired translational activity under osmotic stress. Our findings highlight the prevalence of noncorrelating mRNA–protein levels and the potential role of posttranslational modifications in modulating protein levels in response to environmental stressors during infection. This study provides a comprehensive framework for integrating transcriptomics and proteomics data and identifies potential gene products that might significantly impact the ability of diverse bacterial pathogens to adapt to hostile infection environments.",crossref,0
Cognitive control in the presence of a gun,https://www.pnas.org/doi/abs/10.1073/pnas.2610948123?mi=eymic2&af=R&access=on&content=articlesChapters&publication=pnas&sortBy=Earliest&target=default,Proceedings of the National Academy of Sciences: Keyword search for query,2026-09-16 07:00:00 UTC,2026-09-16 07:00:00+00:00,10.1073/pnas.2610948123,Brandon J. Schmeichel,"Guns are more prevalent in academic spaces than ever before. Some policy makers have proposed that educators carry guns in schools as a means of self-defense and to protect students, and several states explicitly permit the possession of guns on college campuses. But the psychological consequences of being around guns are relatively unknown. In two preregistered experiments, we tested the hypothesis that being in the presence of a gun undermines cognitive control in a laboratory setting. In both experiments, college students completed a test of attention control [the Squared tasks; A. P. Burgoyne
                    et al.
                    ,
                    J. Exp. Psychol. Gen.
                    152
                    , 2369–2402 (2023)] in the presence of a (fake) gun or a stapler. In both Experiment 1 (
                    N
                    = 290) and Experiment 2 (
                    N
                    = 338) participants in the gun condition scored worse in three of four analyses pertaining to total task performance. These findings suggest that the presence of guns may impair cognitive control and point to heretofore unrecognized potential implications of the “hardening” of academic spaces.",crossref,0
Glycans influence IgE and IgG recognition by rodent IgG-Fc receptors,https://www.pnas.org/doi/abs/10.1073/pnas.2609841123?mi=eymic2&af=R&access=on&content=articlesChapters&publication=pnas&sortBy=Earliest&target=default,Proceedings of the National Academy of Sciences: Keyword search for query,2026-09-16 07:00:00 UTC,2026-09-16 07:00:00+00:00,10.1073/pnas.2609841123,Junyu Xiao,"Immunoglobulin E (IgE) drives allergic responses. The IgE-Fc (Fcε) receptor FcεRI plays a critical role in transducing IgE signaling; nevertheless, certain IgG-Fc (Fcγ) receptor (FcγR) can also bind IgE in murine models. Here, we characterize FcγR interactions with IgE and IgG in mice and rats, and report cryoelectron microscopy structures of rat FcγRIV–Fcε, mouse FcγRIV–Fcγ2b, and rat FcγRIIB–Fcε complexes. Together with biochemical analyses, we reveal N-linked glycans as critical determinants of affinity and isotype specificity. Specifically, rat FcγRIV exhibits preferential binding to IgE over IgG, while mouse FcγRIV shows the opposite preference. A unique glycan–glycan interaction involving Asn179 in rat FcγRIV underlies its high-affinity IgE binding, whereas the absence of this glycosylation site in rat FcγRIIB results in attenuated IgE recognition. In contrast, only hypoglycosylated mouse FcγRIV at the equivalent position engages strongly with fucosylated IgG2b. Together, these results provide insights into species-specific IgE- and IgG-mediated immune responses.",crossref,0
Magnetic vortex state of natural lunar γ-Fe,https://www.pnas.org/doi/abs/10.1073/pnas.2608395123?mi=eymic2&af=R&access=on&content=articlesChapters&publication=pnas&sortBy=Earliest&target=default,Proceedings of the National Academy of Sciences: Keyword search for query,2026-09-16 07:00:00 UTC,2026-09-16 07:00:00+00:00,10.1073/pnas.2608395123,Ann M. Hirt,"On the lunar surface α-Fe and Fe-Ni alloys are widespread and the dominant carriers of the lunar remanent magnetization. Metallic γ-Fe, however, is stable only at high temperatures and has not been documented in lunar samples. Here we report the identification of ambient stable γ-Fe preserved as nanometer-scale particles in Chang’e-6 impact glass fragments from the South Pole-Aitken Basin. Electron holography analyses reveal that these γ-Fe particles have a magnetic vortex domain state. Based on these results, we propose that the formation and preservation of γ-Fe at lunar surface temperature requires incorporation of trace γ-phase-stabilizing elements together with extremely rapid quenching during lunar impact processes. Our findings provide a basis for understanding the lunar core dynamo evolution and impact-induced magnetic recording mechanisms.",crossref,0
"Catechol-O-methyltransferase connects dopamine homeostasis to redox signaling, metal homeostasis, and protein folding in schizophrenia",https://www.pnas.org/doi/abs/10.1073/pnas.2606205123?mi=eymic2&af=R&access=on&content=articlesChapters&publication=pnas&sortBy=Earliest&target=default,Proceedings of the National Academy of Sciences: Keyword search for query,2026-09-16 07:00:00 UTC,2026-09-16 07:00:00+00:00,10.1073/pnas.2606205123,Bindu D. Paul,"Dysregulated dopamine (DA) signaling and redox homeostasis contributes to multiple neuropsychiatric and neurodegenerative disorders. Polymorphisms that influence the activity of catechol-O-methyltransferase (COMT), an enzyme critical for degrading DA in the dorsolateral prefrontal cortex, have been implicated in behavioral and neuropsychiatric alterations associated with schizophrenia (SCZ). Adverse neuropsychiatric effects have also been reported in Parkinson’s disease (PD) patients administered COMT inhibitors in combination with other DA-enhancing therapies. COMT exists as two isoforms: a soluble short isoform (S-COMT) and a membrane-bound long isoform (MB-COMT). These variants differ in their N-terminal domains, with MB-COMT being the predominant brain isoform. Here, unbiased proteomic and biochemical analyses show that genetic loss of MB-COMT disrupts DA signaling and perturbs pathways governing synaptic and mitochondrial function, iron and copper homeostasis, and redox balance. Limited proteolysis mass spectrometry (LiP-MS) further revealed that MB-COMT deficiency triggers widespread protein structural alterations, a molecular event commonly occurring in neurodegenerative conditions but not as well studied in neuropsychiatric diseases. Our results show that MB-COMT is a molecular hub that connects multiple cellular pathways whose differential dysregulation underlies the pathophysiology of complex neuropsychiatric diseases such as SCZ. Thus, MB-COMT is identified as a key regulator of brain DA biology, loss of which activates cellular stress response pathways, revealing potential targets for therapeutic intervention.",crossref,0
Multimodal integration supports neural processing of grammatical negation,https://www.pnas.org/doi/abs/10.1073/pnas.2605004123?mi=eymic2&af=R&access=on&content=articlesChapters&publication=pnas&sortBy=Earliest&target=default,Proceedings of the National Academy of Sciences: Keyword search for query,2026-09-16 07:00:00 UTC,2026-09-16 07:00:00+00:00,10.1073/pnas.2605004123,Aslı Özyürek,"Negation is a fundamental aspect of human cognition and grammar, expressed across different modalities. Yet, little is known about multimodal processing of negation, especially grammatical negation (e.g., “I did
                    not
                    sleep”), and the contribution of gestures and prosodic markers to its neural processing remains unexplored. This study investigates the neurocognition of multimodal negation in Turkish, a verb-final language where standard verbal negation is expressed morphologically with a postverbal suffix (
                    -mA
                    ). Notably, this negation suffix shifts stress onto the verb stem, deviating from the default final-stress pattern of Turkish. In Turkish, standard verbal negation is also frequently accompanied by conventional negation gestures (backward hand flips), occurring on the verb stem preceding the negation suffix. Since both gestures and prosodic markers precede the negation suffix, we examined whether and how their presence affects the postverbal negation processing using electroencephalography. Gestures elicited an N100 effect driven by their inherent perceptual salience. Gestures also reduced the N400 amplitude in anticipation of the postverbal negation suffix, pointing to a facilitative role of negation gestures in negation processing. Prosody likewise strengthened this N400 reduction, but only when gestures were present. These findings demonstrate that gestures—and to a lesser extent prosody—reduce the cognitive effort involved in processing the morphosyntactic marker of verbal negation. Overall, the results provide neurophysiological evidence that multimodal information supports not only semantic processing, as shown before, but also core grammatical operations in language.",crossref,0
TRPV4 mediates low-humidity responses in epidermal keratinocytes,https://www.pnas.org/doi/abs/10.1073/pnas.2603334123?mi=eymic2&af=R&access=on&content=articlesChapters&publication=pnas&sortBy=Earliest&target=default,Proceedings of the National Academy of Sciences: Keyword search for query,2026-09-16 07:00:00 UTC,2026-09-16 07:00:00+00:00,10.1073/pnas.2603334123,Mariko Hara-Chikuma,"Environmental humidity is a key determinant of organismal physiology and homeostasis. Although the genetic basis of humidity-driven responses is well established in invertebrates, the molecular and genetic mechanisms by which mammals respond to low humidity remain unclear. Here, using reconstructed 3D epidermal equivalents and a mouse model, we identify transient receptor potential vanilloid 4 (TRPV4) as an important mediator of low-humidity-induced signaling and transcriptional responses in epidermal keratinocytes. In 3D skin models, low-humidity exposure induced rapid water movement, characterized by enhanced apical water loss and concomitant basal-side water uptake within 90 s, followed by TRPV4-dependent Ca
                    2+
                    influx within 3 min. Pharmacological TRPV4 inhibition suppressed MAPK activation at 30 min and both early (3 h) and late (24 h) low-humidity-induced transcriptional changes. Ca
                    2+
                    chelation reduced low-humidity-induced ERK and p38 activation, and ERK inhibition attenuated low-humidity-induced gene expression changes at 3 h. In vivo, acute low-humidity exposure in mice elicited epidermal MAPK activation within 15 min and early transcriptional changes at 3 h, with RNA-sequencing analysis showing enrichment of gene sets associated with cell adhesion or inflammatory responses. These signaling and transcriptomic responses were attenuated in the epidermis of keratinocyte-specific
                    Trpv4
                    conditional knockout mice. Collectively, our findings identify TRPV4 as an important mediator of epidermal
                    
                    responses to low-humidity stress, providing a molecular basis for low-humidity-driven signaling in the mammalian epidermis.",crossref,0
RHAMM drives formation of polyploid cancer cells and confers resistance to ER-targeted therapy in breast cancer,https://www.pnas.org/doi/abs/10.1073/pnas.2535342123?mi=eymic2&af=R&access=on&content=articlesChapters&publication=pnas&sortBy=Earliest&target=default,Proceedings of the National Academy of Sciences: Keyword search for query,2026-09-16 07:00:00 UTC,2026-09-16 07:00:00+00:00,10.1073/pnas.2535342123,Cuixia Yang,"Endocrine resistance in ER
                    +
                    breast cancer remains a major clinical challenge. Here, we identify RHAMM as a key driver of resistance by orchestrating polyploid cancer cell (PCC) formation. Single-cell transcriptomics uncovered a G2/M-enriched, RHAMM
                    +
                    subpopulation in endocrine-resistant tumors. Mechanistically, RHAMM binds Septin9/10 to promote aberrant cytoskeleton polymerization, activating YAP independent of Hippo signaling, which induces cytokinesis failure and facilitates PCC generation. Concurrently, RHAMM destabilizes p21 mRNA, enabling cell cycle progression despite genomic instability. The RHAMM–p21 axis serves as a bypass mechanism supporting polyploidization. Upon endocrine treatment, RHAMM is transcriptionally up-regulated by Slug. Clinically, RHAMM
                    high
                    signatures are enriched in metastatic and recurrent ER
                    +
                    tumors and correlate with poor prognosis, highlighting its therapeutic relevance. Importantly, targeting RHAMM or YAP abrogates PCC formation and restores fulvestrant sensitivity. These findings reveal RHAMM-mediated polyploidization as an adaptive mechanism underlying endocrine resistance, suggesting the therapeutic potential of targeting the RHAMM–YAP axis.",crossref,0
TRPM2 is a direct pain transducer,https://www.pnas.org/doi/abs/10.1073/pnas.2532289123?mi=eymic2&af=R&access=on&content=articlesChapters&publication=pnas&sortBy=Earliest&target=default,Proceedings of the National Academy of Sciences: Keyword search for query,2026-09-16 07:00:00 UTC,2026-09-16 07:00:00+00:00,10.1073/pnas.2532289123,Xuming Zhang,"Chronic pain results from maladaptive interaction between the immune and nervous systems. TRPM2 channels in immune cells (immune TRPM2) are believed to facilitate chronic pain by indirectly promoting immune-inflammatory responses, whereas TRPM2 in sensory neurons (neuronal TRPM2) acts as a warmth sensor critical to sense innocuous warm temperatures. However, neuronal TRPM2 mediates the warmth sensitivity of less than 3.5% of sensory neurons. The functions of the vast majority of TRPM2
                    +
                    neurons are unknown. Here, we show that neuronal TRPM2 functions as a pain sensor responsible for directly transducing acute and chronic pain independently of immune TRPM2. Both chronic arthritis pain and neuropathic pain were markedly reduced in TRPM2-knockout mice, and the pain deficit was recapitulated by sole deletion of neuronal TRPM2. However, immune and inflammatory responses were largely similar between wild-type and neuronal TRPM2-deficient mice. Moreover, antagonizing TRPM2 rapidly reversed arthritis pain and neuropathic pain. Notably, TRPM2 is activated by PGE2 and IgG immune complex (IgG-IC) through coupling to GαoA and FcγRI, respectively, independently of conventional signaling messengers. Consistently, acute pain induced by PGE2 and IgG-IC was abolished in TRPM2 mutant mice. We conclude that neuronal TRPM2 is a convergent direct pain transducer independently of inflammation, representing an appealing target for alleviating chronic pain.",crossref,0
Color–concept associations reveal a new conceptual space,https://www.pnas.org/doi/abs/10.1073/pnas.2526862123?mi=eymic2&af=R&access=on&content=articlesChapters&publication=pnas&sortBy=Earliest&target=default,Proceedings of the National Academy of Sciences: Keyword search for query,2026-09-16 07:00:00 UTC,2026-09-16 07:00:00+00:00,10.1073/pnas.2526862123,Karen B. Schloss,"People are capable of using simple perceptual features such as color to signify complex meanings (perceptual semantics), an important aspect of nonverbal communication. This paper considers the nature and structure of the mental representations that support these abilities, using color semantics as a key example. Prior work has shown that people can judge the strength of association between essentially any color and any concept. Across four experiments we show that such associations express a low-rank conceptual space, color semantic space, whose dimensions can be well-characterized using color space regression. The color semantic space is distinct from classical connotative (affective) and denotative (literal) semantic spaces and from perceptual color space. Further, color semantic relations help to predict human judgments of word-meaning similarity across a diverse set of concepts—even when such judgments are
                    not
                    explicitly about color. The methodology we develop is general, offering a means of evaluating the mental structures underlying other aspects of nonverbal communication. Together, the work suggests that color–concept associations are encoded within a previously unrecognized conceptual representation space, and opens the possibility that human thought may rely on multiple different kinds of conceptual spaces—with implications both for cognitive science generally and for understanding the use of color in domains such as visual communication.",crossref,0
Integrating NMR and contact-response analysis reveals the allosteric network driving domain closure in Enzyme I,https://www.pnas.org/doi/abs/10.1073/pnas.2612191123?mi=eymic2&af=R&access=on&content=articlesChapters&publication=pnas&sortBy=Earliest&target=default,Proceedings of the National Academy of Sciences: Keyword search for query,2026-09-16 07:00:00 UTC,2026-09-16 07:00:00+00:00,10.1073/pnas.2612191123,Vincenzo Venditti,"Understanding how phosphoenolpyruvate (PEP) binding induces the large open-to-closed conformational transition of bacterial Enzyme I (EI) has remained a long-standing problem in structural biology. In EI, PEP binds the C-terminal EIC domain, yet catalysis requires docking of the distant N-terminal EIN domain, which carries the active-site H189 residue, onto EIC. How this local binding event is coupled to global domain rearrangement has been unclear. Here, we combine experimental Chemical Shift Covariance Analysis (CHESCA) with computational Chemically Accurate Contact Response Analysis (ChACRA) to map the allosteric network underlying EI closure. Using a library of active-site mutants that systematically tune the open-to-closed equilibrium, CHESCA identifies a dominant cluster of residues whose chemical shifts correlate with the small-angle X-ray scattering-derived population of the closed state, revealing long-range energetic coupling between the PEP-binding site and distal structural elements. To obtain atomistic resolution, ChACRA analysis of Hamiltonian replica exchange molecular dynamics simulations identifies a spatially continuous network of coupled interactions spanning the PEP-binding pocket, interdomain linker, domain interfaces, and dimer contacts. Ligand binding reshapes this network, stabilizing interactions that promote domain docking and global rearrangement. Together, these results show that EI closure is governed by an extended allosteric network rather than a direct local contact. Crucially, CHESCA and ChACRA report on different physical observables; their convergence provides experimental validation of an atomistic interaction map and atomic-resolution interpretation of sparse NMR correlations, establishing a general framework for resolving allostery in complex biomolecular systems.",crossref,0
Symmetry-based pulsed DNP and EPR sequences,https://www.science.org/doi/abs/10.1126/sciadv.aef4949?af=R,AAAS: Science Advances: Table of Contents,2026-09-16 07:00:00 UTC,2026-09-16 07:00:00+00:00,10.1126/sciadv.aef4949,Kong Ooi Tan,"Pulsed microwave irradiation provides more versatile control over spin dynamics than continuous-wave (CW) methods. This study adapts symmetry-based dipolar recoupling sequences, which are originally designed for magic angle spinning (MAS) NMR, to exploit electron-nuclear interactions for dynamic nuclear polarization (DNP) and pulsed electron paramagnetic resonance (EPR). Using the trityl radical OX071 at X-band (0.35 tesla), phase-modulated microwave pulses were synchronized with the nuclear Larmor period. Experimental results show effective DNP performance and electron-nuclear distance measurements in EPR, consistent with numerical simulations and theory. This work shows that many MAS NMR pulse sequences can be adapted to static pulsed EPR and DNP with minor modifications. This cross-disciplinary approach provides a versatile platform for designing optimized, application-specific magnetic resonance methodologies across various field strengths, subject to instrumental capabilities.",crossref,0
A suite of fluorescent timers for visualizing protein spatiotemporal dynamics in plants,https://www.science.org/doi/abs/10.1126/sciadv.aef3538?af=R,AAAS: Science Advances: Table of Contents,2026-09-16 07:00:00 UTC,2026-09-16 07:00:00+00:00,10.1126/sciadv.aef3538,Hisashi Koiwa,"Fluorescent timers (FTs), including tandem FTs (tdFTs), enable real-time visualization of precise protein localization and turnover within living cells, an essential property for elucidating protein function. In plants, application of FT has been limited largely because of the mismatch between FT maturation kinetics and the slow growth rate of plant cells. Here, we systematically evaluated multiple FT configurations to identify tdFTs optimized for plant systems. Using
                    Arabidopsis thaliana
                    , we tested a range of fluorescent proteins (FPs) differing in maturation times. Functional tdFT expression was confirmed in diverse organelles. Selected tdFT configurations were developed to track protein biogenesis/turnover in autoimmunity, protein transport in abiotic stress, and polarized protein translocation in determination of cell fate. When the large size of tdFT interfered with protein mobility, we developed a bipartite FT, separately tagging proteins with different FPs. This resource provides a framework for selecting FTs to dissect dynamic protein behaviors in plant cells.",crossref,0
One-third of global lake nitrous oxide emissions are concentrated in the northern temperate zone (40°N–50°N),https://www.science.org/doi/abs/10.1126/sciadv.aeg1490?af=R,AAAS: Science Advances: Table of Contents,2026-09-16 07:00:00 UTC,2026-09-16 07:00:00+00:00,10.1126/sciadv.aeg1490,Yong Liu,"Lacustrine nitrous oxide (N
                    2
                    O) emissions remain highly uncertain in the global greenhouse gas budget largely because of sparse observations and the omission of small lakes. Here we compile the Global Lake N
                    2
                    O database (GLON
                    2
                    O), integrating 6550 in situ measurements from 3829 lakes worldwide, and develop a machine learning framework to estimate emissions from lakes ≥0.1 square kilometers. To quantify previously overlooked systems, we construct the Global Small Lakes database (GSLAKES). We estimate that global lakes emit 0.208 teragrams of nitrogen per year of N
                    2
                    O, with approximately one-third originating from the northern temperate zone (40° to 50°N). Despite accounting for only 9.6% of total lake area, small lakes (&lt;0.1 square kilometers) contribute 34.6% of global emissions, revealing a pronounced U-shaped relationship between emission intensity and lake size. We further identify hierarchical predictors of lake N
                    2
                    O emissions: Natural constraints determine biogeochemical potential, anthropogenic nitrogen inputs amplify emissions, and lake morphometry regulates spatial expression. These findings refine global lake N
                    2
                    O inventories and provide an empirical basis for scale-aware mitigation.",crossref,0
Will there be a warning for the next pandemic?,https://www.science.org/doi/abs/10.1126/sciadv.aef2194?af=R,AAAS: Science Advances: Table of Contents,2026-09-16 07:00:00 UTC,2026-09-16 07:00:00+00:00,10.1126/sciadv.aef2194,C. Jessica E. Metcalf,"How to best allocate resources to combat the threat of pathogen emergence remains an important open question. Using archetypes that characterize the link from genotype to fitness in both zoonotic reservoirs and humans, we show that, across a range of plausible conditions, emergences of pathogens with pandemic potential in humans are unlikely to be preceded by detectable, failed, attempts. Yet, the number of “failed” emergence events contains information about the emergence potential of zoonotic pathogens, and should modify our beliefs about the underlying fitness landscape. Our work suggests that the most important, modifiable, risk factors for emergence may be phenomena that alter fitness landscapes, such as viral ecology in bridge species and human immunological landscapes.",crossref,0
Metabolic sensor AMPK licenses intestinal CD103+ DCs to induce Treg responses,https://www.science.org/doi/abs/10.1126/sciadv.aeb4813?af=R,AAAS: Science Advances: Table of Contents,2026-09-16 07:00:00 UTC,2026-09-16 07:00:00+00:00,10.1126/sciadv.aeb4813,Bart Everts,"Intestinal dendritic cells (DCs) play a central role in maintaining gut tolerance through priming of peripheral regulatory T cells (pT
                    reg
                    cells). DC tolerogenicity has been linked to catabolic metabolism, but the role of AMP-activated kinase (AMPK), a key regulator of catabolic metabolism, in regulating intestinal tolerance remains unclear. We found high AMPK activation in intestinal DCs, and loss of AMPKα1 in CD11c-expressing cells (CD11c
                    ΔAMPKα1
                    ) led to reduced frequencies of intestinal RALDH
                    +
                    CD103
                    +
                    cDC2s. This was associated with reduced pT
                    reg
                    cell induction and consequently increased type 2 immunity in models of intestinal helminth infection. Correspondingly, CD103
                    +
                    cDC2s from helminth-infected CD11c
                    ΔAMPKα1
                    mice failed to prime T
                    reg
                    cells ex vivo. Similarly, T
                    reg
                    cell induction by AMPK-deficient human retinoic acid (RA)–induced tolerogenic CD103
                    +
                    DCs was compromised. Mechanistically, AMPK underpinned RA-driven tolerogenicity by promoting RALDH activity and TGF-β secretion in a FoxO3-dependent manner, independent from metabolic reprogramming. Our findings identify AMPK as a key regulator of intestinal DC-mediated tolerance and as a therapeutic target to counter intestinal inflammatory disease.",crossref,0
Fentanyl purity and overdose decline: A reexamination of geographic trends,https://www.science.org/doi/abs/10.1126/sciadv.aei7742?af=R,AAAS: Science Advances: Table of Contents,2026-09-16 07:00:00 UTC,2026-09-16 07:00:00+00:00,10.1126/sciadv.aei7742,Rosalie Liccardo Pacula,"Drug overdose deaths in the United States reached record levels during the unregulated (“illicit”) fentanyl era before recently declining. A plausible hypothesis is that a sudden drop in fentanyl purity (“supply shock”) beginning in 2023 caused the downturn. We evaluated this hypothesis by replicating a published analysis with regional overdose data, using transfer function models accounting for time trends and autocorrelation; negative controls tested for spurious correlation. Replicating the original paper, we extracted fentanyl purity data from a Drug Enforcement Administration (DEA) figure; overdose mortality used standard vital statistics sources. We found rising national fentanyl purity did not track fatal fentanyl overdose rates in most United States regions, showing only modest association in the West. When both purity and mortality later declined, the observed associations were also seen with unrelated macroeconomic indicators that shared the same time pattern, raising concerns about spurious correlation in the original study. Canadian analyses also revealed variation in both strength and direction of association between fentanyl purity and overdose deaths at subprovince level. Differential selection bias in law enforcement purity assessment may have compromised longitudinal and geographic generalizability of DEA data, notably stimulated reporting for higher-purity wholesale samples in 2023–2024. National fentanyl purity alone does not provide sufficient explanation for the recent decline in overdose deaths. Reductions in localized purity may influence localized overdose decreases, but alternative causes must be considered nationally, including drug supply changes, public health interventions, demographic shifts, behavior changes, post-pandemic recovery, cartel dynamics, and fewer initiates to illicit opioid use.",crossref,0
Microbiota-derived indole limits Campylobacter jejuni colonization by inhibiting respiration and metabolism,https://www.science.org/doi/abs/10.1126/sciadv.aei6934?af=R,AAAS: Science Advances: Table of Contents,2026-09-16 07:00:00 UTC,2026-09-16 07:00:00+00:00,10.1126/sciadv.aei6934,Victor J. DiRita,"Campylobacter jejuni
                    is a major enteric pathogen whose ability to grow in the inflamed gut remains poorly understood, limiting the development of effective therapeutic strategies. Our prior study in ferrets suggested that intestinal inflammation promotes
                    C. jejuni
                    expansion during infection. However, conventional mice are naturally resistant to
                    C. jejuni
                    colonization unless the microbiota or host inflammatory pathways are altered. To directly investigate the role of inflammation in
                    C. jejuni
                    infection, transient colitis was induced in conventional mice using short-term dextran sodium sulfate (DSS) treatment. DSS-mediated inflammation disrupted colonization resistance and enabled rapid
                    C. jejuni
                    growth in the colon within three days of infection, accompanied by aggravated intestinal inflammation. Microbiota analysis revealed enrichment of mucin-degrading bacteria and depletion of taxa associated with short-chain fatty acid and indole production. Metabolomic profiling further demonstrated significantly reduced colonic indole levels in DSS-treated and infected mice. In vitro studies showed that physiological concentrations of indole inhibited
                    C. jejuni
                    growth and downregulated genes involved in major energy-generating pathways, including nitrate respiration (
                    napA
                    ), aerobic respiration (
                    ccoN
                    ), lactate utilization (
                    lctP
                    ), and the acetate switch (
                    ackA/ptaA
                    ). Consistent with these findings, mutations in these pathways reduced bacterial fitness in DSS-treated mice, highlighting their importance for colonization in the inflamed intestine. Furthermore, administration of indole or the indole-producing probiotic
                    Escherichia coli
                    Nissle 1917 significantly decreased
                    C. jejuni
                    colonization in vivo. Collectively, these findings demonstrate that intestinal inflammation facilitates
                    C. jejuni
                    colonization while microbiota-derived metabolites, particularly indole, play a critical role in suppressing pathogen growth and pathogenicity.",crossref,0
Multiple quantum 19F electron-nuclear double resonance (ENDOR) for distance measurements with multifluorinated spin probes,https://www.science.org/doi/abs/10.1126/sciadv.aeg7753?af=R,AAAS: Science Advances: Table of Contents,2026-09-16 07:00:00 UTC,2026-09-16 07:00:00+00:00,10.1126/sciadv.aeg7753,Marina Bennati,"Mims electron–nuclear double resonance (ENDOR) spectroscopy with
                    19
                    F spin labels is emerging as a powerful tool to access molecular distances in the 5 to 20 Å range. A time domain (TD) version of the experiment allows to manipulate nuclear spin coherences, similarly to NMR, and thus to increase distance resolution. Nevertheless, Mims ENDOR sensitivity strongly decays with the inter spin distance
                    r
                    , and measurements of longer distances benefit from labels with multiple
                    19
                    F nuclei, such as CF
                    3
                    probes. Here, we demonstrate that TD Mims ENDOR with two or three
                    19
                    F nuclei reveals multiple-quantum effects and homonuclear dipolar couplings. We present a general theoretical framework for TD Mims ENDOR with multiple like nuclei (i.e.,
                    19
                    F), enabling analysis of spin evolution and the controlled experimental generation of single- and multiple-quantum nuclear coherences. Our results directly report not only on electron-nuclear distances but also on measurements and correlation of internuclear distances. Overall, TD ENDOR potentially offers a toolbox for molecular structure investigations.",crossref,0
Jupiter’s brightest auroras are powered by locally generated Alfvén waves,https://www.science.org/doi/abs/10.1126/sciadv.aeg6021?af=R,AAAS: Science Advances: Table of Contents,2026-09-16 07:00:00 UTC,2026-09-16 07:00:00+00:00,10.1126/sciadv.aeg6021,Evan A. Skinner,"Jupiter displays the brightest auroras in the solar system, driven by intensely varying energetic electrons that accelerate into the atmosphere. Here, we provide a comprehensive formalism that accurately describes the bimodality of observed auroral electron acceleration regimes. We demonstrate that the occurrence of the two dominant auroral regimes—broadband and monoenergetic—is dictated by specific characteristic plasma length scales, namely, the relationship between the transverse length scale and the electron inertial length. Furthermore, in contrast to the long-standing acceptance that Alfvén waves responsible for auroral electron acceleration exclusively originate at distant equatorial regions, we demonstrate that they can be locally generated at Jupiter’s low altitudes. From this understanding, we find that locally generated, low-altitude Alfvén waves can be directly responsible for accelerating the most intense auroral electrons at Jupiter. These findings establish that the low-altitude acceleration region can itself become a source of Alfvén waves rather than merely a sink for wave energy, thus altering the standard picture of global magnetospheric energy transfer in strongly magnetized planets.",crossref,0
The body temperature of Tyrannosaurus rex,https://www.science.org/doi/abs/10.1126/sciadv.aeb7653?af=R,AAAS: Science Advances: Table of Contents,2026-09-16 07:00:00 UTC,2026-09-16 07:00:00+00:00,10.1126/sciadv.aeb7653,Aradhna Tripati,"Despite an extensive history of study, quantitative constraints on the thermophysiology of
                    Tyrannosaurus rex
                    remain limited. Here, we derive a thermodynamically based determination of
                    T. rex
                    body temperatures from clumped isotopes in tooth enamel. Measurements of three
                    T. rex
                    teeth from the Late Cretaceous Hell Creek Formation yield a temperature of 36.3 ± 2.5°C (1 SE), comparable to modern endotherms. Teeth of coeval Hell Creek Formation crocodilians yielded temperatures significantly lower than did those of
                    T. rex.
                    Comparison with proxy-derived paleotemperatures and model simulations indicates that
                    T. rex
                    maintained a higher body temperature than its environment. Projected habitat suitability for
                    T. rex
                    based on these results shows that most of the North American paleocontinent, including colder and higher latitudes, were potentially accessible to the species.",crossref,0
Broadband backscattering confocal microscopy enables label-free 3D live cell nanoscale sensitive imaging,https://www.science.org/doi/abs/10.1126/sciadv.aei8554?af=R,AAAS: Science Advances: Table of Contents,2026-09-16 07:00:00 UTC,2026-09-16 07:00:00+00:00,10.1126/sciadv.aei8554,Lev T. Perelman,"Fluorescence microscopy is a cornerstone of biological research. However, fluorescent labeling is challenging in live cells and is constrained by photobleaching and phototoxicity. Label-free methods allow cells to be studied in their native state, but most techniques have poor contrast, lack 3D capability, rely on complex optics, or fail to provide structural information. We present here broadband backscattering confocal microscopy (BBCM), which employs a broadband supercontinuum laser and collects backscattered light in a confocal geometry using a photomultiplier tube. Broadband illumination averages out size-dependent oscillations that confound monochromatic backscattering. This eliminates blind spots and intensity ambiguities, allowing all scatterers to be visible, with the signal increasing approximately linearly with scatterer size. BBCM is easy to retrofit to standard confocal microscopes, requires no specialized optics, and is straightforward for nonspecialists. It enables high-contrast, label-free 3D imaging of live cells with size sensitivity to subcellular structures without employing custom optics or complex data processing.",crossref,0
Renal-clearable fluorescent probe for early detection of pancreatic cancer in living murine models,https://www.science.org/doi/abs/10.1126/sciadv.aei0638?af=R,AAAS: Science Advances: Table of Contents,2026-09-16 07:00:00 UTC,2026-09-16 07:00:00+00:00,10.1126/sciadv.aei0638,Jun Ren,"Pancreatic cancer (PC) is a highly aggressive and lethal malignancy with extremely poor patient survival rates. The lack of biomarkers and deep tissue detection barriers has presented long-standing and unsolved issues, severely hindering the early diagnosis of PC even in living rodent models. Here, we report a renal-clearable leucine aminopeptidase (LAP)–activatable fluorescence probe, overturning the probe’s pharmacokinetics from the liver to kidney pathway (90% of the injection dosage). This strategy reduces interference in the liver and enables LAP as a biomarker for PC detection in murine models. After in situ response with LAP in the pancreas, renal-clearable fluorogenic fragments could be efficiently excreted into the urine, thus addressing the depth barriers of PC. Our strategy has resolved the lack of biomarkers and deep tissue detection barriers in early PC detection in murine models, which would greatly expand the bioanalytical toolbox for PC identification, further enabling the efficient screening of PC drugs at the animal level and the exploration of diagnostic methods for PC.",crossref,0
Maternal-fetal immune conflict contributes to male-specific impairments in a mouse model of neurodevelopmental disorders,https://www.science.org/doi/abs/10.1126/sciadv.aeg0779?af=R,AAAS: Science Advances: Table of Contents,2026-09-16 07:00:00 UTC,2026-09-16 07:00:00+00:00,10.1126/sciadv.aeg0779,Lucas Cheadle,"Autism spectrum disorder (ASD) arises from genetic and environmental risk factors. One environmental factor, maternal immune activation (MIA)—in which pathogenic infection during pregnancy increases ASD risk in offspring—disproportionately affects males. However, the basis for this male-specific vulnerability and the mechanisms by which inflammatory signals cross the maternal-fetal interface to affect the male embryo remain largely unknown. Using the poly(I:C) mouse model of neurodevelopmental disorders, we characterize fetal, placental, and amniotic changes occurring within 24 hours of MIA. We find that 30% of embryos exhibit large-scale teratogenic abnormalities—ranging from decreased fetal weight to altered sensory organ development—while 70% develop normally. These abnormalities occur exclusively in a subset of males, never in females. Single-nucleus transcriptomics revealed robust induction of proinflammatory gene programs in the placentas of affected males across a broad range of cell types, and most prominently in spongiotrophoblasts—fetally derived cells that partly form the maternal-fetal border. These cells simultaneously down-regulate extracellular matrix and hormone biosynthesis pathways, coinciding with a breakdown in placental structural integrity and the accumulation of immune cells and cytokines in the amniotic fluid. One such cytokine, interleukin-6, is required for MIA-evoked developmental abnormalities to emerge. Our data indicate that MIA drives a rapid shift from an immunosuppressive to a proinflammatory maternal-fetal interface in a vulnerable subset of male embryos, producing acute, sex-restricted developmental deficits. We propose that male embryos may express unique proteins capable of triggering this inflammatory response, which—combined with MIA-induced loss of maternal immunosuppression—selectively derails male embryonic development.",crossref,0
New lunar crater reveals extensive distal regolith modification,https://www.science.org/doi/abs/10.1126/sciadv.aeh9568?af=R,AAAS: Science Advances: Table of Contents,2026-09-16 07:00:00 UTC,2026-09-16 07:00:00+00:00,10.1126/sciadv.aeh9568,David A. Paige,"A new ∼222-meter-diameter impact crater formed on the Moon in spring 2024. Discovered in repeat Lunar Reconnaissance Orbiter Camera images, it provides a unique opportunity to study surface modification by a pristine impact, prior to subsequent fading. Nighttime temperatures measured by the Diviner instrument reveal an ∼7-kilometer-wide cold spot that is 8 to 9 kelvin cooler than its surroundings, consistent with decompaction of the upper centimeters to decimeters of regolith. We investigate all newly formed craters &gt;20 meters identified to date and find that all craters larger than ∼30 meters produce detectable cold spots, indicating that cold spot formation is a common consequence of fresh lunar impacts. Cold spot temperature anomaly increases with crater size, implying deeper regolith modification around larger craters. This scaling suggests that the cumulative effect of cold spot formation may modify the shallow regolith at rates comparable to impact gardening by primary craters, making them a substantial driver of regolith evolution on regolith-covered airless bodies.",crossref,0
A built-in brake for plant immunity: Resistance (R) protein–mediated immunity is fine-tuned by R gene analogs,https://www.science.org/doi/abs/10.1126/sciadv.aeh7029?af=R,AAAS: Science Advances: Table of Contents,2026-09-16 07:00:00 UTC,2026-09-16 07:00:00+00:00,10.1126/sciadv.aeh7029,Zhendong Tian,"Potato late blight caused by
                    Phytophthora infestans
                    threatens global food security. Unlike the fact that most race-specific resistance to
                    P. infestans
                    (
                    Rpi
                    ) genes is rapidly overcome by evolving pathogen populations, the
                    R8
                    gene from
                    Solanum demissum
                    has conferred durable, quantitative resistance for nearly a century despite encoding a canonical coiled-coil–type nucleotide-binding, leucine-rich repeat (NLR) protein. We identified specific
                    R8
                    gene analogs that act as negative modulators of
                    R8
                    -mediated immunity. These
                    R8
                    gene analogs lack independent resistance functions but perturb the recognition of avirulence effector Avr8 by R8 and interfere with oligomerization and plasma membrane association of NRC2, a helper NLR essential for the R8 signaling pathway. Stable overexpression of such RGAs effectively compromises
                    R8
                    -mediated resistance in both potato and
                    Nicotiana benthamiana
                    . We propose that this endogenous regulation balances the intensity of
                    R8
                    -mediated immunity, likely reducing selection pressure on the pathogen population and prolonging resistance durability. Our findings reveal a regulatory layer where genetically linked RGAs control resistance (R) protein–mediated immunity, providing a conceptual framework for durable resistance breeding.",crossref,0
Direct visualization of interfacial defect effects on polarization switching in BaTiO3 tunnel junctions,https://www.science.org/doi/abs/10.1126/sciadv.aeh5401?af=R,AAAS: Science Advances: Table of Contents,2026-09-16 07:00:00 UTC,2026-09-16 07:00:00+00:00,10.1126/sciadv.aeh5401,Sang Ho Oh,"Deterministic control of polarization switching at complex oxide interfaces is essential for high-performance ferroelectric devices, yet the microscopic competition between external fields and polarization response remains difficult to probe directly. Combining atomic-scale scanning transmission electron microscopy and electron energy loss spectroscopy with in-situ biasing, we establish an asymmetric interfacial pinning mechanism in epitaxial Pt/BaTiO
                    3
                    /La
                    2/3
                    Sr
                    1/3
                    MnO
                    3
                    ferroelectric tunnel junctions. At the Pt/BaTiO
                    3
                    interface, an oxygen vacancy–rich pinning layer induces Ti reduction and a strong, uniform downward electric field. In contrast, the BaTiO
                    3
                    /La
                    2/3
                    Sr
                    1/3
                    MnO
                    3
                    boundary is characterized by localized La
                    Mn
                    antisite defects that generate internal fields through localized tensile strain. Under an upward external field, this competitive landscape forces the formation of a stable, head-to-head domain wall within the 3-nanometer-thick BaTiO
                    3
                    barrier, preventing the system from reaching a homogeneous polarization state. Our findings demonstrate that ferroelectric reversibility is fundamentally constrained by a mutual stabilization of cation and anion defects, providing a framework for engineering electrode interfaces at the limit of unit-cell thickness.",crossref,0
In situ learning-based spin engineering of pulsed dynamic nuclear polarization,https://www.science.org/doi/abs/10.1126/sciadv.aeh4467?af=R,AAAS: Science Advances: Table of Contents,2026-09-16 07:00:00 UTC,2026-09-16 07:00:00+00:00,10.1126/sciadv.aeh4467,Niels Chr. Nielsen,"Pulsed dynamic nuclear polarization (DNP) is currently receiving substantial interest as a means to enhance the sensitivity of nuclear magnetic resonance (NMR) and magnetic resonance imaging by orders of magnitude. It has also received much attention as a central ingredient in many modalities of electron–spin–involved quantum sensing. Relative to spin engineering associated with NMR, the design of efficient pulsed DNP experiments with a broad experimental scope is challenged by large electron-nuclear spin systems, large electron–spin–involved interactions, and instrumental nonidealities and limitations. All of this may challenge traditional NMR-like theoretical and numerical pulse sequence engineering. Exploiting state-of-the-art instrumentation and taking advantage of the high sensitivity of DNP relative to NMR, we here demonstrate the use of combinations of Bayesian machine learning methods and constrained random walk procedures to design pulse sequences in situ, by experiments, directly on the spin systems responding to spectrometer instructions. For trityl and nitroxide samples, it is demonstrated that efficient broadband DNP pulse sequences can be designed in situ with experimental protocols benchmarked against in silico analogs.",crossref,0
Proportional limb strengths signal an adaptive shift in arboreality in early human evolution,https://www.science.org/doi/abs/10.1126/sciadv.aeh1752?af=R,AAAS: Science Advances: Table of Contents,2026-09-16 07:00:00 UTC,2026-09-16 07:00:00+00:00,10.1126/sciadv.aeh1752,Ronald J. Clarke,"How much arboreality characterized the
                    Australopithecus
                    locomotor repertoire and how this differed from early
                    Homo
                    are vigorously debated. Most previous studies rely on traits of uncertain functional significance or are constrained by sampling concerns. Bone shaft strength is plastic and reflects in vivo mechanical loading. Because interlimb bone strength proportions among living apes correlate with arboreality, they are ideal contributors to this debate. We present the most comprehensive analysis yet of relative limb shaft strengths in
                    Australopithecus
                    and early
                    Homo
                    by adding two individuals [StW 573, ∼3.67 million years ago (Ma); and D3901/D4167/D4507, ∼1.77 to 1.81 Ma]. We show that
                    Australopithecus
                    individuals of varying body sizes spanning at least 0.5 Ma exhibit African ape–like interlimb strength proportions, indicating frequent arboreal behavior, and that the
                    Australopithecus
                    lower limb exhibits human-like intralimb strength proportions. In contrast, early
                    Homo
                    individuals are human-like in both strength proportions, reflecting fundamentally different selective pressures favoring terrestrial bipedalism and an unambiguous departure from arboreality by ∼1.8 Ma.",crossref,0
Viscoelastic nanomechanical devices for neuromorphic information processing,https://www.science.org/doi/abs/10.1126/sciadv.aeg9893?af=R,AAAS: Science Advances: Table of Contents,2026-09-16 07:00:00 UTC,2026-09-16 07:00:00+00:00,10.1126/sciadv.aeg9893,Farnaz Niroui,"Information processing through intrinsic physical processes in materials enables energy-efficient, bioinspired computing paradigms. In particular, mechanical transformations at the nanoscale stand out as a versatile and efficient mechanism for sensitive and highly tunable control. Here, we introduce an in-material computing platform leveraging the mechanical properties of nanoscale soft matter. Overcoming the limitations of conventional mechanical systems, our platform enables subnanometer control and engineered dynamics, which we demonstrate in an electromechanically tunable tunneling junction composed of a nanometer-thin poly(dimethylsiloxane) film. In this device, voltage-induced reconfigurations translate into a nonlinear, time-dependent electrical response. We use these temporal dynamics, arising from the viscoelastic memory of the polymer, to demonstrate an artificial neuron. As neural functionalities are embedded within the intrinsic material properties, energy efficiencies beyond those of biological systems are projected with much smaller active areas. Overall, our work establishes a design framework for extremely scaled mechanical tunability, opening emerging applications in energy-efficient, bioinspired computing, and intelligent materials and systems.",crossref,0
Microwave diffractive neural network chips for sensing and computing,https://www.science.org/doi/abs/10.1126/sciadv.aeg8394?af=R,AAAS: Science Advances: Table of Contents,2026-09-16 07:00:00 UTC,2026-09-16 07:00:00+00:00,10.1126/sciadv.aeg8394,Tie Jun Cui,"Electromagnetic diffractive neural networks (DNNs) enable ultra–low-power, low-latency artificial intelligence (AI) inference, yet optical implementations suffer from fabrication and scalability limits, and metasurface microwave systems remain bulky. We present a chip-scale microwave diffractive neural network (MDNN) fabricated in a GaAs semiconductor process, integrating cascaded couplers and phase shifters to implement a diffraction network within a millimeter-scale footprint. The MDNN chip reduces the size of conventional MDNNs by over four orders of magnitude, achieves a computational latency of 2.05 ns, and delivers a system-level energy efficiency of 0.83 TOPS/W. We demonstrate its versatility through three functional prototypes: MNIST handwritten digit recognition, multi-user interference suppression, and real-time obstacle perception for drones. These experiments achieved more than 86% accuracy, validating the capability of the MDNN chip to directly perform both digital image processing and in-situ electromagnetic information processing in the microwave domain. We hope this chip architecture opens a new pathway toward highly integrated designs for electromagnetic DNNs.",crossref,0
Concurrent excitation and detection in magnetic resonance using voltage-controlled oscillators,https://www.science.org/doi/abs/10.1126/sciadv.aeg6581?af=R,AAAS: Science Advances: Table of Contents,2026-09-16 07:00:00 UTC,2026-09-16 07:00:00+00:00,10.1126/sciadv.aeg6581,Jens Anders,"Dead time following radio frequency excitation limits pulsed magnetic resonance (MR) experiments by obscuring early-time spin dynamics and short-lived signals. We demonstrate continuous concurrent excitation and detection using two oscillator-based MR detectors: a high-frequency (477 megahertz) injection-locked voltage-controlled oscillator (VCO) array enabling a scalable segmented-coil architecture and a low-frequency (17 megahertz) single-coil VCO. Both detectors are embedded in custom-designed phase-locked loops, enabling phase-coherent multipulse operation. Using a planar segmented coil driven by a chip-integrated VCO array operating at 477-megahertz proton frequency, we perform conventional Fourier transform nuclear MR, continuously monitor driven Rabi oscillations throughout the excitation pulse, and observe the immediate onset of free-induction decay, all without dedicated transmit-receive switches or receiver gating. We further demonstrate phase-coherent, phase-cycled multipulse operation, including a Hahn echo sequence realized on a second system operating at 17 megahertz. Together, these results demonstrate the general applicability and versatility of the oscillator-based detection principle across pulse sequences and operating frequencies.",crossref,0
Serpin-driven green camouflage and NIR fluorescence in frogs,https://www.science.org/doi/abs/10.1126/sciadv.aeg5510?af=R,AAAS: Science Advances: Table of Contents,2026-09-16 07:00:00 UTC,2026-09-16 07:00:00+00:00,10.1126/sciadv.aeg5510,Carlos Taboada,"Biliverdin is one of the few endogenous green pigments in animals, yet its use in camouflage and fluorescence is limited by rapid degradation or excretion. Multiple arboreal frogs have overcome this constraint by evolving biliverdin-binding serpins (BBSs)—proteins that stabilize biliverdin. Here, we show that BBSs have convergently evolved high-affinity biliverdin binding comparable to hormone-receptor interactions and tune biliverdin’s spectral properties to produce leaf-like green coloration. We further show that BBSs from independent lineages exhibit distinct spectral properties, including near-infrared fluorescence. Unlike most animal serpins, which are rapidly cleared following proteolytic cleavage, a glassfrog’s BBS is naturally cleaved while retaining full biliverdin-binding affinity, revealing an unusual decoupling between serpin proteolysis and ligand binding. Using photoacoustic tomography, we map the distribution of BBS throughout the body, uncovering a mechanism of protein-based camouflage. These findings provide insights into serpin evolution and protein-based coloration while establishing a foundation for amphibian-inspired near-infrared molecular probe design.",crossref,0
Human cardiac measurements with diamond magnetometers,https://www.science.org/doi/abs/10.1126/sciadv.aeg5281?af=R,AAAS: Science Advances: Table of Contents,2026-09-16 07:00:00 UTC,2026-09-16 07:00:00+00:00,10.1126/sciadv.aeg5281,Arne Wickenbrock,"The heart produces small magnetic signals, but detecting them without touching the body and without heavy shielding equipment remains a major challenge. In this study, we demonstrate a noninvasive method to measure these signals using compact quantum sensors made from diamond. These sensors operate at room temperature and can detect extremely weak magnetic fields produced by the heart, even outside highly shielded environments. By averaging signals over many heartbeats and using noise suppression techniques, we successfully recorded clear magnetocardiography traces. Although current measurements require averaging, our results show a clear path toward real-time detection. We also explored a gradiometry protocol for unshielded noisy environments, paving the way for contactless cardiac detection in challenging clinical conditions. This work points toward a path for using quantum sensors in practical medical diagnostics of the heart and brain.",crossref,0
A new 222-m diameter lunar crater,https://www.science.org/doi/abs/10.1126/sciadv.aeh7812?af=R,AAAS: Science Advances: Table of Contents,2026-09-16 07:00:00 UTC,2026-09-16 07:00:00+00:00,10.1126/sciadv.aeh7812,Robert V. Wagner,"Observing the aftermath of recent impact events on the Moon tests models of impact frequency, surface change rates, and cratering physics. The Lunar Reconnaissance Orbiter Camera (LROC) Wide Angle Camera (WAC; 100-meter scale) images the whole Moon each month and has done so since 2010. Comparing images from two months under similar lighting conditions enables automated detection of surface changes. In fall 2025, a routine temporal comparison of WAC image sets revealed a new 222-meter-diameter crater that formed in spring 2024. This is the largest contemporary impact crater found in the Solar System and, according to current models, a once-in-132-year event. Later, a series of LROC Narrow Angle Camera (NAC) images provided high-resolution (meter-scale) photometric and topographic information. These images show that the crater exposed complex geology, inform current models of cratering mechanics, and document widespread surface changes extending more than 1000 crater radii.",crossref,0
Asymmetrically Coordinated p‐Block Aluminum Single‐Atom Sites for Stable Na─S Batteries,https://onlinelibrary.wiley.com/doi/10.1002/anie.9140872?af=R,Wiley: Angewandte Chemie International Edition: Table of Contents,2026-09-16 07:37:27 UTC,2026-09-16 07:37:27+00:00,10.1002/anie.9140872,Hui Wang,"ABSTRACT
                  
                    Main‐group metal single‐atom catalysts (SACs) are promising for sodium−sulfur (Na─S) batteries owing to their low toxicity and economic viability, yet their inherently poor catalytic activity limits the electrochemical performance. Moreover, the electronic interplay involving
                    p‐p
                    orbital hybridization between
                    p
                    ‐block metal SACs and sodium polysulfides (Na
                    2
                    S
                    n
                    ) remains unclear. Herein, we design efficient aluminum (Al) SACs with a planar asymmetrical Al─O
                    3
                    N coordination anchored on carbon materials (Al─O
                    3
                    N─C) for Na─S batteries. The introduced N ligand breaks the coordination symmetry, creating localized charge at the Al sites, which enhances
                    p‐p
                    orbital hybridization between Al‐3
                    p
                    and S‐3
                    p
                    of Na
                    2
                    S
                    n
                    . This effectively suppresses Na
                    2
                    S
                    n
                    shuttling and accelerates sulfur redox kinetics. The resulting Al─O
                    3
                    N─C/S exhibits a high capacity of 1196 mAh g
                    −1
                    at 0.1 C after 100 cycles, and an ultralow capacity decay of 0.017% per cycle over 2500 cycles, outperforming most reported
                    d
                    ‐block SACs for Na─S batteries. This strategy of regulating
                    p
                    ‐orbital charge distribution provides a general guideline for the rational design of other efficient main‐group metal SACs.",crossref,0
Direct Observation of Radical‐Mediated Oxide‐to‐Alloy Transformation in Solution Under Pulsed Laser Irradiation,https://onlinelibrary.wiley.com/doi/10.1002/anie.8536600?af=R,Wiley: Angewandte Chemie International Edition: Table of Contents,2026-09-16 07:37:37 UTC,2026-09-16 07:37:37+00:00,10.1002/anie.8536600,Myong Yong Choi,"ABSTRACT
                  
                    Pulsed laser irradiation (PLI) is widely used to synthesize metal‐based functional materials in solution, yet the molecular‐level mechanism by which a laser pulse reduces a metal‐oxide precursor has remained unresolved. Here we combine time‐resolved in situ x‐ray absorption spectroscopy (TR‐XAS) at both the Co and Ni K‐edges with density‐functional tight‐binding molecular dynamics (DFTB‐MD) simulations to investigate the laser‐driven transformation of NiCo
                    2
                    O
                    4
                    into a metallic NiCo alloy in ethanol. Considering the results from TR‐XAS and DFTB‐MD simulations, the reduction is initiated by hydrogen atom transfer from the
                    α
                    ‐C─H bond of ethanol to a surface lattice oxygen, generating an
                    α
                    ‐hydroxyethyl radical; the oxygen is subsequently released as water and the alcohol is dehydrogenated to acetaldehyde. Even though the initial hydrogen transfer is facile, the release of lattice oxygen is entropy‐driven and becomes accessible only at temperatures of order 10
                    3
                    K, so that the extent of reduction is governed by the transient local temperature and hence by the laser fluence: complete reduction occurs at fluences ≥100 mJ/pulse, yielding a metallic surface that achieves a Faradaic efficiency of 86.6% for NH
                    3
                    formation in electrochemical nitrate reduction. These findings establish a mechanistic framework for the rational control of PLI‐synthesized metal‐based electrocatalysts.",crossref,0
Günther Jung (1937–2026): A Pioneer of Molecular Immunology,https://onlinelibrary.wiley.com/doi/10.1002/anie.2797694?af=R,Wiley: Angewandte Chemie International Edition: Table of Contents,2026-09-16 07:39:05 UTC,2026-09-16 07:39:05+00:00,10.1002/anie.2797694,Karl‐Heinz Wiesmüller,,,0
"Reprocessable, Creep‐Resistant and Fully Biobased Thermosets for Power Semiconductor Packaging",https://onlinelibrary.wiley.com/doi/10.1002/anie.1898181?af=R,Wiley: Angewandte Chemie International Edition: Table of Contents,2026-09-16 07:39:09 UTC,2026-09-16 07:39:09+00:00,10.1002/anie.1898181,Jue Cheng,"ABSTRACT
                  
                    Amid rapid advances in third‐generation semiconductors and holistic life‐cycle management, thermoset‐based packaging materials are evolving toward high‐temperature resistance, eco‐friendliness, and reprocessability. However, beyond the pursuit of recyclable carbon, thermosets face a fundamental trade‐off between recyclability and high‐temperature reliability, which poses a significant challenge. Herein, we report a thermally activated mechanically constrained adaptive network, in which side‐group transesterification at nanodomain boundaries enables adaptive reorganization without disrupting the connectivity of the network. This reprocessable network (DHBEP/PF/AE), constructed by tetrafunctional epoxy/phenolic/active ester resins with 100% biomass content, achieves a high
                    T
                    g
                    (181°C) and excellent high‐temperature creep resistance as high as 170°C. Critically, a reprocessable epoxy molding compound is fabricated based on DHBEP/PF/AE, which successfully packages SiC chips via TO‐247 method and passes moisture sensitivity level‐3 test. This work resolves the classic contradiction between recyclability and reliability of dynamic thermosets, providing a solution for the biomass‐based conversion and reuse of vast quantities of semiconductor packaging materials.",crossref,0
