title,link,source,published_str,pub_date,doi,last_author,abstract,abstract_source,must_have_abstract
A spiking neural network-in-logic architecture based on reconfigurable molybdenum disulfide dual-gate transistors with ferroelectric gating,https://www.nature.com/articles/s41928-026-01706-0,Nature Electronics,2026-09-14 00:00:00 UTC,2026-09-14 00:00:00+00:00,10.1038/s41928-026-01706-0,Kah-Wee Ang,"Efficient processing of high-dimensional perceptual data is a challenge in modern electronics, as neuromorphic systems typically process all input features indiscriminately, leading to excessive neuronal activation and high energy consumption. A key issue is the lack of a hardware mechanism to suppress task-irrelevant information at the front-end before neuromorphic computation and preserve reconfigurability. Here we report a spiking neural network-in-logic computing platform in which the front-end logic and spiking neural networks are co-designed to perform task-directed input selection at the hardware level before spike generation, thereby reducing unnecessary neuronal activation. To implement this, we develop reconfigurable field-effect transistors based on dual-gate molybdenum disulfide devices incorporating a ferroelectric hafnium zirconium oxide layer. These transistors support logic, synaptic and neuronal primitives within a unified device platform. The reconfigurable transistors, which are fabricated using back-end-of-line-compatible processes, are organized into reconfigurable tiles whose roles can be reassigned across tasks, allowing logic-driven input selection to reshape the effective scale of downstream spiking neural networks. The computing architecture is validated using the Modified National Institute of Standards and Technology and Street View House Numbers benchmarks, and its system-level energy scaling with task-dependent input complexity is evaluated using real-world multitask inference.",nature_html,0
High-resolution intrinsically stretchable quantum-dot displays through thermally assisted intaglio transfer printing,https://www.nature.com/articles/s41565-026-02272-4,Nature Nanotechnology,2026-09-14 00:00:00 UTC,2026-09-14 00:00:00+00:00,10.1038/s41565-026-02272-4,Moon Kee Choi,"Intrinsically stretchable light-emitting devices are promising for wearable displays, soft robotics and skin-mounted optoelectronics but are limited by the trade-off between mechanical softness, charge injection and pixel definition. Stretchable quantum-dot emissive layers offer narrow, colour-tunable emission from quantum-confined nanocrystals, yet elastomeric matrices introduce insulating barriers and viscoelastic deformation that compromise efficiency and high-resolution patterning. Here we report ligand engineering at the interface and thermally assisted intaglio film transfer printing (LIFT), a strategy for high-definition intrinsically stretchable quantum-dot light-emitting diodes. Selective replacement of the polymer-rich surface of quantum-dot nanocomposites with polar short-chain ligands forms a nanoscale interfacial region that lowers the hole-injection barrier while preserving bulk mechanical compliance. Thermal assistance concentrates strain at pattern boundaries, allowing clean cleavage of soft emissive films into high-fidelity pixel arrays. The devices achieve external quantum efficiencies of up to 23.9% in conventional architectures and fully stretchable QLEDs with a luminance of 53,300 cd m⁻2, an external quantum efficiency of 8.0% and stretchability beyond 65%. The method further produces arrays up to 16,000 pixels per inch and stretchable 12 × 12 multicolour passive-matrix displays.",nature_html,0
"Single-gate, multipartite entanglement on a room-temperature quantum register",https://www.nature.com/articles/s41565-026-02254-6,Nature Nanotechnology,2026-09-14 00:00:00 UTC,2026-09-14 00:00:00+00:00,10.1038/s41565-026-02254-6,Lee C. Bassett,"Multipartite entanglement is an essential aspect of quantum systems, needed to execute quantum algorithms, implement error correction and achieve quantum-enhanced sensing. In solid-state quantum registers such as nitrogen-vacancy centres in diamond, entangled states are typically created using sequential, pairwise gates between the central electron and individual nuclear qubits. This sequential approach is slow and suffers from crosstalk errors. Here we demonstrate a parallelized multi-qubit entangling gate to generate a four-qubit Greenberger–Horne–Zeilinger state using a room-temperature nitrogen-vacancy centre in only 14.8 μs—ten times faster than that using sequences of two-qubit gates and close to the fundamental limit set by the hyperfine coupling frequencies. Parallel three-qubit gates are also realized with all-nuclear-qubit subsets. The entangled states are verified by measuring multiple quantum coherences. The four-qubit parallel gate has a fidelity of 0.92(4), whereas the sequential four-qubit gate fidelity is only 0.69(3). The approach is generalizable to other solid-state platforms, and it lays the foundation for scalable generation and control of entanglement in practical devices.",nature_html,0
Demonstration of on-chip all-optical switching of magnetization in integrated photonics,https://www.nature.com/articles/s41565-026-02281-3,Nature Nanotechnology,2026-09-14 00:00:00 UTC,2026-09-14 00:00:00+00:00,10.1038/s41565-026-02281-3,Bert Koopmans,"Ultrafast all-optical switching of magnetization holds great promise for next-generation spintronic memory and hybrid spintronic–photonic systems. However, most implementations so far have relied on bulky free-space optical setups, limiting scalability and practical integration. Here, as a critical step towards integrated applications, we demonstrate the single-pulse all-optical switching of magnetization within a silicon nitride photonic integrated circuit. Using trains of femtosecond laser pulses guided through on-chip waveguides, we achieve deterministic toggle switching in a submicrometre out-of-plane Co/Gd Hall cross patterned directly atop the photonic waveguide. Electrical read-out via the anomalous Hall effect reveals a switching contrast of up to 90% for 500-nm-wide devices. In larger Hall crosses, the contrast decreases and switching becomes stochastic, consistent with spatially non-uniform optical absorption as confirmed by finite-element simulations. This behaviour is hypothetically attributed to domain-wall relaxation and thermally assisted (de)pinning processes within partially switched regions. Our results highlight the critical role of device scaling in achieving robust on-chip all-optical switching of magnetization and establish a foundation for ultrafast, energy-efficient and fully integrated spintronic–photonic platforms.",nature_html,0
Daily briefing: How this year’s super El Niño is different,https://www.nature.com/articles/d41586-026-02915-5,Nature,2026-09-14 00:00:00 UTC,2026-09-14 00:00:00+00:00,10.1038/d41586-026-02915-5,Flora Graham,,,0
Encoded and non-genetic protein variants expand human functional proteome,https://www.nature.com/articles/s41586-026-11124-z,Nature,2026-09-14 00:00:00 UTC,2026-09-14 00:00:00+00:00,10.1038/s41586-026-11124-z,Yitzhak Pilpel,"Each stage of the Central Dogma contributes to proteome diversity through mechanisms such as heterozygosity, somatic mutations, transcriptional errors, and translational errors. As a result, a diverse array of protein variants can coexist within a single proteome, such as that of humans. However, until now, methods to detect, quantify, and evaluate the functional consequences of these variants have been lacking. Here we examined a large-scale proteogenomic dataset from 29 healthy human tissues and uncovered 13,910 confidently localized variants representing 7,215 unique single amino acid substitutions co-existing alongside their corresponding reference proteoforms 1.We found that the abundance of both genetic (SNP’s, somatic mutations) and mistranslated protein variants mirrors their allele frequencies in the human population. Moreover, we show that non-genetic substitutions may provide a distinct route for exploring protein sequence space, circumventing the mutational constraints imposed by the genetic code. In addition, we provide experimental validation of non-genetic substitution on selected purified proteins. We demonstrate specific and recurring non-genetic variation patterns upon amino acid starvation in proteome-wide analyses of cancer-derived cell lines and identify hundreds of substituted non-genetic proteoforms that recur consistently in multiple healthy individuals or map to annotated protein functional sites. We propose that these substitutions constitute a novel class of functional protein phenotypic variants. Collectively, our findings indicate that non-genetic amino acid substitutions in human proteins provide an abundant source to expanding the functional proteome.",nature_html,0
Microwave-to-optical transduction using magnon–exciton coupling,https://www.nature.com/articles/s41563-026-02748-7,Nature Materials,2026-09-14 00:00:00 UTC,2026-09-14 00:00:00+00:00,10.1038/s41563-026-02748-7,Vinod M. Menon,"Quantum networks require coherent interfaces between microwave-frequency quantum systems and low-loss optical links. However, existing microwave–optical transducers often trade conversion efficiency against added noise, bandwidth and device integrability. Here we use magnon–exciton coupling in the layered antiferromagnet CrSBr to realize coherent microwave-to-optical transduction. Unlike previous magnon-based approaches that rely on intrinsically weak off-resonant magneto-optical effects, our scheme exploits strong light–matter interactions at exciton resonances. Driving the antiferromagnetic resonance with microwaves modulates the resonant excitonic susceptibility and generates coherent optical sidebands, detected using homodyne interferometry. Even in a bulk crystal without cavity enhancement, we observe coherent conversion over an intrinsically broadband ~300-MHz window. Multiple exciton–polariton resonances inherit the magnon-coupled response, indicating a route to broaden the usable optical detuning range and mitigate optical dissipation. Magnon-coupled excitons in layered magnets thus offer a scalable platform for broadband microwave–optical interfaces, with higher cooperativity achievable through reduced magnetic volume and cavity integration.",nature_html,0
Minimizing climate change adaptation trade-offs in African rangelands,https://www.nature.com/articles/s41893-026-01938-0,Nature Sustainability,2026-09-14 00:00:00 UTC,2026-09-14 00:00:00+00:00,10.1038/s41893-026-01938-0,Morena Mills,"Climate change is intensifying precipitation variability in southern African rangelands, challenging existing systems of pastoral management. Simultaneously, developments in weather forecast accuracy and access may enable pastoralists to effectively adapt to these conditions. Here we use a spatial agent-based model to study the benefits of weather forecasting for adaptive rangeland management with and without concurrent risk-smoothing interventions that buffer livestock losses during poor rainfall years. Given empirical and projected conditions across seven southern African countries, we show that precipitation variability can reduce average economic well-being and worsen inequality among pastoralists; that, when paired with the adaptive use of weather forecasting, risk-smoothing interventions such as the provision of supplemental fodder can buffer these effects without overstocking; and that risk smoothing is critical for scaling adaptive management practices. Overall, we show how pairing forecasts and risk smoothing can reduce trade-offs inherent to each intervention alone, supporting climate change adaptation at scale.",nature_html,0
Strong Polarons Enable High‐Performance Perovskite Optoelectronic Synaptic Diode Array for In‐Sensor Computing,https://advanced.onlinelibrary.wiley.com/doi/10.1002/adma.74894?af=R,Wiley: Advanced Materials: Table of Contents,2026-09-14 03:51:59 UTC,2026-09-14 03:51:59+00:00,10.1002/adma.74894,Wencai Ren,"ABSTRACT
                  
                    Halide perovskites, with their outstanding photovoltaic properties, are ideal materials for constructing optoelectronic synaptic diodes (OSDs) in in‐sensor computing. High recognition accuracy requires OSDs to generate a large number of photoresponsivity states and have a high light‐to‐dark current ratio (
                    I
                    light
                    /
                    I
                    dark
                    ) for reliable signal discrimination. However, current perovskite OSDs that rely on ion migration and band‐offset barrier to localize carriers are limited by the number of photoresponsivity states (&lt; 300) and
                    I
                    light
                    /
                    I
                    dark
                    (&lt; 10
                    3
                    ). Here, we propose a novel mechanism that utilizes strong polarons in halide perovskites to simultaneously overcome these two limitations. We incorporate a strong polar organic amine, 3,5‐diaminobenzoic acid (mDAC), into MAPbI
                    3
                    to form an mDACPbI
                    4
                    /MAPbI
                    3
                    heterostructure as the active layer of OSDs. The large dipole moment of mDAC enhances the strength of polarons in the heterostructure, which can localize more carriers, thereby achieving 1329 accessible photoresponsivity states and 723 distinguishable photoresponsivity states. Moreover, mDAC suppresses ion migration, improving photovoltaic performance, which enables a high
                    I
                    light
                    /
                    I
                    dark
                    of 10
                    4
                    at 0 V. Both the
                    I
                    light
                    /
                    I
                    dark
                    and the number of photoresponsivity states are among the best reported performance of OSDs. Furthermore, we construct an 11 × 11 flexible crossbar array to demonstrate real time digit recognition, highlighting its potential for in‐sensor vision systems.",crossref,0
Anion‐Programmed Lewis‐Acidity‐Amplified Cellulose Separators for Dual Interphase Regulation in Li||NCM811 Batteries,https://advanced.onlinelibrary.wiley.com/doi/10.1002/adma.75004?af=R,Wiley: Advanced Materials: Table of Contents,2026-09-14 03:54:14 UTC,2026-09-14 03:54:14+00:00,10.1002/adma.75004,Zhaohui Wang,"ABSTRACT
                  
                    Separators in lithium metal batteries are typically treated as passive ion‐transport membranes, despite their strategic position between two unstable electrode‐electrolyte interfaces. Inspired by Lewis acid‐base regulation in liquid/ solid state electrolyte systems, we report an anion‐programmed, separator‐level Lewis acid‐base engineering strategy that uses sequential Lewis acid‐base interaction to amplify another Lewis‐acidity environment. In this design, ZrF
                    6
                    2−
                    anions immobilized on cellulose‐bound Zr
                    4+
                    sites (ZrF‐CNF) redistribute electron density around the Zr
                    4+
                    ‐centered coordination environment, amplifying Lewis acidity while introducing polar fluorinated domains. Such ZrF‐CNF separator couples Li
                    +
                    desolvation/transport with PF
                    6
                    −
                    enrichment/activation, thereby directing anion‐derived interphase formation at both electrodes. In Li||LiNi
                    0.8
                    Mn
                    0.1
                    Co
                    0.1
                    O
                    2
                    (NCM811) cells, ZrF‐CNF separator enables homogeneous Li deposition and a gradient LiF‐rich SEI on lithium metal, while forming a thin, dense LiF‐rich CEI on NCM811 particles. This dual‐interface regulation delivers stable Li||Li cycling over 2400 h at 1 mA cm
                    −2
                    /1 mAh cm
                    −2
                    , and 80.1% capacity retention over 800 cycles in Li||NCM811 cells at 1C. Furthermore, a 2.1 Ah pouch cell with ZrF‐CNF separator delivers an energy density of 383.1 Wh kg
                    −1
                    and retains 94% capacity after 100 cycles at 0.3C. This work moves cellulose separators beyond physical ion transport and establishes a chemically programmable biopolymer framework for stabilizing energy‐dense lithium metal batteries.",crossref,0
Thermo‐Optically Engineered Radiative Cooling Materials With Tailored Thermal Conduction,https://advanced.onlinelibrary.wiley.com/doi/10.1002/adma.75019?af=R,Wiley: Advanced Materials: Table of Contents,2026-09-14 03:56:43 UTC,2026-09-14 03:56:43+00:00,10.1002/adma.75019,Desong Fan,"ABSTRACT
                  Radiative cooling, featuring zero‐energy operation and compatibility with global decarbonization, is a promising route for passive thermal management. Despite major progress over the past few years, advances in radiative cooling have mainly focused on spectral modulation, while the role of thermal conduction in determining practical cooling performance remains far less systematically understood. In fact, different thermal conduction modes can influence radiative cooling in distinct ways by either limiting parasitic heat gain from the environment or enabling heat dissipation from internal sources. Accordingly, radiative cooling materials need to be systematically examined through the lens of tailored thermal conduction. Here, we first analyze the coupling mechanisms between radiative cooling and three different thermal‐conduction modes, namely thermal insulation, enhanced heat conduction, and thermal rectification, and further quantitatively clarify the effects of thermal conduction under different operating conditions, together with the distinct roles of in‐plane and through‐plane thermal transport and system‐level thermal resistance. Building on these mechanisms, we survey recent developments in thermo‐optically engineered radiative cooling materials and their implementation. We further discuss the potential of these different coupling mechanisms in diverse applications. Finally, we identify unresolved challenges and promising research directions for advancing radiative cooling technologies with tailored thermal conduction.",crossref,0
Self‐Passivating Perovskite‐Electrode Interfaces Enabled by Field‐Induced Phase Transformation,https://advanced.onlinelibrary.wiley.com/doi/10.1002/adma.74991?af=R,Wiley: Advanced Materials: Table of Contents,2026-09-14 03:58:00 UTC,2026-09-14 03:58:00+00:00,10.1002/adma.74991,Guangda Niu,"ABSTRACT
                  
                    Halide perovskites are promising semiconductors for optoelectronic and radiation‐detection applications, yet their operational stability is often constrained by dynamically uncontrolled electrode/perovskite interfaces under electrical bias. Here, we report a self‐passivating perovskite–electrode interface enabled by field‐induced phase transformation. Unlike conventional molecular passivation or buffer‐layer engineering, this strategy exploits chemical potential differences among the metal electrode, halide species, and ambient environment to redirect bias‐driven interfacial reactions into adaptive stabilization. Using Bi/FAPbBr
                    3
                    as a model system, we show electrical bias drives a controllable in situ electrochemical transformation that converts the contact into dense, and self‐limiting BiOBr interlayer while preserving the perovskite bulk. This metal oxyhalide layer provides robust interfacial bonding, favorable energy‐level alignment, and ultradense nanometer‐scale barrier against further ionic accumulation and degradation. As a stringent demonstration under kilovolt‐level bias, γ‐ray detectors based on this adaptive junction tolerate up to 1000 V and achieve an energy resolution of 3.6 keV at 122 keV, among the best values reported for perovskite γ‐ray detectors. This work establishes field‐induced interfacial phase transformation as a general strategy for stabilizing perovskite contacts under realistic operating conditions.",crossref,0
Dielectrophoretic Assembly of BaTiO3 Radiative Cooling Textiles for Proactive Urban Cooling,https://advanced.onlinelibrary.wiley.com/doi/10.1002/adma.75018?af=R,Wiley: Advanced Materials: Table of Contents,2026-09-14 04:00:11 UTC,2026-09-14 04:00:11+00:00,10.1002/adma.75018,Jianhua Yan,"ABSTRACT
                  
                    The urban heat island (UHI) effect threatens sustainable urban development. Passive daytime radiative cooling textiles are promising but face a trade‐off between optical performance and mechanical–chemical stability. Here, we report the first use of dielectrophoretic assembly to create a BaTiO
                    3
                    surface‐mineralized fibrous textile with simultaneous high solar reflectance and mechanical flexibility for radiative cooling, and by developing a novel dielectrophoretic assembly method to fabricate a highly flexible, high‐BaTiO
                    3
                    ‐loading fibrous textile. During electrospinning, electric field gradients induce targeted migration and self‐assembly of BaTiO
                    3
                    nanoparticles (NPs) onto fiber surfaces, creating a semi‐exposed architecture that maximizes backward Mie scattering while retaining a flexible polymer core (PVDF‐
                    b
                    ‐PTFE matrix). The resulting textile achieves 96.78% solar reflectance (99.49% in the visible region) and 96.19% atmospheric window emissivity, with a breaking strain of 170%. It delivers a net cooling power of 110.1 W·m
                    −2
                    , reducing surface temperatures by ca. 20°C compared to conventional building walls. Multiscale experiments and Weather Research and Forecasting (WRF) simulations indicate that large‐scale deployment of this conformal cooling textile can modify and, under the modeled conditions, reverse the classical UHI circulation.",crossref,0
Oxygen‐Configuration‐Driven Anionic Redox Regulation for High‐Voltage NaNi1/3Fe1/3Mn1/3O2,https://advanced.onlinelibrary.wiley.com/doi/10.1002/adma.74975?af=R,Wiley: Advanced Materials: Table of Contents,2026-09-14 04:27:35 UTC,2026-09-14 04:27:35+00:00,10.1002/adma.74975,Zhian Zhang,"ABSTRACT
                  
                    To boost the energy density of sodium‐ion batteries (SIBs), elevating the operating voltage (≥4.2 V) of NaNi
                    1/3
                    Fe
                    1/3
                    Mn
                    1/3
                    O
                    2
                    (NFM) cathodes is imperative, while inherently triggers irreversible anion redox reactions (ARR). Unfortunately, the activation mechanism of ARR in NFM has yet to be clearly elucidated, and the targeted regulation remains a significant challenge. Herein, the oxygen redox course in NFM is investigated, and the activation of ARR can be attributed to the generation of □‐O‐□ and □‐O‐Na configurations with high‐energy unhybridized O 2p nonbonding orbitals, which origins from the Fe
                    3+
                    migration from the transition metal layer to the Na layer. To mitigate the formation of ARR‐activated oxygen configurations, a pre‐occupation strategy in the Na layer is proposed to suppress Fe
                    3+
                    migration, which significantly reduces O–O dimerization and oxygen evolution. Meanwhile, the activity and reversibility of Fe redox is markedly improved by the stabilized layered structure. Benefiting from the robust lattice oxygen, the modified sample exhibits excellent cycling performance with an ultrahigh capacity retention up to 70% after 1500 cycles at 5 C. This work establishes a direct link between oxygen configuration evolution and ARR irreversibility and provides a rational design principle for high‐voltage NFM.",crossref,0
Programmed Domain Architectures Enable Ultra‐Low Magnetic Loss in Amorphous Soft Magnets,https://advanced.onlinelibrary.wiley.com/doi/10.1002/adma.74962?af=R,Wiley: Advanced Materials: Table of Contents,2026-09-14 04:30:01 UTC,2026-09-14 04:30:01+00:00,10.1002/adma.74962,Wanjun Jiang,"ABSTRACT
                  Advanced soft magnetic materials with low energy dissipation are essential for efficient power conversion in an increasingly electrified world. The Fe‐based amorphous ribbons are promising candidates owing to their intrinsically low coercivity and high permeability. However, substantial excess loss arising from the inevitable magnetic domain dynamics remains a fundamental barrier to further reducing the energy dissipation. Here, we establish a domain‐engineering strategy that approaches the fundamental limit imposed by eddy‐current dissipation, which is realized by deterministically programming stress‐induced magnetic anisotropy and the resulting domain architecture. In particular, we show that the programmed domain architecture from laser irradiation could reshape magnetization dynamics, resulting in a 72.3% reduction in total loss and a record low value of 30.5  ±  0.6 mW/kg at 50 Hz and 1.3 T. By integrating uniaxial tensile experiments and multiscale simulations, we uncover a direct stress‐anisotropy‐domain‐loss scaling behavior, providing mechanistic clarity into how laser‐induced stress governs magnetic dissipation in amorphous magnets. These findings position domain architecture as a mesoscopic parameter for deterministically reducing the dynamic magnetic losses in amorphous magnets. Our results could potentially accelerate the development of transformative energy conversion technologies that are vital for promoting an electrified and sustainable society.",crossref,0
Asymmetric Laplace Pressure‐Mediated Multiphase Transport Decoupling for High‐Current Density Water Splitting,https://advanced.onlinelibrary.wiley.com/doi/10.1002/adma.75008?af=R,Wiley: Advanced Materials: Table of Contents,2026-09-14 04:33:58 UTC,2026-09-14 04:33:58+00:00,10.1002/adma.75008,Yi‐Ming Yan,"ABSTRACT
                  Inefficient gas management remains a critical bottleneck limiting the scalability of water electrolysis for hydrogen production. Bubble adhesion on electrode surfaces blocks active sites, while gas accumulation in the bulk electrolyte disrupts ionic transport, collectively degrading electrochemical performance and operational stability. Conventional bubble‐management strategies primarily accelerate bubble departure, whereas gas‐diffusion architectures can provide preferential pathways for direct gas removal at the reaction interface. Here, we introduce a multiphase‐orchestrated electrolyzer architecture that physically separates gas management from electrocatalysis by positioning a hollow, gas‐permeable bladder adjacent to a conventional fully wetted electrode. Upon contact with the gas‐venting layer, nascent bubbles experience a wettability‐induced Laplace‐pressure bias and are rapidly transferred into a dedicated gas conduit, truncating bubble growth while preserving liquid access to the electrode. This spatial division of function decouples gas evacuation from electrolyte replenishment without external pumping. Under identical conditions, the optimized RGT architecture achieves up to a 2.1‐fold enhancement in current density in polarization measurements. The resulting modular framework provides an independently tunable strategy for regulating gas–liquid transport in water electrolysis and other gas‐evolving electrochemical systems.",crossref,0
Poly(Alkoxythiophene) Rod‐Coil Block Copolymers for Organic Electrochemical Transistors,https://advanced.onlinelibrary.wiley.com/doi/10.1002/adma.74978?af=R,Wiley: Advanced Materials: Table of Contents,2026-09-14 04:39:30 UTC,2026-09-14 04:39:30+00:00,10.1002/adma.74978,Iain McCulloch,"ABSTRACT
                  Conjugated rod‐coil block copolymers provide a promising route to decouple the optimisation of ionic and electronic transport in organic electrochemical transistors (OECTs). Poly(3‐alkoxythiophene) (P3AOT)‐based rod‐coil block copolymers with precisely tuned polyethylene glycol (PEG), and poly(L‐lactide) (PLLA) coil blocks are synthesised through a modular approach combining Kumada coupling transfer polymerisation (KCTP) and Knoevenagel condensation. An evaluation of the thin film morphology and subsequent OECT performance of a range of rod‐coil copolymers reveals that device performance can be enhanced compared to the corresponding homopolymer, establishing rod‐coil block copolymers as a versatile material platform and providing fundamental insight for the use of block copolymer in OECTs.",crossref,0
Vectorial Metasurfaces Designed via Identical‐Scatterer and Intelligent‐Algorithm Schemes for Free Manipulation of On‐Chip Sources,https://advanced.onlinelibrary.wiley.com/doi/10.1002/adma.74999?af=R,Wiley: Advanced Materials: Table of Contents,2026-09-14 05:25:12 UTC,2026-09-14 05:25:12+00:00,10.1002/adma.74999,Jianjun Chen,"ABSTRACT
                  Metasurfaces have exhibited huge potential for manipulating fields of on‐chip light sources. It is known that the scattering properties of nano‐scatterers depend not only on the diverse incident directions of the excited in‐plane waveguide modes but also on the in‐plane orientations of nano‐scatterers. This greatly complicates the design of metasurfaces for freely manipulating fields of on‐chip light sources. Herein, we propose an identical‐scatterer scheme to make the scattering properties of each nano‐scatterer independent of the various in‐plane incident directions of on‐chip sources. Then, a self‐discretizing iterative computational holographic intelligent algorithm is developed to arrange identical nano‐scatterers to create vectorial metasurfaces for free manipulation of on‐chip sources. Experimentally, we demonstrate not only eight independent emission beams, each with its own emission direction and polarization state, exhibiting round and near‐diffraction‐limited profiles (divergence ≈ 1.0°) with high polarization purities (91%–99%), but also complex emission patterns with different emission directions and polarization states.",crossref,0
Tailoring Local Sodium Coordination Toward High Initial Coulombic Efficiency Na4Fe3(PO4)2P2O7 Cathodes,https://advanced.onlinelibrary.wiley.com/doi/10.1002/adma.75014?af=R,Wiley: Advanced Materials: Table of Contents,2026-09-14 05:29:02 UTC,2026-09-14 05:29:02+00:00,10.1002/adma.75014,Zhian Zhang,"ABSTRACT
                  
                    The phosphate cathode Na
                    4
                    Fe
                    3
                    (PO
                    4
                    )
                    2
                    P
                    2
                    O
                    7
                    (NFPP) is promising for large‐scale sodium‐ion batteries (SIBs) due to its stability and safety. However, its capacity is limited by first‐cycle irreversible Na loss, and the fundamental structural origin remains incompletely understood. Here we identify that the extraction of insufficiently occupied five‐coordinated Na3 sites induces strong electrostatic repulsion, causing irreversible structural rearrangement and hindering sodium reinsertion, thereby affecting the initial Coulombic efficiency (ICE). Based on this, rapid cooling was employed to reconfigure the initial thermodynamic occupancy of NFPP, achieving the intrinsic trapping of high‐energy Na3 sites and reinforcing the local Na─O─P bonding strength. This reinforced initial configuration imposes spatial constraints on the P
                    2
                    O
                    7
                    polyhedron, enabling reversible elastic twisting during the desodiation process. Theoretical calculations further indicate that this localized sodium coordination regulation lowers the reinsertion energy barrier and stabilizes Na3‐related redox processes. Consequently, the optimized sample exhibits high sodium utilization and an ICE of 94.9% (vs. 86.3% for slow cooling), with 86.9% capacity retention after 10 000 cycles at 10 C. Furthermore, the corresponding cylindrical cell demonstrates excellent long‐cycle stability and wide temperature adaptability (−40°C to 55°C). These findings provide a strategy for tailoring local sodium coordination to overcome inherent capacity limitations for high‐efficiency, long‐lifespan SIBs.",crossref,0
Ultrafast All‐Solid‐State Electrochromic Devices for Multicolor Displays,https://advanced.onlinelibrary.wiley.com/doi/10.1002/adma.75007?af=R,Wiley: Advanced Materials: Table of Contents,2026-09-14 05:29:10 UTC,2026-09-14 05:29:10+00:00,10.1002/adma.75007,Yan Jun Liu,"ABSTRACT
                  
                    All‐solid‐state electrochromic devices (ASSECDs) hold tremendous potential for emerging display technologies. However, achieving sufficiently fast switching for modern display applications remains a significant challenge. Herein, we report an interfacial engineering strategy that synergistically optimizes both electron transfer and ion compensation processes to realize ultrafast‐response ASSECDs. Through surface immobilization of rationally designed dual‐chromophore extended viologen derivative
                    2BTB‐2POH
                    on TiO
                    2
                    ‐modified electrodes combined with a succinonitrile‐based solid‐state electrolyte, the device achieves unprecedented response times of 0.16 s for coloration and 0.40 s for bleaching, representing the fastest switching speeds reported to date for all‐solid‐state electrochromic systems. Furthermore, the device demonstrates a high optical contrast (Δ
                    T
                    = 65.1%), an exceptionally high coloration efficiency (708.9 cm
                    2
                    /C), and robust cycling stability (&gt;10,000 cycles with 91.1% retention). By rationally tuning the chromophore structure of viologens (
                    2BBAr‐2POH
                    and
                    2BTD‐2POH
                    ), we extend this strategy to multicolor systems covering a red‐green‐blue (RGB) primary‐color demonstration, and successfully fabricate patterned display prototypes with dynamic display demonstrations. This work establishes a viable pathway toward high‐performance ASSECDs for next‐generation display applications.",crossref,0
Trifunctional Synergy of Host‐Catalysis‐Interface Engineering for Ultrastable Lithium Metal Batteries,https://advanced.onlinelibrary.wiley.com/doi/10.1002/adma.75023?af=R,Wiley: Advanced Materials: Table of Contents,2026-09-14 05:31:47 UTC,2026-09-14 05:31:47+00:00,10.1002/adma.75023,Jincang Su,"ABSTRACT
                  
                    Utilizing ultrathin lithium metal batteries (LMBs) is highly promising for next‐generation energy storage, offering exceptional energy density and enhanced safety. However, their widespread adoption is severely hindered by poor Li plating/stripping reversibility and unstable electrode/electrolyte interfaces. In this study, an architectured current collector (CC) is designed by integrating a three‐dimensional (3D) conductive host co‐functionalized with single‐atomic Zn sites and Ag nano‐clusters (Zn
                    1
                    ‐Ag
                    
                      n
                    
                    @CP) dual active sites in conjunction with a prelithiation protocol. Advanced in situ/operando characterizations combined with density functional theory (DFT) calculations reveal that single‐atom Zn and Ag clusters effectively modulate charge distribution within the CP matrix, thereby promoting uniform Li‐ion flux and fast reaction kinetics. Specifically, Zn
                    1
                    ‐Ag
                    
                      n
                    
                    @CP induces the formation of an inorganic‐rich solid‐electrolyte interphase (SEI) that suppresses dendrite growth, while the Ag clusters catalyze solvent decomposition to generate a compact cathode‐electrolyte interphase (CEI) that limits transition metal (TM) ion migration and reinforces cathode structural stability. Consequently, the well‐orchestrated Zn
                    1
                    ‐Ag
                    
                      n
                    
                    @CP achieves reversible Li deposition with a high Coulombic efficiency (CE) of 99.91% over 900 cycles. When paired with a LiNi
                    0.8
                    Co
                    0.1
                    Mn
                    0.1
                    O
                    2
                    cathode, the system retains substantial reversible capacity after 1000 cycles at 5 C with a high CE of 99.58%, highlighting the efficacy of the integrated “host‐catalysis‐interface” synergistic strategy for high‐rate LMBs.",crossref,0
A Defect‐Engineered Sono‐Piezocatalytic In Situ Hydrogel for Preventing Hepatocellular Carcinoma Recurrence After Incomplete Radiofrequency Ablation,https://advanced.onlinelibrary.wiley.com/doi/10.1002/adma.75010?af=R,Wiley: Advanced Materials: Table of Contents,2026-09-14 05:34:14 UTC,2026-09-14 05:34:14+00:00,10.1002/adma.75010,Fei Yan,"ABSTRACT
                  
                    Residual tumor cells and the immunosuppressive microenvironment caused by incomplete radiofrequency ablation (iRFA) lead to hepatocellular carcinoma (HCC) recurrence. In this study, HA‐V‐MTO/LMP@Gel, an injectable sono‐piezocatalytic hydrogel, is developed for local treatment of HCC after iRFA. It combines hyaluronic acid‐modified, oxygen vacancy‐engineered Mn–Ti metal–organic framework nanosheets (HA‐V‐MTO) with reactive oxygen species (ROS)‐responsive liposomes co‐loaded with STING agonist MSA‐2 and an anti‐PD‐1 antibody (LMP) within a thermosensitive chitosan/β‐glycerophosphate (CS/β‐GP) hydrogel. Oxygen‐vacancy engineering lowers the O
                    2
                    adsorption energy from 0.187 to −2.559 eV and raises the piezoelectric coefficient
                    d
                    33
                    from 35.36 to 108.73 pm V
                    −1
                    . Under ultrasound, HA‐V‐MTO generates ROS through sono‐piezocatalysis, with an additional Fenton‐like reaction from the Mn‐containing framework. The resulting oxidative stress induces mitochondrial injury and promotes cytosolic mtDNA release, thereby facilitating cGAS‐mediated STING activation. ROS‐mediated LMP destabilization releases MSA‐2, which further enhances STING signaling. The hydrogel undergoes temperature‐triggered gelation for sustained local release. In a post‐iRFA model, HA‐V‐MTO/LMP@Gel + US raises intratumoral IFN‐β 7.9‐fold, increases the proportion of mature dendritic cells to 50.8% and that of intratumoral CD8
                    +
                    T cells to 26.5%, suppresses residual regrowth, prolongs survival, and protects against tumor rechallenge. This work presents a locally retained sono‐piezocatalytic system that couples tumor killing with STING‐driven immune activation after iRFA.",crossref,0
Photoacoustic Nanotagging for In Vivo Tracking and Optimization of Macrophage Immunotherapy in Solid Tumors,https://advanced.onlinelibrary.wiley.com/doi/10.1002/adma.74976?af=R,Wiley: Advanced Materials: Table of Contents,2026-09-14 05:38:54 UTC,2026-09-14 05:38:54+00:00,10.1002/adma.74976,Stanislav Y. Emelianov,"ABSTRACT
                  Macrophage‐based immunotherapy holds promise for solid tumors, yet critical limitations remain such as narrow insight into their in vivo localization and persistence of therapeutic macrophages for assessing their treatment efficacy. We report an immunostimulatory macrophage nanotagging strategy for image‐guided optimization of macrophage‐based solid tumor immunotherapy. Nanotags employ the branched gold nanostructure for efficient absorption in the near‐infrared range for photoacoustic contrast. Subsequent conjugation with interferon gamma (IFNγ) confers macrophage polarization capability into an antitumor phenotype that is superior to free IFNγ without sacrificing the viability. Following systemic administration, nanotagged macrophages are non‐invasively monitored using ultrasound‐guided photoacoustic (US/PA) imaging enabling localization of the infused macrophages and their persistence in the solid tumor mass in real‐time. Based on the observed limited persistence of systemically administered macrophages, lipopolysaccharide is introduced as a local supportive agent. The combination approach enhances macrophage retention and therapeutic efficacy. Rechallenged mice remain tumor‐free, indicating adaptive immune memory. Together, this approach offers a platform for longitudinal monitoring of therapeutic macrophages and imaging‐guided optimization of macrophage‐based solid tumor immunotherapy.",crossref,0
Geometry-driven jets underlie dispersal of plants and fungi by raindrops,https://www.pnas.org/doi/abs/10.1073/pnas.2621491123?mi=eymic2&af=R&access=on&content=articlesChapters&publication=pnas&sortBy=Earliest&target=default,Proceedings of the National Academy of Sciences: Keyword search for query,2026-09-14 07:00:00 UTC,2026-09-14 07:00:00+00:00,10.1073/pnas.2621491123,Arezki Boudaoud,"The impact of droplets on concave surfaces is poorly understood, although it is relevant to a mode of dispersal of reproductive units that has evolved independently in several species of plants and fungi. This mode of dispersal relies on splash-cups, specialized organs that use raindrops to disperse reproductive units away from the parent organism. We investigated the impact of droplets on conical cavities that mimic splash-cups. We observed the formation of two types of jets, lateral and upward, which appear relevant to dispersal in plants and in fungi, respectively. We built a minimal kinematic model that explains jet formation, involving the motion of fluid particles along geodesics that geometrically focus on the cone surface. We used this model to predict cup angles that optimize jet formation and obtained two separate maxima for lateral and upward jets consistent with the geometries of natural splash-cups. Altogether, our work provides a geometric framework to study impact of droplets on nonflat surfaces and illustrates physical constraints underlying plant and fungal morphogenesis.",crossref,0
The largest support to escape chaos in random multiplicative functions,https://www.pnas.org/doi/abs/10.1073/pnas.2618812123?mi=eymic2&af=R&access=on&content=articlesChapters&publication=pnas&sortBy=Earliest&target=default,Proceedings of the National Academy of Sciences: Keyword search for query,2026-09-14 07:00:00 UTC,2026-09-14 07:00:00+00:00,10.1073/pnas.2618812123,Max Wenqiang Xu,"Let
                    
                      
                        
                          f
                          (
                          n
                          )
                        
                      
                    
                    be a Steinhaus random multiplicative function and let
                    
                      
                        
                          A
                          ⊂
                          [
                          1
                          ,
                          N
                          ]
                        
                      
                    
                    be a finite set of integers. We show that convergence of
                    
                      
                        
                          
                            
                              |
                              A
                              |
                            
                            
                              −
                              1
                              /
                              2
                            
                          
                          
                            ∑
                            
                              n
                              ∈
                              A
                            
                          
                          f
                          
                            (
                            n
                            )
                          
                        
                      
                    
                    to a standard complex normal distribution forces
                    
                      
                        
                          |
                          A
                          |
                          =
                          o
                          (
                          N
                          )
                        
                      
                    
                    . We prove that this zero-density condition is sharp: For most sets
                    
                      
                        A
                      
                    
                    of density
                    
                      
                        ρ
                      
                    
                    , and hence for some such sets, a complex Gaussian limit holds whenever
                    
                      
                        
                          
                            
                              (
                              1
                              −
                              ρ
                              )
                            
                            
                              −
                              1
                            
                          
                          =
                          o
                          
                            (
                            
                              
                                (
                                log
                                log
                                N
                                )
                              
                              
                                1
                                /
                                2
                              
                            
                            )
                          
                        
                      
                    
                    . However, for positive density, the correct normalization is
                    
                      
                        
                          
                            (
                            1
                            −
                            ρ
                            )
                            |
                            A
                            |
                          
                        
                      
                    
                    rather than
                    
                      
                        
                          
                            |
                            A
                            |
                          
                        
                      
                    
                    . Thus, the additional factor
                    
                      
                        
                          
                            1
                            −
                            ρ
                          
                        
                      
                    
                    is nontrivial precisely when the density does not tend to zero.",crossref,0
SelO functions as a tumor suppressor through AMPylating Cdk5rap3,https://www.pnas.org/doi/abs/10.1073/pnas.2617361123?mi=eymic2&af=R&access=on&content=articlesChapters&publication=pnas&sortBy=Earliest&target=default,Proceedings of the National Academy of Sciences: Keyword search for query,2026-09-14 07:00:00 UTC,2026-09-14 07:00:00+00:00,10.1073/pnas.2617361123,Ting Wang,"Cell fate is governed by signaling pathways involving diverse protein modifications. However, how protein AMPylation mediates signal transduction in mammalian cells remains largely unexplored. We demonstrate that the protein adenylyltransferase, SELENOO (SelO), is induced by chemotherapy, and has clinical relevance in cancer. In mice, SelO knockout facilitates primary tumor development and metastasis. In cancer cells, the cytosolic fraction of SelO suppresses cell proliferation and migration. Mechanistically, SelO AMPylates CDK5 regulatory subunit-associated protein 3 (Cdk5rap3) at T328, enhancing its interaction with ARF. The interaction competitively reduces ARF associated with the SUMOylation enzyme UBC9, reducing ARF-mediated SUMO1 modifications of Mdm2 and Slug. Concurrently, the strengthened Cdk5rap3–ARF affinity decreases Cdk5rap3 associated with PPM1D, impairing the ability of PPM1D to dephosphorylate Mdm2. These effects collectively lead to destabilization of Mdm2 and Slug proteins, suppressing their downstream pathways relating to cell proliferation and TGF-β-mediated migration. These findings reveal a role for protein AMPylation in cell signaling and cancer progression.",crossref,0
Visible light leaves evaporation and interfacial structure of neat water unchanged at the air–water interface,https://www.pnas.org/doi/abs/10.1073/pnas.2615377123?mi=eymic2&af=R&access=on&content=articlesChapters&publication=pnas&sortBy=Earliest&target=default,Proceedings of the National Academy of Sciences: Keyword search for query,2026-09-14 07:00:00 UTC,2026-09-14 07:00:00+00:00,10.1073/pnas.2615377123,Mischa Bonn,"Visible light-induced “photomolecular” enhancement of water evaporation has been proposed as a fundamentally new mode of light–matter interaction at aqueous interfaces, with far-reaching implications for climate processes and light-driven water technologies. Yet, the response of neat interfacial water to visible photons has not been directly quantified at both macroscopic and molecular scales. Here, we combine high-precision confocal displacement measurements with a surface-specific vibrational probe that detects the OH-stretch vibrations of interfacial water molecules with subnanometer depth sensitivity, allowing us to resolve even subtle blue shifts of the hydrogen-bonded continuum and changes in the amplitude and position of the free-OH peak that report on interfacial hydrogen-bond strength and molecular orientation. This approach enables us to track both evaporation kinetics and molecular structure at the air–water boundary. Continuous 450, 532, and 635 nm illumination leaves the macroscopic evaporation rate unchanged over a wide range of humidities, while the interfacial vibrational spectra show no detectable modification of water hydrogen-bonding or molecular orientation under identical environmental conditions. To directly test a nonthermal, field-driven mechanism, we further exposed the interface to femtosecond visible and near-infrared pulses spanning 515, 800, and 1030 nm; the peak intensities were increased by more than ten orders of magnitude, and no structural change was observed. Together, these measurements show that the neat air–water interface is remarkably insensitive to visible irradiation, implying that any substantial light-enhanced evaporation is most consistent with photothermal or geometric effects in complex materials rather than from a new, nonthermal and nonresonant pathway intrinsic to liquid water.",crossref,0
Plant fiber exploitation contributed to the emergence of ground-edged cutting tools in North China,https://www.pnas.org/doi/abs/10.1073/pnas.2608882123?mi=eymic2&af=R&access=on&content=articlesChapters&publication=pnas&sortBy=Earliest&target=default,Proceedings of the National Academy of Sciences: Keyword search for query,2026-09-14 07:00:00 UTC,2026-09-14 07:00:00+00:00,10.1073/pnas.2608882123,Xiaoying Wu,"Ground-edged cutting tools are widely regarded as technological hallmarks of early agriculture in North China, commonly hypothesized to have been developed primarily for cereal harvesting. Yet the functional foundations of this innovation remain insufficiently tested. This study integrates use-wear and microfossil analyses of 140 stone tools from the Peiligang site, with experimental data, to reassess their roles within long-term trajectories of technological change from the Late Paleolithic to the Early Neolithic. Upper Paleolithic flaked tools were multifunctional implements used for processing diverse plant and animal materials, and Early Neolithic flakes continued to serve similarly flexible roles. In contrast, Early Neolithic ground-edged tools show marked specialization in plant-related tasks. Microfiber and starch residues, combined with use-wear evidence, indicate that ground-edged sickles and knives were used not only for plant foods but also for harvesting and processing fibrous plants. Experiments show that ground-edged tools were only slightly more efficient than flakes for cutting narrow-stemmed grasses but substantially more effective for fiber-yielding plants with tougher stems and thick-stemmed weeds. These findings indicate that ground-edged cutting tools emerged through broader functional demands, including fiber production, and potentially vegetation clearance, rather than cereal harvesting alone. By identifying nonfood plant labor as an important driver of technological specialization, this study reframes the emergence of ground-edged tools as part of a broader technological and economic reorganization in early Holocene East Asia.",crossref,0
Maintaining transcriptome solubility constrains mRNA sequence composition,https://www.pnas.org/doi/abs/10.1073/pnas.2622980123?mi=eymic2&af=R&access=on&content=articlesChapters&publication=pnas&sortBy=Earliest&target=default,Proceedings of the National Academy of Sciences: Keyword search for query,2026-09-14 07:00:00 UTC,2026-09-14 07:00:00+00:00,10.1073/pnas.2622980123,Ankur Jain,"RNA is built from a four-nucleotide alphabet. Complementary sequences inevitably arise, creating pervasive opportunities for promiscuous RNA–RNA interactions. Here, we show that this chemistry makes the transcriptome intrinsically prone to self-association. We simulated the simultaneous interactions of ~7,500 mRNAs representing the
                    Escherichia coli
                    transcriptome at physiological concentrations. These large-scale simulations predict widespread, dynamic clustering driven by RNA alone and organized by long, multivalent transcripts. Purified mRNA recapitulates this behavior in vitro, with aggregate composition mirroring model predictions. Strikingly, native mRNA sequences are markedly less prone to self-association than matched randomized controls: They fold more stably, expose shorter single-stranded regions, and form weaker intermolecular contacts. Similar signatures are observed in abundant human mRNAs, suggesting that evolution has shaped coding sequences to minimize self-association. These findings identify transcriptome solubility as an unrecognized constraint on mRNA sequence evolution and provide a framework for understanding how cells keep their transcriptomes dispersed and functional.",crossref,0
Bioinspired fabric architecture harnessing anisotropy for omnidirectional mechanical protection,https://www.pnas.org/doi/abs/10.1073/pnas.2608431123?mi=eymic2&af=R&access=on&content=articlesChapters&publication=pnas&sortBy=Earliest&target=default,Proceedings of the National Academy of Sciences: Keyword search for query,2026-09-14 07:00:00 UTC,2026-09-14 07:00:00+00:00,10.1073/pnas.2608431123,Kun Zhou,"Powder bed fusion (PBF)-printed fiber-reinforced composites often exhibit powder-recoating-induced anisotropy, resulting in direction-dependent mechanical behavior that limits reliability under multidirectional loading. Inspired by the surface-following alignment of enamel rods in tooth enamel, we develop a fabric architecture that integrates build-orientation-controlled fiber alignment with a staggered interlocking topology of cubic unit cells. By optimizing build orientation and leveraging its shape-adaptive structural feature, this bioinspired architecture enables surface-following reinforcement, thereby harnessing anisotropy and achieving spatially uniform mechanical enhancement. Vacuum-confinement-induced jamming further enhances strength and energy absorption, while shifting the postyield response from bending-dominated deformation to friction-governed tilting of the interlocked unit cells, improving recovery ratio and overcoming the conventional trade-off between strength and recoverability. Consequently, this architecture demonstrates 1.85× higher specific strength and 1.92× higher specific energy absorption than the nonoptimized reference without vacuum confinement, ranking it among the leading lightweight load-bearing and energy-absorbing architectures. Additionally, the proposed fabric architecture delivers spatially uniform mechanical protection, a capability that remains challenging to achieve using conventional PBF-printed fiber-reinforced architectures. This work introduces a synergistic strengthening strategy that integrates structural design, process control, and external confinement. Importantly, we propose a general architecture-driven design paradigm that transforms mechanical anisotropy from a limitation into a performance advantage. The resulting fabric architecture delivers high-performance omnidirectional mechanical protection across diverse applications, such as protective casings of sensitive underwater systems and shape-adaptive protective covers.",crossref,0
Structural underpinnings of human Slo1 inhibition by scorpion and fungal toxins,https://www.pnas.org/doi/abs/10.1073/pnas.2606537123?mi=eymic2&af=R&access=on&content=articlesChapters&publication=pnas&sortBy=Earliest&target=default,Proceedings of the National Academy of Sciences: Keyword search for query,2026-09-14 07:00:00 UTC,2026-09-14 07:00:00+00:00,10.1073/pnas.2606537123,Sandipan Chowdhury,"Slo1 channels regulate key electrochemical signaling events in a variety of excitable and nonexcitable cells. Here, we have investigated the mechanisms by which distinct small molecules inhibit human Slo1 (hSlo1) channel activity using single-particle cryo-EM, liposome flux, and toxin-binding assays. We find that unlike classical permeation blockers like scorpion toxins, indole diterpene (ID) class of fungal mycotoxins, paxilline and penitrem A, are ensconced in a binding pocket, deep within the putatively closed hSlo1 pore and sterically restrict its opening. Binding of paxilline to its gating inhibition site dramatically slows dissociation of a fluorescent charybdotoxin derivative, via an allosteric mechanism that likely involves a key residue on the S5 helix (W246). Although four paxilline molecules may concurrently engage the hSlo1 pore, binding of &lt;4 molecules is sufficient for efficacious inhibition of channel opening but inefficient at arresting toxin dissociation. We also find evidence that under divalent and ID free conditions, the ID binding pocket of hSlo1 is occluded by lipids that extend into the hSlo1 pore lumen through interhelical crevices that become constricted in the divalent bound open state. These lipids may not only competitively regulate ID binding but also tune the energetics of channel gating, sterically or by altering the hydration state of the pore vestibule. Our study provides a framework to understand fundamental Slo1 gating mechanisms and aid future developments of therapeutically beneficial small molecule Slo1 inhibitors.",crossref,0
A further modification of the elastic field of an edge dislocation is incorrect,https://www.pnas.org/doi/abs/10.1073/pnas.2623360123?mi=eymic2&af=R&access=on&content=articlesChapters&publication=pnas&sortBy=Earliest&target=default,Proceedings of the National Academy of Sciences: Keyword search for query,2026-09-14 07:00:00 UTC,2026-09-14 07:00:00+00:00,10.1073/pnas.2623360123,Dallas R. Trinkle,,,0
Structure and function of TM6SF1 reveals role in mTORC1 signaling,https://www.pnas.org/doi/abs/10.1073/pnas.2622424123?mi=eymic2&af=R&access=on&content=articlesChapters&publication=pnas&sortBy=Earliest&target=default,Proceedings of the National Academy of Sciences: Keyword search for query,2026-09-14 07:00:00 UTC,2026-09-14 07:00:00+00:00,10.1073/pnas.2622424123,Xiaochun Li,"The transmembrane 6 superfamily (TM6SF) comprises two members: TM6SF1, a ubiquitously expressed lysosomal membrane protein of unknown function, and TM6SF2, an endoplasmic reticulum protein required for bulk lipidation of Apolipoprotein B–containing lipoproteins. Here, we used cryo-electron microscopy (cryo-EM) to determine the structure of human TM6SF1 at 2.9-Å resolution. TM6SF1 forms a polytopic homodimer, with each protomer comprising 10 transmembrane helices (TMs). TMs 1–6 form a pocket that accommodates a cholesterol molecule. Cell-based assays revealed that loss of TM6SF1 perturbs mTORC1 signaling, resulting in reduced phosphorylation of S6 kinase 1 and 4E-BP1 and constitutive activation of transcription factor EB (TFEB), and that cholesterol is required for these effects. Biochemical analyses support the model that TM6SF1 directly engages LAMTOR1, a component of Ragulator complex, in a cholesterol-dependent manner. Together, these findings identify TM6SF1 as a lysosomal cholesterol binding protein involved in regulating mTORC1 signaling.",crossref,0
Diffusion of neuromodulators for temporal credit assignment,https://www.pnas.org/doi/abs/10.1073/pnas.2608831123?mi=eymic2&af=R&access=on&content=articlesChapters&publication=pnas&sortBy=Earliest&target=default,Proceedings of the National Academy of Sciences: Keyword search for query,2026-09-14 07:00:00 UTC,2026-09-14 07:00:00+00:00,10.1073/pnas.2608831123,Roxana Zeraati,"Biological learning achieves temporal credit assignment despite sparse and imprecise feedback, often relying on neuromodulatory signals acting over space and time. Here, we introduce a learning mechanism in which error information diffuses locally through the network, similar to volume transmission of neuromodulators. This distributed modulation allows neurons to learn even in the absence of direct feedback, using the local concentration of the diffusing credit signal. Applied to recurrent spiking neural networks with sparse feedback connectivity, diffusive credit signaling improves learning across three benchmark tasks. Using eligibility propagation as a baseline, we show how diffusion-based modulation can provide a plausible mechanism for credit assignment in sparsely connected neural circuits.",crossref,0
Developmental plasticity has important implications for plant domestication research,https://www.pnas.org/doi/abs/10.1073/pnas.2625643123?mi=eymic2&af=R&access=on&content=articlesChapters&publication=pnas&sortBy=Earliest&target=default,Proceedings of the National Academy of Sciences: Keyword search for query,2026-09-14 07:00:00 UTC,2026-09-14 07:00:00+00:00,10.1073/pnas.2625643123,Kristen J. Gremillion,,,0
Rainfall extremes drive cocoa yield losses across the tropics,https://www.pnas.org/doi/abs/10.1073/pnas.2606123123?mi=eymic2&af=R&access=on&content=articlesChapters&publication=pnas&sortBy=Earliest&target=default,Proceedings of the National Academy of Sciences: Keyword search for query,2026-09-14 07:00:00 UTC,2026-09-14 07:00:00+00:00,10.1073/pnas.2606123123,Peter Huybers,"There is a growing need for human-centered weather and climate forecasts that provide actionable information to farmers and other stakeholders. Cocoa, which sustains the livelihoods of nearly six million smallholder farmers, illustrates this need: Recent production shortfalls have threatened incomes, yet their underlying causes remain unclear, with explanations invoking both climatic and nonclimatic factors. Here we show that heavy rainfall, rather than temperature or mean water availability, is the dominant climatic constraint on cocoa yields across major producing regions. Using newly available district-level production records from Ghana combined with daily rainfall and temperature data, we find that excess wet-season rainfall and dry-season drought together explain 68% of interannual yield variability. National yield data from Ecuador and Indonesia also give a consistent negative response to heavy rainfall, indicating a common mechanism across the tropics, likely linked to damage and disease risks associated with intense precipitation during key phenological stages. Because rainfall extremes covary with El Niño and other sea surface temperature patterns, and there is a robust physical expectation of increases in rainfall extremes with warming, these results provide a physical basis for risk forecasts. By shifting attention from average climate conditions to extreme precipitation, we highlight an underappreciated constraint on a perennial tropical crop and identify opportunities for adaptation and forecast-informed decision-making.",crossref,0
"Housing tenure, climate resilience, and ecological segregation",https://www.pnas.org/doi/abs/10.1073/pnas.2422764123?mi=eymic2&af=R&access=on&content=articlesChapters&publication=pnas&sortBy=Earliest&target=default,Proceedings of the National Academy of Sciences: Keyword search for query,2026-09-14 07:00:00 UTC,2026-09-14 07:00:00+00:00,10.1073/pnas.2422764123,Marina Bergen Jensen,"A key challenge to ensuring no one is left behind in the green transition lies in the persistent segregation of urban populations and the unequal distribution of environmental costs and benefits. Residential segregation has long reinforced socioeconomic and racialized disparities, and climate change introduces new dimensions to these injustices as adaptation policies increasingly shift financial and environmental burdens onto marginalized communities. While housing plays a central role in shaping exposure and resilience, the role of housing tenure—especially ownership arrangements beyond market logic—has received limited attention in just green transitions research. This study addresses this gap through a political ecology approach, combining spatial and policy analysis to examine the origins, distribution, and impacts of climate adaptation costs within Copenhagen’s not-for-profit housing sector. Focusing on Hørgården, a stigmatized neighborhood targeted by Denmark’s Parallel Society Law, the study shows how one-size-fits-all adaptation policies can inadvertently exacerbate existing urban inequalities. Findings highlight a missing link related to technomanagerialism, revealing how the interaction between housing tenure, segregation, and climate adaptation financing places disproportionate burdens on marginalized communities. The analysis identifies how institutional silos—particularly between technical and social policy domains—obscure structural drivers of inequality and produce uneven resilience outcomes. The paper offers a theoretical contribution by conceptualizing technomanagerialism as a critical yet overlooked mechanism of inequality within not-for-profit housing systems. It extends debates on climate burdens beyond market-based housing to demonstrate how inequalities become embedded even within ostensibly equitable systems, ultimately reinforcing patterns of urban segregation.",crossref,0
"From past, persisting, and consolidating ecologies of segregation to ecologies of repair",https://www.pnas.org/doi/abs/10.1073/pnas.2422767122?mi=eymic2&af=R&access=on&content=articlesChapters&publication=pnas&sortBy=Earliest&target=default,Proceedings of the National Academy of Sciences: Keyword search for query,2026-09-14 07:00:00 UTC,2026-09-14 07:00:00+00:00,10.1073/pnas.2422767122,Christopher J. Schell,"Across the United States and Europe, urban and periurban spaces have historically been shaped by land dispossession and enclosure that systematically exclude marginalized, non-White communities from the benefits of society, including access to nature. These dynamics, which have played out and perdured over centuries as part of historic land dispossession and recent green racial capitalism, form the bedrock of contemporary urban segregation and socioecological inequalities. As a result, we see that minoritized and low-wealth groups continue to be deprived of ecological resources and suffer perturbations and loss in urban ecosystem functions and balances. This piece examines the complex relationship between segregation and urban ecologies, drawing on examples from the United States and Europe. We identify five concurrent pathways through which exclusionary land use results in unequal urban ecologies that undermine both social well-being and ecological health. In doing so, we explore how legacies of racial capitalism, colonialism, and segregation create ecologically unbalanced urban landscapes and ecosystems and entangle periurban and rural areas in unequal urbanization. We conclude by advocating for emancipatory and reparative planning practices that confront unequal ecologies and green racial capitalism. These integrate reparations, community-led solutions, equitable green infrastructure, and a radical rethinking of exclusionary socioecological systems.",crossref,0
Conceptualizing racial inequalities and injustice in social–ecological systems: A foundation for ecology of segregation,https://www.pnas.org/doi/abs/10.1073/pnas.2422769122?mi=eymic2&af=R&access=on&content=articlesChapters&publication=pnas&sortBy=Earliest&target=default,Proceedings of the National Academy of Sciences: Keyword search for query,2026-09-14 07:00:00 UTC,2026-09-14 07:00:00+00:00,10.1073/pnas.2422769122,Steward T. A. Pickett,"Segregation, or social–economic inequity across space, is a widespread phenomenon. What can ecology, with its fundamental concern for spatial heterogeneity, contribute conceptually and practically to issues of segregation? And what can urban ecology learn? The relationships of four established perspectives about environmental inequity and injustice can help answer these questions. All the perspectives acknowledge the social construction of race and similar rankings. Patterns and drivers of segregation originate in extractive capitalism, colonialism, settler colonialism, and unfree labor, and have stimulated a long history of work in environmental justice. A comprehensive framework of environmental justice pattern and processes illustrate the complexity of inequity. The framework begins with a two-dimensional matrix identifying different dimensions of inequity. The conceptual dimensions can be applied to real cases to expose a temporal dynamic. Examples from Baltimore MD, show how the dynamic interactions contribute to larger social–ecological systems that explain the origin and change of segregation in specific places over time. This integration of ecology and broadly social processes is newly emerging. Mechanisms and social–ecological outcomes of segregation based on race are drawn from long-term research in a segregated US metropolitan area. These place-based examples are embedded in broader, globally relevant expressions of segregation that encompass city, suburban, and rural places.",crossref,0
Multiple drivers and long-term patterns of the ecology of segregation in Latin America,https://www.pnas.org/doi/abs/10.1073/pnas.2422774122?mi=eymic2&af=R&access=on&content=articlesChapters&publication=pnas&sortBy=Earliest&target=default,Proceedings of the National Academy of Sciences: Keyword search for query,2026-09-14 07:00:00 UTC,2026-09-14 07:00:00+00:00,10.1073/pnas.2422774122,Olga Barbosa,"Segregation is a multidimensional phenomenon deeply entwined with historical, social, and ecological contexts. The ecology of segregation framework explores how social norms institutionalize racism, classism, and power dynamics to drive inequitable patterns of environmental benefits and hazards. The ecology of segregation has thus far been applied in the Global North, yet is relevant but not as well studied in the Global South and specifically Latin America. More work is needed to consider how the framework can be applied in other historic, sociocultural, and governance contexts. This paper applies the framework to Valdivia, Chile, illustrating how settler-colonialism, the 1960 9.5 magnitude earthquake, and neoliberal urban policies have shaped Valdivia’s patterns of segregation and ecological outcomes. We explore how social–ecological dynamics act as both press and pulse disturbances that drive inequities, including the displacement of Indigenous Mapuche communities, the spatial restructuring and sprawling development postearthquake, and urban expansion and infill of wetlands influenced by market-oriented governance. Historical colonization entrenched systemic inequalities, while the earthquake altered wetland cover and formalized segregation. More recent land-use policies and urbanization trends further exacerbate disparities, with wealthier neighborhoods gaining greater access to green spaces and environmental amenities. We make the case that the long-term historic patterns and processes have important implications for understanding the current dynamics of—and future trajectories for—environmental justice. The findings call for inclusive urban planning, with community driven bottom–up and top–down approaches and acknowledgment of Indigenous perspectives, to mitigate entrenched inequalities and foster sustainable development.",crossref,0
"Expanding frameworks: Integrating vulnerability, exposure, and critical infrastructure to assess pluvial flood risks in New York City",https://www.pnas.org/doi/abs/10.1073/pnas.2520315122?mi=eymic2&af=R&access=on&content=articlesChapters&publication=pnas&sortBy=Earliest&target=default,Proceedings of the National Academy of Sciences: Keyword search for query,2026-09-14 07:00:00 UTC,2026-09-14 07:00:00+00:00,10.1073/pnas.2520315122,Jennifer Cherrier,"Extreme precipitation events are increasing their frequency and intensity across the United States, posing growing risks to urban communities through pluvial flooding. Effective adaptation against pluvial flooding through structural and nonstructural measures requires understanding the spatial distribution of flood risks across urban populations and critical infrastructures. However, most flood risk assessments focus narrowly on the direct impacts of flooding and demographic exposures, overlooking disruptions that may result from indirect exposures and impacts to essential services like healthcare, education, welfare, and public safety. This study introduces an expanded risk framework to assess pluvial flood risk by integrating social vulnerability, population exposure, and the exposure of critical infrastructures across two citywide pluvial flooding scenarios that combine different precipitation events (moderate and extreme) and sea level projections. Analyses reveal vast differences in exposure between the scenarios. The extreme rainfall hazard scenario shows flooding in 3.8 times the area of the city compared to the moderate scenario, and affecting 3.1 times as many people. Exposure indicators for critical facilities and services show similar differences. Results show multiple locations where there is both high flood exposure and high social vulnerability. We also identify several neighborhoods where high flood exposure coincides with high social vulnerability and widespread risk to infrastructure, which can compound recovery challenges. These findings demonstrate the importance of broader framings of flood risk beyond population exposure to consider also social vulnerability and potential risks to critical infrastructure. Results further emphasize the need for equity-centered climate adaptation strategies in dense urban settings.",crossref,0
"Intestinal plasmacytoid dendritic cells preferentially produce interferon lambda, contributing to localized innate immune responses",https://www.pnas.org/doi/abs/10.1073/pnas.2525317123?mi=eymic2&af=R&access=on&content=articlesChapters&publication=pnas&sortBy=Earliest&target=default,Proceedings of the National Academy of Sciences: Keyword search for query,2026-09-14 07:00:00 UTC,2026-09-14 07:00:00+00:00,10.1073/pnas.2525317123,Timothy J. Nice,"The healthy intestine maintains homeostasis in part via immune responses to microbiota, which includes basal production of interferon cytokines. Previous work showed that Type III Interferon (IFN-λ) stimulates localized pockets of interferon-stimulated genes (ISGs) in the adult mouse intestinal epithelium at homeostasis that provide preemptive protection from viral pathogens. Here, we demonstrate that a major source of homeostatic IFN-λ production in the intestine is a population of epithelium-associated plasmacytoid dendritic cells (pDC). Expansion of the pDC population increases epithelial ISG expression at homeostasis, suggesting the abundance of these cells is a limiting factor in IFN-λ responses. On the other hand, depletion of pDC or bone marrow reconstitution with IFN-λ-deficient pDC results in reduced expression of homeostatic ISGs in the intestinal epithelium. Notably, intestinal pDC preferentially produce homeostatic IFN-λ, whereas splenic pDC produce Type I IFNs. Comparison of intestinal and splenic pDC reveal tissue-specific changes in gene expression and genomic accessibility, including evidence of responses to transforming growth factor beta (TGF-β) in the intestine. Isolated gut pDC produce more IFN-λ than splenic pDC upon stimulation, and pretreatment of a human pDC cell line with TGF-β results in enhanced transcription of IFN-λ upon stimulation. This study demonstrates that pDC are a substantial source of homeostatic IFN-λ in the intestine and implicates the barrier cytokine TGF-β in regulating IFN types produced by pDC upon stimulation. Reprogramming of recruited pDC by tissue cytokines may have important implications for balancing effective antimicrobial responses with damaging inflammation at barrier tissues.",crossref,0
Reply to Trinkle: The elastic field of an edge dislocation,https://www.pnas.org/doi/abs/10.1073/pnas.2625156123?mi=eymic2&af=R&access=on&content=articlesChapters&publication=pnas&sortBy=Earliest&target=default,Proceedings of the National Academy of Sciences: Keyword search for query,2026-09-14 07:00:00 UTC,2026-09-14 07:00:00+00:00,10.1073/pnas.2625156123,Jian Wang,,,0
Corporate ESG assessments fail to capture actual deforestation exposure,https://www.pnas.org/doi/abs/10.1073/pnas.2526924123?mi=eymic2&af=R&access=on&content=articlesChapters&publication=pnas&sortBy=Earliest&target=default,Proceedings of the National Academy of Sciences: Keyword search for query,2026-09-14 07:00:00 UTC,2026-09-14 07:00:00+00:00,10.1073/pnas.2526924123,Luis Roman Carrasco,"Deforestation is a fundamental upstream risk to global sustainability, affecting all three pillars of credible Environmental, Social, and Governance (ESG) assessments, which are crucial sources of information facilitating sustainable investment decisions. However, the efficacy of major commercial ESG assessment tools in capturing corporate deforestation exposure remains unknown. We examine the relationship between corporate ESG ratings from five major ESG rating providers and two geospatially driven measures of company-level deforestation: forest loss surrounding corporate assets across sectors globally and supply-chain exposure to six forest-risk commodities in four tropical countries. Although deforestation is featured prominently in ESG methodologies, we fail to find evidence that ESG scores consistently penalize companies for deforestation. Conversely, ESG ratings respond more to media-based signals than to geospatially quantified deforestation. ESG analyses present apparent biases. Companies with deforestation exposure through soy, pork, and chicken supply chains receive higher ESG scores, whereas palm oil producers are more consistently penalized for deforestation exposure. Future integration of geospatial, ground-validated deforestation data and supply chain information into ESG assessment frameworks is essential for ESG-driven sustainable investing to effectively contribute to curbing deforestation.",crossref,0
Local delivery of interferon restores antigen presentation and sensitizes medulloblastoma to T cell killing,https://www.pnas.org/doi/abs/10.1073/pnas.2531269123?mi=eymic2&af=R&access=on&content=articlesChapters&publication=pnas&sortBy=Earliest&target=default,Proceedings of the National Academy of Sciences: Keyword search for query,2026-09-14 07:00:00 UTC,2026-09-14 07:00:00+00:00,10.1073/pnas.2531269123,Robert J. Wechsler-Reya,"Medulloblastomas are considered immunologically cold and refractory to immunotherapy. One factor contributing to their low immunogenicity is impaired antigen presentation, which allows tumor cells to evade cytotoxic T cells. Using a syngeneic mouse model of medulloblastoma, we demonstrate that despite low expression of MHC class I on tumor cells, depletion of CD8
                    +
                    T cells accelerates tumor growth, whereas adoptive transfer of tumor-reactive CD8
                    +
                    T cells prolongs survival. These antitumor effects rely on T cell–derived interferon gamma (IFNγ), which induces MHC class I on tumor cells and facilitates tumor cell killing by T cells. Importantly, delivering IFNγ directly into tumors via convection-enhanced delivery enhances CD8
                    +
                    T cell–mediated killing of tumor cells and significantly prolongs survival in tumor-bearing mice. These studies highlight the importance of T cells in controlling brain tumors and the value of IFNγ as an adjuvant for T cell–based immunotherapy.",crossref,0
Patagonian Ice Sheet discharge enhanced by AMOC slowdown through thermal bipolar seesaw,https://www.pnas.org/doi/abs/10.1073/pnas.2532733123?mi=eymic2&af=R&access=on&content=articlesChapters&publication=pnas&sortBy=Earliest&target=default,Proceedings of the National Academy of Sciences: Keyword search for query,2026-09-14 07:00:00 UTC,2026-09-14 07:00:00+00:00,10.1073/pnas.2532733123,Yusuke Okazaki,"The Atlantic Meridional Overturning Circulation (AMOC) transports heat globally, and its potential weakening would be crucial for future climate projections. Valuable insights into climatic impacts of AMOC slowdowns can be gained from the last glacial period, when millennial-scale AMOC reductions recurrently triggered large-scale reorganizations of the atmosphere-ocean system. However, hydroclimatic responses within the Southern Hemisphere Westerly Wind (SWW) belt—a key region for the global carbon cycle—remain poorly constrained. Here we present a marine sediment record from ~150 km offshore Chile in the eastern South Pacific that documents millennial-scale increases in detrital discharge from the western Patagonian Ice Sheet, temporally associated with AMOC slowdowns. These discharge events likely resulted from ice-sheet expansion and the associated marginal melt linked to gradually enhanced orographic precipitation under SWW and temperature rise. Our simulations with a coupled atmosphere-ocean general circulation model support enhanced precipitation along the Chilean margin south of 45°S and warming-induced melting due to millennial-scale AMOC slowdowns. The precipitation increase reflects the progressive southward intensification of the SWW and the enhanced sea-surface evaporation resulting from Southern Ocean warming through the thermal bipolar seesaw. Together, proxy and modeling results demonstrate that abrupt AMOC slowdowns drove coupled atmospheric-oceanic responses in the South Pacific that promoted Patagonian hydroclimate and ice-sheet changes and may have amplified wind-driven ventilation of the Southern Ocean. These findings highlight the tight coupling between interhemispheric atmospheric and oceanic circulation, cryosphere dynamics, and the global carbon cycle, and raise the possibility of future abrupt shifts in far-field hydroclimate and atmospheric CO
                    2
                    .",crossref,0
The ecology of urban segregation,https://www.pnas.org/doi/abs/10.1073/pnas.2537180123?mi=eymic2&af=R&access=on&content=articlesChapters&publication=pnas&sortBy=Earliest&target=default,Proceedings of the National Academy of Sciences: Keyword search for query,2026-09-14 07:00:00 UTC,2026-09-14 07:00:00+00:00,10.1073/pnas.2537180123,Timon McPhearson,,,0
Spatially refined satellite gravimetry captures human signatures in global terrestrial water storage trends,https://www.pnas.org/doi/abs/10.1073/pnas.2600775123?mi=eymic2&af=R&access=on&content=articlesChapters&publication=pnas&sortBy=Earliest&target=default,Proceedings of the National Academy of Sciences: Keyword search for query,2026-09-14 07:00:00 UTC,2026-09-14 07:00:00+00:00,10.1073/pnas.2600775123,Bryant D. Loomis,"Human activities have directly altered the water cycle through water management, aquifer pumping, agricultural irrigation, and land use change. Although satellite gravimetry has transformed global hydrological research, its coarse resolution limits attribution of freshwater change to human activities at many management-relevant scales. Here we assessed global terrestrial water storage (TWS) trends from April 2002 to November 2025 using “stacked” regression of Level-1B intersatellite ranging data, which leverages temporal information and variability to dramatically improve effective spatial resolution relative to standard approaches. We combined this refined product with rigorous uncertainty analysis, autocorrelation-robust geostatistical methods, and literature assessment to evaluate TWS trend associations with land and water use, climate variability, and glacial mass loss. We identified 40 TWS trend hotspots exhibiting significant spatial associations with anthropogenic drivers, including groundwater and surface-water irrigation, rainfed agriculture, deforestation, and reservoir impoundment. Across these regions, cumulative TWS losses (3,122 Gt) substantially exceeded gains (2,432 Gt). Compared with traditional regression of monthly mascons, our approach yielded regional trend magnitudes that are on average 33% larger, revealing that global freshwater depletion, particularly from groundwater pumping, is considerably more acute than previously estimated. Multivariate regression models show that humans account for a significant share of the spatial variability in TWS trends on every nonpolar continent except Australia. We detected localized TWS gains linked to rainfed agriculture, surface water irrigation, and reservoir filling that were unresolved in earlier gravimetric studies. The methodology provides a foundation for future gravity missions to independently track decadal freshwater change with unprecedented spatial fidelity.",crossref,0
Manure to insect farming for feed mitigates nitrogen and greenhouse gas emissions,https://www.pnas.org/doi/abs/10.1073/pnas.2604870123?mi=eymic2&af=R&access=on&content=articlesChapters&publication=pnas&sortBy=Earliest&target=default,Proceedings of the National Academy of Sciences: Keyword search for query,2026-09-14 07:00:00 UTC,2026-09-14 07:00:00+00:00,10.1073/pnas.2604870123,Baojing Gu,"Livestock manure is nutrient-rich and represents a promising feedstock for insect farming, with insect protein offering a high-quality alternative to conventional crop-based livestock feed. This pathway has substantial potential to mitigate nitrogen (N) and greenhouse gas (GHG) emissions from livestock systems. Here, we integrate global livestock models with trade, land-use, and cost–benefit analysis to quantify the environmental and economic implications of manure-to-insect conversion while ensuring the recycling of manure to croplands to maintain soil fertility across 166 countries. We show that insect farming could yield approximately 4.2 (3.4 to 5.5) million tonnes (Mt) N of insect protein to substitute crop-based feed and release up to 45 million hectares of cropland. This transition could reduce N and GHG emissions by 6.0 (5.5 to 6.8) Mt N and 1,277 (1,081 to 1,634) Mt CO
                    2
                    -e, respectively, during feed cultivation and manure storage. The residual manure, after insect processing, can be returned to fields as a high-quality organic fertilizer, offsetting 25 Mt N of synthetic fertilizers. With an estimated implementation cost of 25 billion USD, this strategy could deliver combined economic and environmental benefits of 226 billion USD. These results position manure-based insect farming as a cost-effective and circular solution to enhance global food system resilience under environmental pressures.",crossref,0
Air pollution after the shutdown of US embassy monitoring,https://www.pnas.org/doi/abs/10.1073/pnas.2605467123?mi=eymic2&af=R&access=on&content=articlesChapters&publication=pnas&sortBy=Earliest&target=default,Proceedings of the National Academy of Sciences: Keyword search for query,2026-09-14 07:00:00 UTC,2026-09-14 07:00:00+00:00,10.1073/pnas.2605467123,Douglas Almond,"For more than a decade, US embassies and consulates provided independent, publicly accessible air-quality information in cities worldwide. In 2025, this program was abruptly suspended, generating sharp drops in the availability of trusted pollution information. We evaluate the consequences of this change using real-time satellite-derived aerosol optical depth (AOD) and a matched difference-in-differences design with same-country control cities. Across 46 cities, we find no systematic trends prior to the halt in US reporting, and a prompt 24 to 33% increase in local pollution levels after reporting stopped. Calibrating AOD to concurrent preshutdown embassy PM
                    2.5
                    readings, the main estimate corresponds to an approximate PM
                    2.5
                    -equivalent increase of 1.9
                    
                      
                        μ
                      
                    
                    g/m
                    3
                    under our preferred conservative translation, with alternative approaches yielding values between 1.5 and 16.3
                    
                      
                        μ
                      
                    
                    g/m
                    3
                    . Estimated effects are largest and most persistent in cities with poor substitutes for the US-provided data. The findings indicate that pollution reductions are not guaranteed by either previous air quality improvements or the legacy of reliable environmental data.",crossref,0
Global greenhouse gas cobenefits of US irrigated agriculture,https://www.pnas.org/doi/abs/10.1073/pnas.2528170123?mi=eymic2&af=R&access=on&content=articlesChapters&publication=pnas&sortBy=Earliest&target=default,Proceedings of the National Academy of Sciences: Keyword search for query,2026-09-14 07:00:00 UTC,2026-09-14 07:00:00+00:00,10.1073/pnas.2528170123,Nathaniel D. Mueller,"Land use and land conversion for agriculture contribute nearly a quarter of global greenhouse gas (GHG) emissions, making the sector a key priority for emissions reductions. Crop yields are one factor that modulate agricultural land demand, with, all else equal, global land use change increasing with yield declines and decreasing with yield gains. Therefore, agricultural practices drive both direct, on-farm emissions, and indirect land use change emissions through yield effects. Here, we couple estimates of direct emissions from US irrigation with an assessment of its productivity impacts and associated avoided indirect land use change. We find that US irrigation increases crop production by 3 to 39% across crop types, providing at least USD $31.9 billion in additional revenue. Using a spatially explicit global economic model, we project that these productivity benefits avoid net conversion of forests (−32 Mha) and other natural vegetation (−7 Mha) to grasslands (+35 Mha) and croplands (+4 Mha) globally. Due to land sparing, US irrigation provides an estimated gross GHG benefit of 6.86 Gt CO
                    2
                    e, while producing 0.019 Gt CO
                    2
                    e of direct emissions annually. Our findings highlight the necessity of jointly accounting for direct and indirect emissions to guide effective agricultural emissions mitigation policy.",crossref,0
"Beyond redlining: Gentrification, displacement, disadvantages, and exclusivity predict urban environmental and health inequities",https://www.pnas.org/doi/abs/10.1073/pnas.2422760122?mi=eymic2&af=R&access=on&content=articlesChapters&publication=pnas&sortBy=Earliest&target=default,Proceedings of the National Academy of Sciences: Keyword search for query,2026-09-14 07:00:00 UTC,2026-09-14 07:00:00+00:00,10.1073/pnas.2422760122,Aaron R. Ramirez,"This study investigated environmental justice by developing and comparing four contemporary urban segregation typologies (persistent exclusivity, persistent disadvantage, recent gentrification, and recent displacement-hosting) with historical Homeowners’ Loan Corporation (HOLC) zones and 104 variables spanning the natural and built environments, pollution, environmental hazards, health, and disability. We applied principal component analysis to the 2010 and 2020 American Community Survey and the US Census data to derive neighborhood typology indices for 342 tracts in Portland, Oregon. Using Spearman’s correlation and end-member comparisons, we assessed relationships among the typologies, HOLC zones, and environmental and health outcomes. HOLC zones predicted persistently exclusive areas in the urban core but not current injustices elsewhere. Persistently exclusive neighborhoods, both within and outside HOLC zones, had more tree canopy, less dense development, lower disaster risks, better preventive care, and fewer diseases than other areas, but more air pollution exposure. Recently gentrified areas had more transit and community resources but worse heat exposure, pollution, and impervious surface coverage and aligned strongly with HOLC C and D zones. Recent displacement-hosting neighborhoods were cleaner and greener but lack transit and community resources, while exhibiting weak health outcomes. Persistently disadvantaged areas, often outside HOLC zones, faced the most severe conditions, including minimal access to nature, aging infrastructure, the highest pollution and hazard exposure, and the worst health outcomes and disability rates. Our study offers insights into the spatial mechanisms of urban inequities and well-being, underscoring the need to look beyond redlining to fully understand and address today’s social and environmental injustices.",crossref,0
Historic residential segregation impacts biodiversity data availability disparately across the tree of life,https://www.pnas.org/doi/abs/10.1073/pnas.2416889122?mi=eymic2&af=R&access=on&content=articlesChapters&publication=pnas&sortBy=Earliest&target=default,Proceedings of the National Academy of Sciences: Keyword search for query,2026-09-14 07:00:00 UTC,2026-09-14 07:00:00+00:00,10.1073/pnas.2416889122,Melissa Chapman,"Historical residential segregation policies have left a lasting impact on urban environments, greenspaces, and wildlife communities, creating socioeconomic heterogeneity and altering biota. However, the extent to which these policies continue to impact urban biodiversity remains unclear, especially across taxonomic groups and spatial scales. We explore how sampling and biodiversity metrics (sampling density, estimated completeness of sampling, and expected species richness) across taxonomic groups vary across historically redlined neighborhoods and relative to broader urban areas. To explore these patterns, we leverage nearly 60 million observations of amphibia, aves, fungi, insecta, mammalia, plantae, and reptilia collected between 2000 and 2020 within 145 Metropolitan Statistical Areas in the United States. We estimate significant differences in sampling density across redlined neighborhoods for all taxonomic groups, with the lowest values found in areas previously redlined. Estimated completeness of biodiversity inventory was low (average ~42% across all taxa) and varied significantly by Home Owners’ Loan Corporation (HOLC) grade for birds, mammals, and plants. Expected richness varied significantly by HOLC grade only for birds. Our findings highlight how differences in biodiversity sampling may not translate to differences in expected species richness patterns and suggest that applying insights obtained from certain taxonomic groups and extrapolating to multiple others may not be appropriate. Urban wildlife communities are not well-documented despite the explosion of digital information, and what is documented is known to be biased along gradients of housing segregation and multiple urban scales. These findings add evidence to suggest long-lasting effects of legacies of segregation on the natural world.",crossref,0
"Feed the microbiome, repair the gut",https://www.pnas.org/doi/abs/10.1073/pnas.2626807123?mi=eymic2&af=R&access=on&content=articlesChapters&publication=pnas&sortBy=Earliest&target=default,Proceedings of the National Academy of Sciences: Keyword search for query,2026-09-14 07:00:00 UTC,2026-09-14 07:00:00+00:00,10.1073/pnas.2626807123,Sean R. Moore,,,0
Turning up the heat on asymmetries in lake ice phenology,https://www.pnas.org/doi/abs/10.1073/pnas.2625646123?mi=eymic2&af=R&access=on&content=articlesChapters&publication=pnas&sortBy=Earliest&target=default,Proceedings of the National Academy of Sciences: Keyword search for query,2026-09-14 07:00:00 UTC,2026-09-14 07:00:00+00:00,10.1073/pnas.2625646123,Eric Post,,,0
Diamondiyne: A 3D Carbon Allotrope With Mixed sp–sp3 Hybridization,https://onlinelibrary.wiley.com/doi/10.1002/anie.4062963?af=R,Wiley: Angewandte Chemie International Edition: Table of Contents,2026-09-14 07:09:39 UTC,2026-09-14 07:09:39+00:00,10.1002/anie.4062963,Karl Börjesson,"ABSTRACT
                  
                    The creation of carbon allotropes is synthetically highly challenging, but their practical significance to science and technology cannot be underestimated. Here, we report the synthesis of a new carbon allotrope, diamondiyne, which is the second known one (after diamond) that forms covalent bonds in all three dimensions. Diamondiyne has a mixed sp–sp
                    3
                    hybridization, resulting in a carbo‐mer of diamond with an expanded diamond‐topology network. On the nanoscopic scale, two asymmetrically interpenetrated 3D networks form the tetragonal space group
                    I
                    4
                    1
                    /
                    amd
                    with unit cell parameters
                    a = b = 
                    11.47 Å and
                    c = 
                    16.22 Å. Amorphous carbon films containing diamondiyne crystals are formed using a cascade reaction at a liquid–liquid interface. Just as for a covalent organic framework, molecular nodes are connected based on geometrical constraints to form an extended structure, and we show that the method is scalable in both the thickness and the lateral direction of the film. New carbon allotropes have historically found widespread use in materials science, and we look forward to what applications might emerge for diamondiyne.",crossref,0
Synthesis of a Stable Crystalline Dibenzopentacene Triplet Diradical via a Protection–Oxidation–Protection Strategy,https://onlinelibrary.wiley.com/doi/10.1002/anie.3990758?af=R,Wiley: Angewandte Chemie International Edition: Table of Contents,2026-09-14 07:14:52 UTC,2026-09-14 07:14:52+00:00,10.1002/anie.3990758,Zhe Sun,"ABSTRACT
                  
                    The synthesis of triplet‐ground‐state 1,14:11,12‐dibenzopentacene (DP) has been sought after for over 60 years, but the isolation of stable derivatives in crystalline form has been unsuccessful. Herein, we report the synthesis and first single‐crystal isolation of a stable DP derivative via a protection–oxidation–protection (POP) strategy. X‐ray diffraction analysis reveals a twisted helical geometry, while variable‐temperature electron paramagnetic resonance (EPR) and magnetic susceptibility measurements confirm its triplet ground state. Pulsed‐EPR spectroscopy yields long spin‐lattice (
                    T
                    1
                    ) and spin‐spin (
                    T
                    m
                    ) relaxation times of 3.58 ms and 0.49 µs at 70 K, respectively. Furthermore, electrochemical investigations unveil a unique four‐stage redox profile. This work demonstrates that the POP strategy can provide synthetic access to triplet‐ground‐state DP diradical.",crossref,0
Interpenetration Transformation of Diacetylene Metal–Organic Frameworks for Topochemical Polymerization,https://onlinelibrary.wiley.com/doi/10.1002/anie.3109518?af=R,Wiley: Angewandte Chemie International Edition: Table of Contents,2026-09-14 07:17:51 UTC,2026-09-14 07:17:51+00:00,10.1002/anie.3109518,Zhi‐Gang Gu,"ABSTRACT
                  Achieving precise control over topochemical polymerization in diacetylene metal–organic frameworks (MOFs) remains a huge challenge due to the stringent requirements for molecular alignment and ordered stacking. Herein, we report two interpenetrated MOFs (twofold interpenetrated CAS‐20 and threefold interpenetrated CAS‐22) from a diacetylene ligand and Zn nitrate, and systematically unveil their interpenetration transformation proceeds through dramatic changes with a set of non‐interpenetrated semi‐crystalline intermediates (CAS‐20‐d, CAS‐21, CAS‐21‐d) accompanied by guest loss. This semi‐crystalline state is driven by non‐synchronous transformations of two individual frameworks in interpenetrated CAS‐20, jointly revealed through crystallographic analysis and detailed spectroscopic characterization. Remarkably, this interpenetration transformation promotes the diacetylene groups arranged in a suitable ordered and continuous stacking manner, enabling thermally induced topochemical polymerization in CAS‐22 via a 1,4‐addition reaction. The results confirm that the obtained interpenetrated MOFs show classic nonlinear optical limiting performance, and the polymerized CAS‐22 exhibits a remarkably enhanced third‐order nonlinear absorption coefficient compared to CAS‐20 (∼69 times). This study pioneers interpenetration transformation as a novel strategy for realizing MOF topochemical polymerization, opening new avenues for designing high‐performance optoelectronic materials for smart sensing and laser protection applications.",crossref,0
Practical Computational Exploration of Chemical Reaction Space: Assessing the Chemical Stability of Active Pharmaceutical Ingredients Under Acidic Conditions,https://onlinelibrary.wiley.com/doi/10.1002/anie.4407622?af=R,Wiley: Angewandte Chemie International Edition: Table of Contents,2026-09-14 07:20:38 UTC,2026-09-14 07:20:38+00:00,10.1002/anie.4407622,Jan H. Jensen,"ABSTRACT
                  
                    Understanding the chemical degradation of active pharmaceutical ingredients is critical for formulation development and regulatory compliance, yet computational tools either rely on predefined reaction rules that limit discovery of unanticipated pathways or cannot distinguish energetically accessible products from formally possible ones. We present an automated workflow requiring no predefined reaction rules that explores degradation networks from the potential energy surface. The approach combines metadynamics for reaction discovery, energy‐ and count‐based filtering, density functional theory refinement, and microkinetic modelling to calculate time‐ and temperature‐dependent product distributions. Applied to the acid‐catalysed degradation of BMS‐644950, the workflow constructs a network of 1720 species and 2471 elementary steps, reduced to 8 degradation products. Microkinetic simulations identify the two observed lactone products as dominant and propose a tentative structure for a previously uncharacterised 466 Da impurity (R. Hemingway et al.,
                    Organic Process Research &amp; Development
                    28 (2024): 674–692). The calculations reveal that several thermodynamically favourable products remain unobserved because activation barriers of 36–40 kcal  render them kinetically inaccessible on the experimental timescale, a distinction reaction‐rule‐based methods cannot make. The exploration finishes within 3 days on a compute cluster, demonstrating that automated, physics‐based degradation modelling is tractable for drug‐like molecules at industrially relevant scales.",crossref,0
Accelerated Charge Recombination in MOF Cocrystals Enables Efficient NIR‐Driven Photothermal Polymerization,https://onlinelibrary.wiley.com/doi/10.1002/anie.6791821?af=R,Wiley: Angewandte Chemie International Edition: Table of Contents,2026-09-14 07:24:19 UTC,2026-09-14 07:24:19+00:00,10.1002/anie.6791821,Le Zeng,"ABSTRACT
                  Understanding charge transfer across donor‐acceptor interfaces is essential for designing high‐performance optoelectronic materials. Herein, we construct host‐guest metal‐organic framework (MOF) cocrystals employing a calcium‐based naphthalenediimide (NDI) host and electron‐rich aromatic guests to investigate photoinduced charge transfer at well‐defined crystalline donor‐acceptor interfaces. Challenging the conventional view that a high concentration of radical anions is typically associated with high photothermal conversion efficiency, our study uses electron paramagnetic resonance, surface photovoltage spectroscopy, and femtosecond transient absorption microscopy to show that a more extended conjugated plane in the guest accelerates charge recombination (charge‐transfer state lifetime: 201 vs. 348 ps). This leads to a MOF cocrystal with a photothermal conversion efficiency twice that of its counterpart, despite the latter exhibiting significantly higher NDI radical concentration. Moreover, this MOF cocrystal displays good aqueous stability and retains a photothermal conversion efficiency of 65.6% in aqueous media, enabling efficient near‐infrared light‐driven photothermal polymerization in both organic and aqueous phases. Notably, this photopolymerization proceeds even under natural sunlight irradiation and across biological tissue barriers. This work provides a novel design principle for donor‐acceptor materials, in which promoting charge recombination can be strategically exploited to develop high‐performance photothermal materials for solar energy utilization.",crossref,0
To Dope Mo3+ in Colloidal Nanocrystals,https://onlinelibrary.wiley.com/doi/10.1002/anie.6045865?af=R,Wiley: Angewandte Chemie International Edition: Table of Contents,2026-09-14 07:24:23 UTC,2026-09-14 07:24:23+00:00,10.1002/anie.6045865,Angshuman Nag,"ABSTRACT
                  
                    Mo
                    3+
                    shows intra‐configurational spin‐flip (ICSF)
                    d
                    →
                    d
                    electronic transitions, emitting near‐infrared‐II (NIR‐II) radiation. Till date, the emission has been reported from Mo
                    3+
                    ‐doped into bulk host materials, in the powder or single crystalline forms. Here we report the synthesis of Mo
                    3+
                    doping in a colloidal nanocrystal (NC). Colloidal Mo
                    3+
                    ‐doped Cs
                    2
                    AgInCl
                    6
                    double perovskite NCs are prepared using a typical hot‐injection method in a non‐polar medium. The challenges of poor solubility of molybdenum precursor and instability of low oxidation state of Mo
                    3+
                    in the reaction medium are overcome by a rational design of the synthesis. The resulting NCs have cubic shape with edge length ∼9 nm, and oleylammonium ions as the predominant surface capping ligands. The colloidal synthesis enabled us to fabricate thin films of Mo
                    3+
                    ‐doped NCs by spin‐coating technique. Both colloidal NCs and their films show the sharp Mo
                    3+
                    ICSF NIR‐II emission around 1105 nm. Temperature dependent (7‐300 K) PL spectra and lifetime studies provide mechanistic insights about the spin‐ and Laporte‐selection rules of the ICSF emission from [MoCl
                    6
                    ]
                    3−
                    octahedral unit. This report of a colloidal NC with Mo
                    3+
                    dopants, and their thin films, is expected to open up research avenues for micro‐LEDs and quantum light emitters in NIR‐II region.",crossref,0
Umpolung at the meta‐Positions of Oxazino‐Pyridines Enabling Nucleophilic Pyridine Functionalization,https://onlinelibrary.wiley.com/doi/10.1002/anie.4582039?af=R,Wiley: Angewandte Chemie International Edition: Table of Contents,2026-09-14 07:24:26 UTC,2026-09-14 07:24:26+00:00,10.1002/anie.4582039,Zhongyi Zeng,"ABSTRACT
                  
                    Selective C─H functionalization of azines is of paramount importance to synthetic and medicinal chemistry. However, nucleophilic functionalization at
                    meta‐
                    position of pyridines has remained elusive because of the intrinsic polarity mismatch. In this study, we report a mild and practical protocol for
                    meta
                    ‐selective nucleophilic alkoxylation of azines using alcohols through a dearomatization–rearomatization sequence. Taking advantage of oxazino‐pyridines as redox‐active intermediates, single‐electron oxidation generates the corresponding radical cations, which undergo nucleophilic addition to afford allylic radicals. Distinct from the established radical–radical cross‐coupling pathway, these nucleophilic allylic radicals undergo further oxidation to form electrophilic allylic cations, thereby enabling capture by alcohols prior to rearomatization. This umpolung mechanism is supported by both experimental and computational studies. This catalyst‐free method features precise regiocontrol, remarkable functional group tolerance, scale‐up potential, and applicability to late‐stage functionalization of pharmaceuticals. Furthermore, this strategy was extended to nucleophilic
                    meta
                    ‐hydroxylation of pyridines using water, as well as chlorination, bromination, and iodination using halide salts.",crossref,0
Pore Mouth Engineering: An Insulating Strategy to Dictate Interfacial Chemistry in Hard Carbon Anodes,https://onlinelibrary.wiley.com/doi/10.1002/anie.8475331?af=R,Wiley: Angewandte Chemie International Edition: Table of Contents,2026-09-14 07:27:40 UTC,2026-09-14 07:27:40+00:00,10.1002/anie.8475331,Zhi Chang,"ABSTRACT
                  
                    While the pore mouth (PM) of hard carbon (HC) is known to be critical for performance, the specific impact of its properties (e.g., size, conductivity, and role in electrolyte decomposition) on key metrics like initial Coulombic efficiency (ICE), capacity, and rate capability remains poorly understood. Herein, we originally clarified this critical but poorly understood issue. By sealing the conductive 5.23 Å PM of commercial HC with an insulating microporous glassy metal–organic framework (MOF glass), we engineered a 2.98 Å, nonconductive MOF PM that fundamentally alters ion transport and interfacial chemistry. This tailored structure promotes Na
                    +
                    pre‑desolvation, facilitates a highly aggregated electrolyte configuration, and suppresses parasitic decomposition—collectively fostering a superior inorganic‑rich solid–electrolyte interphase (SEI). As a result, the modified HC (1G‐HC) exhibits a largely enhanced ICE of 87.8% and a capacity of ∼400 mAh/g, alongside excellent cycling stability at high rate (∼12 C, 80% capacity retention after 3000 cycles) and good low‐temperature performance of −25°C (∼5 C, 79.3% capacity retention over 500 cycles). In a practical 3.19 Ah‐level 1G‐HC||Na
                    3
                    V
                    2
                    (PO
                    4
                    )
                    3
                    pouch cell, it achieves 108 mAh/g with 92.0% retention over 160 cycles. This work establishes PM design as a pivotal strategy for advancing sodium‐ion battery anodes.",crossref,0
Precise Molecular Design of TADF Sensitizer With Balanced Exciton Dynamics for High‐Performance Narrowband Hyperfluorescence OLEDs,https://onlinelibrary.wiley.com/doi/10.1002/anie.9252872?af=R,Wiley: Angewandte Chemie International Edition: Table of Contents,2026-09-14 07:33:57 UTC,2026-09-14 07:33:57+00:00,10.1002/anie.9252872,Chuluo Yang,"ABSTRACT
                  
                    Hyperfluorescence (HF) organic light‐emitting diodes (OLEDs) hold great promise for next‐generation displays for the simultaneously high color‐purity, high efficiency, and long operational stability. However, the development of purely organic thermally activated delayed fluorescence (TADF) sensitizers remains challenging because efficient exciton harvesting, spin conversion, and energy transfer require a delicate balance among multiple competing excited‐state processes. Here, we report a molecular design strategy that enables balanced exciton dynamics through the concurrent optimization of reverse intersystem crossing (RISC), intersystem crossing, radiative decay, and nonradiative loss. By integrating a trifluoromethyl‐functionalized multi‐resonance acceptor with a rigid donor featuring enhanced spin‐orbit coupling characteristics as well as an optimized donor–acceptor geometry, the resulting heavy‐atom‐free TADF sensitizers exhibit near‐unity photoluminescence quantum yields, suppressed nonradiative decay, rapid RISC rate, well‐regulated spin‐conversion and radiative processes. This balanced kinetic profile minimizes exciton accumulation on the sensitizer while promoting efficient exciton transfer to the terminal emitter. Consequently, narrowband green hyperfluorescence OLEDs achieve a maximum external quantum efficiency of 36.1% and retain high efficiencies of 30.6% and 25.4% at ultra‐high brightness of 10 000 and 100 000 cd m
                    −
                    2
                    , respectively. These results establish balanced exciton dynamics as an effective design principle for high‐performance TADF sensitizers and hyperfluorescence OLEDs.",crossref,0
Deciphering the Role of Energy Transfer Configuration in PFAS Recognition by Metal‐Organic Frameworks,https://onlinelibrary.wiley.com/doi/10.1002/anie.6212058?af=R,Wiley: Angewandte Chemie International Edition: Table of Contents,2026-09-14 07:34:01 UTC,2026-09-14 07:34:01+00:00,10.1002/anie.6212058,Hong‐Cai Zhou,"ABSTRACT
                  
                    Per‐ and polyfluoroalkyl substances (PFAS) have attracted widespread attention as persistent environmental contaminants. However, their rapid detection remains challenging due to their weak light absorption capacities. Luminescence sensing provides a rapid and efficient approach for PFAS monitoring, while ratiometric sensing can further amplify signal variations and improve detection sensitivity with self‐referenced optical responses. Lanthanide metal‐organic frameworks (Ln‐MOFs), featuring tunable porous environments, accessible host–guest interactions, and well‐defined multicolor emissions, have emerged as promising platforms for constructing ratiometric sensing materials. Nevertheless, current luminescence sensing has primarily focused on optimizing interactions between the framework and analytes, whereas the influence of intraframework energy transfer configuration on sensing performance remains largely unexplored. Here, Eu/Tb spatial organization is deliberately engineered in EuTb‐FDA to decipher the role of energy transfer configuration in PFAS recognition. By regulating the spatial distribution of emissive centers, the Tb
                    3+
                    ‐to‐Eu
                    3+
                    energy transfer pathway is precisely modulated, enabling distinct energy transfer behaviors. The optimized configuration couples PFAS‐induced host–guest interactions with directional lanthanide energy redistribution, resulting in enhanced sensing performance, thereby generating an amplified ratiometric response. This work reveals intraframework energy transfer configuration as a critical yet overlooked parameter in luminescence sensing and provides a new design principle for developing high‐performance ratiometric sensing materials.",crossref,0
Engineering Interfacial Chemistry of Spinel Indium Sulfides via Iron‐Substitution‐Mediated Selective Catalysis for High‐Performance Sodium‐Ion Batteries,https://onlinelibrary.wiley.com/doi/10.1002/anie.6440082?af=R,Wiley: Angewandte Chemie International Edition: Table of Contents,2026-09-14 07:34:10 UTC,2026-09-14 07:34:10+00:00,10.1002/anie.6440082,Bao‐Lian Su,"ABSTRACT
                  
                    Tailoring the decomposition dynamics of salts and solvents at the electrode–electrolyte interface is crucial for constructing a high‐quality solid electrolyte interphase (SEI) and achieving high‐performance sodium‐ion batteries (SIBs). Herein, we propose an iron‐substitution strategy to selectively catalyze salt–solvent decomposition and thereby realize a high‐quality SEI. Specifically, spinel indium sulfide with intrinsic indium vacancies (V
                    In
                    ‐In
                    3
                    S
                    4
                    ) predominantly adsorbs and promotes the reduction of ether molecules, forming a thick, nonuniform, and NaF‐deficient SEI layer. Conversely, Fe substitution eliminates the unfavorable indium vacancies and selectively catalyzes the preferential dissociation of P─F bond in PF
                    6
                    −
                    anion while weakening C─O bond cleavage in ether molecules, thereby facilitating rapid NaF formation. Moreover, the Fe substitution greatly enhances the affinity of Fe‐In
                    3
                    S
                    4
                    toward NaF, facilitating rapid and uniform NaF deposition. As a result, a thin (∼8.0 nm), uniform, and ultra‐stable NaF‐rich SEI layer forms on Fe‐In
                    3
                    S
                    4
                    , enabling a high initial Coulombic efficiency (∼92.3%, 0.5 A g
                    −1
                    ), remarkable rate capability (457.2 mAh g
                    −1
                    at 10 A g
                    −1
                    ), and long cycle life (0.011% capacity decay per cycle over 2000 cycles at 5 A g
                    −1
                    ). The Fe‐substitution strategy also demonstrates universality across various electrolyte systems, offering a powerful approach to modulate interfacial chemistry and unlock the potential for high‐performance SIB anodes.",crossref,0
Emerging Strategies for Comprehensive Analysis of Per‐ and Polyfluoroalkyl Substances (PFAS) in Complex Product and Industrial Matrices,https://onlinelibrary.wiley.com/doi/10.1002/anie.2517884?af=R,Wiley: Angewandte Chemie International Edition: Table of Contents,2026-09-14 07:35:59 UTC,2026-09-14 07:35:59+00:00,10.1002/anie.2517884,David Schaffert,"ABSTRACT
                  
                    The tightening regulatory landscape for per‑ and polyfluoroalkyl substances (PFAS) has created an urgent demand for robust analytical methods and reliable monitoring data to support risk management and regulatory compliance. Consequently, the analytical demands are increasing, and robust and broadly applicable analytical methods are required. This review provides a critical overview of established and emerging analytical methods and techniques for rapid PFAS screening, identification, and quantification of PFAS with a particular focus on complex industrial materials and consumer products. Fluorine‐based sum parameter approaches are discussed alongside
                    19
                    F nuclear magnetic resonance spectroscopy (
                    19
                    F NMR) and gas chromatography mass spectrometry (GC‐MS). Emphasis is placed on the decisive role of sample preparation in achieving comparable and reliable results across diverse matrices. In addition to established liquid chromatography‐tandem mass spectrometry (LC‐MS/MS) methods, untargeted and sum‑parameter approaches are discussed for complementary strategies to address the chemical heterogeneity of PFAS. The adaptability and technical limitations of these methods are critically evaluated with respect to sensitivity, matrix applicability, standardization, and suitability for routine implementation. Overall, this review highlights the strengths and limitations of PFAS analysis methods, identifies remaining methodological gaps, and underscores the need for comprehensive PFAS assessment beyond environmental water matrices.",crossref,0
High‐Temperature Inorganic Ionic Thermoelectrics Enabled by an Oxygen‐Mediated Operational Mode,https://onlinelibrary.wiley.com/doi/10.1002/anie.8734072?af=R,Wiley: Angewandte Chemie International Edition: Table of Contents,2026-09-14 07:44:23 UTC,2026-09-14 07:44:23+00:00,10.1002/anie.8734072,Shantung Tu,"ABSTRACT
                  
                    Thermoelectric technology holds great promise for converting heat into electricity. In this work, we propose an “oxygen‐mediated” ion thermoelectric (i‐TE) operational mode in which a high‐temperature‐activated, defect‐containing inorganic i‐TE material captures O
                    2−
                    flux from the external environment to enable high‐power output at elevated temperatures. In this mode, the thermodiffusion of oxygen ions forms an ionic current, while the “zero‐cost” O
                    2
                    in ambient air supplies an inexhaustible source of O
                    2−
                    to the circuit to support load power generation. A thermopower of 17.83 mV·K
                    −1
                    was achieved, which was further enhanced to 20.52 mV·K
                    −1
                    under the oxygen‐sufficient condition, with a figure of merit ZT
                    i
                    reaching 1.43. The in‐situ characterization confirms the dynamic filling behavior of oxygen defect‐recovery in the lattice. A module composed of nine units achieves a maximum open‐circuit voltage of 3.53 V and a maximum output power of approximately 1.47 mW under a 20 K temperature difference, and maintains stable output for more than 24 h, surpassing most reported electronic and ionic thermoelectric materials. This oxygen‐mediated concept unlocks high‐power ionic thermoelectric output at elevated temperatures and extends the potential application scope of ionic thermoelectrics toward high‐temperature thermoelectric energy conversion and sensing in oxygen‐containing environments.",crossref,0
Covalent‐Organic Framework‐Manipulated Multi‐Reactant Activation Enables Polystyrene Electrodegradation in Tandem With Over‐Oxidation Product Upgrading,https://onlinelibrary.wiley.com/doi/10.1002/anie.5012045?af=R,Wiley: Angewandte Chemie International Edition: Table of Contents,2026-09-14 07:47:38 UTC,2026-09-14 07:47:38+00:00,10.1002/anie.5012045,Ya‐Qian Lan,"ABSTRACT
                  
                    Polystyrene (PS) waste is exceptionally difficult to chemically degrade under environmental conditions, and the high‐value utilization of low‐value C
                    1
                    products generated during the process has never been achieved. Herein, we constructed a metalloporphyrin–anthracene sp
                    2
                    covalent‐organic framework (COF) electrocatalyst,
                    
                      TAPP‐Fe
                      III
                      ‐An
                    
                    , which displays high structural stability and outstanding capability in activating O
                    2
                    and multi‐reactants. This enables it to effectively electro‐degrade PS into high‐value benzoyl products (yield, 23.2%,
                    M
                    w
                    residue 0.3%) and re‐convert 20% of C
                    1
                    products into high‐value 1‐formyl‐1,2,3,4‐tetrahydroquinoline (anticancer drug intermediate) with 9.4% yield, through a tandem quinoline carbonylation reaction. This breaks the traditional dilemma where PS degradation produces low‐value byproducts that are difficult to re‐utilize. Electrochemical experiments combined with theoretical calculations reveal that the valence tautomerism (Fe
                    II
                    –Fe
                    III
                    –Fe
                    IV
                    ) of metal center and active An ligand endow
                    
                      TAPP‐Fe
                      III
                      ‐An
                    
                    catalyst with the ability to activate O
                    2
                    (generating
                    1
                    O
                    2
                    , •O
                    2
                    −
                    , and •OH) and multi‐reactants (PS and CO), thus enabling efficient PS electrodegradation (to benzoyl products) in tandem with low‐value C
                    1
                    products carbonylation (to anticancer drug intermediate). In this process, the generated C
                    1
                    products (HCOOH, CO) were re‐activated by TAPP‐Fe
                    III
                    centers, and then react with 1,2,3,4‐tetrahydroquinoline for high‐value conversion. This work pioneers a tandem conversion strategy for PS waste degradation and low‐value C
                    1
                    products upgrading.",crossref,0
Photochromic Hybrid Organic‐Inorganic Metal Halide Glasses,https://onlinelibrary.wiley.com/doi/10.1002/anie.1298188?af=R,Wiley: Angewandte Chemie International Edition: Table of Contents,2026-09-14 07:50:56 UTC,2026-09-14 07:50:56+00:00,10.1002/anie.1298188,Xian‐He Bu,"ABSTRACT
                  
                    Melt‐quenching provides an effective route to glass formation while reconfiguring the atomic and electronic structures of materials. Despite the accompanying changes in mechanical and optical properties, how the resulting disorder can be exploited to enable functionalities beyond those of crystalline phases remains insufficiently understood. Here, we show that a hybrid organic‐inorganic metal halide (OIMH) glass, g‐4‐MeOBPP
                    2
                    ZnBr
                    4
                    (4‐MeOBPP
                    +
                    = 4‐methoxybenzyltriphenylphosphonium), exploits vitrification‐induced disorder to deliver a sub‐second UV‐triggered photochromic response absent in its crystalline counterpart, together with pronounced x‐ray‐induced photochromism. Upon UV irradiation, the initially colorless glass rapidly turns red, reaching 50% of the saturation absorbance within 0.5 s. Reverse Monte Carlo modeling combined with time‐dependent density functional theory indicates that medium‐range structural disorder generates locally perturbed environments that can serve as photoactive motifs. These motifs can host energetically proximate singlet and triplet states (Δ
                    E
                    ST
                    ∼ 0.02 eV), favoring intersystem crossing and intermolecular charge separation between adjacent cations. Guided by this design rationale, two glass analogs, g‐4‐MeOBPP
                    2
                    CdBr
                    4
                    and g‐3‐MeOBPP
                    2
                    ZnBr
                    4
                    (3‐MeOBPP
                    +
                    = 3‐methoxybenzyltriphenylphosphonium cation), are also found to exhibit vitrification‐induced photochromism. These findings identify medium‐range disorder as an effective design lever in OIMH molecular glasses, providing a conceptual framework for creating turn‐on optical responses in disordered materials.",crossref,0
Dynamic Asymmetry in O/N‐Coordinated Zn Single‐Atom Catalysts Promotes Sabatier‐Favorable Urea and Urea Peroxide Electrosynthesis,https://onlinelibrary.wiley.com/doi/10.1002/anie.3649572?af=R,Wiley: Angewandte Chemie International Edition: Table of Contents,2026-09-14 07:58:57 UTC,2026-09-14 07:58:57+00:00,10.1002/anie.3649572,Huijun Zhao,"ABSTRACT
                  
                    Precise regulation of metal‒intermediate binding is essential for selective electrocatalysis, yet conventional symmetric single‐atom coordination often limits directional adsorption control. Here we report an asymmetric O/N‐co‐coordinated Zn single‐atom catalyst, Zn‐O
                    3
                    N
                    1
                    ‐C, using symmetric Zn‐O
                    4
                    ‐C as a structural counterpart. Structural characterization and x‐ray absorption spectroscopy (XAS) confirm atomically dispersed Zn‒O
                    3
                    N
                    1
                    sites, in which replacing one O ligand with less electronegative N not only breaks local symmetry, but also enriches Zn electron density and lowers the Zn oxidation state.
                    Operando
                    XAS further reveals that Zn–O
                    3
                    N
                    1
                    undergoes cathodic‐bias‐induced electronic enrichment and anisotropic Zn─N/Zn─O bond response, amplifying local coordination polarization while preserving the isolated Zn─O/N framework. This dynamically polarized asymmetric coordination shifts Zn‒adsorbate interactions toward a Sabatier‐favorable regime, enabling two adsorption‐governed transformations. For CO
                    2
                    /nitrate co‐reduction, Zn‐O
                    3
                    N
                    1
                    ‐C promotes *NO/*NHO‐mediated C‒N coupling. The same catalyst also demonstrates excellent electrocatalytic activity toward two‐electron oxygen reduction reaction (2e
                    −
                    ORR). The electrosynthesized urea and H
                    2
                    O
                    2
                    are further coupled to produce urea peroxide.
                    Operando
                    spectroscopy and density functional theory calculations reveal that asymmetric Zn–O
                    3
                    N
                    1
                    coordination optimizes *NO/*NHO and *OOH binding, establishing dynamic coordination polarization as a design principle for selective single‐atom electrocatalysis.",crossref,0
Flexible Linker Engineering of Dimeric Acceptors Enables Synergistic Modulation of Dielectric Constant and Spatial Conjugation for Organic Solar Cells Exceeding 20% Efficiency,https://onlinelibrary.wiley.com/doi/10.1002/anie.1597140?af=R,Wiley: Angewandte Chemie International Edition: Table of Contents,2026-09-14 15:01:32 UTC,2026-09-14 15:01:32+00:00,10.1002/anie.1597140,Bin Kan,"ABSTRACT
                  The performance of organic solar cells (OSCs) is predominantly constrained by the low dielectric constants of organic semiconductors, which limit exciton dissociation and exacerbate charge recombination. In particular, dimeric acceptor molecules (DMAs) typically suffer from insufficient short‐circuit current density and fill factor, severely restricting the power conversion efficiencies (PCE) of DMA‐based devices. Herein, we report a novel flexible linker engineering strategy to construct a series of DMA materials. Starting from CH8‐12 with an alkyl flexible linker, we introduce oxygen atoms at the β‑position of the alkyl flexible linker to obtain CH8‑13. Further fluorine decoration on the monomer wings is implemented to yield CH8‐14. Such dual modification strategies simultaneously elevate the dielectric constant and optimize the spatial conjugation of flexible‐linked dimeric acceptors. The PM6:CH8‑14 binary device achieved a breakthrough PCE exceeding 20%, which represents the highest efficiency among all reported DMA‐based binary organic solar cells. Besides, CH8‐14 based ternary devices obtained a high PCE of 20.42%. Impressively, the flexible device delivers a prominent PCE of 18.53% with excellent mechanical properties. This work demonstrates the great potential and essential significance of rational linker modulation, offering feasible design principles for the development of advanced DMA materials and high‐efficiency organic photovoltaics.",crossref,0
Hard Lewis Acid Mo6+ Orchestrates N‐End Urea Adsorption to Steer Highly Selective Nitrite Electrosynthesis,https://onlinelibrary.wiley.com/doi/10.1002/anie.7739547?af=R,Wiley: Angewandte Chemie International Edition: Table of Contents,2026-09-14 15:02:30 UTC,2026-09-14 15:02:30+00:00,10.1002/anie.7739547,Yuekun Lai,"ABSTRACT
                  
                    Electrocatalytic urea oxidation reaction (UOR) offers a promising route for coupling wastewater remediation with nitrogen upgrading. However, the structural complexity of urea, containing both electron‐donating (─NH
                    2
                    ) and electron‐withdrawing (C = O) groups, leads to multiple adsorption configurations, resulting in poorly defined pathways and low selectivity toward nitrite (NO
                    2
                    ‾
                    ). Here, guided by Pearson's hard‐soft acid‐base theory, we develop a hard Lewis acid strategy by incorporating Mo
                    6+
                    into NiCo layered double hydroxide (NiCoMo‐LDH) to regulate interfacial electronic structure. The strong electron‐accepting nature of Mo
                    6+
                    regulates the electronic environment of Ni/Co centers, facilitating the formation and stabilization of high‐valent NiOOH/CoOOH species while creating polarized interfacial sites with enhanced affinity toward urea activation. Importantly, Mo‐induced modulation does not merely increase oxidative capability; instead, it introduces substrate‐specific adsorption regulation that favors UOR over the competing OER. This configuration regulation facilitates selective C‐N bond cleavage of the *NCONH
                    2
                    intermediate and subsequent oxidation of the generated nitrogen species toward NO
                    2
                    ‾
                    , achieving a Faradaic efficiency of 93.4% and a production rate of 1732.7 µmol h
                    −1
                    cm
                    −2
                    . This work establishes Lewis acid modulation as a strategy for controlling adsorption configurations and steering selective electrosynthesis.",crossref,0
Advances in the Biosynthesis of Noncanonical Amino Acids for Genetic Code Expansion,https://onlinelibrary.wiley.com/doi/10.1002/anie.1857480?af=R,Wiley: Angewandte Chemie International Edition: Table of Contents,2026-09-14 15:04:04 UTC,2026-09-14 15:04:04+00:00,10.1002/anie.1857480,Han Xiao,"ABSTRACT
                  Genetic code expansion (GCE) enables the in situ site‐specific incorporation of noncanonical amino acids (ncAAs) into proteins. This technology has accelerated the development of next‐generation protein therapeutics and expanded the utility of enzymes in advanced biocatalysis. Despite its transformative potential, current GCE technology relies on the cellular uptake of chemically synthesized, exogenously supplied ncAAs. The need for high ncAA concentrations significantly limits the technology's practicality, particularly for in vivo applications, where rapid systemic clearance, low bioavailability, metabolic instability, and poor tissue distribution prevent ncAAs from reaching effective intracellular levels. In this review, we summarize recent advances in fully autonomous ncAA biosynthesis for GCE technology across microbial, zebrafish, and mammalian systems. We discuss how metabolic engineering can be integrated with orthogonal translation machinery to establish self‐sufficient GCE platforms, outline key pathway design principles, and examine remaining technical and translational bottlenecks. Finally, we highlight emerging applications of these biosynthetic strategies in biological research and therapeutic development.",crossref,0
Isothiazologuanosine (tzG) as Environmentally Sensitive Fluorescent Reporter in RNA,https://onlinelibrary.wiley.com/doi/10.1002/anie.3552561?af=R,Wiley: Angewandte Chemie International Edition: Table of Contents,2026-09-14 15:05:23 UTC,2026-09-14 15:05:23+00:00,10.1002/anie.3552561,Claudia Höbartner,"ABSTRACT
                  
                    Site‐specific labeling of RNA with emissive, structurally non‐perturbing nucleosides is critically needed for probing RNA structure, dynamics, and function. Isothiazolopyrimidine‐based nucleoside surrogates are leading examples of fluorescent RNA building blocks, with the C‐nucleosidic guanosine analogue
                    tz
                    G standing out due to its brightness. Here, we report the first synthesis of a
                    tz
                    G phosphoramidite and its incorporation into RNA via solid‐phase synthesis. Comprehensive biochemical and photophysical analyses demonstrate that
                    tz
                    G acts as an isomorphic and isofunctional substitute for guanosine, with fluorescence properties that are sensitive to local environmental changes. These features enable fluorescence‐based monitoring of RNA cleavage by deoxyribozymes and of site‐specific RNA methylation by a methyltransferase ribozyme. Our findings establish
                    tz
                    G as a valuable emissive nucleoside analog for the interrogation of RNA modifications at defined positions.",crossref,0
Activation of Metal Complexes With Ultrasound Waves for Targeted Anticancer Therapy,https://onlinelibrary.wiley.com/doi/10.1002/anie.3172220?af=R,Wiley: Angewandte Chemie International Edition: Table of Contents,2026-09-14 15:07:51 UTC,2026-09-14 15:07:51+00:00,10.1002/anie.3172220,Johannes Karges,"ABSTRACT
                  Ultrasound technology has undergone a fundamental paradigm shift, evolving from a conventional diagnostic instrument into a sophisticated platform for non‐invasive, site‐specific cancer therapy. By harnessing the inverse piezoelectric effect, ultrasound generates mechanical waves that trigger acoustic cavitation in liquid media, producing localized hotspots of extreme temperature and pressure that can be exploited to activate rationally designed metal complexes through distinct and complementary mechanisms. This review provides a comprehensive analysis of two primary therapeutic modalities enabled by this approach. In sonodynamic therapy, metal centers function as sonosensitizers, generating cytotoxic reactive oxygen species through sonoluminescence‐mediated energy transfer. In ultrasound‐induced ligand release, the mechanochemical potential of metallocenes and coordination polymers is exploited, whereby cavitation‐induced shear forces drive heterolytic metal–ligand bond scission to achieve spatially controlled release of bioactive payloads and catalysts. A defining advantage of this platform over light‐based therapeutic modalities is its capacity to reach deep‐seated tumors. By synthesizing current structure–activity relationships and mechanistic understanding, this review establishes a rational design roadmap for next‐generation smart metal‐based prodrugs and delineates the critical challenges, including acoustic parameter standardization, long‐term metal fragment toxicology, and translational modeling fidelity, that must be addressed to advance this emerging field toward clinical application.",crossref,0
π‐Contraction Induces High‑Spin Co Centers in 2D Conductive MOFs for Efficient Oxygen Reduction,https://onlinelibrary.wiley.com/doi/10.1002/anie.1652124?af=R,Wiley: Angewandte Chemie International Edition: Table of Contents,2026-09-14 15:10:27 UTC,2026-09-14 15:10:27+00:00,10.1002/anie.1652124,Daofeng Sun,"ABSTRACT
                  
                    Two‐dimensional conductive metal–organic frameworks (c‐MOFs) are promising electrocatalysts for the oxygen reduction reaction (ORR), yet nearly all optimization strategies have focused on metal‐node modification while the ligand scaffold remains largely unexplored. Here, we report an unconventional “π‐contraction” strategy that excises the peripheral benzene rings from metallophthalocyanine (MPc) to afford contracted metalloporphyrazine (MPz) ligands (M = Co, Ni). Trimming decreases π‐electron density on the carbon framework and directs charge to the metal center, thereby reshaping its electronic structure. In CoPz–MOF, this contraction uniquely induces a high‐spin Co 3d station and stabilizes mixed Co(I)/Co(II) valence states—features absent in CoPc MOF and Ni‐based analogues. DFT calculations confirm that the high‐spin configuration confers the strongest oxygen adsorption affinity among the series, while the presence of Co(I) species further promotes O
                    2
                    chemisorption during the onset stage of ORR. Electrochemically, CoPz–MOF delivers a half‐wave potential of 0.84 V with a preferential four‐electron pathway, outperforming its counterparts. In zinc–air batteries, it achieves a peak power density of 125.6 mW cm
                    −2
                    and stable operation over 500 h. This work establishes ligand‐level conjugation engineering—rather than node‐metal substitution—as a powerful strategy for tailoring metal‐center electronic structures in c‐MOF electrocatalysts.",crossref,0
Confinement‐Enrichment‐Driven Cascade Catalysis in a Self‐Assembled Nanozyme Reactor for Synergistic Antibiofouling and Biocorrosion Inhibition,https://advanced.onlinelibrary.wiley.com/doi/10.1002/adma.74995?af=R,Wiley: Advanced Materials: Table of Contents,2026-09-14 15:45:11 UTC,2026-09-14 15:45:11+00:00,10.1002/adma.74995,Dake Xu,"ABSTRACT
                  
                    Marine biofouling, initiated by microbial colonization and biofilm formation, causes severe infrastructure deterioration and hydrodynamic drag. Although reactive oxygen/nitrogen species (ROS/RNS)‐mediated nanozymes offer a unique and highly promising platform for anti‐biofouling, their overall catalytic performance is often hindered by weakening interfacial catalytic kinetics within thick biofilms. Here we report a simple yet efficient self‑assembled CAGA nanozyme reactor that takes advantage of glucose as confined reactant to maintain high local reactant concentrations, and a branched copper‑L‑arginine (CA) core to facilitate interfacial mass transfer and substrate enrichment. More significantly, Au nanoparticles (AuNPs)‐decorated hyaluronic acid (HA) shell further enables microenvironment‐responsive activation of multienzyme‐mimicking activities. This intelligent design orchestrates a confinement‐enrichment‐catalysis cascade process inside the CAGA nanozyme reactor, thus amplifying its ROS/RNS output for biofilm eradication. Density functional theory (DFT) confirms Cu active sites lower the energy barrier for L‐Arg oxidation, promoting nitric oxide and peroxynitrite (NO and ONOO
                    −
                    ) formation. Antimicrobial experiments coupled with RNA‐sequencing transcriptomics validate this impressive antibacterial performance, attributed to the synergistic effects of amplified redox imbalance and cuproptosis‐like pathways. This hybrid CAGA nanozyme reactor remarkably suppresses microbiologically influenced corrosion (MIC) and exhibits excellent antifouling performance in practical coatings, providing a rational paradigm for developing next‐generation antibiofouling strategies.",crossref,0
Data-driven optimal dispatch of a multi-energy virtual power plant under differentiated uncertainty modeling,https://www.sciencedirect.com/science/article/pii/S0306261926014479?dgcid=rss_sd_all,ScienceDirect Publication: Applied Energy,2026-09-15 00:00:00 UTC,2026-09-15 00:00:00+00:00,,Minxin Yang,,,0
Integrated energy–water cogeneration in a hybrid V-shaped dual-concentration solar system: a multi-physics approach,https://www.sciencedirect.com/science/article/pii/S0306261926014510?dgcid=rss_sd_all,ScienceDirect Publication: Applied Energy,2026-09-15 00:00:00 UTC,2026-09-15 00:00:00+00:00,,D. Santana,,,0
Deriving multivariate solar generation forecast updates—the case of imbalanced data,https://www.sciencedirect.com/science/article/pii/S0306261926014637?dgcid=rss_sd_all,ScienceDirect Publication: Applied Energy,2026-09-15 00:00:00 UTC,2026-09-15 00:00:00+00:00,,Christoph Weber,,,0
Evaluating wireless charging configurations for electric bus systems: A degradation-aware comparison and electricity-pricing implications,https://www.sciencedirect.com/science/article/pii/S0306261926014960?dgcid=rss_sd_all,ScienceDirect Publication: Applied Energy,2026-09-15 00:00:00 UTC,2026-09-15 00:00:00+00:00,,Bin Yu,,,0
Optimal parameter tuning of heterogeneous grid-forming BESSs in wind-integrated power systems for frequency stability improvement,https://www.sciencedirect.com/science/article/pii/S0306261926014534?dgcid=rss_sd_all,ScienceDirect Publication: Applied Energy,2026-09-15 00:00:00 UTC,2026-09-15 00:00:00+00:00,,Christian Rehtanz,,,0
LLM-assisted semantic scenario editing and constraint-aware capped stable fixing for renewable-rich SCUC acceleration,https://www.sciencedirect.com/science/article/pii/S0306261926014856?dgcid=rss_sd_all,ScienceDirect Publication: Applied Energy,2026-09-15 00:00:00 UTC,2026-09-15 00:00:00+00:00,,Zhang Zeyu,,,0
Decentralized distribution system restoration via scalable multi-agent reinforcement learning with reduced communication cost,https://www.sciencedirect.com/science/article/pii/S0306261926014431?dgcid=rss_sd_all,ScienceDirect Publication: Applied Energy,2026-09-15 00:00:00 UTC,2026-09-15 00:00:00+00:00,,Zhenning Pan,,,0
Optimal regulation and benefits analysis of flexible loads in integrated energy systems: a comparative study across diverse buildings,https://www.sciencedirect.com/science/article/pii/S030626192601487X?dgcid=rss_sd_all,ScienceDirect Publication: Applied Energy,2026-09-15 00:00:00 UTC,2026-09-15 00:00:00+00:00,,Wandong Zheng,,,0
Enhancing generalizability of energy management strategies for fuel cell buses: A cross-domain adaptive energy saving control approach,https://www.sciencedirect.com/science/article/pii/S0306261926014807?dgcid=rss_sd_all,ScienceDirect Publication: Applied Energy,2026-09-15 00:00:00 UTC,2026-09-15 00:00:00+00:00,,Menglin Li,,,0
Probabilistic transient stability assessment of power systems with renewable energy using a bounded-Transformer embedding fault severity rules,https://www.sciencedirect.com/science/article/pii/S0306261926014194?dgcid=rss_sd_all,ScienceDirect Publication: Applied Energy,2026-09-15 00:00:00 UTC,2026-09-15 00:00:00+00:00,,Hongjun Gao,,,0
Risk-aware battery arbitrage optimization using quantile-based price forecast error adjustment,https://www.sciencedirect.com/science/article/pii/S0306261926014509?dgcid=rss_sd_all,ScienceDirect Publication: Applied Energy,2026-09-15 00:00:00 UTC,2026-09-15 00:00:00+00:00,,Phillip Wild,,,0
Physics-inspired window-wise learning framework for capacity degradation prediction using diverse real-world battery packs,https://www.sciencedirect.com/science/article/pii/S030626192601456X?dgcid=rss_sd_all,ScienceDirect Publication: Applied Energy,2026-09-15 00:00:00 UTC,2026-09-15 00:00:00+00:00,,Mingyu Gao,,,0
"A modular cyber-physical architecture for residential microgrids with slot-based, hardware-constrained energy management",https://www.sciencedirect.com/science/article/pii/S0306261926014650?dgcid=rss_sd_all,ScienceDirect Publication: Applied Energy,2026-09-15 00:00:00 UTC,2026-09-15 00:00:00+00:00,,Simon Lennart Sahlin,,,0
Boosting water evaporation with clever surface design,https://www.nature.com/articles/s41893-026-01843-6,Nature Sustainability,2026-09-15 00:00:00 UTC,2026-09-15 00:00:00+00:00,10.1038/s41893-026-01843-6,Swee Ching Tan,,,0
Monolithic 3D integration of atomic-layer-deposited oxide semiconductors on 200-mm silicon wafers,https://www.nature.com/articles/s41565-026-02276-0,Nature Nanotechnology,2026-09-15 00:00:00 UTC,2026-09-15 00:00:00+00:00,10.1038/s41565-026-02276-0,Peide D. Ye,"Monolithic 3D (M3D) integration offers a pathway to overcome the scaling limits of conventional silicon complementary metal–oxide–semiconductor technology by extending dense vertical stacking of multifunctional logic and memory devices. Here we demonstrate wafer-scale M3D integration of three tiers of atomic-layer-deposited indium oxide (InOx)-based devices (>100,000 fabricated), including ferroelectric, enhancement-mode and depletion-mode field-effect transistors, on 200-mm silicon wafers. We achieve threshold voltage standard deviations as low as 0.04 V, average electron mobilities of up to 91.6 cm2 V−1 s−1 and fully functional cross-tier circuits. A four-tier 3D computing-in-memory accelerator targeting large-language-model workloads is developed using a custom InOx process design kit, delivering 1.4× to 2.9× speed-up and comparable energy–delay product improvements over 2D baselines. These results establish atomic-layer-deposited InOx M3D integration as a scalable and complementary metal–oxide–semiconductor-compatible platform for next-generation artificial intelligence hardware and advanced electronics.",nature_html,0
Practical insights into high-temperature storage of lithium-rich layered oxide cathodes,https://academic.oup.com/nsr/advance-article/doi/10.1093/nsr/nwag596/8796002?rss=1,National Science Review Advance Access,2026-09-15 00:00:00 UTC,2026-09-15 00:00:00+00:00,10.1093/nsr/nwag596,Shi-Gang Sun,"Lithium-rich layered oxides (LRLOs) deliver exceptional gravimetric energy density (>1000 Wh kg−1 at 4.8 V) via anion redox reactions, but inherently suffer from low volumetric energy density (VED) due to Li-rich phase and inherent porous granular architecture. In practical industrial applications, the operating voltage window is strictly limited to ∼4.5 V to ensure long-term durability and safety, which further exacerbates the VED deficiency. To bridge this gap, industrial wide distribution composite strategies involving blending large polycrystalline matrices with small polycrystalline (PP) or single-crystalline (PS) interstitial fillers can improve electrode packing density. Although PP offers superior rate capability and cost-effectiveness, it suffers from severe high-temperature (HT) storage instability. In this study, we reveal a cathode-dominated failure driven by accelerated ligand-to-metal charge transfer (LMCT) that activates lattice oxygen, prompting their transformation into highly reactive O-O dimers. In the PP route, abundant intergranular boundaries act as nucleation sites, triggering a destructive feedback loop of secondary cracking, gas release, and detrimental phase transitions. Based on these mechanistic insights, we propose a targeted first-cycle formation voltage regulation strategy to thermodynamically suppress excessive initial oxygen activation. Validated in 60 Ah-level cells, this approach effectively mitigates intergranular degradation and significantly extends the HT storage lifespan of PP cathodes, thus supporting the practical application of high-VED LRLOs.",rss_oup,0
Direct measurement of protein dipoles reveals the mechanism for like-charge adsorption on silica,https://www.nature.com/articles/s41467-026-76501-8,Nature Communications,2026-09-15 00:00:00 UTC,2026-09-15 00:00:00+00:00,10.1038/s41467-026-76501-8,Olivier Pluchery,"Negatively charged particles are expected to adsorb with difficulty onto negatively charged surfaces. However, some proteins do. In this work, we use ferritin as a model protein particle to study its adsorption onto a negatively charged silica surface. Using Kelvin Probe Force Microscopy (KPFM), we provide direct measurement of the dipole moment of the protein ferritin on silica. The positive dipole value indicates that the negative end of the protein faces the surface. In this immobilization mechanism, our results unveil the pivotal role of sodium cations in the buffer solution. Changing the iron loading inside the ferritin, appears to add positive charges and the dipole is modulated without inducing structural changes. Comparison of quartz crystal microbalance results with KPFM reveals a strong correlation between rigidity and internal charge distribution. Our measurements provide insights on the relationship between dipole, protein adsorption, and the contribution of internal charge distribution.",nature_html,0
Visible light-induced oxygen atom transfer into C−CL bond of acyl chlorides for homolytic cleavage,https://www.nature.com/articles/s41467-026-77774-9,Nature Communications,2026-09-15 00:00:00 UTC,2026-09-15 00:00:00+00:00,10.1038/s41467-026-77774-9,Chengfeng Xia,"Oxygen O(3P) atom has been rarely explored in condensed-phase chemistry, with known examples limited to σ insertion into C − H bonds, alkene epoxidation, and sulphide oxidation. Herein, we report the efficient generation of oxygen O(3P) atom via visible-light-induced deoxygenation of aryl 1H-benzotriazole 3-oxides under mild conditions. We demonstrate that oxygen atom undergoes transfer into the C−Cl bond of acyl chlorides to afford acyl hypochlorites. Two distinct homolytic cleavage pathways, O−Cl bond homolysis and C − O bond homolysis, are identified for hypochlorites derived from either aryl acyl chlorides or alkyl acyl chlorides. On the basis of these findings, the oxygen atom transfer is employed in cascade radical coupling of acyl chlorides with alkenes and silyl enol ethers.",nature_html,0
Exploring hydrogen pipeline costs by considering regional geographical and political characteristics,https://www.nature.com/articles/s41560-026-02141-3,Nature Energy,2026-09-15 00:00:00 UTC,2026-09-15 00:00:00+00:00,10.1038/s41560-026-02141-3,Russell McKenna,"Transporting hydrogen using pipelines is becoming increasingly relevant in the energy system, yet current cost estimates typically rely on simplistic approaches that overlook region-specific characteristics, leading to potential miscalculation of costs. Here we examine hydrogen pipeline costs by incorporating regional geographical factors, such as land use, topography and existing infrastructure, together with political-economic factors represented through country-specific weighted average costs of capital. Using a geographic information system-based model, we demonstrate that the regional levelized cost of transportation can vary by up to a factor of three. Comparing our approach with conventional ones based on uniform detour factors in an existing European energy system analysis framework shows substantial deviations in trade flows and highlights the relevance of this work. We provide cost and route data for 4,900 potential global pipeline routes. Our findings yield insights for further research and stakeholders when assessing the economic viability of hydrogen as a competitive energy carrier.",nature_html,0
A 250-kilowatt system for co-production of hydrogen and fresh water from seawater,https://www.nature.com/articles/s41560-026-02130-6,Nature Energy,2026-09-15 00:00:00 UTC,2026-09-15 00:00:00+00:00,10.1038/s41560-026-02130-6,Dehui Deng,"Hydrogen production from seawater is attractive given its abundance, but direct seawater electrolysis is challenging due to the poor stability and low energy efficiency. ‌Here we report the co-production of hydrogen and fresh water from seawater by coupling alkaline water electrolysis with low-temperature desalination, wherein low-grade waste heat from the electrolyser drives seawater distillation to generate fresh water for both electrolysis and external use. A 20-kW industrial pilot system achieved co-productivities of 3.8 Nm3 h−1 H2 and 1.2 kg h−1 fresh water with stable operation for 100 days. Scaling up to 250 kW achieved 48 Nm3 h−1 H2 and 31.6 kg h−1 fresh water, with a 14.4% improvement in system electrical efficiency relative to alkaline electrolysis of fresh water alone. Techno-economic analysis of the coupled process indicates higher profitability than the traditional tandem process of desalination followed by electrolysis.",nature_html,0
A unified distillation and electrolysis system,https://www.nature.com/articles/s41560-026-02136-0,Nature Energy,2026-09-15 00:00:00 UTC,2026-09-15 00:00:00+00:00,10.1038/s41560-026-02136-0,Jonathan G. Love,,,0
Smart energy must address enshittification risks,https://www.nature.com/articles/s41560-026-02138-y,Nature Energy,2026-09-15 00:00:00 UTC,2026-09-15 00:00:00+00:00,10.1038/s41560-026-02138-y,Michael Fell,,,0
Accelerating water desorption at heterostructure interfaces for high-rate solar evaporation,https://www.nature.com/articles/s41893-026-01934-4,Nature Sustainability,2026-09-15 00:00:00 UTC,2026-09-15 00:00:00+00:00,10.1038/s41893-026-01934-4,Dewei Chu,"Solar-driven interfacial evaporation represents a sustainable and cost-effective pathway for water purification, yet how to accelerate the kinetics of water molecule desorption on the surface of photothermal materials remains a critical and largely overlooked bottleneck. Here we report a dual-phase photothermal heterostructure designed to accelerate desorption and substantially boost solar-to-vapour efficiency. By tailoring the coordination between surface Ga3+ sites on eutectic gallium indium and oxygen-containing groups on graphene oxide, we construct a graphene oxide–Ga2O3 interface that minimizes bonding with water molecules, thereby lowering the energy barrier for vapour escape. The resulting thin-film evaporator achieves an evaporation rate of 3.64 kg m−2 h−1 with 95.3% conversion efficiency under 1 sun irradiation. Optimizing the geometry to a high-aspect-ratio configuration further elevates performance to 7.54 kg m−2 h−1 at an efficiency of 96.2%. The system demonstrates exceptional long-term stability, maintaining stable operation over 30 days under indoor conditions and 60 days outdoors, while retaining robust self-cleaning properties and resilience in harsh environments. This work establishes surface desorption management through heterostructure engineering as a primary strategy for scalable, high-performance solar evaporation technologies with implications for green energy and global water security.",nature_html,0
Vertical root distribution underpins belowground resistance to extreme drought,https://academic.oup.com/nsr/advance-article/doi/10.1093/nsr/nwag592/8796007?rss=1,National Science Review Advance Access,2026-09-15 00:00:00 UTC,2026-09-15 00:00:00+00:00,10.1093/nsr/nwag592,Yann Hautier,"Extreme droughts are becoming more frequent and strongly affect ecosystem productivity, yet their impact on belowground productivity—key to the carbon cycle—remain underexplored. Using a coordinated drought experiment across six Eurasian grassland sites spanning a precipitation gradient, we found that extreme drought had little effect on belowground net primary productivity (BNPP) or root biomass across the 0-20 cm soil profile because drought-induced shifts in root allocation compensated across soil depths. Specifically, drought induced site- and depth-specific shifts: in xeric grasslands, BNPP and root biomass increased in the 0-10 cm layer but declined in the 10-20 cm layer, whereas mesic grasslands exhibited the opposite pattern. These contrasting responses were consistent with shifts in depth-specific soil moisture. Consequently, the apparent resistance of belowground productivity to drought masks a redistribution of root growth along the vertical soil profile. Accounting for such depth-dependent root dynamics is essential for understanding ecosystem functioning, including carbon cycling, plant persistence, and ecosystem responses to intensifying climate extremes.",rss_oup,0
Multimodal data-driven clustering analysis of heart failure patients identifies two distinct patterns of heart failure with preserved ejection fraction: Results from the PACIFIC-PRESERVED study,https://www.nature.com/articles/s41467-026-77642-6,Nature Communications,2026-09-15 00:00:00 UTC,2026-09-15 00:00:00+00:00,10.1038/s41467-026-77642-6,Damien Logeart,"Heart failure with preserved ejection fraction (HFpEF) accounts for over half of heart failure cases but remains poorly defined due to its clinical heterogeneity. In the prospective PACIFIC-Preserved cohort (NCT04189029, n = 155), we applied multimodal deep phenotyping, including high-throughput proteomics, and unsupervised machine learning to identify biologically distinct HFpEF subgroups. Multiview clustering revealed two major HFpEF phenogroups: PEF1, characterized by inflammatory signaling, TNF receptor activation, cardio-skeletal injury, and greater renal dysfunction; and PEF2, marked by endothelial stress and milder perturbations. Conventional diagnostics alone could not reliably distinguish these subgroups, but a multimodal classifier integrating clinical, imaging, and proteomic variables achieved high predictive accuracy (F1-score 0.87). External validation in the MEDIA-DHF cohort (n = 456) confirmed that PEF1 was independently associated with adverse outcomes (adjusted HR 2.27, 95% CI 1.04–4.94). These findings establish a classifier-driven, biologically informed stratification of HFpEF, providing a framework for precision medicine in heart failure.",nature_html,0
Stringent climate policies and energy poverty: Evidence of spatial spillovers and challenges for a just transition,https://www.sciencedirect.com/science/article/pii/S0301421526005240?dgcid=rss_sd_all,ScienceDirect Publication: Energy Policy,2026-09-15 00:00:00 UTC,2026-09-15 00:00:00+00:00,,Gissell Huaccha,,,0
‘Stomach bugs’ send protective immune cells rushing from gut to brain,https://www.nature.com/articles/d41586-026-02891-w,Nature,2026-09-15 00:00:00 UTC,2026-09-15 00:00:00+00:00,10.1038/d41586-026-02891-w,Gemma Conroy,,,0
Compound Z247611722 Exhibits Antifungal Activity by Inhibiting Serine Palmitoyltransferase,https://www.nature.com/articles/s41467-026-77817-1,Nature Communications,2026-09-15 00:00:00 UTC,2026-09-15 00:00:00+00:00,10.1038/s41467-026-77817-1,Patrick Van Dijck,"The global rise in fungal infections, driven by expanding at-risk populations and growing antifungal resistance, highlights the need for new therapies. However, the current antifungal arsenal remains limited and emerging resistance reduces treatment efficacy. Through high-throughput screening of 20,000 drug-like compounds, we identified Z56812898, a benzamide linked to a bicyclic pyrimidine–pyran trione with novel antifungal activity. Guided by this hit, we discovered a structural analog with improved antifungal potency, Z247611722. This fungicidal compound has novel antifungal activity against multiple Candida species and fluconazole-resistant isolates. Chemogenomic, metabolomic, and phenotypic analyses revealed that Z247611722 disrupts sphingolipid biosynthesis by targeting serine palmitoyltransferase (SPT). The mode of action was confirmed by experimental evolution, yielding a resistant strain with a non-synonymous mutation in the SPT-encoding gene, LCB2. Structural modelling localized this alanine-to-proline substitution adjacent to the catalytic cavity, where it could alter the dynamics and conformation of the binding pocket and impair compound accommodation. Importantly, Z247611722 demonstrates in vivo efficacy in an invertebrate model of C. albicans infection. These findings validate SPT as a promising target and introduce a structurally distinct sphingolipid biosynthesis inhibitor with therapeutic potential.",nature_html,0
Underground hydrogen could spur a green-energy revolution — if companies can find it,https://www.nature.com/articles/d41586-026-02850-5,Nature,2026-09-15 00:00:00 UTC,2026-09-15 00:00:00+00:00,10.1038/d41586-026-02850-5,James Mitchell Crow,,,0
CRISPR crops are coming to Europe — why bolder would be better,https://www.nature.com/articles/d41586-026-02848-z,Nature,2026-09-15 00:00:00 UTC,2026-09-15 00:00:00+00:00,10.1038/d41586-026-02848-z,Nico De Storme,,,0
Global inequality panel is a chance for research to change lives,https://www.nature.com/articles/d41586-026-02885-8,Nature,2026-09-15 00:00:00 UTC,2026-09-15 00:00:00+00:00,10.1038/d41586-026-02885-8,,,,0
Why the NIH must resist the metrics trap,https://www.nature.com/articles/d41586-026-02906-6,Nature,2026-09-15 00:00:00 UTC,2026-09-15 00:00:00+00:00,10.1038/d41586-026-02906-6,Kirsten K. Davison,,,0
Make AI traceable before it shapes global climate assessments,https://www.nature.com/articles/d41586-026-02905-7,Nature,2026-09-15 00:00:00 UTC,2026-09-15 00:00:00+00:00,10.1038/d41586-026-02905-7,Carlos Garcia-Soto,,,0
The geometric genius of René Descartes,https://www.nature.com/articles/d41586-026-02723-x,Nature,2026-09-15 00:00:00 UTC,2026-09-15 00:00:00+00:00,10.1038/d41586-026-02723-x,,,,0
Why Nepal floods resulted in a disaster even after satellites spotted danger,https://www.nature.com/articles/d41586-026-02907-5,Nature,2026-09-15 00:00:00 UTC,2026-09-15 00:00:00+00:00,10.1038/d41586-026-02907-5,Rajeev Bhattarai,,,0
A wake-up call: diversify global research funding,https://www.nature.com/articles/d41586-026-02904-8,Nature,2026-09-15 00:00:00 UTC,2026-09-15 00:00:00+00:00,10.1038/d41586-026-02904-8,Shiyu Wang,,,0
Author Correction: Erythropoietin receptor on cDC1s dictates immune tolerance,https://www.nature.com/articles/s41586-026-11137-8,Nature,2026-09-15 00:00:00 UTC,2026-09-15 00:00:00+00:00,10.1038/s41586-026-11137-8,Edgar G. Engleman,,,0
Quality control of glycogen through direct ubiquitylation by RNF213,https://www.nature.com/articles/s41586-026-11139-6,Nature,2026-09-15 00:00:00 UTC,2026-09-15 00:00:00+00:00,10.1038/s41586-026-11139-6,Felix Randow,"Quality control of biomolecules is vital for organismal health. While DNA repair and protein quality control are well understood, how cells monitor other important biomolecules such as glycogen remains ill-defined. The accumulation of aberrant, poorly branched glycogen into insoluble polyglucosan bodies causes severe disease1,2. Here, we discover autophagy of ubiquitylated aberrant glycogen as a previously unrecognized quality control mechanism safeguarding the brain from polyglucosan buildup. This mechanism depends on the E3 ubiquitin ligase RNF213. Mice lacking ligase activity in RNF213 accumulate polyglucosan in cerebellum, pons, and hippocampus. Using cells engineered to produce polyglucosan, we show that RNF213 selectively ubiquitylates abnormal glycogen. Cryo-EM analysis of RNF213 bound to glycogen-derived maltoheptaose revealed its CBM20 domain binds linear oligosaccharides. Disrupting carbohydrate binding results in gain of E3 ligase activity towards physiological glycogen, indicating the CBM20 domain limits RNF213 activity towards physiological glycogen. Epistasis analysis places RNF213 upstream of LUBAC, suggesting a hierarchical network of multiple E3 ligases surveying glycogen quality. Ubiquitylated polyglucosan recruits the autophagy receptors SQSTM1, TAX1BP1, and optineurin, thereby triggering uptake into autophagosomes. These findings identify RNF213 as a quality control factor preventing polyglucosan accumulation in astrocytes through direct ubiquitylation of polyglucosan, revealing an essential role for non-protein ubiquitylation in glycogen quality control.",nature_html,0
On-demand design of controlled-release systems using an expert-mimic AI framework,https://www.nature.com/articles/s41467-026-77619-5,Nature Communications,2026-09-15 00:00:00 UTC,2026-09-15 00:00:00+00:00,10.1038/s41467-026-77619-5,Yufei Xia,"Navigating a vast formulation-preparation design space that is highly sensitive to perturbations makes trial-and-error approaches inefficient and costly for diverse clinical needs. Here, we introduce an expert-mimic AI framework called E-MAF that integrates a process-aware surrogate with an optimized genetic algorithm to emulate coarse-to-fine reasoning, autonomously generating lab-ready designs tailored to desired release profiles. We show that E-MAF delivers on-demand release and shortens design cycles from 6-12 months to approximately 1 hour. We demonstrate that in vitro release, in vivo pharmacokinetics and therapeutic effects match or surpass commercial benchmarks across 7 active pharmaceutical ingredients. We show that E-MAF also enables release profiles that are hard to achieve by conventional approaches, exemplified by ≤2% risperidone burst within 1 h and near-zero-order release over ~28 days in vivo. These results demonstrate E-MAF’s potential to accelerate polymeric controlled-release system development and drug-delivery industrialization.",nature_html,0
Cities and countryside are intimately linked — green initiatives must recognize that,https://www.nature.com/articles/d41586-026-02853-2,Nature,2026-09-15 00:00:00 UTC,2026-09-15 00:00:00+00:00,10.1038/d41586-026-02853-2,Xinxin Huang,,,0
Highly Efficient and Cost‐Effective Single‐Atom Catalysts for Lithium‐Sulfur Batteries Exceeding 540 Wh kg−1,https://advanced.onlinelibrary.wiley.com/doi/10.1002/aenm.71516?af=R,Wiley: Advanced Energy Materials: Table of Contents,2026-09-15 05:45:13 UTC,2026-09-15 05:45:13+00:00,10.1002/aenm.71516,Yaqin Huang,"ABSTRACT
                  
                    Despite the high theoretical energy density (2600 Wh kg
                    −1
                    ) of lithium–sulfur (Li–S) batteries, their practical application in low‐altitude unmanned aerial vehicles is severely hindered by sluggish reaction kinetics and the severe shuttle effect of lithium polysulfides, making it difficult to meet the stringent demands for high‐rate capability and high energy density. Single‐atom catalysts (SACs) have emerged as a promising strategy to accelerate polysulfide conversion kinetics. However, conventional SACs often face challenges such as high preparation costs, complex synthetic processes, and catalyst poisoning due to excessively strong binding with sulfur species. To address these technical and economic limitations, this work focuses on developing cost‐effective and efficient materials for large‐scale energy storage. Graphitic carbon nitride (g‐C
                    3
                    N
                    4
                    ), a low‐cost, easily scalable material with abundant nitrogen coordination sites, was selected as the substrate to prepare an atomically dispersed SAC (Mn‐CN). Benefiting from the unique half‐filled 3d electronic configuration of the Mn atom, the catalyst directly establishes a robust “Mn–S and Li–N” dual‐coordination mechanism. This specific interaction effectively activates the Li─S bond and substantially lowers the thermodynamic energy barriers, thereby improving the redox kinetics of polysulfide conversion. Consequently, the assembled Li–S batteries maintain a reversible capacity of 658 mAh g
                    −1
                    at a high rate of 4 C and exhibit stable long cycling performance. Furthermore, the assembled 14 Ah‐level pouch cell achieves an initial energy density of 547 Wh kg
                    −1
                    and over 30 stable cycles. This work provides a practical approach for preparing cost‐effective and efficient single‐atom catalysts, supporting the industrial application of high‐energy‐density Li–S batteries.",crossref,0
Solar Salt Thermal Storage Enhancement Through Defect Engineering,https://advanced.onlinelibrary.wiley.com/doi/10.1002/aenm.71588?af=R,Wiley: Advanced Energy Materials: Table of Contents,2026-09-15 05:48:43 UTC,2026-09-15 05:48:43+00:00,10.1002/aenm.71588,Bingyang Cao,"ABSTRACT
                  
                    Molten salts nanofluids‐based thermal energy storage systems offer a viable solution for the advancing of concentrated solar power (CSP) systems and grid peak shaving. However, further enhancement of the thermal energy storage performance of molten salts nanofluids is facing a bottleneck. Here, we report a novel defect‐engineering method that can overcome this obstacle by incorporating the oxygen vacancy (Vo) into silica nanoparticles dispersed in solar salts. By integrating experiments, DFT‐based charge analysis, MD simulations, and techno‐economic analysis, solar salt thermal storage enhancement through defect engineering is systematically investigated from microscale to system level. Unlike SiO
                    2
                    nanoparticles without V
                    O
                    , V
                    O
                    ‐engineered SiO
                    2
                    nanoparticles induce strong Coulombic interactions with molten salt ions, which can reorganize the molten salt ions into an exceptionally dense and thick compressed layer. This unique structure triples the specific heat capacity enhancement achievable with conventional nanoparticle doping, yielding a maximum increase of 56.6%. Concurrently, the thermal conductivity, dispersibility, and viscosity have also been significantly improved. System‐level analysis reveals that these integrated thermophysical enhancements directly reduce the levelized cost of electricity and increase the annual energy generation of CSP system. The established oxygen vacancy engineering provides a novel approach to underpin the potential of molten salts nanofluids‐based thermal energy storage.",crossref,0
Intrinsic Adsorption‐Diffusion Asymmetry Enables Stable Hydrovoltaic Power Generation Under Intermittent Humidity,https://advanced.onlinelibrary.wiley.com/doi/10.1002/aenm.71571?af=R,Wiley: Advanced Energy Materials: Table of Contents,2026-09-15 05:49:52 UTC,2026-09-15 05:49:52+00:00,10.1002/aenm.71571,Dong‐Hwan Kim,"ABSTRACT
                  
                    Hydrovoltaic energy harvesters provide a passive strategy for converting ambient moisture into electricity. However, their electrical output often rapidly decays after the removal of humidity stimulation, limiting their operation under dynamic environmental conditions. Here, we report a polyurethane‐derived polymer hydrovoltaic energy harvester (pp‐HEH) based on a hygroscopic polymeric deep eutectic solvent (HyPU
                    DES
                    ). The ionic and polar sites within HyPU
                    DES
                    enable rapid moisture adsorption, while the coupled interactions within the polymer network regulate subsequent moisture redistribution and release. This kinetic asymmetry between rapid moisture uptake and slow post‐stimulus water redistribution enables sustained hydrovoltaic output beyond the period of external humidity exposure. At 90% RH, the pp‐HEH delivers an open‐circuit voltage of 487 mV and a current density of 1.62 µA cm
                    −2
                    . After 30 min exposure to 90% RH, the device maintains a voltage response for more than 120 min under 20 ± 5% RH after humidity withdrawal. This work demonstrates a material‐level strategy for extending hydrovoltaic response windows by regulating moisture transport kinetics, providing potential opportunities for self‐powered wearable and distributed electronic systems.",crossref,0
Copper‐Governed Divergence of Lithium Deposition Modes in Anode‐Free Lithium Metal Batteries,https://advanced.onlinelibrary.wiley.com/doi/10.1002/aenm.71583?af=R,Wiley: Advanced Energy Materials: Table of Contents,2026-09-15 05:49:54 UTC,2026-09-15 05:49:54+00:00,10.1002/aenm.71583,Xiangming He,"ABSTRACT
                  Anode‐free lithium metal batteries (AFLMBs) maximize energy density by eliminating anode host materials, but their lifetime is governed by Li deposition on the current collector (CC)—a heterogeneous nucleation and growth process. Current research mainly focuses on electrolyte or artificial interphase engineering, whereas how the CC's physical structure dictates initial deposition behavior remains unclear. Here, we show that the microstructure of Cu foils induces two distinct Li deposition modes: localized nucleation‐selective growth (LS) and distributed nucleation‐competitive coalescence (DCC). Using HLCu and nmCu as model interfaces, we elucidate the evolution pathways of these modes. By integrating AFM, iSCAT, ToF‐SIMS and operando EIS‐DRT, we reveal mode‐specific differences in nucleation sites, interfacial kinetics, and the coupling between morphology, mechanical response, and side reactions. The LS mode generates loose, non‐uniform Li deposits with strong gas evolution, whereas the DCC mode enables dense, continuous, and kinetically stable Li layers. This work demonstrates that the CC is not a passive substrate but a critical component that determines the deposition mode and performance degradation. Optimizing the physical structure of the CC interface offers a key strategy—beyond electrolyte and interphase design—for long‐life AFLMBs.",crossref,0
Kinetic Isotope Effects in CO2 Reduction: Insights Into Reaction Mechanisms,https://advanced.onlinelibrary.wiley.com/doi/10.1002/aenm.71591?af=R,Wiley: Advanced Energy Materials: Table of Contents,2026-09-15 05:51:15 UTC,2026-09-15 05:51:15+00:00,10.1002/aenm.71591,Peng Wang,"ABSTRACT
                  
                    Electrochemical and photochemical carbon dioxide reduction reactions (CO
                    2
                    RR) represent pivotal strategies for converting CO
                    2
                    into valuable chemicals, yet their multistep pathways and transient intermediates complicate the identification of the rate‐determining step (RDS). Kinetic isotope effects (KIEs) provide bond‐sensitive evidence by revealing how isotopic substitution changes reaction rates. This Perspective critically examines the application of KIEs to investigate CO
                    2
                    activation, C─H bond formation, C─C coupling, water activation, and interfacial hydrogen transfer. Across these processes, normal, inverse, and near‐unity KIEs, when combined with spectroscopy and theoretical calculations, help distinguish competing elementary steps and reaction pathways. Isotope‐dependent product abundances further differentiate Langmuir–Hinshelwood and Eley–Rideal hydrogen transfer pathways and reveal how catalyst structure and interfacial environments regulate reaction pathways and selectivity. Finally, we discuss advances in isotope‐resolved operando detection, broader application of isotope analysis, and closer integration with theoretical calculations as opportunities to strengthen mechanistic analysis of CO
                    2
                    RR.",crossref,0
Decoding the Low‐Voltage Plateau in Hard Carbon Negative Electrodes: From Sodium‐Storage Models to Quantitative Active‐Site Design,https://advanced.onlinelibrary.wiley.com/doi/10.1002/aenm.71586?af=R,Wiley: Advanced Energy Materials: Table of Contents,2026-09-15 05:55:53 UTC,2026-09-15 05:55:53+00:00,10.1002/aenm.71586,Pan Xu,"ABSTRACT
                  
                    Hard carbon (HC) is the leading anode candidate for sodium‐ion batteries, but its practical optimization remains constrained by an unresolved question: which structural motifs actually store Na
                    +
                    at low potential? Early voltage‐profile assignments separated sloping capacity from plateau capacity and attributed them to adsorption, intercalation, or pore filling. However, recent evidence indicates that these assignments are often sample‐dependent and may overinterpret individual characterization signatures. This Review re‐examines HC anodes from the perspective of site‐resolved Na storage. We first compare the evolution of sodium‐storage models and clarify what each model explains, where it fails, and why apparently contradictory conclusions have emerged. We then focus on the low‐voltage plateau, discussing monolayer Na accumulation, quasi‐metallic Na cluster formation, closed‐pore filling, and the remaining pore‐volume paradox. Particular attention is given to the strengths and limitations of WAXS/XRD, SAXS, XPS, Raman, NMR, titration, and theoretical simulations for assigning Na storage states. Finally, we connect mechanistic understanding to active‐site design, including defects, heteroatoms, pores, metal‐assisted motifs, and surface functional groups, emphasizing which design rules are established and which remain speculative. HC design must move beyond qualitative structure‐performance correlations toward quantitative active‐site identification, closed‐pore metrology, and full‐cell‐relevant optimization of plateau capacity, initial Coulombic efficiency, and scalability.",crossref,0
In Situ Reconstructed Cu–Bi Interfacial Sites Enable Cooperative CO2 and Nitrate Activation for Efficient Urea Electrosynthesis,https://advanced.onlinelibrary.wiley.com/doi/10.1002/aenm.71587?af=R,Wiley: Advanced Energy Materials: Table of Contents,2026-09-15 05:57:06 UTC,2026-09-15 05:57:06+00:00,10.1002/aenm.71587,Hao Wu,"ABSTRACT
                  
                    Electrochemical urea synthesis via co‐reduction of CO
                    2
                    and nitrate (NO
                    3
                    −
                    ) offers a sustainable route for C─N bond formation but remains challenged by poor selectivity and competing side reactions. Here, we report a dual‐metal interfacial engineering strategy that enables C─N coupling by favoring a key NO─M
                    1
                    ─NO─CO─M
                    2
                    configuration. Using CuBi
                    2
                    O
                    4
                    as a model precursor, in situ electroreduction induces reconstruction into an electron‐enriched and low‐coordinated Cu─Bi interfacial structure. Operando Raman and surface‐enhanced infrared absorption spectroscopy, together with density functional theory calculations, reveal that these reconstructed dual‐metal interfaces enable cooperative adsorption of NO
                    3
                    −
                    and CO
                    2
                    , favoring a spatially confined NO─Cu─NO─CO─Bi configuration. This proposed configuration lowers the overall activation barrier and converts the traditionally endergonic C─N coupling into an exergonic N─C─N coupling process, thereby redirecting the reaction pathway toward urea formation while suppressing nitrite and CO byproducts. As a result, the catalyst achieves a urea Faradaic efficiency of 32.7% at −0.4 V vs. RHE with a high yield rate of 2955.3 mg h
                    −1
                    g
                    −1
                    at −0.6 V vs. RHE under large current densities. This work provides insights into a generalizable interfacial‐site design for modulating reaction pathways in electrosynthetic C─N coupling systems.",crossref,0
Phase‐Change Enabled Bilayer Meta‐Fabrics for High‐Performance Thermal Rectification,https://advanced.onlinelibrary.wiley.com/doi/10.1002/aenm.71581?af=R,Wiley: Advanced Energy Materials: Table of Contents,2026-09-15 06:03:12 UTC,2026-09-15 06:03:12+00:00,10.1002/aenm.71581,Ruqiang Zou,"ABSTRACT
                  
                    Adaptive thermal‐management materials capable of direction‐dependent heat transport are highly desirable for building‐envelope and other moderate‐temperature applications, yet scalable and flexible thermal rectifiers remain limited. Here, we report a polyester‐based phase‐change thermal diode meta‐fabric (TDMF) fabricated via continuous modified rotary jet spinning (M‐RJS), with potential compatibility for textile‐scale processing. The TDMF comprises a hot‐pressed reduced graphene oxide (rGO)‐integrated dense conductive layer (DCL) and an ultra‐porous fluffy insulating layer (FIL), coupling structural asymmetry with phase‐change‐induced thermal nonlinearity. An optimized configuration containing 80 wt.% phase‐change material in the DCL achieves a maximum material‐level thermal rectification ratio of ∼2.1 at Δ
                    T
                    = 45 K, where PCM‐assisted thermal switching becomes pronounced. The rGO‐enabled conductive network promotes forward heat transfer and PCM activation, whereas the porous FIL suppresses reverse heat transport through reduced interfacial contact and increased thermal resistance. The meta‐fabric also exhibits high flexibility and moisture permeability. A low‐temperature orientation test shows a ∼1.9°C surface‐temperature difference between opposite bilayer orientations, while building‐envelope analogue tests show differences up to ∼2.7°C under controlled irradiation. This work establishes a scalable fibrous platform for directional thermal management, particularly relevant to building‐envelope and other moderate‐temperature applications using the current PCM formulation design.",crossref,0
Beyond Oxygen Evolution: Anodic High‐Value Conversion for Energy‐Saving Hydrogen and Chemical Co‐Production,https://advanced.onlinelibrary.wiley.com/doi/10.1002/aenm.71592?af=R,Wiley: Advanced Energy Materials: Table of Contents,2026-09-15 06:11:35 UTC,2026-09-15 06:11:35+00:00,10.1002/aenm.71592,Qiang Zhao,"ABSTRACT
                  
                    Water electrolysis offers a scalable route to green hydrogen, but its anodic half‐reaction is still constrained by the oxygen evolution reaction (OER), a sluggish four‐electron process that consumes voltage while yielding low‐value O
                    2
                    . Anodic high‐value conversion (AHVC) replaces this value‐losing step with product‐forming oxidation, enabling hydrogen evolution to be coupled with upgrading of oxygenated organics, nitrogen‐containing molecules, pollutants, and polymer or waste‐derived streams. Yet the promise of AHVC is not established by lower oxidation potential alone. Useful co‐production requires selective bond transformation, suppression of overoxidation and OER re‐entry, controlled intermediate fate, limited crossover, and recoverable product streams at relevant current densities. This Review develops a value‐retention framework for AHVC. We discuss the thermodynamic and kinetic origins of alternative anodic reactions, compare major substrate families and their product windows, and examine how working phases, interfacial adsorption, reactive oxygen species, and local microenvironments steer molecular pathways. Device translation is then considered through full‐cell metrics, membrane transport, product recovery, durability, and techno‐economic boundaries. By connecting molecular selectivity with electrolyzer operation, AHVC is framed as a route to energy‐saving hydrogen and value‐added chemical co‐production, rather than a simple OER substitute.",crossref,0
A Multifunctional Ionograsper Enabling Ion‐Redistribution Proximity Sensing and Structural‐Reconfiguration‐Driven Bidirectional Actuation,https://advanced.onlinelibrary.wiley.com/doi/10.1002/adma.74981?af=R,Wiley: Advanced Materials: Table of Contents,2026-09-15 06:37:58 UTC,2026-09-15 06:37:58+00:00,10.1002/adma.74981,Hong Chul Moon,"ABSTRACT
                  
                    Autonomous soft actuators are essential for untethered intelligent robotic systems. However, achieving energy‐efficient operation and long‐term shape retention in solid‐state platforms remains a significant challenge, as most conventional systems rely on continuous power input or complex fluidic architectures. Here, we report an environmentally adaptive ionic actuator inspired by the Venus flytrap, capable of self‐sensing and bidirectional deformation without sustained external energy. By incorporating azobenzene moieties into an ionogel network, we trigger a unique nanopore‐mediated Janus actuation. A single, low‐power UV pulse (35.3 mW cm
                    −2
                    ) induces rapid photoisomerization and localized dehydration, forming surface nanopores that facilitate asymmetric moisture uptake. This structural reconfiguration drives directional bending that is passively maintained for over 10 min, which is an exceptionally long retention time compared to conventional soft actuators. Furthermore, electrification‐induced voltage signals enable zero‐bias proximity sensing. By integrating these synergistic characteristics, we demonstrate a biomimetic ionograsper that combines ion‐redistribution‐induced sensing with energy‐efficient light‐triggered actuation for sophisticated object manipulation. Overall, this work provides a robust strategy for developing multifunctional and power‐efficient soft robots capable of intelligent environmental interaction.",crossref,0
ACTA2-directed actin filaments license STING trafficking and activation for antiviral immunity and autoimmune pathogenesis,https://www.pnas.org/doi/abs/10.1073/pnas.2608171123?mi=eymic2&af=R&access=on&content=articlesChapters&publication=pnas&sortBy=Earliest&target=default,Proceedings of the National Academy of Sciences: Keyword search for query,2026-09-15 07:00:00 UTC,2026-09-15 07:00:00+00:00,10.1073/pnas.2608171123,Fajian Hou,"The cyclic GMP-AMP synthase–stimulator of interferon genes (STING) pathway is essential for antiviral immunity, and its dysregulation causes inflammatory disease. The mechanism underlying STING activation, including its essential endoplasmic reticulum-to-Golgi translocation, has remained elusive. Here, we identify a dedicated actin-based transport system licensed by the smooth muscle actin isoform ACTA2 via in vitro reconstitution. Superresolution live imaging reveals STING becomes punctate and activated while moving along ACTA2 filaments. This ACTA2-directed network is required for antiviral interferon responses against HSV-1. Strikingly, it also drives pathological interferon production and lethal autoimmunity in
                    Trex1
                    −/−
                    mice, where its genetic or pharmacological disruption rescues disease. Furthermore, ACTA2 expression correlates with proinflammatory cytokine levels in peripheral blood mononuclear cells from systemic lupus erythematosus patients, and its downregulation ameliorates this inflammatory signature. Our work defines a specific cytoskeletal network that governs STING-dependent inflammatory responses to both foreign and self-DNA, thereby establishing stimulus-directed organelle trafficking as a central control point in innate immune signaling.",crossref,0
Detection and sequencing of Ap2N-capped RNAs in human cells,https://www.pnas.org/doi/abs/10.1073/pnas.2608168123?mi=eymic2&af=R&access=on&content=articlesChapters&publication=pnas&sortBy=Earliest&target=default,Proceedings of the National Academy of Sciences: Keyword search for query,2026-09-15 07:00:00 UTC,2026-09-15 07:00:00+00:00,10.1073/pnas.2608168123,Hana Cahova,"It was long believed that the eukaryotic RNA was primarily capped with 7-methylguanosine (m
                    7
                    G). However, the expanding field of noncanonical RNA caps recently revealed the presence of other structures (nicotinamide adenine dinucleotide, flavin adenine dinucleotide, dinucleoside polyphosphates) at the 5′ end of various mRNAs and noncoding RNAs. We report here on the detection and quantification of a new type of RNA cap—diadenosine diphosphate (Ap
                    2
                    A) and adenosine guanosine diphosphate (Ap
                    2
                    G)—on mammalian RNA. We have established a liquid chromatography–mass spectrometry (LC-MS) method to measure Ap
                    2
                    N-RNA levels and observed its increase under oxidative stress. To identify Ap
                    2
                    N-capped RNAs, we have developed a sequencing method (Ap
                    2
                    N-RNA Seq) by leveraging the ability of truncated T4 RNA Ligase 2 to selectively ligate Ap
                    2
                    N-capped RNAs to an RNA adaptor. We applied this method to human short RNA and identified a subset of tRNA-derived species as candidate Ap
                    2
                    N-capped RNAs. Among these, Ap
                    2
                    N-RNA Seq revealed previously uncharacterized 3′ tRNA fragments consistent with Ap
                    2
                    A capping at their 5′ ends. This expands current understanding of tRNA capping and processing and broadens the toolkit for studying the RNA life cycle.",crossref,0
The CTNNB1–TRIM28 complex governs hormone-induced RNA polymerase II dynamics in kidney epithelial cells,https://www.pnas.org/doi/abs/10.1073/pnas.2611995123?mi=eymic2&af=R&access=on&content=articlesChapters&publication=pnas&sortBy=Earliest&target=default,Proceedings of the National Academy of Sciences: Keyword search for query,2026-09-15 07:00:00 UTC,2026-09-15 07:00:00+00:00,10.1073/pnas.2611995123,Tae-Hwan Kwon,"Arginine vasopressin maintains water homeostasis by regulating epithelial water permeability through complex transcriptional mechanisms in kidney collecting duct cells. Although CTNNB1 (β-catenin) functions as a transcriptional coregulator in vasopressin-responsive gene transcription, its role remains poorly understood. To identify CTNNB1-dependent components mediating the vasopressin-responsive transcription, we profiled transcriptomic changes following Ctnnb1 knockdown in mouse kidney collecting duct cells using RNA sequencing (RNA-Seq). RNA-Seq and promoter enrichment analyses identified bromodomain-containing proteins (TRIM28, TRIM33, BRD4, CREBBP, and EP300) as components of a CTNNB1-dependent complex regulating RNA Polymerase II (Pol II) activity. Biochemical analyses revealed physical interactions between TRIM28, CTNNB1, Pol II, and CDK9. Functionally, Trim28 knockdown blunted vasopressin-induced expression of the
                    Aqp2
                    gene. Quantitative genomic binding assays demonstrated that TRIM28 is required for robust genomic occupancy and stabilization of Pol II at the transcription start site of
                    Aqp2
                    . Additionally, dynamic formation of phase-separated nuclear TRIM28 condensates in response to vasopressin suggests that TRIM28-associated machinery functions at specialized chromatin hubs. These findings reveal that TRIM28 facilitates Pol II recruitment, pause release, and elongation upon vasopressin stimulation. Our study establishes the CTNNB1–TRIM28 machinery as a critical transcriptional scaffold that controls Pol II dynamics and chromatin structure, thereby driving osmotic water reabsorption and urine concentration.",crossref,0
Martensitic-like transition between liquid crystalline and crystalline phases of a prototypical discotic organic semiconductor,https://www.pnas.org/doi/abs/10.1073/pnas.2612044123?mi=eymic2&af=R&access=on&content=articlesChapters&publication=pnas&sortBy=Earliest&target=default,Proceedings of the National Academy of Sciences: Keyword search for query,2026-09-15 07:00:00 UTC,2026-09-15 07:00:00+00:00,10.1073/pnas.2612044123,Kushal Bagchi,"Transitions between crystalline phases occur either through the nucleation and growth mechanism, a process that is slow and destructive, or through the diffusion-less and order preserving Martensitic route. We demonstrate here that for canonical discotic organic semiconductor HAT6, the transition between the liquid crystalline columnar hexagonal phase (Col
                    H
                    ) and the crystalline solid can occur through a mechanism that exhibits the hallmarks of Martensitic transformations: orientational correlations between parent and daughter phases, reversibility, and ultrafast kinetics. To access Martensitic-like solidification, the Col
                    H
                    phase of HAT6 is biaxially aligned in microchannels and crystallization is induced on deep supercooling or fast cooling rates. Selection of a Martensitic-like transformation requires cooling rates fast enough to avoid an equilibrium phase transition but slow enough to avoid vitrification. The transition mechanism is studied using a combination of polarized optical microscopy and X-ray scattering. At the largest accessible supercooling, the Col
                    H
                    → Crystal phase transition occurs at speeds of ~100 µm/s, which is seven orders of magnitude greater than the theoretical prediction for growth from isotropic melts. Our work suggests that Martensitic-like transformations can occur between liquid crystals and crystals and are therefore more general than previously believed. Further, we demonstrate that Martensitic-like transformations of anchored liquid crystals can be used to grow biaxially aligned crystals of organic molecules over arbitrarily long distances. As macroscopic lattice alignment is desirable for devices like transistors and as several high-performance molecular semiconductors exhibit a Col
                    H
                    phase, our results hold general significance for organic electronics.",crossref,0
An eco-evolutionary theory of host-associated microbiomes,https://www.pnas.org/doi/abs/10.1073/pnas.2612550123?mi=eymic2&af=R&access=on&content=articlesChapters&publication=pnas&sortBy=Earliest&target=default,Proceedings of the National Academy of Sciences: Keyword search for query,2026-09-15 07:00:00 UTC,2026-09-15 07:00:00+00:00,10.1073/pnas.2612550123,Miguel Lurgi,"Host-associated microbiomes often display host specificity and heritability, yet the evolutionary processes under which such structured communities first emerge are still unclear. In particular, the conditions by which intergenerational (i.e., vertical) transmission of microbes can evolve and generate host-specific microbiomes are still unresolved. Here, we present an eco-evolutionary theory of microbiome assembly under minimal assumptions of microbial dynamics (i.e., neutrally driven by environmental fluctuations) and host control. We consider the adaptive evolution of microbial and host traits, including microbiome size and vertical transmission. We show that environmental fluctuations can generate enough among-host microbial variation to enable host-level selection favoring beneficial microbiome configurations. Vertical transmission can then evolve and, even when weak, allow microbiome specificity to be inherited and amplified across generations despite continuous influx from the external environment. Selection is most effective at intermediate levels of environmental fluctuation and host lifespan, revealing fundamental trade-offs between stochastic assembly, inheritance, and dispersal of microbes. The resulting microbiomes are dense, host-specific, and heritable, yet retain high intraspecific variability and lack strict phylosymbiosis. Simulated patterns of microbial dominance, diversity, and host–microbiome dissimilarity closely match those observed in nature, as evidenced using marine sponge microbiomes. Our results provide a mechanistic theory for the early evolution of host-associated microbiomes, showing that beneficial and species-specific communities can arise through selection and inheritance prior to the evolution of dedicated host-control mechanisms.",crossref,0
Origin flexibility governs robust ssDNA engagement by the DnaA initiator,https://www.pnas.org/doi/abs/10.1073/pnas.2615469123?mi=eymic2&af=R&access=on&content=articlesChapters&publication=pnas&sortBy=Earliest&target=default,Proceedings of the National Academy of Sciences: Keyword search for query,2026-09-15 07:00:00 UTC,2026-09-15 07:00:00+00:00,10.1073/pnas.2615469123,Shogo Ozaki,"In model bacteria, initiation of chromosome replication requires engagement of single-stranded DNA by oligomers of the DnaA-family initiator assembled within the origin DNA. Although arrays of double-strand motifs recognized by DnaA are a general feature of the origins, the DnaA-binding single-strand elements are elucidated in only a limited number of species, and the mechanical principles governing their recognition remain elusive. Using the Alphaproteobacterium
                    Caulobacter crescentus
                    , we identify a previously uncharacterized GA-rich single-stranded element in the origin that directly engages DnaA oligomers and is essential for robust initiation. This element is positioned at a subkilobase distance from the DnaA oligomerization region and is brought into proximity through dynamic structural rearrangements. Moreover, DnaA oligomers exhibit an unexpectedly broad yet constrained capacity to accommodate single-stranded sequence variation. These findings provide the molecular basis for origin plasticity, highlighting how origins can diverge while preserving initiation logic.",crossref,0
Porous medium heterogeneity favors chemotaxis to nutrient hotspots in flow,https://www.pnas.org/doi/abs/10.1073/pnas.2616336123?mi=eymic2&af=R&access=on&content=articlesChapters&publication=pnas&sortBy=Earliest&target=default,Proceedings of the National Academy of Sciences: Keyword search for query,2026-09-15 07:00:00 UTC,2026-09-15 07:00:00+00:00,10.1073/pnas.2616336123,Joaquin Jimenez-Martinez,"Natural porous environments, such as soils and aquifers, are often highly heterogeneous, exposing microorganisms to variable fluid flow and nutrient landscapes. Chemotactic bacteria can locate nutrient hotspots and thereby accelerate subsurface reactions, yet how chemotaxis is affected by pore-scale flow remains poorly understood. Here, we show that pore-scale heterogeneity enhances the foraging benefits afforded to bacteria by motility and chemotaxis, compared to nonmotile cells advected by the flow. Using a microfluidic porous medium with localized steady nutrient sources, mimicking those found in natural porous media, we systematically test the effects of hydrodynamic heterogeneity, flow magnitude, and bacterial traits on nutrient exposure and pore-scale transport by directly tracking single cells of the soil bacterium
                    Azospirillum brasilense
                    . By introducing an advantage index that quantifies nutrient exposure compared to that of nonmotile cells, we find that the chemotactic gain in nutrient exposure increases with hydrodynamic heterogeneity by 1.5-fold. The underlying mechanism is due to swimming bacteria preferentially occupying low-velocity regions, where they can swim against the flow to climb the chemical gradient. The heterogeneous flow field in porous systems additionally causes chemotaxis to remain advantageous across a wider range of flow rates than in uniform, grain-free systems at the same mean fluid speed. These findings highlight how, due to the strong heterogeneity in the flow field, the quenching effect of flow on chemotaxis is much weaker in porous media than in homogeneous environments, with implications for biogeochemical cycling and predictive modeling of the transport of chemotactic bacteria and contaminants in porous media.",crossref,0
NMR crystallography reveals active-site protonation states of Toho-1 β-lactamase in complex with avibactam,https://www.pnas.org/doi/abs/10.1073/pnas.2616547123?mi=eymic2&af=R&access=on&content=articlesChapters&publication=pnas&sortBy=Earliest&target=default,Proceedings of the National Academy of Sciences: Keyword search for query,2026-09-15 07:00:00 UTC,2026-09-15 07:00:00+00:00,10.1073/pnas.2616547123,Leonard J. Mueller,"The determination of active-site protonation states is critical for a full mechanistic understanding of enzyme catalysis and inhibition. Here, we employ NMR crystallography—the integrated combination of solid-state NMR spectroscopy, X-ray diffraction, and first-principles computational chemistry—to determine the protonation states of the active site of Toho-1 β-lactamase in complex with the non-β-lactam inhibitor avibactam. We report two X-ray crystal structures of the Toho-1:avibactam complex, along with high-field solid-state NMR measurements that enable near-complete backbone and side-chain resonance assignments. To overcome the computational scaling limits that have traditionally hindered NMR crystallography in large systems, we use an accelerated workflow in which machine-learning interatomic potentials enable efficient geometry refinement prior to density functional theory chemical shift calculations. For Toho-1, quantitative analysis of the active-site chemical shifts and chemical shift tensors using this hybrid protocol reveals that the key active-site side chains retain their canonical charge states in the presence of avibactam, with Lys73 and Lys234 protonated and positively charged, and Glu166 deprotonated and poised to function as a general base. Contrary to recent proposals suggesting that avibactam inhibits by suppressing essential proton transfers through p
                    K
                    a
                    perturbations, our data point to a more direct chemical origin arising from the intrinsic resistance of the Ser70-avibactam carbamoyl linkage to hydrolysis.",crossref,0
A lipid cue drives the subcellular localization of a self-inserting bacterial transmembrane protein,https://www.pnas.org/doi/abs/10.1073/pnas.2616693123?mi=eymic2&af=R&access=on&content=articlesChapters&publication=pnas&sortBy=Earliest&target=default,Proceedings of the National Academy of Sciences: Keyword search for query,2026-09-15 07:00:00 UTC,2026-09-15 07:00:00+00:00,10.1073/pnas.2616693123,Kumaran S. Ramamurthi,"The correct subcellular localization of proteins is a critical step underlying myriad biological processes, but the cues that drive the specific localization of integral membrane proteins in bacteria remain largely undeciphered. During sporulation in
                    Bacillus subtilis
                    , a rod-shaped outer “mother cell” constructs an internal spherical “forespore” cell that eventually matures into the spore. The integral membrane protein ShfA is made in the mother cell cytosol and localizes to the surface of the forespore. Here, we report that, despite being a multipass transmembrane protein, ShfA spontaneously inserts into the lipid bilayer via its N-terminal “YabQ” domain without the apparent need for a prelocalized insertase. ShfA preferentially inserts into cell division septa in multiple bacterial species, indicating that a widely conserved septal cue drives ShfA localization. Structural modeling suggested that the YabQ domain harbors a specific intramembrane groove that can bind the universal lipid carrier undecaprenyl phosphate (UndP), and in vitro experiments confirmed that ShfA binds to UndP directly. Moreover, UndP depletion in vivo disrupted proper ShfA localization. We propose that ShfA localizes to sites of active cell wall synthesis by binding to UndP and/or molecules like lipid I and lipid II that contain UndP and speculate that the function of ShfA is to stabilize these precursors of cell wall biogenesis from the harsh cytosolic nanoenvironment that surrounds the forespore during sporulation.",crossref,0
Stimuli-induced reversible transformation between isomers of copper(I) clusters sharing an identical core,https://www.pnas.org/doi/abs/10.1073/pnas.2619869123?mi=eymic2&af=R&access=on&content=articlesChapters&publication=pnas&sortBy=Earliest&target=default,Proceedings of the National Academy of Sciences: Keyword search for query,2026-09-15 07:00:00 UTC,2026-09-15 07:00:00+00:00,10.1073/pnas.2619869123,Vivian Wing-Wah Yam,"The construction of reversible structural isomerization in atomically precise metal clusters remains a daunting challenge. Herein, we report the application of a bifunctionalized phosphine-alkyne ligand, (2-ethynylphenyl)diphenylphosphine (HL), to synthesize an octanuclear copper(I) cluster
                    
                      Cu
                      8
                      -1
                    
                    [(Cu
                    8
                    (L)
                    6
                    (PF
                    6
                    )
                    2
                    ], which can undergo a clean and reversible transformation to a
                    
                      Cu
                      8
                      -2
                    
                    isomer responsive to solvent or temperature stimuli. The structural isomerization process has been readily monitored by NMR in solution. Single-crystal X-ray diffraction studies further suggested the possible occurrence of a dynamic ligand rearrangement with reversible Cu–P coordination bond dissociation/reformation with the Cu
                    8
                    kernel remained intact. This reversible structural switching is accompanied by a luminescence color change between green (520 nm,
                    
                      Cu
                      8
                      -1
                    
                    ) and red (625 nm,
                    
                      Cu
                      8
                      -2
                    
                    ). This work not only provides a simple approach to achieve stimuli-induced isomerization between
                    
                      Cu
                      8
                      -1
                    
                    and
                    
                      Cu
                      8
                      -2
                    
                    but also offers an ideal platform for investigating their structure–property relationships.",crossref,0
Structure-controlled quantum magnetotransport in Ba–Cu–As pnictide single crystals,https://www.pnas.org/doi/abs/10.1073/pnas.2620060123?mi=eymic2&af=R&access=on&content=articlesChapters&publication=pnas&sortBy=Earliest&target=default,Proceedings of the National Academy of Sciences: Keyword search for query,2026-09-15 07:00:00 UTC,2026-09-15 07:00:00+00:00,10.1073/pnas.2620060123,Mercouri G. Kanatzidis,"The relationship between local coordination, framework connectivity, and lattice scattering, electronic structure, and quantum transport in complex pnictides remains poorly understood. Here, we show that Cu–As polyhedral architecture provides a structural route to tuning scattering and quantum magnetotransport in Ba–Cu–As pnictide single crystals. The clearest example is BaCu
                    4
                    As
                    2
                    , which undergoes a first-order transition near 225 K from a trigonal to a triclinic structure. This symmetry lowering converts the Cu–As framework into a more distorted mixed-coordination network and is accompanied by a sharp resistive anomaly, thermal hysteresis, heat-capacity feature, Hall-response changes, and reconstruction of the low-temperature electronic structure. High-field measurements further reveal light carriers associated with small three-dimensional Fermi pockets in the reconstructed phase. A broader comparison with Ba
                    2
                    Cu
                    18−x
                    As
                    10
                    , BaCu
                    8
                    As
                    4
                    , BaCu
                    6
                    As
                    2
                    , and BaCu
                    2
                    As
                    2
                    shows that the characteristic electron–phonon scattering scale extracted from Bloch–Grüneisen fits follows the dimensionality and connectivity of the Cu–As polyhedral networks. BaCu
                    8
                    As
                    4
                    , a three-dimensional mixed-coordination framework, additionally exhibits low-field magnetoconductance consistent with weak-antilocalization-like behavior and symmetry-indicator evidence suggestive of nontrivial topology. These results underscore the Ba–Cu–As family as a platform in which Cu coordination, framework dimensionality, and metal or pnictogen bonding provide chemical handles for controlling metallic scattering, Fermi-surface reconstruction, and quantum magnetotransport.",crossref,0
Domestication as gene–culture coevolution,https://www.pnas.org/doi/abs/10.1073/pnas.2620741123?mi=eymic2&af=R&access=on&content=articlesChapters&publication=pnas&sortBy=Earliest&target=default,Proceedings of the National Academy of Sciences: Keyword search for query,2026-09-15 07:00:00 UTC,2026-09-15 07:00:00+00:00,10.1073/pnas.2620741123,Marcus W. Feldman,"Human preferences can shape the genetic evolution of other species via conservation practices, public health actions, and domestication. While the dynamics of domestication have been explored in depth through empirical and theoretical analyses, few studies have analyzed models for the coevolution of human cultural preferences with the genetics of a domesticate population. Humans shape the fitness landscape of domesticate populations both intentionally and unconsciously, by selecting for desirable traits and modifying environments; in turn, changes in domesticate phenotypes can affect the cultural preferences in the domesticator population. We present a model for the dynamics of domestication which includes interactions between genetic evolution, cultural transmission, and selective pressures. The model includes forms of selection due to culturally transmitted domesticator preferences that can affect the dynamics of domesticate genetic variants, which then affect the dynamics of domesticators. Equilibria with simultaneous genetic and cultural polymorphisms may exist, and may occur under apparent heterozygote disadvantage in the domesticate. Stable quasiperiodic cycles in both domesticates and domesticators are also possible.",crossref,0
Gene expression programs underlying spinal commissural neuron differentiation and axon growth across the midline,https://www.pnas.org/doi/abs/10.1073/pnas.2607727123?mi=eymic2&af=R&access=on&content=articlesChapters&publication=pnas&sortBy=Earliest&target=default,Proceedings of the National Academy of Sciences: Keyword search for query,2026-09-15 07:00:00 UTC,2026-09-15 07:00:00+00:00,10.1073/pnas.2607727123,Alexander Jaworski,"Commissural neurons in the spinal cord project axons across the midline to fulfill various critical functions in somatosensory information processing and left–right coordination of motor output. These neurons have long served as a powerful model system for axon pathfinding, driving the identification of molecules and mechanistic principles for neuronal wiring that apply widely across neural circuits and model organisms. Aside from their shared initial projection path, commissural neurons are highly heterogenous, which has hampered lineage-based methods for accessing them, and most prior studies have been limited to small subpopulations of dorsal commissural neurons. The shared transcriptional programs for axonal midline crossing and the divergent gene expression signatures that define commissural neuron subtypes have therefore remained largely elusive. Here, we combine a genetic labeling strategy with single-cell RNA sequencing, birthdating, and complementary methods to study the production and transcriptomic trajectories of developing commissural neurons in the mouse embryonic spinal cord. We identify molecularly distinct commissural neuron subtypes that reveal stratification of this neuronal population beyond progenitor identities and temporal cohorts of neurogenesis, and we provide evidence that axon laterality is not linked to neuronal birthdate. We also uncover a large-scale gene expression switch that coincides with commissural axon growth across the midline and underlies differential axonal protein expression for guidance toward and away from the midline. Our findings elucidate both shared and subtype-specific gene expression programs that drive commissural neuron differentiation and axon midline crossing, and they provide a valuable resource for future studies of commissural neuron development and function.",crossref,0
Dynamic Polycomb–CBC crosstalk orchestrates mRNA production at transcriptionally active loci in plants,https://www.pnas.org/doi/abs/10.1073/pnas.2607481123?mi=eymic2&af=R&access=on&content=articlesChapters&publication=pnas&sortBy=Earliest&target=default,Proceedings of the National Academy of Sciences: Keyword search for query,2026-09-15 07:00:00 UTC,2026-09-15 07:00:00+00:00,10.1073/pnas.2607481123,Zicong Li,"Histone modifications and cotranscriptional processing play fundamental roles in regulating eukaryotic gene transcription. Active histone modifications and efficient cotranscriptional mRNA processing act in concert to promote transcription, whereas repressive histone marks are normally depleted from active genes. However, the localization of repressive histone marks at transcribing genes and the regulatory mechanism in mRNA transcription are largely unclear. Here, we show that in
                    Arabidopsis thaliana
                    , the chromodomain H3K27me3 reader LIKE HETEROCHROMATIN PROTEIN1 binds nascent precursor mRNA through its middle intrinsically disordered region at H3K27me3-coated chromatin loci, thereby attenuating transcription efficiency. This interaction is subsequently disrupted by mRNA cap-binding complex to complete transcription. We illustrate how this interplay fine-tunes
                    WUSCHEL
                    transcription in the shoot apical meristem region to maintain stem cell homeostasis. Our findings uncover a distinct mechanism implemented by Polycomb repression and elucidates an interdependent crosstalk linking repressive histone modification and cotranscriptional mRNA processing to transcription regulation.",crossref,0
Nonperturbative nonlinear magnonics in a strongly driven antiferromagnet,https://www.pnas.org/doi/abs/10.1073/pnas.2606002123?mi=eymic2&af=R&access=on&content=articlesChapters&publication=pnas&sortBy=Earliest&target=default,Proceedings of the National Academy of Sciences: Keyword search for query,2026-09-15 07:00:00 UTC,2026-09-15 07:00:00+00:00,10.1073/pnas.2606002123,Keith A. Nelson,"Nonlinear dynamics govern a wide array of natural phenomena and are essential for understanding nonequilibrium behaviors in condensed matter systems. In magnetically ordered materials, magnons—the quanta of spin waves—exhibit intrinsic nonlinearities that are of great interest in fundamental research and practical applications. Despite progress in the nonlinear control of magnon modes in antiferromagnetic materials, the transition from perturbative to nonperturbative regimes of magnon coherences has remained elusive. Here, we explore the nonlinear dynamics of a magnon mode in an antiferromagnet using two-dimensional terahertz spectroscopy with waveguide-enhanced terahertz fields. By driving the magnon mode far from equilibrium, we demonstrate the emergence of high-order magnon coherences and delineate a distinct transition into nonperturbative magnon nonlinearities. This behavior originates from the intrinsic anharmonicity of the effective magnetic free-energy landscape and marks a regime dominated by magnon self-interactions at large spin deflection angles. These findings provide fundamental mechanistic insights that might be exploited for ultrafast switching and other advanced magnonic applications.",crossref,0
Alternative splicing of synaptotagmin 7 regulates oligomerization and short-term synaptic plasticity,https://www.pnas.org/doi/abs/10.1073/pnas.2601714123?mi=eymic2&af=R&access=on&content=articlesChapters&publication=pnas&sortBy=Earliest&target=default,Proceedings of the National Academy of Sciences: Keyword search for query,2026-09-15 07:00:00 UTC,2026-09-15 07:00:00+00:00,10.1073/pnas.2601714123,Edwin R. Chapman,"Synaptic plasticity is crucial for learning and memory. The presynaptic calcium sensor synaptotagmin 7 (syt7) regulates aspects of short-term plasticity (STP), but the underlying mechanisms remain unclear. Here, we show that alternative splicing of the syt7 juxtamembrane linker acts as a molecular switch at both biochemical and functional levels. The α and β variants undergo liquid–liquid phase separation to form condensates, while the γ variant forms aggregates. Using iGluSnFR imaging, we found that, when expressed at equal levels, these three isoforms also diverge regarding their abilities to regulate two key aspects of STP: paired-pulse facilitation and synaptic depression. Stimulated emission depletion microscopy showed that all three isoforms form active zone-associated clusters that colocalize with syt1, while minimal photon flux superresolution microscopy resolved syt7 clusters within the active zone, well-positioned to directly control synaptic vesicle dynamics. Thus, alternative splicing might fine-tune STP by differentially impacting syt7 oligomerization.",crossref,0
Regulation of immune signal integration and memory by inflammation-induced chromosome conformation,https://www.pnas.org/doi/abs/10.1073/pnas.2600693123?mi=eymic2&af=R&access=on&content=articlesChapters&publication=pnas&sortBy=Earliest&target=default,Proceedings of the National Academy of Sciences: Keyword search for query,2026-09-15 07:00:00 UTC,2026-09-15 07:00:00+00:00,10.1073/pnas.2600693123,Ansuman T. Satpathy,"Three-dimensional (3D) genome conformation is central to gene expression regulation, yet our understanding of its contribution to rapid transcriptional responses, signal integration, and memory in immune cells is limited. Here, we study the molecular regulation of the inflammatory response in primary macrophages using integrated transcriptomic, epigenomic, and chromosome conformation data, including base pair-resolution Micro Capture-C. We demonstrate that interleukin-4 (IL-4) primes the inflammatory response in macrophages by stably rewiring 3D genome conformation, juxtaposing endotoxin-, interferon-gamma-, and dexamethasone-responsive enhancers to their cognate gene promoters. CRISPR-based perturbations of enhancer–promoter contacts or CCCTC-binding factor (CTCF) boundary elements show that IL-4-driven conformation changes are required for enhanced and synergistic endotoxin-induced transcriptional responses, as well as transcriptional memory following stimulus removal. Moreover, transcriptional memory mediated by changes in chromosome conformation can occur in the absence of changes in chromatin accessibility or histone modifications. Collectively, these findings demonstrate that rapid and memory transcriptional responses to immunological stimuli are encoded in the 3D genome.",crossref,0
Decoupling food insecurity from shocks: A global analysis of food system resilience,https://www.pnas.org/doi/abs/10.1073/pnas.2536118123?mi=eymic2&af=R&access=on&content=articlesChapters&publication=pnas&sortBy=Earliest&target=default,Proceedings of the National Academy of Sciences: Keyword search for query,2026-09-15 07:00:00 UTC,2026-09-15 07:00:00+00:00,10.1073/pnas.2536118123,Jing Zhang,"Food systems worldwide are increasingly exposed to climate extremes, conflicts, pandemics, and economic shocks, raising concerns about their capacity to safeguard food security and nutrition. Although resilience is now central in global policy debates, empirical evidence on what enables national food systems to withstand shocks remains limited. Here, we analyze a unique multi-country dataset integrating measures of shock severity, governance, economic conditions, social capitals, and food-system characteristics. Using a causal resilience-as-capacity framework and a series of hybrid econometric models, we assess how structural factors and emergent system properties shape countries’ ability to limit rises in prevalence of undernourishment when affected by shocks. We show that experiencing more severe shocks does not systematically lead to worse food security: several highly affected countries—particularly in Asia—display encouraging outcomes despite severe disturbances. More generally, countries with stronger resilience capacities and more favorable food-system characteristics fare better during shocks. Especially, within-country improvements in government effectiveness, food-supply redundancy, or GDP per capita significantly reduce deterioration in undernourishment, while stronger social capital supports long-term improvement across countries. Together, these findings indicate that food-system resilience capacities can weaken the relationship between shock severity and food insecurity, with food-system resilience then understood as the ability to decouple food-security outcomes from shock severity. These findings provide one of the first global empirical assessments of the factors underpinning food-system resilience. Strengthening institutional effectiveness, enhancing redundancy, and investing in social capital emerge as critical pathways for building resilient food systems in an increasingly shock-prone world.",crossref,0
Identification and structural characterization of stereochemical promiscuity in a taste receptor,https://www.pnas.org/doi/abs/10.1073/pnas.2534924123?mi=eymic2&af=R&access=on&content=articlesChapters&publication=pnas&sortBy=Earliest&target=default,Proceedings of the National Academy of Sciences: Keyword search for query,2026-09-15 07:00:00 UTC,2026-09-15 07:00:00+00:00,10.1073/pnas.2534924123,Atsuko Yamashita,"Taste receptor type 1 (TAS1R), which consists of sweet and umami receptors in humans, senses nutrients (such as sugars and amino acids) with substrate specificity that is often broad and varies among animals and subtypes. However, the structural basis for achieving diverse specificities remains largely elusive. Here, we present the crystal structure of the ligand-binding domain (LBD) of Tas1r1/Tas1r3 heterodimer from pufferfish, an ortholog of the human umami taste receptor. The overall structure of Tas1r1/Tas1r3LBD resembles previously reported TAS1R structures, indicating a conserved core architecture within the family. Nevertheless, pufferfish Tas1r1/Tas1r3 was found to bind and respond to both
                    l
                    - and
                    d
                    -amino acids, even though TAS1Rs are considered to respond to either enantiomer. Structural and mutational analyses revealed that this nonrigorous stereochemical recognition is attributed to intersubdomain interactions that latch the cleft containing the amino acid-binding site. These interactions prevent the cleft from fully opening, thereby stabilizing the active conformation, even if the ligand has a different chirality. These results suggest that different substrate specificities in TAS1Rs can be acquired not only by the gain or loss of direct interactions with the substrate but also by the gain of intramolecular interactions, which alter the conformational equilibrium of the receptor.",crossref,0
FAP53 facilitates formation of microtubule doublets,https://www.pnas.org/doi/abs/10.1073/pnas.2531822123?mi=eymic2&af=R&access=on&content=articlesChapters&publication=pnas&sortBy=Earliest&target=default,Proceedings of the National Academy of Sciences: Keyword search for query,2026-09-15 07:00:00 UTC,2026-09-15 07:00:00+00:00,10.1073/pnas.2531822123,Guangshuo Ou,"The formation of microtubule doublets (MTDs) is a foundational step in cilia biogenesis, yet how B-tubule nucleation is initiated at the molecular level remains elusive. Here, we identify FAP53 as a factor that facilitates B-tubule assembly in a scaffold-dependent manner. In vitro reconstitution demonstrated that recombinant FAP53 enhances MTD formation in the presence of preassembled microtubule scaffolds, but is insufficient to drive de novo assembly from free tubulin alone. In cultured HeLa cells, coexpression of CFAP53 and CFAP20—an inner junction protein—induced ectopic MTD-like structures in the cytoplasm. Furthermore, we identified a structurally homologous protein in
                    Caenorhabditis elegans
                    , WFAP-53, which localized to sensory cilia. Loss of
                    wfap-53
                    does not abolish MTD formation in vivo, but its overexpression triggered ectopic MTD formation in neuronal dendrites and concomitantly led to sensory cilia disassembly. Molecular dynamics simulations suggested that FAP53 could stabilize B-tubule docking at the A-tubule surface. These findings uncover a conserved mechanism of B-tubule initiation and underscore the necessity for spatially restricted expression of MTD assembly factors during ciliogenesis.",crossref,0
Temperate phages limit their own propagation under spatial constraint in biofilms on chitin,https://www.pnas.org/doi/abs/10.1073/pnas.2531341123?mi=eymic2&af=R&access=on&content=articlesChapters&publication=pnas&sortBy=Earliest&target=default,Proceedings of the National Academy of Sciences: Keyword search for query,2026-09-15 07:00:00 UTC,2026-09-15 07:00:00+00:00,10.1073/pnas.2531341123,Carey D. Nadell,"Biofilm growth and phage exposure are common to diverse bacterial species. Studying phage–host interaction and population dynamics in biofilms with cellular resolution remains a significant challenge, especially when attempting to recapitulate the natural environments that microbes occupy. Here, we study the population dynamics of phage K139 lysogenized and nonlysogenized
                    Vibrio cholerae
                    when growing in biofilms on the surface of chitin particles in seawater, replicating key features of
                    V. cholerae
                    ecology in the marine environment. We find that lysogenized
                    V. cholerae
                    , via spontaneous lytic induction and phage release, kill and displace nonlysogenized bacteria on chitin surfaces. After lysogens become common, however, they can no longer displace remaining nonlysogenized cells. Using a combination of modeling approaches and microscopy experiments, we show that the lysogens’ capacity to displace nonlysogens depends on the ability of phages released by spontaneous induction to reach susceptible nonlysogens. Phage access to nonlysogenized bacterial hosts declines once lysogens become common, and this occurs due to the spatial constraints inherent to biofilm growth as well as to superinfection immunity, which neutralizes phage particles adsorbed to lysogens. Once lysogens comprise the majority of the host population, they can be selected against, because they still incur the cost of spontaneous induction without gaining the benefit of killing nonlysogen cells via phage release. The cost of lytic induction, phage-mediated killing of nonlysogens, and constraints on phage mobility within host bacterial biofilms together yield population dynamics that are consistent with negative frequency-dependent selection for lysogenized cells under physiologically realistic growth conditions.",crossref,0
In This Issue,https://www.pnas.org/doi/abs/10.1073/iti3726123?mi=eymic2&af=R&access=on&content=articlesChapters&publication=pnas&sortBy=Earliest&target=default,Proceedings of the National Academy of Sciences: Keyword search for query,2026-09-15 07:00:00 UTC,2026-09-15 07:00:00+00:00,10.1073/iti3726123,,,,0
Efficient Dynamic Piezo‐Photocatalysis of Freestanding Single‐Crystal BaTiO3 Membranes by Strain Gradient,https://advanced.onlinelibrary.wiley.com/doi/10.1002/adma.75029?af=R,Wiley: Advanced Materials: Table of Contents,2026-09-15 08:07:51 UTC,2026-09-15 08:07:51+00:00,10.1002/adma.75029,Ming Liu,"ABSTRACT
                  
                    Piezocatalysis, capable of direct mechanical‐to‐chemical energy conversion, emerges as a promising strategy to address the global challenge of antibiotic pollution. Herein, freestanding single‐crystal BaTiO
                    3
                    membranes featuring superior piezo‐photocatalytic activity are fabricated via a water‐soluble sacrificial layer‐assisted pulsed laser deposition process. Ultrasonic cavitation‐induced strain gradients trigger dynamic a/c domain switching, which suppresses the screening effect and enhances the built‐in electric field, enabling dynamic tuning of piezoelectric polarization and sustained carrier separation. Surpassing its substrate‐clamped counterpart, the freestanding membrane exhibits a degradation activity 1.88 times higher under ultrasound. Under piezo‐photocatalytic synergy, it achieves a tetracycline removal efficiency of 90.25%, demonstrating superior broad‐spectrum degradability. This study establishes freestanding single‐crystal membranes as a transformative paradigm material form in piezocatalysis by decoding the cross‐scale coupling mechanism linking macroscopic strain gradients, microscopic domain evolution, and nanoscopic carrier dynamics, thereby paving a novel avenue for designing high‐performance catalysts.",crossref,0
