title,link,source,published_str,pub_date,doi,last_author,abstract,abstract_source,must_have_abstract
A Ni(OH)2 symmetric battery cell for hydroxide exchange membrane-based direct air capture of CO2,https://www.nature.com/articles/s41560-026-02129-z,Nature Energy,2026-09-22 00:00:00 UTC,2026-09-22 00:00:00+00:00,10.1038/s41560-026-02129-z,Yushan Yan,"Electrochemical carbon capture is a promising low-energy-cost solution for direct air capture (DAC) by using renewable electricity and avoiding traditional, energy intensive thermal swing sorption. While several electrochemical devices have been proposed, few have achieved promised low energy costs while maintaining high durability and full purification of CO2; moreover, scale-up and pressure drop are rarely considered for these devices. Here we show a symmetric nickel hydroxide battery design with a hydroxide exchange membrane durably tested in a laboratory-sized 25-cm2 device for 5,000 h. Over a 48-h test, a scaled-up 9 × 300 cm2 electrochemical stack achieved an energy cost of 132 kJ molCO2−1 and flux of 0.19 molCO2 m−2 h−1 equivalent to 0.83 MWh tCO2−1 and 75 kgCO2 m2 yr−1. In addition, the pilot-scale stack meets the 300 Pa pressure drop requirements for DAC. A pathway to below US$100 tCO2−1 is presented on the basis of energy technology learning rates, showcasing electrochemical DAC as a potential climate change solution.",nature_html,0
De novo synthesis of threofuranoses via a triple-carbonylation cascade of aldehydes,https://www.nature.com/articles/s41557-026-02258-8,Nature Chemistry,2026-09-22 00:00:00 UTC,2026-09-22 00:00:00+00:00,10.1038/s41557-026-02258-8,Suhua Li,"Carbohydrate synthesis is fundamental for developing therapeutics and probing biological systems, yet constructing complex sugars directly from simple aldehydes remains a formidable challenge. Iterative carbonylation strategies for establishing a synthetic blueprint toward stereochemically defined sugars have remained elusive due to cumulative catalyst deactivation and stereochemical drift. Here we report a rhodium-catalysed triple-carbonylation cascade that overcomes this limitation, converting diverse aldehydes into structurally defined 4-carbothreofuranoses in one step. Precise silane stoichiometry and ligand selection enforce kinetic synchronization of three CO insertions, terminated by silicon-directed cyclization. A chelation-relay mechanism propagates stereochemistry across three contiguous centres with good diastereocontrol. The method accommodates diverse substrates spanning aromatics to steroidal aldehydes. Synthetic utility is demonstrated through transformations enabling rapid access to N-/C-glycosides, nitrogen heterocycles and polyol motifs relevant to pharmaceutical applications. This work establishes carbonylative cascades as a platform for oxygen-rich scaffold assembly, bypassing classical protection–deprotection sequences in carbohydrate synthesis.",nature_html,0
Urban energy and transport impacts of autonomous robotaxi deployment,https://www.nature.com/articles/s41893-026-01944-2,Nature Sustainability,2026-09-22 00:00:00 UTC,2026-09-22 00:00:00+00:00,10.1038/s41893-026-01944-2,Zhiyuan Liu,"Autonomous mobility is increasingly entering commercial urban transport services through robotaxi fleets, while its impacts on urban transport and energy sustainability remain uncertain. Here, using more than 4 million order records from human-driven taxis and robotaxis in Wuhan, we examine how fully driverless ride-hailing interacts with existing mobility systems and shapes operational energy demand. Robotaxi activity spatially overlaps with human-driven taxi demand, indicating potential competition within on-demand mobility markets. Compared with human-driven taxis, robotaxi trips exhibit lower station-to-station ratios within metro- and bus-station catchments (46.9% and 61.6%, respectively), suggesting a more complementary relationship to public transit. Robotaxi operations concentrate on less complex street networks, and incorporating network complexity into the demand model improves predictive performance. Under an upper-bound dispatch and ride-sharing optimization scenario, the required fleet size could be reduced by 62.5% and daily energy consumption by 44.8%. These empirical findings provide support for aligning robotaxi deployment with urban sustainability goals.",nature_html,0
Author Correction: Self-referencing ultrafast wide-field pump-probe microscopy,https://www.nature.com/articles/s41467-026-78086-8,Nature Communications,2026-09-22 00:00:00 UTC,2026-09-22 00:00:00+00:00,10.1038/s41467-026-78086-8,Elad Harel,"Following publication of this article, the authors became aware of a related study by Hörmann, M. et al. (Self-referencing for quasi shot-noise-limited widefield transient microscopy, Optics Express 32 , 21230–21242 (2024), https://doi.org/10.1364/OE.525581 ) describing a self-referencing approach for wide-field transient microscopy. That work focuses on flat-field referencing of signal-free regions to suppress probe-intensity fluctuations and achieve quasi shot-noise-limited detection. Our paper extends the broader concept of self-referencing to a correlation-based, pixel-resolved denoising and hyperspectral reconstruction framework that enables real-time ultrafast imaging of both electronic and vibrational dynamics. We thank Hörmann et al. for bringing their publication to our attention.",openalex,0
An Ising machine for combinatorial optimization based on sub-nanosecond CMOS-integrated magnetoresistive random-access memory,https://www.nature.com/articles/s41928-026-01700-6,Nature Electronics,2026-09-22 00:00:00 UTC,2026-09-22 00:00:00+00:00,10.1038/s41928-026-01700-6,Weisheng Zhao,"Physics-inspired Ising machines are a hardware alternative to traditional von Neumann architectures for solving computationally intensive combinatorial optimization problems. They can be implemented using quantum, optical and electronic platforms, but speed and scalability are fundamentally limited by the physical mechanisms governing their spin dynamics. Here we report a complementary-metal–oxide–semiconductor-integrated spintronic Ising machine with sub-nanosecond probabilistic spin updates. We use the voltage-controlled magnetic anisotropy effect in a magnetoresistive random-access memory with 96,000 spins to achieve low write currents and tunable (from 0% to 100%) single-pulse switching probability via pulse-width control. The approach offers a spin update speed of 0.3 to 1 ns and an energy efficiency of less than 40 fJ per spin. We illustrate the generality of this on-chip all-to-all Ising machine by solving industry-relevant combinatorial optimization problems in electronic design automation: global routing and layer assignment. Tested with Max-cut benchmark problems, our Ising machine can provide high-quality solutions with a system energy efficiency of 1.92 × 105 solutions per second per watt.",nature_html,0
Author Correction: Increased shallower tropical cyclones under extreme warm climates,https://www.nature.com/articles/s41467-026-78084-w,Nature Communications,2026-09-22 00:00:00 UTC,2026-09-22 00:00:00+00:00,10.1038/s41467-026-78084-w,Zikun Ren,"In the version of this article initially published, there was a typographical error in the legend to Fig. 3, where in the text now reading “Cyclone-related environments are calculated as averages within a 12° radius of the cyclone center,” 12° appeared originally as “12 km.” The errors are corrected in the HTML and PDF versions of the article.",openalex,0
Secondary-sphere hydrogen bonding promotes catalytic nitrate reduction at iron,https://www.nature.com/articles/s41557-026-02235-1,Nature Chemistry,2026-09-22 00:00:00 UTC,2026-09-22 00:00:00+00:00,10.1038/s41557-026-02235-1,Nathaniel K. Szymczak,"Nitrate (NO3&#x2212;"" role=""presentation"">NO3−{{\rm{NO}}}_{3}^{-}) is a groundwater pollutant that is challenging to remediate. Here we report a bioinspired strategy to enhance nitrate binding and reduction through a network of secondary-sphere hydrogen-bonding interactions within a ligand scaffold. Using a series of redox-inactive Zn(II) complexes based on the tris(2-pyridylmethyl)amine ligand, we demonstrate that ligand variants bearing appended aniline hydrogen-bond donors exhibit up to seven orders of magnitude higher binding affinity for NO3&#x2212;"" role=""presentation"">NO3−{{\rm{NO}}}_{3}^{-} compared to analogues lacking such interactions. These hydrogen bonds induce substantial charge redistribution within NO3&#x2212;"" role=""presentation"">NO3−{{\rm{NO}}}_{3}^{-}, thereby activating it for reduction. Replacing Zn with a redox-active metal such as Fe results in nitrate deoxygenation. Stoichiometric experiments provide mechanistic insights into the role of dimeric intermediates and their conversion into more reactive monomeric species. Guided by these mechanistic insights, we achieve catalytic nitrate reduction under both thermal and photochemical conditions, producing NO and NH3, respectively, with high turnover numbers.",nature_html,0
Reconfigurable non-Abelian braiding of nematic bits,https://www.nature.com/articles/s41563-026-02728-x,Nature Materials,2026-09-22 00:00:00 UTC,2026-09-22 00:00:00+00:00,10.1038/s41563-026-02728-x,Chenhui Peng,"Non-Abelian braiding offers a route to information processing that is robust against local perturbations, yet its programmable realization in real space remains challenging. Here we present a room-temperature soft-matter platform for reconfigurable non-Abelian braiding based on the light-driven transformations of disclination lines in a nematic liquid crystal. By photonically manipulating the entangled colloids, we weave the lines into chiral double-helix entanglements and encode their topological states as nematic bits. We implement a complete set of braid operations and demonstrate their non-commutativity in three-line networks, a defining signature of non-Abelian behaviour. Repositioning colloidal gates enables in situ reprogramming, whereas the method extends to multiline architectures. Building on the scalability of this approach, we establish a predictive inverse-design framework that algebraically compiles target topological transformations into prescribed spatial routing and layer-by-layer phase corrections. These results establish a programmable classical platform for robust topological transformations and connect soft-matter physics with topological information processing.",nature_html,0
Sequential electronic reconstruction enables durable oxygen redox in water electrolysis,https://www.nature.com/articles/s41893-026-01940-6,Nature Sustainability,2026-09-22 00:00:00 UTC,2026-09-22 00:00:00+00:00,10.1038/s41893-026-01940-6,Junmin Xue,"Electrocatalytic water oxidation is central to green hydrogen production, but its efficiency is constrained by rigid scaling relationships governing conventional metal catalysts. Activating lattice-oxygen redox breaks these barriers, yet it often destabilizes the material, causing rapid degradation under demanding electrolysis conditions. Here we report a sequential reconstruction activation paradigm that enables sustained oxygen redox through electronically ordered lattice restructuring. Under anodic polarization, initial Se leaching from a Cr2O3/NiSe2 precursor broadens the eg&#x2217;"" role=""presentation"">eg∗{e}_{{\rm{g}}}^{* } band and accelerates *OH deprotonation, strengthening metal–oxygen covalency. Subsequent Cr leaching selectively depletes Ni-co-ordinated oxygen, generating spatially confined oxygen non-bonding states. This sequential electronic reconstruction yields a modified NiOOH phase that promotes lattice-oxygen participation while suppressing destructive redox delocalization, thereby establishing a durable oxygen-redox window at high current densities. Consequently, the catalyst enables anion-exchange-membrane water electrolysis at 4.1 A cm−2 at 1.8 V in 1 M KOH at 80 °C and sustains stable operation for nearly 3,500 h under accelerated ageing at 60 °C. These findings establish sequential electronic reconstruction as a strategy to decouple oxygen-redox activity from lattice instability, providing a design framework for durable, high-rate catalysts for water electrolysis.",nature_html,0
Interface-guided twisted stacking of two-dimensional organic molecular crystals for polarization-reoriented emission,https://academic.oup.com/nsr/advance-article/doi/10.1093/nsr/nwag606/8827794?rss=1,National Science Review Advance Access,2026-09-22 00:00:00 UTC,2026-09-22 00:00:00+00:00,10.1093/nsr/nwag606,Xue-Dong Wang,"The controlled vertical assembly of organic molecular crystals remains challenging because weak intermolecular interactions often lead to random nucleation and unpredictable stacking orientations. Here we report an interface-guided vapor-phase assembly strategy for constructing stacked two-dimensional organic molecular crystals with controlled stacking geometry and layer thickness. This approach enables two distinct stacking modes: lattice-matched parallel heterostacking in DPQ-DPFQ crystals (P-OCs) and energetically favored 80° twisted homostacking in DPFQ bilayers (T-OCs), with T-OCs accounting for 54.3 ± 3.8% of the counted crystals across six independent substrates under optimized growth conditions. The fixed-angle twisted stacking couples misaligned optical axes from adjacent layers, producing lateral and vertical waveguide resonance coupling and thickness-programmed polarization reorientation. By increasing the upper layer thickness from 530 to 935 nm, the output polarization angle is continuously shifted from 45° to 74°. This work establishes molecular interface-guided twisting as a structural strategy for encoding passive polarization outputs in organic crystalline photonic materials.",rss_oup,0
Retraction Note: Global energy use and carbon emissions from irrigated agriculture,https://www.nature.com/articles/s41467-026-77951-w,Nature Communications,2026-09-22 00:00:00 UTC,2026-09-22 00:00:00+00:00,10.1038/s41467-026-77951-w,Lorenzo Rosa,"This article was retracted because it was confirmed that, contrary to the stated methodology in the article, the authors used the GCWM instead of the WATNEEDS model. Weili Duan has stated on behalf of the authors that they do not agree to this retraction.",openalex,1
Cyclodextrin‐Directed Assembly of Dynamic Polyoxometalate Pseudo‐Rotaxanes,https://onlinelibrary.wiley.com/doi/10.1002/anie.9362433?af=R,Wiley: Angewandte Chemie International Edition: Table of Contents,2026-09-22 04:40:48 UTC,2026-09-22 04:40:48+00:00,10.1002/anie.9362433,Yu‐Fei Song,"ABSTRACT
                  
                    Cyclodextrins (CDs) are widely used as host molecules in supramolecular chemistry, yet their capacity to actively direct structural reorganization of inorganic clusters remains largely unexplored. Here, we demonstrate that
                    α
                    ‐CD can direct inorganic cluster reorganization during self‐assembly, enabling the synthesis of previously inaccessible azobenzene‐functionalized polyoxometalate (POM) pseudo‐rotaxanes, in which the macrocycle not only encapsulates the organic axle but also governs the structural evolution of the inorganic core. Upon complexation with
                    α
                    ‐CD, a flat arsonate‐functionalized {Mo
                    6
                    } cluster reorganizes into a bent analogue, yielding a dynamic
                    pseudo
                    ‐rotaxane assembly (
                    1a
                    @
                    α
                    ‐CD). Fine pH modulation subsequently induces a CD‐mediated transformation into an inverted‐Keggin {Mo
                    12
                    }
                    pseudo
                    ‐rotaxane threaded by four
                    α
                    ‐CD units. NMR/ITC titration, DOSY/NOESY analyses, and single‐crystal x‐ray diffraction collectively reveal dual threading pathways and delineate the dynamic {Mo
                    6
                    } to {Mo
                    12
                    } reorganization process. Crucially,
                    α
                    ‐CD suppresses precipitation of hydrophobic ligands under strongly acidic conditions and stabilizes transient coordination states, thereby enabling cluster growth pathways inaccessible under identical synthetic conditions in the absence of
                    α
                    ‐CD. These findings demonstrate that CDs can actively direct inorganic self‐assembly through host‐guest interactions, providing a supramolecular route to previously inaccessible POM
                    pseudo
                    ‐rotaxanes and opening new opportunities for adaptive hybrid architectures.",crossref,0
Hydrogen‐Bond Encoding in a Structurally Minimal Cyclochiral Monomer Enables Assembly of Large Cavities Displaying Supramolecular Isomerism,https://onlinelibrary.wiley.com/doi/10.1002/anie.1587126?af=R,Wiley: Angewandte Chemie International Edition: Table of Contents,2026-09-22 04:43:57 UTC,2026-09-22 04:43:57+00:00,10.1002/anie.1587126,Edvinas Orentas,"ABSTRACT
                  Large, well‐defined molecular cavities are typically constructed from rigid covalent scaffolds, which can limit structural adaptability and increase synthetic complexity. Here, we introduce a hydrogen‐bond encoded supramolecular strategy that enables structurally minimal, flexible monomers to assemble into discrete fullerene‐binding capsules. The monomer combines intra‐ and intermolecular hydrogen‐bonding motifs that restrict conformational freedom, induce cyclochirality, and guide controlled self‐assembly into oligomeric or cyclic aggregates. Spectroscopic and crystallographic analyses show that guest‐induced self‐sorting with fullerenes drives the formation of homochiral tetrameric capsules with high binding affinity and distinct structural isomerism. X‐ray structures confirm compact host–guest complexes stabilized by cooperative hydrogen bonding and C─H···π interactions. This work demonstrates that minimal monomer design can encode complex supramolecular behaviour, providing an adaptive platform for molecular recognition, catalysis, and materials science.",crossref,0
Single‐Atom O/S/Se Substitution at the Glycosidic Linkage in Glycopeptide Cancer Vaccines Reveals Divergent Performance,https://onlinelibrary.wiley.com/doi/10.1002/anie.8540595?af=R,Wiley: Angewandte Chemie International Edition: Table of Contents,2026-09-22 04:49:55 UTC,2026-09-22 04:49:55+00:00,10.1002/anie.8540595,Francisco Corzana,"ABSTRACT
                  
                    Single‐atom substitution provides an exceptionally subtle means of editing molecular structure, yet how such minimal atom‐level modifications propagate into biological function remains poorly understood. Here, we report streamlined access to
                    Se
                    ‐linked Tn glycopeptides which, together with their
                    O
                    ‐ and
                    S
                    ‐linked counterparts, enable systematic atom‐level editing at the glycosidic linkage of MUC1 glycopeptide antigens. Surface plasmon resonance established a clear hierarchy of antigen recognition that was rationalized by molecular dynamics simulations and independently validated by STD‐NMR epitope mapping, revealing that O→S→Se substitution subtly remodels glycopeptide presentation while preserving the overall 5E5 recognition epitope. Translation of these structurally defined antigens into CRM
                    197
                    glycoconjugate vaccines with comparable antigen loading showed that neither antigen‐binding affinity nor antibody levels alone predict therapeutic efficacy. Instead, the results demonstrate that minimal atom‐level editing propagates from molecular recognition to biological function through a nonlinear structure–function relationship, highlighting that therapeutic efficacy cannot be inferred directly from antigen affinity alone.",crossref,0
Janus Covalent Organic Framework Films With Macroscopic Directional Carrier Migration for Switchable Gas Sensing,https://onlinelibrary.wiley.com/doi/10.1002/anie.2808034?af=R,Wiley: Angewandte Chemie International Edition: Table of Contents,2026-09-22 04:54:35 UTC,2026-09-22 04:54:35+00:00,10.1002/anie.2808034,Gang Xu,"ABSTRACT
                  
                    Macroscopic directional migration of photogenerated carriers in covalent organic framework (COF)‐based heterojunction films is typically hindered by random carrier diffusion and interfacial structural disorder. In this study, we report for the first time the construction of sequence‐controlled Janus COF films from lattice‐matched isoreticular COFs (COF‐366/COF‐366‐OH). The intimate interfacial assembly and the energy‐level offset induce a built‐in electric field that drives electrons and holes to migrate directionally toward opposite sides across the entire film. This asymmetric charge distribution endows the two sides of the film with distinct redox activities, enabling switchable and highly sensitive detection of both oxidizing and reducing gases by simply flipping the film. Such a unique feature is unprecedented for a single film. Moreover, the response of Janus COF film surpasses that of single‐component counterparts by 5.2‐fold for NO
                    2
                    and 5.3‐fold for NH
                    3
                    . This work offers a general strategy for macroscopic directional carrier migration in COF films and paves a new route for advanced sensing materials.",crossref,0
Tailoring Local Anion Chemistry Affinity Enables Stable Halide–Sulfide Interfaces and Fast Ion Transport in Dual‐Electrolyte all‐Solid‐State Batteries,https://onlinelibrary.wiley.com/doi/10.1002/anie.5372994?af=R,Wiley: Angewandte Chemie International Edition: Table of Contents,2026-09-22 04:57:14 UTC,2026-09-22 04:57:14+00:00,10.1002/anie.5372994,Xiaona Li,"ABSTRACT
                  
                    All‐solid‐state batteries (ASSBs) employing halide/sulfide bilayer electrolytes offer a promising route toward high energy density by combining the high oxidative stability of halides with the superior reductive stability of sulfides. However, severe halide–sulfide interfacial incompatibility induces continuous interfacial degradation and undermines Li
                    +
                    transport. Unlike conventional interfacial engineering approaches that rely on coatings or artificial buffer layers, we report a local chemistry–driven intrinsic compatibility strategy that fundamentally stabilizes halide–sulfide interfaces. By sulfurizing amorphous halide electrolytes Li
                    2
                    O–TaCl
                    5
                    , the short‐range coordination chemistry and medium‐range topology are simultaneously reconstructed, in which sulfur‐rich local motifs become thermodynamically more resistant to further sulfur substitution, whereas sulfur‐containing medium‐range networks exhibit stronger binding with PS
                    4
                    units in Li
                    6
                    PS
                    5
                    Cl, thereby intrinsically stabilizing the halide–sulfide interface and suppressing interfacial decomposition. Simultaneously, the sulfurized framework exhibits enhanced structural heterogeneity and interconnected Li
                    +
                    migration pathways, achieving an ultrahigh ionic conductivity of 14.2 mS cm
                    −1
                    . As a result, the assembled NCM89|8S‐LTOC|LPSC|Li‐In ASSBs exhibit outstanding electrochemical performance from −50°C to 100°C, including 131 mAh g
                    −1
                    at −50°C, 2000‐cycle stability at 15 C, and high areal capacities up to 21.7 mAh cm
                    −2
                    . This work highlights local anion chemistry regulation as an effective strategy for developing robust halide–sulfide ASSBs.",crossref,0
Light‐Gated Control of Brownian Rotation by a Molecular Motor,https://onlinelibrary.wiley.com/doi/10.1002/anie.7061287?af=R,Wiley: Angewandte Chemie International Edition: Table of Contents,2026-09-22 05:01:53 UTC,2026-09-22 05:01:53+00:00,10.1002/anie.7061287,Jiří Kaleta,"ABSTRACT
                  
                    Controlling stochastic molecular motion in a predictable manner remains a major challenge in the development of functional molecular systems. Here we demonstrate that a light‐driven molecular motor can reversibly regulate Brownian rotation through remote steric interactions. We integrate an overcrowded alkene motor within a rigid triptycene scaffold, where it acts as a reversible steric gate for an alkynyl‐linked anthracene rotor. Photoisomerization modulates the steric environment around the rotor axis, switching the system between fast Brownian rotation and a sterically hindered regime. Variable‐temperature NMR spectroscopy reveals that one thermodynamically stable motor state exhibits rapid Brownian rotation of the anthracene unit about the alkynyl C─C≡C─C axis, whereas the other stable state displays hindered rotation, giving rise to two distinct rotameric states at low temperature. Density functional theory (DFT) calculations reproduce this behavior and show that the rotational barrier changes by 31 kJ mol
                    −1
                    between the two states, corresponding to an approximately five‐order‐of‐magnitude difference in the calculated rotational rates at 20 °C. These results demonstrate that light‐driven molecular motors can reversibly regulate stochastic molecular motion through steric control, providing a general strategy for coupling directional and Brownian dynamics within a single molecular system.",crossref,0
Strong Second‐Order Nonlinear Optical Activities in Chiral Hybrid Copper(I) Bromide Microplates,https://onlinelibrary.wiley.com/doi/10.1002/anie.4724561?af=R,Wiley: Angewandte Chemie International Edition: Table of Contents,2026-09-22 05:37:23 UTC,2026-09-22 05:37:23+00:00,10.1002/anie.4724561,Tingchao He,"ABSTRACT
                  
                    Organic–inorganic chiral hybrid metal halides (HMHs) with efficient second‐order nonlinear optical responses are promising for various photonic applications. However, chiral HMHs that simultaneously deliver strong second‐harmonic generation (SHG) and pronounced nonlinear chiroptical responses remain limited. Herein, we report a pair of chiral hybrid copper(I) bromide microplates, (
                    R
                    ‐ and
                    S
                    ‐MPZ)Cu
                    2
                    Br
                    4
                    (MPZ = 2‐methylpiperazinediium), which crystallize in the noncentrosymmetric space group
                    P
                    2
                    1
                    2
                    1
                    2
                    1
                    and feature distinctive one‐dimensional zigzag chains constructed from three‐coordinate trigonal–planar CuBr
                    3
                    units. Benefiting from the highly distorted Cu─Br frameworks, the microplates exhibit an SHG intensity approximately 376 times that of Y‐cut quartz at 870 nm, together with a high laser damage threshold of up to 11.14 mJ cm
                    −2
                    . More importantly, the (
                    R
                    ‐ and
                    S
                    ‐MPZ)Cu
                    2
                    Br
                    4
                    microplates display effective SHG circular dichroism (SHG‐CD) and circularly polarized SHG responses, enabling a conceptual chirality‐encoded SHG tagging and decoding protocol. This work highlights chiral hybrid copper(I) halides as a versatile lead‐free platform for integrating efficient frequency conversion, nonlinear chiroptical functionality, and information encryption capabilities.",crossref,0
Vacuum‐Induced Surface Reconstruction of Mn–Ce Oxides for Low‐Temperature Coupled Redox Catalysis,https://onlinelibrary.wiley.com/doi/10.1002/anie.2739215?af=R,Wiley: Angewandte Chemie International Edition: Table of Contents,2026-09-22 05:49:59 UTC,2026-09-22 05:49:59+00:00,10.1002/anie.2739215,Yifei Sun,"ABSTRACT
                  
                    Low‐temperature redox catalysis over mixed oxides is typically optimized by tuning bulk composition, yet the decisive chemistry occurs at the surface and subsurface interface. Here, we show that this interface can be deliberately reconstructed to enhance Mn–Ce oxide catalysis. Sequential vacuum annealing followed by reduced‐pressure O
                    2
                    treatment induces near‐surface Mn enrichment in an as‐prepared Mn–Ce oxide while largely preserving the fluorite CeO
                    2
                    framework. This reconstruction increases the near‐surface abundance of Mn‐containing species, modifies the Mn–Ce–O interfacial electronic and redox environment, and facilitates oxygen activation and redox cycling. Under coupled conditions, R‐MnCe achieved 95.5% NO
                    
                      x
                    
                    conversion at 100°C and complete chlorobenzene conversion at 200°C. In situ spectroscopy and DFT calculations reveal that interfacial electron redistribution lowers the oxygen activation barrier and sustains activated oxygen species that connect NH
                    3
                    ‐SCR and chlorobenzene oxidation through a shared oxygen‐mediated pathway. These results highlight near‐surface reconstruction as a promising postsynthetic strategy for improving noble‐metal‐free mixed‐oxide catalysts.",crossref,0
Single‐Crystal Zn Anodes Affording Full‐Dimensional Crystallographic Coherence Enabled by Monolayer Graphene‐Skinned Cu(111) Substrate,https://advanced.onlinelibrary.wiley.com/doi/10.1002/adma.75114?af=R,Wiley: Advanced Materials: Table of Contents,2026-09-22 06:24:41 UTC,2026-09-22 06:24:41+00:00,10.1002/adma.75114,Jingyu Sun,"ABSTRACT
                  Aqueous Zn metal batteries are promising candidates for large‐scale energy storage, yet their practical deployment is hindered by poor Zn reversibility. Although crystallographic engineering can improve Zn electrochemistry, the precise fabrication of single‐crystal Zn electrodes with full‐dimensional crystallographic coherence remains elusive. Here we report a remote electro‐epitaxy (REE) strategy to render high‐quality single‐crystal Zn electrodes. Using monolayer graphene‐skinned Cu(111) substrate as the epitaxial current collector, REE manages to preserve perfect crystallographic inheritance through substrate‐potential transmission and accommodate lattice mismatch via interfacial strain relaxation, which is evidenced by theoretical and instrumental characterizations. As a result, the Zn(002) deposits with uniform out‐of‐plane crystallographic orientation, in‐plane crystallographic coherence, and through‐thickness crystallographic continuity are achieved on both centimeter‐scale foils and 4‐inch wafer substrates. The resulting electrodes warrant reversible Zn plating/stripping behavior, enhanced stability under elevated depth‐of‐discharge conditions, and successful implementation in Ah‐scale pouch cells competing the state‐of‐the‐art. Beyond Zn, our strategy is extendable to a multitude of metals, offering a scalable pathway toward single‐crystal electrode fabrication for emerging energy storage.",crossref,0
Mechanistic Origin of Capacity Limitation in Sidorenkite‐Type Na3‐xFe(PO4)(CO3) Carbonophosphate Cathodes for Na‐Ion Batteries,https://advanced.onlinelibrary.wiley.com/doi/10.1002/aenm.71604?af=R,Wiley: Advanced Energy Materials: Table of Contents,2026-09-22 06:26:54 UTC,2026-09-22 06:26:54+00:00,10.1002/aenm.71604,Sigita Trabesinger,"ABSTRACT
                  
                    New classes of materials are required for sodium ion batteries (SIBs) to compete with their Li‐counterpart. Sidorenkite‐type carbonate‐phosphate cathodes, such as Na
                    3‐
                    
                      x
                    
                    Fe(PO
                    4
                    )(CO
                    3
                    ), were predicted to deliver high capacities based on two electron reactions. However, experiments consistently only access one of the predicted two equivalents of Na, leaving the origin of this limitation unresolved. Here, we establish the mechanistic basis for this discrepancy. We show that carbonate stability and Na
                    +
                    mobility are not performance limiting bottlenecks. Instead, the rigid polyanionic framework destabilizes d
                    4
                    ‐configured transition metal centers (e.g., Fe
                    4+
                    ), generating lattice strain and suppressing electronic conductivity at high states of charge. Validation through isostructural Mn substitution (d
                    4
                    Mn
                    3+
                    ) confirms this instability as the root cause for the limited capacity. These insights convert theoretical predictions into actionable design rules: maintain crystallinity to protect carbonate integrity and avoid electron configurations prone to Jahn–Teller distortion (d
                    4
                    ) via multi‐element substitution. This work provides a clear pathway for advancing high‐energy sodium‐ion cathodes based on carbonophosphate chemistry.",crossref,0
Multi‐modal Operando Analysis of Lithium–Sulfur Batteries: A Comparative Study on the Influence of Electrolyte Composition,https://advanced.onlinelibrary.wiley.com/doi/10.1002/aenm.71554?af=R,Wiley: Advanced Energy Materials: Table of Contents,2026-09-22 06:29:01 UTC,2026-09-22 06:29:01+00:00,10.1002/aenm.71554,Sebastian Risse,"ABSTRACT
                  The effect of electrolytes on battery cell performance is multifaceted, and it is difficult to isolate their impact on individual processes. Operando analysis of batteries is a powerful tool to investigate battery degradation mechanisms. By combining different techniques on the same cell a wider perspective can be opened and enables easier cross‐correlation. Here, we introduce a fully laboratory‐based multimodal operando platform that synchronizes EIS/DRT, Raman spectroscopy, UV–vis reflectance spectroscopy, temperature monitoring, and galvanostatic cycling in one sealed Li–S cell. The platform is demonstrated over an extended observation window of up to 20 cycles to compare electrolyte‐dependent polysulfide speciation, transport limitations, and resistance evolution. The experimental design is optimized for reproducible mechanistic characterization and is not intended as a benchmark of practical cell performance or long‐term cycle life.",crossref,0
Materials‐Property Classification of Interlayers for Stabilizing Lithium Metal Interfaces in Sulfide‐Based All‐Solid‐State Batteries,https://advanced.onlinelibrary.wiley.com/doi/10.1002/aenm.71612?af=R,Wiley: Advanced Energy Materials: Table of Contents,2026-09-22 06:30:47 UTC,2026-09-22 06:30:47+00:00,10.1002/aenm.71612,Jaekyung Sung,"ABSTRACT
                  Sulfide‐based all‐solid‐state lithium metal batteries (ASSLMBs) promise high energy density by using lithium metal anodes, but their practical implementation is limited by severe interfacial instability. At the lithium metal/sulfide electrolyte interface, coupled chemical, electrochemical, and mechanical degradation accelerates impedance growth and cell failure. Interlayer strategies are promising for stabilizing sulfide‐based all‐solid‐state batteries because they can mitigate interfacial degradation, improve contact stability, and regulate ion/electron transport at critical electrode–electrolyte interfaces. However, their mechanisms have largely been interpreted based on phenomenological observations and empirical performance improvements, rather than through intrinsic material property–mechanism relationships, highlighting the need for a material property‐driven design framework. Here, we categorize interlayer strategies into metal, polymer, ceramic, and composite systems and reinterpret their functions from an electro‐chemo‐mechanical perspective. We discuss how stiffness, ductility, fracture toughness, electronic conductivity, electrochemical stability, chemical stability, lithiophilicity, and Li‐ion transport govern interfacial behavior during assembly, plating, stripping, and long‐term cycling. By correlating representative interlayer systems with their electro‐chemo‐mechanical properties, this perspective clarifies the relationship between material characteristics and interfacial stabilization behavior in sulfide‐based ASSLMBs. This property‐driven framework is expected to provide practical criteria for screening unexplored interlayer materials and guiding the rational design of stable lithium metal/sulfide electrolyte interfaces.",crossref,0
CO2‐Free Formaldehyde Electro‐Reforming Fuel Cell,https://advanced.onlinelibrary.wiley.com/doi/10.1002/aenm.71611?af=R,Wiley: Advanced Energy Materials: Table of Contents,2026-09-22 06:32:36 UTC,2026-09-22 06:32:36+00:00,10.1002/aenm.71611,Zhenhai Wen,"ABSTRACT
                  
                    Conventional electrochemical synthesis is often hampered by steep energy demands and catalyst degradation, limiting both efficiency and durability. Here we introduce a hybrid alkali/acid formaldehyde‐to‐hydrogen fuel cell (h‐A/AFHFC) that transcends these limitations by coupling alkaline formaldehyde oxidation conversion with acidic oxygen reduction. A columnar branched AgCu catalyst drives the h‐A/AFHFC to a striking 2.0 V output and peak power density of 482 mW cm
                    −2
                    , maintaining robust operation for over 110 h. Beyond electricity, the device leverages the exceptionally low oxidation potential of formaldehyde and its single‐electron dehydrogenation pathway to co‐produce hydrogen and formate in a *CO‐free, CO
                    2
                    ‐free electrochemical process, reformulating the role of fuel cells. Each kilogram of hydrogen is inherently paired with 46.0 kg of formate and 33.2 kWh of electricity, offering a rare convergence of clean energy and high‐value chemical synthesis. This strategy extends to gaseous formaldehyde and diverse aldehydes, enabling integrated energy‐chemical platforms for sustainability.",crossref,0
Resolving the Electro‐Mechanical Trade‐Off at the Buried Interface of Perovskite Solar Cells,https://advanced.onlinelibrary.wiley.com/doi/10.1002/aenm.71638?af=R,Wiley: Advanced Energy Materials: Table of Contents,2026-09-22 06:38:37 UTC,2026-09-22 06:38:37+00:00,10.1002/aenm.71638,Guichuan Xing,"ABSTRACT
                  Carbazole‐based self‐assembled monolayers (SAMs) are essential in inverted perovskite solar cells (PSCs) due to superior electrical properties, yet their inherent rigidity imposes severe mechanical stress on the perovskite layer. Herein, we construct an interfacial architecture featuring discontinuous metal‐oxide islands to circumvent this fundamental electro‐mechanical trade‐off at the buried contact. Specifically, this discontinuous topography imparts macroscopic structural flexibility to the interface by functioning as localized strain‑relaxation zones, enabling strain‐relaxed perovskite films with reduced defect density. Meanwhile, the modified interface maintains unimpeded hole‐selective pathways and optimal energy level alignment. Consequently, the corresponding PSC yields a champion power conversion efficiency (PCE) of 26.92% (certified 26.60%) with enhanced long‐term stability. This strategy establishes a rational design principle for synergistic electro‐mechanical management, paving the way for high‐efficiency and stable photovoltaic devices.",crossref,0
"Characterizing Biopolymer Electrolytes in Zinc–Air Batteries: Challenges, Best Practices, and a Robust Workflow Guiding Future Research Paths",https://advanced.onlinelibrary.wiley.com/doi/10.1002/aenm.71394?af=R,Wiley: Advanced Energy Materials: Table of Contents,2026-09-22 06:39:37 UTC,2026-09-22 06:39:37+00:00,10.1002/aenm.71394,Nagore Ortiz‐Vitoriano,"ABSTRACT
                  Bio‐based gel polymer electrolytes (GPEs) are emerging as promising components for rechargeable zinc–air batteries (ZABs), combining electrochemical functionality, mechanical adaptability, and sustainability. Yet, progress in this area is increasingly limited not only by materials design, but also by the lack of rigorous and application‐relevant characterization workflows. This critical, practice‐oriented review assesses the characterization strategies used for bio‐based GPEs in ZABs, focusing on relevant, recent studies reported between 2021 and 2026. Methods are grouped into six categories: mechanical and rheological characterization, electrochemical analysis and cell‐level testing, spectroscopic techniques, microscopy and nanoscale imaging, thermal analysis, and bulk physicochemical characterization. Rather than merely cataloguing methods, the review examines what each technique can reliably reveal, the key parameters controlling data quality, and the limitations imposed by conditions specific to ZAB operation, including highly alkaline environments, dynamic electrode interfaces, and the soft, heterogeneous nature of biopolymer networks. Recurring inconsistencies in experimental practice and reporting are highlighted, and best‐practice recommendations, methodological adaptations, and emerging approaches are discussed. Overall, the review provides a workflow‐oriented framework linking formulation, structure, interfacial behavior, and electrochemical performance, underscoring that better electrolytes require better characterization to enable more rigorous evaluation and accelerate the rational development of next‐generation sustainable GPEs for ZABs.",crossref,0
Tunneling‐Gated Metalized Plastic Current Collectors Enabling Autonomous and Reversible Thermal Shutdown in Lithium‐Ion Batteries,https://advanced.onlinelibrary.wiley.com/doi/10.1002/aenm.71617?af=R,Wiley: Advanced Energy Materials: Table of Contents,2026-09-22 06:45:28 UTC,2026-09-22 06:45:28+00:00,10.1002/aenm.71617,Henghui Xu,"ABSTRACT
                  
                    Thermal runaway has constrained the application of high‑energy‑density batteries. Metalized plastic current collectors (MPCCs) offer a promising approach to reducing inactive mass and improving mechanical safety, yet they remain intrinsically passive and provide no active response to thermal abuse. Here, we propose tunneling‑gated thermoresponsive MPCCs (TTMP), which transforms conventional MPCCs from passive conductors into autonomous, self‑protecting components. The TTMP integrates a polyethylene matrix and embedded spiky carbon conductive particles, sandwiched between ultrathin aluminum layers on both surfaces. Upon heating above 100°C, thermal expansion of the polymer disrupts electron tunneling between adjacent spiky carbon particles, sharply suppressing electrical conduction through the TTMP, thereby interrupting current flow and delaying thermally accelerated electrochemical reactions under abuse conditions. When returns to room temperature, electron transport is fully restored, and the battery resumes normal operation. During thermal triggering, the resistance of the TTMP increases from 6.3 Ω to 2.1 × 10
                    5
                     Ω within a response time of 4 s. Cells equipped with this collector show a reversible reduction in discharge current of up to 92.5%. Furthermore, 1 Ah pouch cells achieve up to 6 cycles of reversible thermal shutdown with complete performance recovery, while the onset of thermal runaway is delayed by up to 30°C.",crossref,0
"A Tightly Interlayer Bonded, Synchronously In Situ Co‐Injectable, Wet‐Adhesive, Hierarchically Biofunctionalized Bilayer Hydrogel for Functional Attachment and Orderly Periodontal Regeneration",https://advanced.onlinelibrary.wiley.com/doi/10.1002/adma.75042?af=R,Wiley: Advanced Materials: Table of Contents,2026-09-22 07:07:11 UTC,2026-09-22 07:07:11+00:00,10.1002/adma.75042,Xiaoyan Wang,"ABSTRACT
                  Periodontitis, the sixth most prevalent global disease, causes tooth loss and systemic disorders, imposing a significant global burden. Functional regeneration of the periodontium remains a major challenge due to the hierarchical soft‐hard tissue interface and complex spatiotemporal functional demands. In this study, a synchronously in situ co‐injectable, interlayer‐bonding, and wet‐adhesive bilayer hydrogel (Bio‐Fun bilayer) consisting of PCAC and PCMC layers is developed. An anti‐delamination interface is engineered via polymer chain topological entanglement and dynamic boronate ester and ionic networks, while precise complex viscosity matching enables synchronized microscale laminar co‐extrusion. Concurrently, the hydrogel maintains wet adhesion, especially to moist root and bone surfaces. Spatiotemporal biofunctionalization is achieved by loading microRNA‐26a liposomes in the PCAC layer to activate Wnt/β‐catenin signaling for osteogenesis, and covalently tethering a PDGF‐BB mimetic peptide within the PCMC layer to trigger PI3K/Akt‐LOX signaling for fibroblast recruitment and functional collagen formation. In vivo, the Bio‐Fun bilayer hydrogel achieves integrated regeneration of alveolar bone and aligned periodontal ligament fibers, forming Sharpey's fiber‐like structures with firm bone‐ligament attachment. Meanwhile, the modular and injectable design might provide broad reference for the reconstruction of periodontal, osteochondral, and other soft‐hard tissue interfaces.",crossref,0
Triple‐Phase Synergistic Bulk‐Surface Engineering Enables High‐Rate and Long‐Cycling P2/O3‐Based Cathode for Na‐Ion Batteries,https://advanced.onlinelibrary.wiley.com/doi/10.1002/adma.74956?af=R,Wiley: Advanced Materials: Table of Contents,2026-09-22 07:09:02 UTC,2026-09-22 07:09:02+00:00,10.1002/adma.74956,Zhongtao Li,"ABSTRACT
                  
                    Layered oxide cathodes hold great promise for Na‐ion batteries (NIBs) but suffer from rapid performance degradation under high voltage, primarily arising from severe lattice strain, transition metal migration, and detrimental surface degradation. Here, we report a triple‐phase synergistic bulk‐surface engineering (TP‐SBSE) strategy that integrates a P2 phase, an O3 phase, and a surface disordered phase to address these challenges. In the bulk, guided by cationic potential control, we employ multielement composition modulation to construct a P2/O3 biphasic structure. The interlocking effect at the biphasic interfaces effectively suppresses structural strain and mitigates volume variations under high voltage. Meanwhile, surface reconstruction yields a protective disordered phase that not only suppresses electrode–electrolyte reactions but also alleviates anisotropic lattice strain, effectively inhibiting particle microcrack initiation and preserving bulk structural integrity. Owing to the TP‐SBSE strategy, the resulting P2/O3‐Na
                    0.75
                    Zn
                    0.05
                    Ni
                    0.23
                    Fe
                    0.18
                    Mn
                    0.49
                    Ti
                    0.05
                    O
                    2
                    (P2/O3‐NZNFMTO) cathode exhibits exceptional electrochemical performance. It delivers 80% capacity retention after 600 cycles at 1C and over 75% after 1000 cycles at 3C within 2.0 to 4.3 V, demonstrating a high rate capability and long‐term cycling stability. Moreover, this material exhibits enhanced thermal and air stability. This work presents a TP‐SBSE strategy and provides fundamental insights into developing high‐voltage, long‐life layered oxide cathodes for NIBs.",crossref,0
"Persistent Chiral Diradicals via SUMO–LUMO Inversion: Modular Synthesis, Electronic Structures, and Redox‐Switching Properties",https://onlinelibrary.wiley.com/doi/10.1002/anie.6564456?af=R,Wiley: Angewandte Chemie International Edition: Table of Contents,2026-09-22 08:07:58 UTC,2026-09-22 08:07:58+00:00,10.1002/anie.6564456,Zexin Jin,"ABSTRACT
                  
                    Integrating chirality into organic open‐shell architectures holds immense promise for molecular spintronics and advanced optoelectronics. However, achieving simultaneous chemical persistence, configurational stability, and practical synthetic accessibility remains a formidable challenge. Here, we report a modular strategy for persistent singlet chiral diradicals based on a C
                    2
                    ‐symmetric bibenzo[
                    g
                    ]quinoline scaffold. Enantiopure π‐extended precursors were efficiently synthesized via a one‐pot multicomponent Povarov cyclization from commercially available BINAM, bypassing chiral HPLC resolution. Upon reduction, the monoradical intermediates exhibit a rare singly unoccupied molecular orbital SUMO–LUMO inversion (SLI) electronic configuration. Strategic N‐protonation and steric shielding at high spin‐density sites dramatically enhance stability while preserving the SLI character, enabling unambiguous assignment of a singlet ground state of the reduced chiral diradicals. The resulting diradicals can serve as robust chiral redox switches, enabling highly reversible, fatigue‐free electrochemical cycles between the closed‐shell dication and neutral diradical states with full retention of the embedded chiroptical information. This work demonstrates successful implementation of the SLI pathway for persistent chiral diradicals and provides a practical platform for the rational design of configurationally stable, redox‐tunable open‐shell materials with tailored electronic and chiroptical properties.",crossref,0
Hydrogen‐Bonding‐Stabilized Organic Piezoelectric Nanofibers for Immunogenic Sonopiezodynamic Therapy of Metastatic Tumors,https://onlinelibrary.wiley.com/doi/10.1002/anie.4212622?af=R,Wiley: Angewandte Chemie International Edition: Table of Contents,2026-09-22 08:10:54 UTC,2026-09-22 08:10:54+00:00,10.1002/anie.4212622,Huijing Xiang,"ABSTRACT
                  
                    Piezoelectric biomaterials enable mechano‐electrical coupling in biological systems, facilitating real‐time sensing, actuation, and in vivo energy harvesting. However, their application is constrained by the scarcity of stable organic piezoelectric systems. Here, we develop a one‐step electrospinning strategy for self‐assembling organic heterostructured piezoelectric nanofibers to combat tumor metastasis. In this system, directional hydrogen bonding between the ─NH
                    2
                    groups of diphenylalanine (FF) and the C═O groups of poly(L‐lactic acid) (PLLA), alongside van der Waals interactions, critically promotes oriented PLLA chain crystallization and stabilizes the piezoelectric β‐phase. The resulting PLLA@FF composite exhibits enhanced piezoelectric performance and excellent stability. Under ultrasound irradiation, injectable PLLA@FF generates a potent sonopiezoelectric effect, triggering a reactive oxygen species storm that induces mitochondrial dysfunction, robust apoptosis, and the release of damage‐associated molecular patterns, thereby initiating an immunogenic cell death cascade. In vivo studies demonstrate that PLLA@FF‐mediated sonopiezoelectric therapy not only suppresses primary and distant tumor growth but also inhibits lung metastasis by remodeling the immunosuppressive tumor microenvironment. RNA sequencing further corroborates these findings, revealing activation of oxidative stress, apoptosis, and immune‐related pathways. Collectively, this work overcomes the stability limitations of piezoelectric polymers and establishes a versatile, biodegradable fibrous platform for advanced piezocatalytic immunotherapy.",crossref,0
Mechanical Signatures of Nucleic Acid Trefoil Knot Topology,https://onlinelibrary.wiley.com/doi/10.1002/anie.6529490?af=R,Wiley: Angewandte Chemie International Edition: Table of Contents,2026-09-22 08:14:53 UTC,2026-09-22 08:14:53+00:00,10.1002/anie.6529490,Isaac T. S. Li,"ABSTRACT
                  Molecular knots represent a fundamental form of polymer topology, yet their mechanical behavior in nucleic acids remains largely unexplored. Here, we engineer a single‐stranded DNA sequence that can fold into either a knot or a pseudoknot while maintaining identical base‐pairing interactions. Using single‐molecule force spectroscopy with optical tweezers, we show that molecular topology alone produces distinct mechanical behavior. Knotted ssDNA exhibits three characteristic signatures relative to the pseudoknot: higher unfolding forces, shorter unfolding extensions, and faster refolding kinetics. These features arise from the topological constraint imposed by strand threading and together provide a mechanical fingerprint that distinguishes knotted from unknotted nucleic acid structures. By analyzing the denatured state under tension, we further show that the knot tightens as force increases, entering a tight‐knot regime in which the molecule can be described as a compact knot core in series with a stretched single strand. The retained contour length reveals that the tight trefoil knot contains approximately 10 nucleotides at forces approaching 40 pN. These results establish mechanical signatures as a means of identifying nucleic acid topology and provide quantitative insight into the nanomechanics of molecular knots.",crossref,0
Highly Efficient Au1Pd Single‐Atom Alloy Catalyzing Reversible Formate/Bicarbonate Interconversion: Proof‐of‐Concept for Formate‐Salt Cavern Hydrogen Storage,https://onlinelibrary.wiley.com/doi/10.1002/anie.3611480?af=R,Wiley: Angewandte Chemie International Edition: Table of Contents,2026-09-22 08:18:41 UTC,2026-09-22 08:18:41+00:00,10.1002/anie.3611480,Weiqiao Deng,"ABSTRACT
                  
                    Reversible hydrogen storage via formate/bicarbonate cycles is a promising strategy for large‐scale hydrogen storage, while the lack of highly efficient catalysts for reversible interconversion remains a critical bottleneck. Herein, we report an amine‐modified activated carbon‐supported Au
                    1
                    Pd single‐atom alloy (SAA) catalyst (Au
                    1
                    Pd
                    20
                    /AC‐NH) as the key breakthrough to address this challenge, and further demonstrate its proof‐of‐concept application in a novel “Formate‐Salt Cavern Hydrogen Storage System”. Featuring atomically dispersed Au promoters anchored on Pd nanoparticles, Au
                    1
                    Pd
                    20
                    /AC‐NH boosts Pd's intrinsic activity remarkably. Under near‐ambient conditions, it exhibits exceptional turnover frequencies (TOFs, based on total active metal) of 4568 h
                    −1
                    for dehydrogenation (80°C, 1 bar, 1 M HCOOK) and 77 h
                    −1
                    for hydrogenation (30°C, 1 bar, 1.5 M KHCO
                    3
                    ). Specifically, in the formate dehydrogenation reaction, the Au
                    1
                    Pd
                    20
                    /AC‐NH catalyst exhibits a 45% higher initial TOF value at a conversion of 20% compared with monometallic Pd/AC‐NH; meanwhile, its hydrogenation activity is increased by 34%. These values are among the highest reported under similar reaction conditions. Mechanistic analysis reveals that the superior catalytic performance stems from the Au
                    1
                    Pd SAA effect and synergistic interaction with surface ─NH─ groups, which collectively facilitate H
                    2
                    dissociation and reactant adsorption. By establishing an efficient catalytic strategy and providing critical proof‐of‐concept, this work paves a viable pathway for large‐scale hydrogen storage.",crossref,0
Alkoxyethyl Acetate Electrolytes for High‐Voltage Lithium Metal Batteries,https://onlinelibrary.wiley.com/doi/10.1002/anie.2561729?af=R,Wiley: Angewandte Chemie International Edition: Table of Contents,2026-09-22 08:20:21 UTC,2026-09-22 08:20:21+00:00,10.1002/anie.2561729,Khalil Amine,"ABSTRACT
                  High‐energy‐density lithium metal batteries (LMBs) require electrolytes that can simultaneously support stable lithium metal anodes and high‐voltage cathodes such as NMC811 operated up to 4.5 V. Here, a molecular engineering strategy is introduced in which a carbonyl group and a trifluoromethyl group are incorporated into a glycol‐ether‐type backbone to produce a fluorinated alkoxyethyl acetate solvent, 2‐(2,2,2‐trifluoroethoxy)ethyl acetate (TFE‐EA), used as the main solvent in LiFSI–TFE‐EA–FEC electrolytes. This design breaks the symmetric bidentate solvation typical of ether solvents, establishes carbonyl‐dominant solvation, and depresses the solvating ability and oxidation reactivity of the ethereal oxygen, as revealed by combined DFT, NMR, FTIR, Raman, and AIMD analyses. The resulting TFE‐EA‐based electrolyte exhibits enhanced oxidative stability, improved lithium plating/stripping efficiency, dense and uniform lithium deposition, and robust cathode–electrolyte interphases in Li||NMC811 cells cycled to 4.5 V, delivering markedly superior capacity retention and Coulombic efficiency compared with ethereal counterparts. Parallel studies on the non‐fluorinated alkoxyethyl acetate MEA and its ether analog EME confirm that ester introduction alone improves oxidative stability and cycling, while fluorination further amplifies these benefits. This work establishes alkoxyethyl acetates, exemplified by TFE‐EA, as a promising solvent platform for practical, high‐voltage LMB electrolytes.",crossref,0
Highly Efficient and Water‐Resistant Copper–Iodide Emitters Toward Underwater X‐Ray Imaging,https://onlinelibrary.wiley.com/doi/10.1002/anie.7210262?af=R,Wiley: Angewandte Chemie International Edition: Table of Contents,2026-09-22 08:21:51 UTC,2026-09-22 08:21:51+00:00,10.1002/anie.7210262,Maochun Hong,"ABSTRACT
                  
                    Advanced scintillators with superior performance and environmental robustness are urgently needed for emerging x‐ray imaging applications, especially in challenging environments such as underwater scenarios. Copper(I) iodide cluster complexes are promising candidates for advanced x‐ray imaging applications due to their excellent optical properties and solution‐processable nature. Herein, we report two green‐emitting Cu
                    2
                    I
                    2
                    cluster‐based complexes achieved through a dual‐ligand strategy. The rigid P,N‐bridging ligand serves to construct the emissive Cu
                    2
                    I
                    2
                    core and improve exciton utilization, while the meta‐fluorinated ancillary ligand introduces multiple weak interactions, suppressing nonradiative decay and enhancing water stability. Together with the aggregation‐induced emission (AIE) characteristics, two complexes achieve high photoluminescence quantum yields (PLQYs) of 86.4% and 92.5% in the solid state, respectively. The optimal complex shows efficient radioluminescence (RL) with a low detection limit of 73.5 nGy
                    air
                    s
                    −1
                    . The fabricated flexible screen exhibits stable x‐ray imaging performance with a spatial resolution up to 21.4 lp mm
                    −1
                    . More importantly, the complex demonstrates exceptional structural integrity and emission stability in air and water. These attributes ultimately allow for high‐performance underwater x‐ray imaging. This work not only provides a ligand‐engineering strategy for the construction of high‐PLQY, water‐resistant copper‐cluster‐based scintillators, but also advances their practical application in emerging x‐ray imaging scenarios.",crossref,0
Logic‐Gated DNA Cascade Amplification Enables High‐Fidelity Intercellular Communication in Synthetic Protocells,https://onlinelibrary.wiley.com/doi/10.1002/anie.1298760?af=R,Wiley: Angewandte Chemie International Edition: Table of Contents,2026-09-22 08:24:07 UTC,2026-09-22 08:24:07+00:00,10.1002/anie.1298760,Jianbo Liu,"ABSTRACT
                  Intercellular communication in synthetic protocells is often constrained by passive diffusion, leading to signal attenuation and spurious activation that limit functional outcomes. Here, we report a programmable communication framework that integrates logic‐gated DNA signal processing with cascade amplification to enable high‐fidelity chemical messaging between synthetic sender and receiver protocells. Sender protocells are equipped with membrane‐anchored DNA logic circuits that release a messenger strand only upon dual‐input recognition, while receiver protocells decode the transmitted signal through a surface‐confined hybridization chain reaction that amplifies the response and suppresses false‐positive activation. Beyond information transfer, the amplified signal is converted into functional execution by recruiting a photosensitizer to the receiver membrane, enabling light‐triggered modulation of membrane integrity and controlled molecular transport. Together, this logic‐controlled and cascade‐amplified communication system establishes a signal‐to‐function transduction pathway in synthetic protocell communities, providing a versatile strategy for constructing synthetic multicellular networks with enhanced communication fidelity, long‐range signaling capability, and programmable downstream responses.",crossref,0
Deciphering the Multifunctions of Bicarbonate in Acidic CO2 Electrochemical Reduction With Multiscale Simulations,https://onlinelibrary.wiley.com/doi/10.1002/anie.9111260?af=R,Wiley: Angewandte Chemie International Edition: Table of Contents,2026-09-22 08:24:58 UTC,2026-09-22 08:24:58+00:00,10.1002/anie.9111260,Tao Wang,"ABSTRACT
                  
                    Identifying key factors governing the selectivity of the electrochemical CO
                    2
                    reduction reaction (eCO
                    2
                    RR) is challenging and requires simultaneous consideration of microscopic reaction mechanisms at active sites and macroscopic mass‐transport effects in microenvironments. In this study, we developed a multiscale simulation framework that integrates potential‐dependent density functional theory calculations, microkinetic modeling (MKM), and a continuum transport model to elucidate the multifunctionality of bicarbonate (HCO
                    3
                    −
                    ) in acidic eCO
                    2
                    RR, thereby identifying three potential regions based on local pH evolution. At low potentials, the hydrogen evolution reaction (HER) dominates, with bicarbonate buffering the local microenvironment and stabilizing the local pH at the CO
                    2
                    hydration equilibrium. At intermediate potentials, bicarbonate stabilizes the local CO
                    2
                    concentration, with bulk transport dominant. At high potentials, bicarbonate becomes the dominant proton donor for HER because the local microenvironment becomes alkaline and CO
                    2
                    is consumed by hydroxide, resulting in a sharp decrease in CO selectivity. Our mechanistic analysis establishes bicarbonate as a multifunctional species that both buffers the local pH and directly participates in the reaction, with the prevailing role dictated by the local pH and applied potentials. This work provides a mechanistic understanding of how buffering species couple mass transport and reaction pathways, offering viable design principles for microenvironment engineering in eCO
                    2
                    RR.",crossref,0
Harnessing Endogenous Quinones to Orchestrate Water Dynamics and Electron Transfer at a Self‐Reinforcing Bio‐Abiotic Interface,https://advanced.onlinelibrary.wiley.com/doi/10.1002/aenm.71618?af=R,Wiley: Advanced Energy Materials: Table of Contents,2026-09-22 10:03:16 UTC,2026-09-22 10:03:16+00:00,10.1002/aenm.71618,Richen Lin,"ABSTRACT
                  
                    The bio‐abiotic interface is the central bottleneck in bioelectrochemical CO
                    2
                    conversion, where electron and mass transport are governed by an intricate interplay among the electrode, microbial mediators, and interfacial water. Here we show that endogenous quinone mediators serve two coupled roles: shuttling electrons and reconfiguring the interfacial hydrogen‑bond network. Using a CoP nanoparticle‐decorated carbon nanoforest electrode that actively modulates these mediators, we find that the nanoforest surface lowers the adsorption barrier for quinones, accelerating their redox cycling and reducing overpotential for electron injection. Molecular dynamics simulations further reveal that these quinones disrupt the rigid hydrogen‑bond network, creating a localized free‑water zone that minimizes proton transport resistance. The interplay of this accelerated redox cycling and water restructuring generates a self‐reinforcing synergy, reflected by a ten‐fold drop in charge‑transfer resistance at 2.5 V vs. bare carbon felt and a Faradaic efficiency of 89.8% for acetate. This closed‑loop regulation, where material chemistry programs mediator behavior and mediators orchestrate both water dynamics and electron flux, offers a paradigm for engineering bio‑abiotic interface beyond empirical optimization.",crossref,0
Dual Anchoring Effect Achieves Active and Ultrastable Oxygen Reduction Catalysis,https://advanced.onlinelibrary.wiley.com/doi/10.1002/aenm.71606?af=R,Wiley: Advanced Energy Materials: Table of Contents,2026-09-22 10:06:46 UTC,2026-09-22 10:06:46+00:00,10.1002/aenm.71606,Lingzheng Bu,"ABSTRACT
                  
                    Suppressing the dissolution of transition metals in multi‐component platinum (Pt)‐based oxygen reduction reaction (ORR) catalysts is critical yet challenging for proton exchange membrane fuel cell (PEMFC). Herein, we employ a dual anchoring strategy of rare earth (RE) surface stabilization and metal‐nitrogen‐carbon (MNC) interaction with porous Pt‐nickel‐cobalt nanowires (PtNiCo PNWs) to achieve satisfactory ORR and membrane electrode assembly (MEA) performances. The single site and cluster of praseodymium (Pr) tune the Pt electronic structure and protect the Ni/Co sites from dissolution, while zinc‐N‐C (ZnNC) provides extra active sites and stronger anchoring effect, yielding 9.0/9.5 times higher than those of commercial Pt/C in ORR mass and specific activities. Furthermore, the MEA exhibits high peak power density of 2.33 W cm
                    −2
                    , mass activity of 0.79 A mg
                    Pt
                    −1
                    at 0.9 V
                    iR‐free
                    and long‐term lifetime of operating 30000/90000 cycles with 8.2%/28.3% decay, further reflecting our reasonable design conception of Pt‐based ORR catalysts for PEMFC device.",crossref,0
An Azacrown Electrolyte for High‐Performance Sodium‐Ion Batteries,https://advanced.onlinelibrary.wiley.com/doi/10.1002/aenm.71631?af=R,Wiley: Advanced Energy Materials: Table of Contents,2026-09-22 10:11:23 UTC,2026-09-22 10:11:23+00:00,10.1002/aenm.71631,Jianxin Geng,"ABSTRACT
                  
                    Sodium (Na)‐ion batteries (SIBs) are promising energy storage devices. However, they still do not exhibit satisfactory performance metrics largely because the relatively large ionic radius of Na
                    +
                    results in unfavorable solvation structures. This work demonstrates that using an azacrown (i.e., 1,4,7,10,13‐pentamethyl‐1,4,7,10,13‐pentaazacyclopentadecane, PMPAC) as a co‐solvent of the electrolyte can overcome the fundamental issues associated with SIBs. PMPAC features a cavity that not only matches the ionic radius of Na
                    +
                    but chelates the metal ions as well. As a result, PMPAC effectively encapsulates Na
                    +
                    and affords a disc‐like solvation complex with a relatively small solvation radius. These characteristics bestow the PMPAC‐based electrolytes with high ion conductivity and Na
                    +
                    transference number, which promote battery operation by enabling Na to plate in a homogeneous manner. The PMPAC also prompts anions to locate in the inner sheath of the Na
                    +
                    solvation structure such that inorganic‐rich solid‐electrolyte interphase layers with high structural integrity and low charge transfer resistance are formed at the anodes. SIBs that utilize PMPAC‐based electrolytes exhibit outstanding rate capacities (38 mAh g
                    −1
                    at 100 C), along with ultralow capacity decay rates (0.0024% per cycle over 20 000 cycles for a half cell and 0.0062% per cycle over 10 000 cycles for a full cell).",crossref,0
Mechanical Programming of Hollow DNA Nanocapsules Rewires In Vivo Trafficking,https://onlinelibrary.wiley.com/doi/10.1002/anie.2946344?af=R,Wiley: Angewandte Chemie International Edition: Table of Contents,2026-09-22 11:14:27 UTC,2026-09-22 11:14:27+00:00,10.1002/anie.2946344,Xiaomin Li,"ABSTRACT
                  
                    DNA nanostructures are programmable, biocompatible platforms for biomedicine; however, their mechanical properties are coupled to sequence and structural dimensions, limiting control over stiffness. Here, we report a paradigm shift from static design to mechanical engineering of DNA nanostructures. Using a nanoemulsion interfacial‐confined coordination assembly strategy, hollow DNA nanocapsules (HDCs) were constructed with mechanical properties decoupled from chemical identity, without hard templates. By tuning the nanoemulsion‐to‐DNA‐solution ratio, HDCs with sizes (∼160 nm) and surface charges (∼‐20 mV), yet adjustable shell thicknesses (8–72 nm) and Young's moduli (8–180 MPa), were achieved while preserving DNA function and enabling DNA to serve as scaffold and therapeutic cargo. Proteomic profiling revealed stiffness‐dependent remodeling of protein corona: soft HDCs enriched dysopsonins, whereas hard HDCs recruited complement and coagulation factors, producing a “corona switch” modulating pharmacokinetics and biodistribution. Consequently, soft HDCs exhibited prolonged circulation (
                    t
                    1/2
                    = 8.8 h vs 4.5 h), enhanced tumor accumulation (1.9‐fold higher at 8 h), reduced hepatic sequestration, and increased kidney distribution versus hard HDCs. As a proof of concept, antisense‐based HDCs provided evidence that mechanical softening improved in vivo therapeutic performance. This work establishes mechanical modulus as a programmable parameter and provides a framework for regulating protein corona formation and systemic fate.",crossref,0
"Ratiometric Luminescent Thermo‐Hygrometry, Metal‐Dependent Second Harmonic Generation, and Humidity‐Variable Magnetic Relaxation in a Manganese(II)‐Doped Zinc(II) Molecular Halide",https://onlinelibrary.wiley.com/doi/10.1002/anie.4451248?af=R,Wiley: Angewandte Chemie International Edition: Table of Contents,2026-09-22 11:16:58 UTC,2026-09-22 11:16:58+00:00,10.1002/anie.4451248,Szymon Chorazy,"ABSTRACT
                  
                    Molecular materials based on metal complexes can link optical, electrical, and magnetic properties, all sensitive to external stimuli. This feature opens a pathway for their exploration as highly efficient sensors and advanced switches. We report the synthetic strategy for a truly multifunctional material linking dual‐stimuli optical sensing with tunable nonlinear optical activity and chemically modulated magnetic response. This was realized by incorporating magneto‐luminescent Mn(II) ions into a Zn(II) molecular halide of [Zn
                    II
                    (dppmO
                    2
                    )
                    3
                    ][Zn
                    II
                    Cl
                    4
                    ]·
                    n
                    H
                    2
                    O (
                    1
                    ) (dppmO
                    2
                    = bis(diphenylphosphino)methane) formula. The heterometallic {Zn
                    II
                    0.9
                    Mn
                    II
                    0.1
                    } material (
                    2
                    ) exhibits dual photoluminescence (PL), including UV‐PL from dppmO
                    2
                    ligands coordinated to Zn(II) and red‐PL from d‐d electronic transitions of octahedral Mn(II) centers. Thanks to this optical feature and water vapor sorption capability,
                    2
                    exhibits ratiometric luminescent thermo‐hygrometry around the room‐temperature (RT) region, being able to detect both temperature and relative humidity (RH) through the ratio between two PL signals. Due to the crystallization in the polar
                    P
                    na2
                    1
                    space group,
                    1
                    and
                    2
                    exhibit distinct second‐harmonic generation at RT, with its threefold enhancement induced by Mn(II) dopants. Thanks to the presence of Mn(II) complexes in the water‐sensitive Zn(II) halide,
                    2
                    also reveals RH‐variable slow relaxation of magnetization realized by modulation of a Raman process.",crossref,0
Unlocking the Catalytic Potential of PFAS: Upcycling Forever Chemicals Into Effective Catalysts,https://onlinelibrary.wiley.com/doi/10.1002/anie.6397678?af=R,Wiley: Angewandte Chemie International Edition: Table of Contents,2026-09-22 11:18:35 UTC,2026-09-22 11:18:35+00:00,10.1002/anie.6397678,Yaxuan Jing,"ABSTRACT
                  Per‐ and polyfluoroalkyl substances (PFAS) are emerging global pollutants that threaten aquatic environments and human health. Here, we propose a novel paradigm converting PFAS‐containing wastewater into efficient catalysts, unlocking the catalytic potential of these “forever chemicals”. As the first example of this paradigm, PFAS‐containing wastewater was transformed into F‐containing biomass (here shrimp shells)‐derived catalysts, achieving PFAS removal efficiency exceeding 99.9%. The catalyst exhibited outstanding performance in PET recycling at a low catalyst loading (2.5 wt%), efficiently promoting methanolysis and hydrolysis to yield the corresponding monomers in near‐quantitative yields, surpassing commercial carbon and biochar catalysts. This performance arises from the combined presence of electron‑deficient carbon sites generated by fluorine species and nitrogen vacancies, both of which contribute to the activation of ester bonds. The catalyst also showed broad applicability and stability across 23 real‐world plastic wastes, including mixed PET and additive‐containing plastics. Moreover, PFAS incorporation into metal oxides, supported metals, and porous carbons was demonstrated, laying the groundwork for diverse PFAS‐derived catalytic applications. This work reconceptualizes PFAS as a resource, opening new avenues for sustainable valorization and functional catalyst development.",crossref,0
Multi‐Biomimetic Structural Colors Inspired by Pearls and Bird Feathers,https://advanced.onlinelibrary.wiley.com/doi/10.1002/adma.75074?af=R,Wiley: Advanced Materials: Table of Contents,2026-09-22 11:58:15 UTC,2026-09-22 11:58:15+00:00,10.1002/adma.75074,Shu Yin,"ABSTRACT
                  One‐dimensional photonic crystals (1D PCs) enable precise control of light–matter interactions and display stable structural colors. However, their optical performance critically depends on strict periodicity and nanometer‐scale control of thickness, necessitating complex fabrication processes. In this work, we present a bio‐inspired structural coloration strategy that avoids these limitations by mimicking the structures of pearls and bird feathers. Specifically, a pearl‐like inorganic multilayer architecture lacking strict periodicity was synthesized via a facile solution‐based method. Distinct from traditional 1D PCs, this structure does not rely on precise periodicity, yet preserves the alternating refractive index modulation characteristic of 1D PCs. This disordered multilayer structure causes multiple reflections and partially coherent interference at internal interfaces, resulting in vivid and stable structural colors. Furthermore, inspired by the broadband‐absorbing melanin in bird feathers, surface‐integrated absorbing materials were introduced to selectively suppress non‐target interference. By tuning the absorbing materials, a continuous structural color spectrum covering the visible range can be achieved. The resulting biomimetic optical materials are readily processable and compatible with paints, plastics, coatings, and cosmetic applications.",crossref,0
Extreme‐Fast‐Charging Li‐Ion Batteries via Activation‐Energy Regulation With a Li3PO4‐Li2SO4‐Rich Solid Electrolyte Interphase,https://advanced.onlinelibrary.wiley.com/doi/10.1002/adma.75045?af=R,Wiley: Advanced Materials: Table of Contents,2026-09-22 11:59:58 UTC,2026-09-22 11:59:58+00:00,10.1002/adma.75045,Xiangdong Huang,"ABSTRACT
                  
                    Extreme‐fast‐charging (XFC) batteries are essential for widespread electric vehicle adoption. Although heating‐assisted charging enables ultrafast charging at elevated temperatures (e.g., 65°C), it increases the risk of thermal runaway. Lowering the activation energy of interfacial Li‐ion transport could enable safer room‐temperature XFC, although effective approaches remain limited. Here, we demonstrate that an amorphous Li
                    3
                    PO
                    4
                    ‐Li
                    2
                    SO
                    4
                    ‐rich solid electrolyte interphase (SEI), formed through electrolyte design, regulates interfacial Li‐ion transport by simultaneously tailoring SEI chemistry and facilitating Li
                    +
                    desolvation, with the apparent activation energy reduced from 39.1 to 21.3 kJ mol
                    −1
                    . As a result, 51.6 Ah pouch cells acquire 208.7 Wh kg
                    −1
                    of energy within only 10.5 min at room temperature (25°C), representing state‐of‐the‐art fast‐charging performance. Furthermore, a 94 kWh battery pack (3P168S) assembled from 504 mass‐produced pouch cells was integrated into a commercial electric vehicle. The pack was charged from 5% to 85% state‐of‐charge in 11.77 min, delivering 36.0 km of driving distance per minute of charge, surpassing the XFC target for electric vehicles (32.2 km min
                    −1
                    ). This work establishes an activation‐energy regulation strategy through coordinated control of interfacial solvation and SEI chemistry, providing a practical pathway toward room‐temperature XFC batteries and design principles for next‐generation fast‐charging technologies.",crossref,0
Entropy‐Driven Ultra‐Broadband High‐Temperature Electromagnetic Absorption in Spinel Oxides up to 1000°C,https://advanced.onlinelibrary.wiley.com/doi/10.1002/adma.75101?af=R,Wiley: Advanced Materials: Table of Contents,2026-09-22 12:02:40 UTC,2026-09-22 12:02:40+00:00,10.1002/adma.75101,Yanhui Chu,"ABSTRACT
                  
                    Ultra‐broadband high‐temperature electromagnetic (EM) ceramic absorbers are extensively desired for next‐generation radar stealth technologies; however, current absorbers are far from satisfactory. Here, we employ an entropy‐driven strategy to develop an innovative (Co, Ba, Fe, Mg, Cr, Ni, Sr, Ca, Mn)Fe
                    2
                    O
                    4
                    high‐entropy spinel oxide absorber, which possesses an ultrabroad effective absorption bandwidth (EAB) of 13.1 GHz at room temperature (RT), along with a wide‐temperature EAB retention of ∼100% up to 1000°C. This ultrabroad high‐temperature EM absorption performance mainly stems from the highly stable impedance matching enabled by the entropy‐driven sustenance of oxygen vacancy concentration at elevated temperatures, as well as the entropy‐driven amplification of EM dissipation via an atomic‐interface polarization loss. This work not only presents a promising EM absorber for future high‐temperature applications, but, more importantly, provides a key mechanistic insight that can be a guide for exploring high‐entropy ceramic absorbers with enhanced absorption performance.",crossref,0
Broadband Transient Spectral Band Detection and Computation Based on 2D‐vdW Nano Device,https://advanced.onlinelibrary.wiley.com/doi/10.1002/adma.75069?af=R,Wiley: Advanced Materials: Table of Contents,2026-09-22 12:04:56 UTC,2026-09-22 12:04:56+00:00,10.1002/adma.75069,Ningsheng Xu,"ABSTRACT
                  
                    The ability to resolve optical signals with different wavelengths or colors is essential for a wide range of advanced photonic applications, such as wavelength‐division multiplexed multichannel optical communications and multiparameter intelligent sensing systems. However, most of the current solutions rely on several different detectors to form a complex detection system. Herein, we exploit intrinsic transient characteristics of 2D semiconductor devices for broadband spectral band recognition in only one detector. We find that four key transient modes, including positive/negative step response, overshoot, and hysteresis, show distinct spectral band‐dependent characteristics, which makes multi‐band spectral discrimination possible. We verify this through three different measurement systems. We call this method Photocurrent Transient Response Spectral Band Recognition (PTRSBR). Using a single MoS
                    2
                    /WSe
                    2
                    /MoS
                    2
                    2D van der Waals bipolar junction transistor (2D‐vdW BJT), we obtain measurement results from four spectral bands of wavelengths in the broad range of 500 nm–0.3 mm, under a bias voltage of as low as 1 V without scanning. Moreover, the underlying physical mechanisms are proposed with mathematical models for these modes. Furthermore, a transient spectral band detection and computation hardware system prototype is demonstrated. It lays the foundation for compact detectors suitable for use in optical communication and spectral imaging.",crossref,0
Direct Recycling of Lithium‐Ion Batteries With Aqueous Relithiation: Mechanistic Insights and Recent Advances,https://advanced.onlinelibrary.wiley.com/doi/10.1002/adma.75071?af=R,Wiley: Advanced Materials: Table of Contents,2026-09-22 12:10:11 UTC,2026-09-22 12:10:11+00:00,10.1002/adma.75071,Zheng Chen,"ABSTRACT
                  This review explores the advances and challenges in direct recycling of lithium‐ion battery (LiB) cathode materials via aqueous relithiation (AR), with emphasis on the thermodynamic and kinetic factors governing lithium migration and reintegration into degraded active materials across ternary layered oxides, olivine, and spinel crystal structures. While aqueous treatments, mainly hydrothermal relithiation (HR), demonstrate strong potential for restoring electrochemical performance, scalability remains a critical barrier. The advantages and limitations of batch studies in defining thermodynamic boundaries are evaluated, and pathways toward continuous processing, compositional upcycling to emerging chemistries, and standardized impurity reporting are proposed. The success of this method further relies on effective cathode sorting, advanced data‐driven process controls, and the establishment of unified benchmarks to enable fair comparison across studies. Ultimately, aqueous relithiation lies at the intersection of scientific discovery and industrial application, where operational boundaries, logistical frameworks, and regulatory alignment will shape its transition into industry.",crossref,0
Redefining Water Oxidation Selectivity Through Electrolyte Microenvironment Engineering,https://advanced.onlinelibrary.wiley.com/doi/10.1002/adma.75107?af=R,Wiley: Advanced Materials: Table of Contents,2026-09-22 12:12:14 UTC,2026-09-22 12:12:14+00:00,10.1002/adma.75107,Xinjian Shi,"ABSTRACT
                  
                    The two‐electron water oxidation reaction (2e
                    −
                    WOR) offers a sustainable route to in situ H
                    2
                    O
                    2
                    production from water, distinct from the anthraquinone process and direct H
                    2
                    /O
                    2
                    synthesis. Its central challenge is the competition between H
                    2
                    O
                    2
                    formation and the four‐electron oxygen evolution reaction (OER), governed by water polarization, hydroxyl‐intermediate formation, O─O bond construction, peroxy‐species desorption, and product stability. Because catalyst‐site regulation alone rarely optimizes selectivity, stability, and productivity simultaneously, the electrolyte microenvironment becomes a critical reaction variable. Through specific ion adsorption, electric‐double‐layer reconstruction, local pH control, solvation and hydrogen‐bond‐network regulation, and interfacial electric fields, electrolytes reshape intermediate configurations, proton‐electron transfer barriers, and H
                    2
                    O
                    2
                    decomposition. This Review introduces the framework of “electrolyte‐encoded reaction pathways” to describe how electrolyte‐derived interfacial states differentially regulate competing H
                    2
                    O
                    2
                    ‐forming channels. It distinguishes direct surface‐mediated 2e
                    −
                    WOR, electrolyte‐assisted direct 2e
                    −
                    WOR, and indirect electrolyte‐mediated anodic H
                    2
                    O
                    2
                    synthesis, thereby separating pathway regulation from reaction‐network reconstruction. By linking electrolyte descriptors and catalyst‐electrolyte coupling to selectivity, H
                    2
                    O
                    2
                    stability, and system‐level performance, this framework redefines the electrolyte as an active variable in reaction‐network design.",crossref,0
Bioinspired Low‐Power Mechanical Sensing Technologies,https://advanced.onlinelibrary.wiley.com/doi/10.1002/adma.75090?af=R,Wiley: Advanced Materials: Table of Contents,2026-09-22 12:13:25 UTC,2026-09-22 12:13:25+00:00,10.1002/adma.75090,Luquan Ren,"ABSTRACT
                  Bioinspired low‐power mechanical sensing technology offers a promising solution to address the escalating energy consumption challenges faced by conventional sensing systems. Traditional mechanical sensing architectures, relying on dense sensor arrays and continuous data acquisition, suffer from substantial power consumption and limited long‐term deployability. In contrast, biological mechanosensory systems achieve high sensitivity, robustness, and adaptive intelligence with minimal energy expenditure through structure‐enabled signal acquisition, efficient neural processing, and closed‐loop actuation. Accordingly, this article evaluates recent advances across the entire bioinspired mechanical sensing pipeline, encompassing signal acquisition, processing, and actuation. At the acquisition frontier, bioinspired sensing strategies based on web‐like, slit‐organ, lever‐based, and skin‐inspired topologies are reviewed, illustrating how structural amplification, intrinsic filtering, and directional selectivity enable efficient signal capture with ultralow energy overhead. Building upon these front‐end mechanisms, low‐power signal processing strategies inspired by biological nervous systems are discussed, emphasizing efficient signal transduction and event‐driven, neuromorphic computation to mitigate redundant data handling. Subsequently, biological actuation mechanisms and their engineered counterparts are summarized, highlighting sensorimotor coupling and closed‐loop feedback as critical routes to further energy optimization. Finally, representative applications in healthcare and environmental monitoring are presented, alongside current challenges and future trajectories, providing a comprehensive framework for developing next‐generation mechanical sensing platforms.",crossref,0
A Sustainable Brand‐New Thermoelectric Cooling Material: High‐Mobility Diamondoid Cu3SbSe4 Crystal,https://advanced.onlinelibrary.wiley.com/doi/10.1002/adma.75094?af=R,Wiley: Advanced Materials: Table of Contents,2026-09-22 12:18:36 UTC,2026-09-22 12:18:36+00:00,10.1002/adma.75094,Li‐Dong Zhao,"ABSTRACT
                  
                    Diamondoid Cu
                    3
                    SbSe
                    4
                    is an earth‐abundant thermoelectric material with strong potential for near‐room to mid‐temperature applications. However, its performance has been limited by intrinsically low carrier mobility. Here, we report the first successful growth of large‐sized Cu
                    3
                    SbSe
                    4
                    crystals, achieving a fivefold enhancement in carrier mobility, and demonstrate the first Cu
                    3
                    SbSe
                    4
                    ‐based thermoelectric cooling device. We show that Ag substitution reduces both the effective mass and deformation potential through strengthened bond covalency, yielding a high carrier mobility of ∼150 cm
                    2
                    V
                    −1
                    s
                    −1
                    . This leads to a remarkable power factor of ∼23 µW cm
                    −1
                    K
                    −2
                    at 300 K, a maximum
                    ZT
                    of ∼1.6 at 700 K and an average
                    ZT
                    of ∼0.85 over 300–700 K, representing state‐of‐the‐art performance among Cu‐based thermoelectric materials in this temperature range. A 7‐pair device based on Cu
                    3
                    SbSe
                    4
                    crystal achieves a cooling temperature difference of ∼25 K at room temperature, and reaching a maximum of ∼34 K at 343 K. Additionally, the optimized sample demonstrates a single‐leg power‐generation efficiency of ∼7% at Δ
                    T
                    = 350 K. These results highlight crystal‐growth as a powerful strategy to unlock high‐performance refrigeration in previously limited materials, establishing diamondoid Cu
                    3
                    SbSe
                    4
                    crystals as a viable, low‐cost and environmentally benign platform for practical thermoelectric applications.",crossref,0
Structure and Biosynthesis of Mangotoxin Produced by the Plant Pathogen Pseudomonas syringae,https://onlinelibrary.wiley.com/doi/10.1002/anie.2211678?af=R,Wiley: Angewandte Chemie International Edition: Table of Contents,2026-09-22 14:41:57 UTC,2026-09-22 14:41:57+00:00,10.1002/anie.2211678,Bo Li,"ABSTRACT
                  
                    Pathogenic bacteria interfere with plant metabolism through specialized metabolites and mechanisms. Mangotoxin was identified in 2003 from
                    Pseudomonas syringae
                    pv.
                    syringae
                    , which causes devastating diseases globally in various crops, including mango. Mangotoxin was found to inhibit arginine biosynthesis in tomato and
                    Escherichia coli
                    ; however, its chemical structure remained unknown. We determined the structure of mangotoxin from the native bacterial producer
                    P. syringae
                    to be an alanine‐citrulline dipeptide that contains an internal alkyne on citrulline. We showed that mangotoxin also inhibits the growth of a multidrug‐resistant human pathogen
                    Klebsiella pneumoniae
                    strain. In vitro characterization of mangotoxin biosynthesis revealed that alkyne formation is catalyzed by a heme oxygenase‐like domain‐containing oxidase with a redox partner on a tripeptide intermediate. We discovered that the mangotoxin biosynthetic enzymes can couple various canonical and noncanonical amino acids into tripeptides and install two‐ or four‐electron oxidations on several tripeptides, providing a foundation for bioengineering of the pathway. Our work answered a two‐decade‐old question on the structure of an elusive toxin and will facilitate the elucidation of the molecular mechanism used by mangotoxin to inhibit amino acid metabolism in plants and bacteria.",crossref,0
Risk-aware probabilistic EV parking time forecasting for operationally robust V2G scheduling,https://www.sciencedirect.com/science/article/pii/S0306261926014881?dgcid=rss_sd_all,ScienceDirect Publication: Applied Energy,2026-09-23 00:00:00 UTC,2026-09-23 00:00:00+00:00,,Changying Xiang,,,0
Harnessing carbon regulation capacity in urban electricity-gas systems: A coordinated planning framework embedding aggregated feasible region,https://www.sciencedirect.com/science/article/pii/S0306261926015059?dgcid=rss_sd_all,ScienceDirect Publication: Applied Energy,2026-09-23 00:00:00 UTC,2026-09-23 00:00:00+00:00,,Zhaohong Bie,,,0
Meta-learning based on Hypernetworks for State of Health prediction of lithium-ion batteries under data scarcity,https://www.sciencedirect.com/science/article/pii/S0306261926015667?dgcid=rss_sd_all,ScienceDirect Publication: Applied Energy,2026-09-23 00:00:00 UTC,2026-09-23 00:00:00+00:00,,Renxin Tu,,,0
Economic potential to include lower-income households in energy communities under application of a two-stage saving reallocation process,https://www.sciencedirect.com/science/article/pii/S0306261926015114?dgcid=rss_sd_all,ScienceDirect Publication: Applied Energy,2026-09-23 00:00:00 UTC,2026-09-23 00:00:00+00:00,,Bernadette Fina,,,0
A bi-objective optimization model for coordinated EV charging and battery swapping infrastructure planning in heterogeneous urban districts,https://www.sciencedirect.com/science/article/pii/S0306261926015357?dgcid=rss_sd_all,ScienceDirect Publication: Applied Energy,2026-09-23 00:00:00 UTC,2026-09-23 00:00:00+00:00,,Huakang Tang,,,0
A methanogen hydrolase reveals the structure of archaeal peptidoglycan,https://www.nature.com/articles/s41586-026-11028-y,Nature,2026-09-23 00:00:00 UTC,2026-09-23 00:00:00+00:00,10.1038/s41586-026-11028-y,Simonetta Gribaldo,"Peptidoglycan (PG) is a near-universal and essential feature of bacterial cell walls and a major antimicrobial target1. Although archaea generally lack PG2, a PG-like polymer (pseudomurein or archaeal PG) was described decades ago in a major clade of methanogenic archaea3,4,5,6,7,8, yet it has remained poorly characterized, owing to the lack of dedicated analytical tools. Here we identify and characterize ArmA from Methanobrevibacter smithii, a dominant member of the human gut microbiome9, as the first glycosyl hydrolase specific for archaeal PG. ArmA-mediated digestion reveals an unexpected architecture that revises the prevailing model of archaeal PG. The glycan backbone comprises N-acetylglucosamine/N-acetylgalactosamine linked to a previously undescribed sugar, which we name N-acetylarmosamine. Glycan strands alternate β(1,4) and β(1,3) linkages, and the stem peptide is attached by means of an amide bond to the N-acetylarmosamine succinyl group. ArmA has dual enzymatic activity, cleaving both glycosidic linkages and peptide crosslinks. Phylogenetic analyses show that ArmA homologues are restricted to PG-bearing archaea, and we confirm activity across diverse methanogens. We further demonstrate that ArmA is required to complete cytokinesis, cleaving archaeal PG at the site of cell division. Together, these findings overturn a 50-year-old paradigm on archaeal PG structure and establish ArmA as a critical tool that parallels the impact of muramidases in bacteria, enabling biochemical and genetic interrogation of methanogen cell-wall biology. Finally, given the ecological and biotechnological importance of methanogens10,11, our results open new avenues for targeted intervention.",nature_html,0
Early-cycle life prediction of mechanically damaged lithium-ion batteries via multi-physics features and machine learning,https://www.sciencedirect.com/science/article/pii/S0306261926015163?dgcid=rss_sd_all,ScienceDirect Publication: Applied Energy,2026-09-23 00:00:00 UTC,2026-09-23 00:00:00+00:00,,Binghe Liu,,,0
Lu+ optical frequency references with accuracy verified at the 19th digit,https://www.nature.com/articles/s41586-026-11072-8,Nature,2026-09-23 00:00:00 UTC,2026-09-23 00:00:00+00:00,10.1038/s41586-026-11072-8,M. D. Barrett,"Optical atomic frequency references1 have far surpassed their microwave frequency predecessors, leading to an anticipated redefinition of the SI (International System of Units) second2. However, as the scientific community seeks consensus on a new standard, and several state-of-the-art optical standards now report evaluated fractional uncertainties below 10−18, verification by same-species comparisons to comparable levels remains an outstanding challenge. Here we report two 176Lu+ single-ion optical frequency references, each with evaluated fractional frequency uncertainty near 1 × 10−19, which are directly compared by correlation spectroscopy and demonstrate agreement, with a measured relative frequency difference of [−0.1 ± (5.7)stat ± (1.0)sys] × 10−19, where ‘stat’ and ‘sys’ indicate the statistical and systematic uncertainty, respectively. Our optical references have been comprehensively assessed with evaluated uncertainties below 10−18, supported by a same-species comparison of independent systems to the 5.7 × 10−19 level. This accuracy, achieved in practical room-temperature systems, will contribute to improving international timekeeping and towards chronometric levelling3,4 at the millimetre scale, as well as tests of fundamental physics5 such as Lorentz invariance6, general relativity7, searches for dark matter8,9 and variation of fundamental constants10,11.",nature_html,0
Sequence-encoded hexagonal lattices in multichannel peptide nanofibrils,https://www.nature.com/articles/s41586-026-11016-2,Nature,2026-09-23 00:00:00 UTC,2026-09-23 00:00:00+00:00,10.1038/s41586-026-11016-2,Tanja Weil,"Structural complexity in biological matter arises from molecular information that encodes supramolecular assembly across length scales1,2,3. Here we show that minimal nine-residue peptides can encode discrete lateral interaction motifs that direct supramolecular organization. These motifs generate hexagonal pores and hierarchically tile into multichannel nanofibrils with defined topology. Sequence-encoded amphiphilicity combines a cross-β-dimer, an inversion point and a trimeric junction to create complementary interfaces that couple lateral growth to axial stacking, yielding honeycomb lattices with continuous approximately 5-nm solvent-accessible nanochannels. Cryo-electron microscopy resolves the supramolecular architecture and shows that lattice symmetry and pore geometry are preserved across variants. Systematic perturbations establish sequence–structure rules linking residue position to supramolecular symmetry, lattice propagation and channel topology. Molecular dynamics simulations and vibrational spectroscopy show that the channels remain water accessible and show sequence-tunable hydration. These findings establish that a minimal, sequence-encoded interaction hierarchy can programme long-range supramolecular order, providing a general framework for how short peptides can encode complex, symmetry-defined architectures4,5,6,7,8,9,10,11,12.",nature_html,0
Banking records reveal characteristics of financial abuse,https://www.nature.com/articles/s41586-026-11049-7,Nature,2026-09-23 00:00:00 UTC,2026-09-23 00:00:00+00:00,10.1038/s41586-026-11049-7,David Leake,"The experience of financial abuse, a form of domestic abuse involving control over money and finances, can be severe and long-lasting1,2,3, yet difficult to document4. Evidence on the everyday experiences of victim-survivors in the context of financial abuse is drawn primarily from small-scale, qualitative surveys5,6. Using anonymized banking data from a major UK retail bank, we compared the financial outcomes of a group of female victim-survivors of financial abuse (n = 5,428; identified from customer disclosures to the bank) with a control group (n = 15,602; consisting of individuals with no known disclosures). The control group matched the demographic and socioeconomic characteristics of the victim-survivor group 7 years before disclosure. A comprehensive set of 373 transactional and non-transactional financial outcomes were analysed over this period. Results indicate that, compared with controls, victim-survivors exhibited depleting savings and increasing debts, culminating in missed payments and declining credit scores. They also spent less on self-care, incurred higher transport and legal costs, increased cash withdrawals, changed addresses and passwords more frequently and were more likely to claim welfare benefits. Our results demonstrate how victim-survivors lose financial independence, experience economic instability and suffer financial distress.",nature_html,0
Hepatocytes promote liver metastasis of pancreatic cancer by providing serine,https://www.nature.com/articles/s41586-026-11051-z,Nature,2026-09-23 00:00:00 UTC,2026-09-23 00:00:00+00:00,10.1038/s41586-026-11051-z,Alec C. Kimmelman,"The liver is the primary site of metastasis in pancreatic ductal adenocarcinoma (PDAC), and liver metastases are a major cause of mortality1,2. Nutrient availability in the metastatic niche influences colonization efficiency; however, the metabolic heterogeneity of disseminated tumour cells can also reshape the local microenvironment3,4,5. Loss of phosphoglycerate dehydrogenase (PHGDH), the rate-limiting enzyme in de novo serine biosynthesis, is observed in nearly 40% of PDACs, and renders these cells dependent on exogenous serine (exSer)6. Although a neuron–tumour metabolic cross-talk supports exSer-dependent PDAC cells at the primary site6, it remains unclear how these cells adapt to the metastatic liver niche. Here we show that exSer-dependent PDAC cells reprogram neighbouring hepatocytes through a CXCL5–CXCR2 axis. Activation of CXCR2 in hepatocytes promotes PI3K–AKT signalling, leading to the sequestration of FOXO3A in the cytoplasm and derepression of PHGDH transcription, thereby enhancing serine production in hepatocytes. This hepatocyte-derived serine supports the outgrowth of exSer-dependent PDAC liver metastases. Accordingly, genetic or pharmacological inhibition of individual nodes within the CXCL5–CXCR2–PI3K–AKT–FOXO3A axis, or hepatocyte-specific deletion of Phgdh or Cxcr2, markedly reduces the liver-metastasis burden in mice and prolongs survival, particularly when dietary serine is restricted. Our findings reveal a cancer cell–hepatocyte metabolic cross-talk and identify therapeutic targets for exSer-dependent PDAC liver metastases.",nature_html,0
"Coherent, credible and comprehensive or diffuse and ineffective? The energy poverty policy mix in Norway during geopolitical changes",https://www.sciencedirect.com/science/article/pii/S0301421526005495?dgcid=rss_sd_all,ScienceDirect Publication: Energy Policy,2026-09-23 00:00:00 UTC,2026-09-23 00:00:00+00:00,,Siddharth Sareen,,,0
Stringent climate policies and energy poverty: Evidence of spatial spillovers and challenges for a just transition,https://www.sciencedirect.com/science/article/pii/S0301421526005240?dgcid=rss_sd_all,ScienceDirect Publication: Energy Policy,2026-09-23 00:00:00 UTC,2026-09-23 00:00:00+00:00,,Gissell Huaccha,,,0
Single-nucleus transcriptome-wide association study of human brain disorders,https://www.nature.com/articles/s41586-026-10836-6,Nature,2026-09-23 00:00:00 UTC,2026-09-23 00:00:00+00:00,10.1038/s41586-026-10836-6,Panos Roussos,"Common brain disorders impose a substantial health burden, but localizing their genetic risk in the brain remains challenging1. Although genome-wide association studies have identified numerous loci associated with neuropsychiatric and neurodegenerative disorders, many of these loci lie in non-coding regions that influence gene expression in specific cell types2,3,4,5. Traditional bulk brain transcriptomic analyses, which often focus on European ancestry cohorts, average over cellular diversity, obscuring genetic risk-related changes in gene expression. Here we use single-nucleus gene expression profiles from the dorsolateral prefrontal cortex in the multi-ancestry PsychAD cohort to develop transcriptomic imputation models of genetically regulated expression across major brain cell types. Applying these models to neuropsychiatric and neurodegenerative disorders reveals thousands of gene–trait associations that are undetectable in bulk tissue analyses and resolves many signals to discrete neuronal, glial and immune cell populations. Cross-ancestry analyses in the Million Veteran Program confirm these associations, reveal pleiotropic effects of cell-type-specific predicted expression and demonstrate that trait-related dysregulation is conserved across ancestries, enabling mapping of causal genes and pathways. Together, these findings provide a cell-type-resolved and ancestry-aware atlas of genetically regulated expression in the human prefrontal cortex and illustrate how single-nucleus transcriptomics can sharpen gene discovery and therapeutic target prioritization for complex brain disorders.",nature_html,0
Advances in microwave-assisted catalytic and plasma conversion of methane: A comprehensive review,https://www.sciencedirect.com/science/article/pii/S0306261926015564?dgcid=rss_sd_all,ScienceDirect Publication: Applied Energy,2026-09-23 00:00:00 UTC,2026-09-23 00:00:00+00:00,,Ziliang Wang,,,0
Gravitational torque drives multidecadal variations in length of day,https://www.nature.com/articles/s41586-026-10999-2,Nature,2026-09-23 00:00:00 UTC,2026-09-23 00:00:00+00:00,10.1038/s41586-026-10999-2,Mathieu Dumberry,"Fluctuations in the length of day (LOD) on decadal timescales are caused primarily by an exchange of angular momentum between the Earth’s mantle and core1,2,3. Several mechanisms have been proposed to explain this exchange, including electromagnetic4,5,6,7 and topographic8,9,10 coupling at the core–mantle boundary (CMB) and a gravitational torque by the inner core11,12. However, the precise nature of the core–mantle torque remains unknown. Here we show that the seismically reconstructed differential rotation of the inner core13,14,15 and core flows derived from magnetic field changes16,17 suggest that the multidecadal LOD changes are driven primarily by the gravitational torque and resisted by electromagnetic and topographic torques, consistent with results from Earth-like dynamo models18. Our reconstructed torque histories, although tied to the accuracy of the inner core rotation and core flow models, support a lowermost mantle that features near-neutrally buoyant thermochemical piles19,20,21, a post-perovskite (pPv) phase with a low viscosity22 and a highly conducting23,24 iron-enriched layer a few kilometres thick at its base25. Our results also suggest a low-viscosity inner core deforming in only a few years26,27,28 and yield an upper limit on the stratification at the top of the fluid core. Altogether, our study contributes to bringing into focus an emerging picture of the deepest regions of our planet.",nature_html,0
The gene-regulatory evolution of the human skeleton,https://www.nature.com/articles/s41586-026-11053-x,Nature,2026-09-23 00:00:00 UTC,2026-09-23 00:00:00+00:00,10.1038/s41586-026-11053-x,David Gokhman,"Skeletal modifications were central to human evolution, enabling adaptations for bipedalism, large cranial vaults and childbirth1. Despite their importance, the genetic changes that gave rise to the unique human form remain mostly unknown2. Here we systematically map the gene-regulatory changes that shaped human skeletal evolution. Using massively parallel reporter assays (MPRAs) in chondrocytes, we assayed 561,410 human-derived substitutions in promoters and enhancers, identifying 15,077 loci with human-specific regulatory activity. We then generated human–ape hybrid cells and differentiated them into osteochondral progenitors. Integrating the hybrid cells with MPRA measurements produced genome-wide atlases of human-specific changes in cis-regulatory expression, and the sequence variants that drive them. These atlases reveal an extensive rewiring of the extracellular matrix (ECM), including a marked suppression of glycosaminoglycan (GAG) biosynthesis, leading to an approximately three-to-fourfold reduction in joint GAG content in humans compared with non-human apes. We find that this human-specific shift bears signatures of selection, and is likely to be a key contributor to the exceptional susceptibility of humans to degenerative skeletal diseases3,4,5. Together, our results reveal a coordinated evolutionary remodelling of the human skeletal ECM, and establish a comprehensive framework for dissecting the genetic basis of human skeletal biology.",nature_html,0
Comprehensive systematic review of compressed CO2 energy storage technologies: system configurations and technoeconomic performance,https://www.sciencedirect.com/science/article/pii/S0306261926014273?dgcid=rss_sd_all,ScienceDirect Publication: Applied Energy,2026-09-23 00:00:00 UTC,2026-09-23 00:00:00+00:00,,Yao Zhao,,,0
Progress and prospects of amine-based chemical absorption for post-combustion CO2 capture in thermal power plants,https://www.sciencedirect.com/science/article/pii/S0306261926015229?dgcid=rss_sd_all,ScienceDirect Publication: Applied Energy,2026-09-23 00:00:00 UTC,2026-09-23 00:00:00+00:00,,Linjun Yang,,,0
Critical review of hybrid solar thermal desalination system for sustainable potable water production,https://www.sciencedirect.com/science/article/pii/S0306261926013784?dgcid=rss_sd_all,ScienceDirect Publication: Applied Energy,2026-09-23 00:00:00 UTC,2026-09-23 00:00:00+00:00,,Rohan Dutta,,,0
"Calcium looping for carbon capture in power plants and hard-to-abate industries: Critical review of technical, economic, environmental performance and scalability pathways",https://www.sciencedirect.com/science/article/pii/S0306261926014832?dgcid=rss_sd_all,ScienceDirect Publication: Applied Energy,2026-09-23 00:00:00 UTC,2026-09-23 00:00:00+00:00,,Mika Järvinen,,,0
Bridging the environmental and economic gaps: operation reality and sustainability of real-world green hydrogen plants,https://www.sciencedirect.com/science/article/pii/S030626192601562X?dgcid=rss_sd_all,ScienceDirect Publication: Applied Energy,2026-09-23 00:00:00 UTC,2026-09-23 00:00:00+00:00,,Daniel De Castro Gomez,,,0
Interpretable and uncertainty-quantified early remaining useful life prediction for lithium-ion batteries under fast charging protocols,https://www.sciencedirect.com/science/article/pii/S0306261926015485?dgcid=rss_sd_all,ScienceDirect Publication: Applied Energy,2026-09-23 00:00:00 UTC,2026-09-23 00:00:00+00:00,,Ning Wang,,,0
Loss visibility versus spatial detail in industrial district-heating dispatch optimisation,https://www.sciencedirect.com/science/article/pii/S0306261926015138?dgcid=rss_sd_all,ScienceDirect Publication: Applied Energy,2026-09-23 00:00:00 UTC,2026-09-23 00:00:00+00:00,,Alexander Sauer,,,0
The anthropogenic fingerprint on emerging infectious diseases,https://www.nature.com/articles/s41586-026-11058-6,Nature,2026-09-23 00:00:00 UTC,2026-09-23 00:00:00+00:00,10.1038/s41586-026-11058-6,Colin J. Carlson,"Emerging infectious diseases are a hallmark of the Anthropocene1,2. Human-driven ecosystem changes and human–wildlife–livestock contact can drive the emergence of zoonotic and vector-borne diseases3,4,5, but how much these processes shape landscapes of outbreak risk is poorly understood, beyond a few well-studied systems6,7,8. Here we consolidate 58,319 outbreak event records for 32 diseases and systematically test how 16 hypothesized social and environmental drivers impact outbreak geographies, while accounting for detection and reporting biases. We show that outbreak risks are typically highest in mosaic landscapes where people and livestock live alongside forests and fragmented ecosystems. These combined factors, along with long-term declines in precipitation, share strong impacts across several vector-borne diseases (for example, dengue, Lyme disease and zoonotic arboviruses). By contrast, directly transmitted zoonoses (for example, Ebola and mpox) share few common drivers, and the impacts of most other anthropogenic pressures (for example, deforestation, climate warming and agricultural intensification) vary widely between diseases. Most consistently, the observed geography of outbreaks is shaped by healthcare access: reporting declines by a median of 32% (range across diseases: 1.2–96.7%) for each additional hour’s travel time from a health facility. Our findings underscore that infectious disease spillover and emergence are multi-causal, and that no one-size-fits-all strategy can prevent epidemics and pandemics. Ecosystem-based public health interventions9 should always follow system-specific evidence, and be paired with greater investment in health systems and One Health pathogen surveillance.",nature_html,0
Modeling multicycle anodic degradation in hard carbon-based sodium-ion batteries,https://www.sciencedirect.com/science/article/pii/S0306261926015643?dgcid=rss_sd_all,ScienceDirect Publication: Applied Energy,2026-09-23 00:00:00 UTC,2026-09-23 00:00:00+00:00,,Abhishek Sarkar,,,0
Semantic-aware robust PV forecasting based on a localized enhanced LLM framework,https://www.sciencedirect.com/science/article/pii/S0306261926015199?dgcid=rss_sd_all,ScienceDirect Publication: Applied Energy,2026-09-23 00:00:00 UTC,2026-09-23 00:00:00+00:00,,Zhao Xu,,,0
Coupling modeling and optimization strategy of wind power reserves across different time-scales for frequency-constrained unit commitment,https://www.sciencedirect.com/science/article/pii/S030626192601559X?dgcid=rss_sd_all,ScienceDirect Publication: Applied Energy,2026-09-23 00:00:00 UTC,2026-09-23 00:00:00+00:00,,Peng Wang,,,0
Non-bonding orbital programming enables ruthenium oxides for robust and economical proton exchange membrane water electrolysis,https://www.cell.com/joule/fulltext/S2542-4351(26)00366-1?rss=yes,Joule,2026-09-23 00:00:00 UTC,2026-09-23 00:00:00+00:00,10.1016/j.joule.2026.102682,Shengjie Peng,"Ruthenium oxides are promising low-cost anodes for proton exchange membrane water electrolysis but suffer from poor acidic stability. By eliminating non-bonding oxygen states and using oxygen charge as a descriptor, we show that Tb-B-RuO2 achieves high activity and 3,200-h durability in the test of the device, thereby offering a route toward scalable hydrogen production.",rss_cell,0
Chiral oxazolidinones via biocatalytic aziridination of unactivated alkenes,https://www.nature.com/articles/s41586-026-11169-0,Nature,2026-09-23 00:00:00 UTC,2026-09-23 00:00:00+00:00,10.1038/s41586-026-11169-0,Frances H. Arnold,"Chiral oxazolidinones are privileged heterocycles broadly used in asymmetric synthesis (1) and drug discovery (2–3). Conventional synthetic routes rely on a “chiral pool” strategy, where enantiopure amino alcohols are required as key intermediates. Of particular importance are a class of 5-(S)-aminomethyl oxazolidinones that are key scaffolds in next-generation antibiotics targeting multidrug- and extensively drug-resistant Mycobacterium tuberculosis (4–6). While many strategies exist to construct chirality at the 4-position (α-to-nitrogen), methods to install the desired 5-stereocentre (α-to-oxygen) remain underdeveloped. Here we report a haemprotein-catalysed aziridination/ring-expansion cascade that enables direct, enantioselective synthesis of clinically relevant and discovery-stage oxazolidinones from simple alkenes. This work advances haemprotein-catalysed nitrene transfer by enabling functionalisation of unactivated alkenes, a reactivity previously limited to conjugated systems such as styrenes. Computational analysis further reveals that key mutations introduced through directed evolution are responsible for the enantioselective formation of these products.",nature_html,0
Bank accounts reveal the fingerprints of abusive financial control,https://www.nature.com/articles/d41586-026-03021-2,Nature,2026-09-23 00:00:00 UTC,2026-09-23 00:00:00+00:00,10.1038/d41586-026-03021-2,Nick Petrić Howe,,,0
Competition heats up in the regenerative-medicine ranks,https://www.nature.com/articles/d41586-026-02856-z,Nature,2026-09-23 00:00:00 UTC,2026-09-23 00:00:00+00:00,10.1038/d41586-026-02856-z,,,,0
Huge hoard of metal bars hints at vast Iron Age trade,https://www.nature.com/articles/d41586-026-02986-4,Nature,2026-09-23 00:00:00 UTC,2026-09-23 00:00:00+00:00,10.1038/d41586-026-02986-4,,,,0
A design approach for bitopic kinase inhibitors,https://www.nature.com/articles/s41586-026-11056-8,Nature,2026-09-23 00:00:00 UTC,2026-09-23 00:00:00+00:00,10.1038/s41586-026-11056-8,Kevan M. Shokat,"Traditional kinase inhibitors face a trade-off between potency and selectivity because their affinity depends on limited molecular interactions in a single highly conserved binding site. Bitopic inhibitors overcome this limitation by engaging multiple sites on the same target1. Here, using ABL1 and EGFR as model kinases, we systematically explore the bitopic-specific design parameters of ligand choice, linkage vector and linker length and show that they affect potency through inter-ligand cooperativity and linker entropy. We apply this approach to address an unmet clinical need: existing inhibitors of ABL1, an important target in BCR::ABL1-driven leukaemias, are constrained by resistance mutations and off-target effects2. The third-generation inhibitor ponatinib overcomes many resistance mutations, but cardiovascular toxicity limits its clinical use3. We design a bitopic ABL1 inhibitor, PonatiLink-2, that maintains or surpasses the potency of ponatinib against resistance mutants. Moreover, it has an enhanced therapeutic window in vitro and in vivo, which enables increased dosing without apparent toxicity. PonatiLink-2 outperforms clinically relevant treatments in mouse models of BCR::ABL1-driven cancer, both in combination with dasatinib against wild-type BCR::ABL1 and as a single agent against ponatinib-resistant disease. These findings indicate that the bitopic design approach is a promising strategy for developing potent, well-tolerated clinical inhibitors of ABL1 and other targets.",nature_html,0
The courier,https://www.nature.com/articles/d41586-026-02861-2,Nature,2026-09-23 00:00:00 UTC,2026-09-23 00:00:00+00:00,10.1038/d41586-026-02861-2,Joel Glover,,,0
Reconstructed Chern insulator in moderately correlated twisted bilayer MoTe2,https://academic.oup.com/nsr/advance-article/doi/10.1093/nsr/nwag610/8832225?rss=1,National Science Review Advance Access,2026-09-23 00:00:00 UTC,2026-09-23 00:00:00+00:00,10.1093/nsr/nwag610,Xiaobo Lu,"Twisted bilayer MoTe2 (tMoTe2) is a prototypical moiré material in which long-wavelength superlattices amplify electron correlations, enabling a wealth of emergent quantum phases. To date, experimental efforts have focused primarily on small twist angles (typically 2 at a relatively large twist angle of approximately 4.54°, accessing a moderately correlated regime with enhanced bandwidth. In contrast to small-angle devices that predominantly host fractional quantum anomalous Hall or spin Hall responses, we uncover multiple Chern-insulating states with |C| = 1 at moiré fillings ν = −1, −0.53 and −1/2. Strikingly, at ν = −2/3 a magnetic field induces a fractional Chern insulator accompanied by an insulator–metal transition. Our results broaden the topological phase diagram of tMoTe2 and establish large-angle moiré superlattices as a versatile platform for engineering robust topological states beyond the strong-correlation limit.",rss_oup,0
What is needed for regenerative medicine to flourish?,https://www.nature.com/articles/d41586-026-02854-1,Nature,2026-09-23 00:00:00 UTC,2026-09-23 00:00:00+00:00,10.1038/d41586-026-02854-1,Alexia Austin,,,0
The mutational dynamics of the Arabidopsis centromeres,https://www.nature.com/articles/s41586-026-11046-w,Nature,2026-09-23 00:00:00 UTC,2026-09-23 00:00:00+00:00,10.1038/s41586-026-11046-w,Korbinian Schneeberger,"Centromeres are essential for faithful chromosome segregation during cell division. Yet despite their conserved function, many centromeres contain highly variable but internally remarkably homogenized tandem-repeat arrays1,2,3,4,5 whose evolutionary dynamics remain poorly understood. Here, using replicated genome assemblies of mutation accumulation lines, we define the centromere-specific mutation spectrum in Arabidopsis thaliana. We find that kilobase-sized insertion–deletion mutations (indels) occur frequently and consistently preserve tandem-repeat arrays by adding or removing only complete repeat units. Point mutations accumulate at an almost tenfold higher rate than elsewhere in the genome, probably driven by non-allelic gene conversion between closely linked repeat units. These findings suggest a central role for homology-directed DNA repair in centromere evolution, further supported by the accumulation of more frequent and longer tandem-repeat-preserving indels in Arabidopsis lines that are deficient in the anti-recombinase helicase RTEL1. Forward-in-time simulations parameterized with the observed mutation spectrum show that kilobase-sized indels and point mutations alone are sufficient to generate the megabase-sized homogenized repeat blocks characteristic of natural centromeres. Together, our results show that centromere evolution is driven by a distinct mutational spectrum shaped by homology-directed DNA repair, providing a quantitative framework for understanding how mutational processes generate and maintain the large-scale architecture of centromeric DNA.",nature_html,0
Organic two-dimensional van der Waals heterostructures,https://www.nature.com/articles/s41586-026-11074-6,Nature,2026-09-23 00:00:00 UTC,2026-09-23 00:00:00+00:00,10.1038/s41586-026-11074-6,Xinliang Feng,"Van der Waals heterostructures based on graphene and inorganic two-dimensional (2D) crystals enable exquisite control of interlayer coupling, and emergent electronic and optical phenomena1,2. Extending this concept to organic 2D crystals has been hindered by weak, non-directional interlayer interactions that frustrate lattice registry. Here we introduce a bottom-up strategy for programmable lattice engineering in organic van der Waals heterostructures of 2D polymers. Sequential on-water-surface assembly enables layer-by-layer stacking of chemically distinct 2D polymers with defined lattice registry, stacking sequence and thickness, yielding both lattice-matched and controlled lattice-mismatched heterostructures. Structural characterization reveals commensurate epitaxy in lattice-matched and small-mismatched systems, whereas large-mismatch interfaces exhibit moiré features and strain-relief distortions. Ultrafast spectroscopy demonstrates efficient interfacial charge separation and first-principles calculations reveal built-in electric fields and interfacial potential steps arising from interfacial dipole alignment. Devices exhibit diode-like rectification ratios exceeding 107 that systematically decrease with increasing lattice mismatch, establishing organic 2D polymer van der Waals heterostructures as a lattice-engineered platform for (opto)electronic and quantum phenomena.",nature_html,0
Neuronal detection of social actions directs collective escape behaviour,https://www.nature.com/articles/s41586-026-11041-1,Nature,2026-09-23 00:00:00 UTC,2026-09-23 00:00:00+00:00,10.1038/s41586-026-11041-1,Matthew Lovett-Barron,"Animals in groups obtain information from social partners to engage in adaptive behaviour1,2,3. Social information transmission is observed in fish schools4,5,6, bird flocks7,8 and human groups9,10, but the neural representation of such socially acquired information is poorly understood3,11,12. Here we show that, in the schooling glassfish Danionella cerebrum13,14,15, collective escape from danger can be mediated by an individual’s visual perception of other escaping animals. To understand the neural basis of socially transmitted escape behaviour, we imaged neural activity from adult glassfish viewing the actions of virtual conspecifics. Visual neurons in the midbrain optic tectum16,17 and thalamus18 increased their activity when virtual conspecifics escaped. Escape-responsive neurons also responded to the sudden disappearance of virtual fish, yet were unaffected by the disappearance of stimuli moving with non-biological linear motion. Behaviourally, fish retreated from virtual schools that escaped or disappeared, but only those swimming with biological burst-and-glide motion. Neural encoding of this rapid social offset allows fish to infer danger from social information alone, a potentially effective strategy for animals that are capable of rapid movement but have a limited visual range14,19. These results show how the neural computations of individuals enable rapid information sharing in collectives.",nature_html,0
A quadruped robot designed to complete a marathon on a single battery charge,https://www.nature.com/articles/s41586-026-11102-5,Nature,2026-09-23 00:00:00 UTC,2026-09-23 00:00:00+00:00,10.1038/s41586-026-11102-5,Jemin Hwangbo,"Recent advances in legged robot control have expanded the potential for quadruped robots in real-world applications, such as rescue operations in disaster zones and mountainous regions1. However, practical deployment is hindered by the limited travel range per battery charge: a challenge compounded by the robots’ inherent structural characteristics. Unlike wheeled robots, quadrupeds continuously expend energy at their joints to support body weight and incur kinetic energy losses during intermittent foot–ground contact. Moreover, optimizing energy consumption is complicated by trade-offs among various physical effects2, necessitating a holistic approach encompassing both hardware and software components. Previous research has predominantly addressed isolated aspects of energy loss3,4,5,6. Here we show RAIBO2, an energy-efficient quadruped developed through a comprehensive analysis of its overall energy-loss model. Efficiency is enhanced through a force-transparent, lightweight mechanical hardware, a low-resistance motor driving circuit and a low-energy-dissipation locomotion policy. RAIBO2 completed a full marathon in 4 hours, 19 minutes and 52 seconds on a single battery charge7, achieving a total cost of transport of 0.25: surpassing the human benchmark of 0.37. Compared with existing quadrupeds, RAIBO2 offers more than three times the travel range per battery charge. This breakthrough in energy efficiency paves the way for extended outdoor applications in which prolonged battery life is critical.",nature_html,0
MMEJ repair of breaks at TA repeats maintains ecDNA and cancer fitness,https://www.nature.com/articles/s41586-026-11048-8,Nature,2026-09-23 00:00:00 UTC,2026-09-23 00:00:00+00:00,10.1038/s41586-026-11048-8,Agnel Sfeir,"Extrachromosomal DNA (ecDNA) comprises megabase-sized circular DNA elements that frequently carry oncogene amplifications, driving aggressive tumour phenotypes, therapeutic resistance and poor clinical outcomes across many cancers1,2,3,4. Although ecDNA is thought to arise from canonical double-strand break repair, the pathways that maintain it remain unclear. Here we show that inhibition of microhomology-mediated end joining, but not non-homologous end joining or homologous recombination, selectively depletes ecDNA, induces ecDNA-specific damage and promotes its sequestration into micronuclei, compromising the fitness of cancer cells that depend on ecDNA-driven oncogene amplification. Mechanistically, TA-rich loci on ecDNA are hotspots for DNA damage and breakage5,6. The DNA translocase FANCM suppresses break formation at these sites, while breaks that escape FANCM surveillance are cleaved by ERCC1–ERCC4 and channelled into microhomology-mediated end joining for repair. Single-cell whole-genome sequencing shows that disrupting FANCM or polymerase θ (Polθ) in COLO320DM cells causes structural instability characterized by deletions and small duplications, with breakpoints enriched at TA-rich regions. This fragility is recapitulated in human tumours, in which ecDNA rearrangements are enriched at TA repeats. Collectively, our findings reveal TA repeat fragility as an intrinsic vulnerability of circular DNA and identify Polθ inhibition as a promising strategy to potentially destabilize ecDNA and sensitize ecDNA-driven tumours to therapeutic intervention.",nature_html,0
Single-cell atlas of transcriptomic vulnerability across brain disorders,https://www.nature.com/articles/s41586-025-09573-z,Nature,2026-09-23 00:00:00 UTC,2026-09-23 00:00:00+00:00,10.1038/s41586-025-09573-z,Panos Roussos,"Neurodegenerative and neuropsychiatric diseases impose a considerable societal and public health burden. However, our understanding of the molecular mechanisms underlying these highly complex conditions remains limited1,2. Here, to gain deeper insights into the aetiology of different brain diseases, we used specimens from 1,494 unique donors to generate a population-scale single-cell transcriptomic atlas of the human dorsolateral prefrontal cortex, comprising over 6.3 million individual nuclei. The cohort includes neurotypical controls, as well as donors affected by eight common and complex brain disorders: Alzheimer’s disease (AD), diffuse Lewy body disease (DLBD), vascular dementia (Vas), Parkinson’s disease (PD), tauopathy, frontotemporal dementia, schizophrenia, and bipolar disorder. We show that interindividual variation accounts for a substantial portion of gene expression variation. By comparing transcriptomic variation across diseases, we reveal universal signatures enriched in basic cellular functions such as mRNA processing and protein localization. After discounting these cross-disease signatures, we show stronger genetic and transcriptomic concordance among AD, DLBD, Vas and PD. Furthermore, we characterize transcriptomic variation among different AD phenotypes, distinct from those observed in healthy ageing, revealing a reduction in neuronal abundance in individuals with more severe AD, coupled with an increase in immune and vascular cell populations. Exploring the neuropsychiatric symptoms (NPSs) that frequently accompany AD, we find an increased abundance of deep-layer excitatory neurons associated with a broad range of NPSs. By constructing transcriptome trajectories that capture AD progression, we implicate cell-type-specific responses in the early and late stages of AD. Our disease atlas provides a perspective of the transcriptomic landscape in neurodegenerative and neuropsychiatric disorders, shedding light on shared and distinct processes involving the neurological–immune–vascular systems, and identifying potential targets for therapeutic intervention.",nature_html,0
The lipidomic architecture of the mouse brain,https://www.nature.com/articles/s41586-026-11050-0,Nature,2026-09-23 00:00:00 UTC,2026-09-23 00:00:00+00:00,10.1038/s41586-026-11050-0,Gioele La Manno,"Lipids are fundamental components of the brain, crucial for synaptic transmission and signal propagation. Altered brain lipid composition is associated with common and rare neuropathologies, yet the spatial organization of the mammalian brain lipidome remains insufficiently characterized compared with other modalities1,2,3,4,5,6. Here we mapped the membrane-lipid architecture of the adult mouse brain at micrometric scale, across sexes and during pregnancy. This lipid brain atlas reveals that lipids describe a fine-grained biochemical structure that aligns with functional anatomy. Membrane-lipid spatial heterogeneity clusters into territories, which we termed ‘lipizones’. Lipizones partially mirror cell-type territories, but also capture distal axon terminals. Through lipizones, we (1) reveal the organizing principles of the grey matter lipidome, related to connectivity and cytoarchitecture; (2) discover a new axis of oligodendrocyte heterogeneity in the white matter; and (3) find biochemical zonation in the choroid plexus and in the ventricular walls. We show that this lipidomic architecture can adapt to changing physiological needs. In the brain of pregnant female mice, the white matter is metabolically activated and the cortex undergoes a lipizone-specific remodelling that is particularly pronounced in layer 4. These results are a foundational resource (https://lbae-v2.epfl.ch/) poised to reshape the understanding of lipids in brain development, physiology and pathology.",nature_html,0
Lsp2 links early-life diet to adult translation and lifespan in Drosophila,https://www.nature.com/articles/s41586-026-11031-3,Nature,2026-09-23 00:00:00 UTC,2026-09-23 00:00:00+00:00,10.1038/s41586-026-11031-3,Fumiaki Obata,"Nearly a century ago, restricting diet during early-life periods was suggested to extend lifespan in rats and in Daphnia1,2. The effect of juvenile diet on adult physiology and lifespan has subsequently been described in other model organisms, including fruit flies3,4,5 and mice6,7,8; however, its mechanism remains poorly understood. Here, using Drosophila as a model, we show that restricting protein intake during the larval stage (early-life protein restriction; ePR) promotes adult lifespan by reducing the levels of storage proteins. Using stable-isotope tracing, we show that dietary amino acids obtained in the larval stage are retained into early adulthood, and are incorporated into ribosomal proteins in particular. This is mediated by larval serum protein 2 (Lsp2), a major storage protein, the expression of which is durably downregulated by ePR in the early adult stage. Genetic silencing of Lsp2 phenocopies ePR, attenuating ribosomal-protein abundance and translational activity in early adulthood, and extending lifespan. Restricting specific amino acids that are especially enriched in these storage proteins, such as phenylalanine and tyrosine, is sufficient to decrease the levels of early-life Lsp2 and promote longevity. These findings identify Lsp2 as a molecular carrier of nutritional history across developmental transitions, linking juvenile nutritional status to adult translational capacity and lifespan. Our study uncovers a previously unrecognized mechanism of nutritional memory that links early-life diet to lifelong organismal health.",nature_html,0
Lsp2 links mTORC1 to TOP mRNA translation and lifespan in Drosophila,https://www.nature.com/articles/s41586-026-11029-x,Nature,2026-09-23 00:00:00 UTC,2026-09-23 00:00:00+00:00,10.1038/s41586-026-11029-x,Zongzhao Zhai,"Mechanistic target of rapamycin complex 1 (mTORC1) senses nutrient availability to orchestrate metabolic processes that are crucial for physiological homeostasis and ageing1. mTORC1 preferentially regulates the translation of 5′-terminal oligopyrimidine (TOP) motif-containing mRNAs (which encode mainly ribosomal proteins) through the 4E-BP translational repressor2; however, this function of mTORC1 is resistant to rapamycin inhibition3. TOP mRNAs are exceptionally abundant, and thus impose a major translational burden on cells, but how their translation is physiologically tuned and linked with lifespan remains unclear. Here we show that Lsp2, which was previously known to be a storage protein4, is also an adipose effector and feedback activator of mTORC1 that modulates lifespan in Drosophila. Expression of Lsp2 is induced by essential amino acids through mTORC1 and is gated by additional signals of nutrient sufficiency. Genetic ablation of Lsp2 robustly extends lifespan without impairing key life history traits such as reproduction. Translatomic profiling shows that loss of Lsp2 selectively reduces global TOP mRNA translation in a 4E-BP-dependent manner, thereby extending lifespan through a mechanism distinct from the effects of rapamycin. Evolutionarily, TOP motifs co-emerged with 4E-BP and are present in nearly all Drosophila ribosomal protein mRNAs. Moreover, we show that the role of TOP motifs in translational control extends to Drosophila. Collectively, our findings reveal a nutrient-induced physiological factor that amplifies mTORC1 output in TOP mRNA translation and regulates organismal longevity.",nature_html,0
TRAM promotes Toll-like-receptor-free myddosome signal transduction,https://www.nature.com/articles/s41586-026-11052-y,Nature,2026-09-23 00:00:00 UTC,2026-09-23 00:00:00+00:00,10.1038/s41586-026-11052-y,Jonathan C. Kagan,"In the Toll-like receptor (TLR) signal transduction pathways, activated receptors are present for mere minutes within the initial, membrane-proximal signalling complexes called proto-myddosomes1. Proto-myddosomes are rapidly released from TLRs to self-assemble (that is, mature) into enzyme-rich, cytosolic supramolecular organizing centres called myddosomes2,3,4. Myddosomes induce hours-long inflammatory gene expression5,6,7,8,9,10. The mechanism controlling proto-myddosome release and its effect on signal transduction are undefined. Here we identify factors that regulate the maturation process of proto-myddosomes into receptor-free cytosolic myddosomes11. Through a genetic screen in macrophages, we identify TRAM, which was previously described to control MyD88-independent TLR signalling, as a regulator of myddosome assembly. Using biochemistry, live-cell imaging and activity reconstitution with recombinant proteins, we show that the plasma-membrane-associated adapter TIRAP seeds proto-myddosomes12,13, after which TRAM dissociates MyD88 from the TLR–TIRAP complex to enable myddosome maturation and downstream signal transduction14,15,16,17,18,19. In the absence of TRAM, MyD88 cannot dissociate from the TLR–TIRAP complex, resulting in abnormal and unstable MyD88 interactions with downstream signalling enzymes. These findings enabled us to identify TRAM-dependent long-lasting myddosome activities as the determinant of two TLR pathway hallmarks: hours-long NF-κB activation20,21,22,23,24 and secondary response gene expression25,26,27. Chemical dissociation of cytosolic myddosomes disrupted existing inflammatory activities of TLR-stimulated cells in vitro and in vivo. Collectively, this work establishes TRAM as a regulator of myddosome maturation and signalling, providing the molecular basis for receptor-free signal transduction.",nature_html,0
Stacking-induced direct band gap in CVD-grown 1H MoS2 bilayers,https://www.nature.com/articles/s41586-026-11069-3,Nature,2026-09-23 00:00:00 UTC,2026-09-23 00:00:00+00:00,10.1038/s41586-026-11069-3,Yann-Wen Lan,"Bilayer transition metal dichalcogenides offer superior electronic properties over their monolayer counterparts, such as higher carrier mobility and electrically switchable polarity1,2,3,4, positioning them as attractive candidates for next-generation transistors1,5 and sliding ferroelectric devices6,7. However, their inherent indirect band gap severely limits light emission, hindering their integration into optoelectronic systems1,2,5,8,9,10. Here we show bilayer MoS2 with 1H stacking obtained by a two-step chemical vapour deposition process, yielding atomically precise vertical alignment. The 1H bilayers exhibit a direct band gap, as confirmed by angle-resolved photoemission spectroscopy and density functional theory calculations. Photoluminescence measurements show intensified excitonic emission and the absence of indirect bandgap features. Furthermore, these bilayers exhibit stronger valley polarization than monolayers under both resonant and nonresonant excitation, primarily because of the suppressed intervalley scattering in the top layer. Together, these results establish 1H MoS2 as a model system for stacking-engineered quantum materials and underscore its potential for valleytronic and optoelectronic applications.",nature_html,0
Agricultural liming is a carbon sink in the Mississippi River Basin,https://www.nature.com/articles/s41586-026-11040-2,Nature,2026-09-23 00:00:00 UTC,2026-09-23 00:00:00+00:00,10.1038/s41586-026-11040-2,Noah J. Planavsky,"Application of carbonate minerals to arable lands, known as agricultural liming, is a long-standing practice for counteracting soil acidification1,2,3. Although liming boosts crop yields4, it is also considered a source of agricultural carbon dioxide (CO2) emissions5. Here we show, using century-scale records of agricultural liming and anthropogenic acidity inputs for the Mississippi River Basin, that agricultural liming has acted as a net carbon sink over the past century. Records of river alkalinity fluxes suggest that approximately 90% of the ideal CO2 removal potential of agricultural lime added since 1900 (approximately 0.44 GtCO2) has been realized at the catchment scale, with a decadal-scale time lag owing to soil cation exchange and solute transport. These results are consistent with reactive transport modelling of soil cation throughput, which indicates that net CO2 removal emerges after an initial emissions pulse associated with neutralization of soil acidity pools. Current accounting frameworks implicitly apply an incomplete counterfactual, attributing CO2 emissions to lime addition rather than to the anthropogenic acidity inputs that drive CO2 release. Evaluated against the counterfactual of anthropogenic acidity inputs, agricultural liming represents a net carbon sink in the Mississippi River Basin on decade-to-century timescales. These results suggest that optimized soil pH management can reduce agricultural greenhouse gas emissions while simultaneously improving crop yields and soil health.",nature_html,0
Lifespan single-cell transcriptomic atlas of the human prefrontal cortex,https://www.nature.com/articles/s41586-026-10271-7,Nature,2026-09-23 00:00:00 UTC,2026-09-23 00:00:00+00:00,10.1038/s41586-026-10271-7,Panos Roussos,"The human brain undergoes profound changes from early development through late adulthood, shaping cognition, behaviour and vulnerability to disease1,2. Understanding how these changes are organized within specific brain regions and cell types is essential for interpreting normal ageing and its relationship to psychiatric and neurodegenerative disorders. The dorsolateral prefrontal cortex has a central role in higher cognitive functions and is particularly sensitive to age-related decline3, yet its cellular and molecular programs across the human lifespan remain poorly defined. Most existing studies4,5,6,7 have focused on restricted age ranges or disease-affected brains, limiting the ability to distinguish normative developmental and ageing trajectories from pathological processes. Consequently, a comprehensive, lifespan-resolved reference of cellular states in the human prefrontal cortex has been lacking. Here, using a single-nucleus transcriptomic atlas spanning the human lifespan, we show that the dorsolateral prefrontal cortex exhibits non-linear, cell-type-specific transcriptional trajectories characterized by dynamic remodelling during development, relative stability in midlife and selective molecular reactivation in late adulthood. We identify distinct neuronal and glial programs, including early-life neuronal resilience pathways and late-life glial programs associated with immune activation, stress responses and circadian reorganization. These programs are anatomically organized across cortical layers and grey–white matter domains, revealing coordinated spatial and molecular changes. Together, these findings provide a framework for understanding how cellular programs transition from resilience to vulnerability in the human cortex and establish a foundation for interpreting age-related cognitive decline and disease risk.",nature_html,0
Anomalous metal and superconducting phases in rhombohedral graphene,https://www.nature.com/articles/s41586-026-11033-1,Nature,2026-09-23 00:00:00 UTC,2026-09-23 00:00:00+00:00,10.1038/s41586-026-11033-1,Matthew Yankowitz,"Two-dimensional superconductivity is now well established in graphene-based systems, with many such realizations showing evidence for unconventional pairing1,2,3,4,5,6. Yet, in several of the gate-tuned phases that otherwise exhibit clear signatures of superconductivity, the resistance does not vanish as temperature is lowered, instead saturating at a finite value2,6,7,8,9,10,11,12,13,14,15. Here we report a systematic study of this behaviour in rhombohedral graphene on a WSe2 substrate, finding regions of gate space with zero-resistance superconductivity alongside others with finite saturation resistance. At zero magnetic field, these regions appear as isolated pockets in gate space that otherwise exhibit very similar phenomenology, including abrupt transitions to the normal state as temperature, perpendicular magnetic field and current are raised above critical values. A small in-plane field expands and merges these pockets without qualitatively altering their behaviour, producing a sharp boundary at millikelvin base temperature between states of zero or finite resistance. The finite-resistance state reproduces key phenomenology associated with the anomalous metal, a state that has been observed in thin-film superconductors for decades but lacks an accepted theoretical explanation16,17. The tunability and reproducibility of ultra-clean rhombohedral graphene place strong constraints on extrinsic explanations and provide a new platform for understanding this behaviour.",nature_html,0
Targeting ZMYND8 unleashes IL-2 signalling to override T cell exhaustion,https://www.nature.com/articles/s41586-026-11059-5,Nature,2026-09-23 00:00:00 UTC,2026-09-23 00:00:00+00:00,10.1038/s41586-026-11059-5,Hongbo Chi,"CD8+ T cell exhaustion impedes control of chronic viral infection and cancer. This hypofunctional state is characterized by downregulation of the high-affinity IL-2 receptor (IL-2R) and STAT5 signalling, and differentiation from progenitor exhausted to terminally exhausted T cells rather than cytotoxic effector-like cells1,2,3. The epigenetic mechanisms and regulatory networks that mediate IL-2R–STAT5 signal attenuation and loss of effector-like cell differentiation remain unknown. Here, using in vivo single-cell CRISPR screens of epigenetic factors and IL-2 signalling regulators, we reveal that the chromatin reader ZMYND8 antagonizes IL-2R–STAT5 signals to restrain effector-like states while promoting terminal exhaustion. ZMYND8 expression was upregulated by chronic antigen stimulation, and targeting ZMYND8 in CD8+ T cells promoted both intermediate exhausted T cells and killer cell lectin-like receptor-expressing exhausted T cells. Accordingly, ZMYND8-deficient CD8+ T cells had markedly improved antiviral and antitumour effects, especially in combination with IL-2 therapy or immune checkpoint blockade. Mechanistically, ZMYND8 bound to the active enhancer regions of the Il2ra gene locus that were co-occupied by histone acetyltransferase p300 and suppressed p300 activity. Co-deletion of p300 reversed increased IL-2R expression and effector-like cell differentiation in ZMYND8-deficient cells, suggesting that ZMYND8 represses p300-mediated transcriptional activation to curtail IL-2R–STAT5 signalling. These findings establish an epigenetic rheostat imposing ‘signal 1’ (chronic antigen stimulation)-induced suppression of ‘signal 3’ (IL-2 signalling) to enforce T cell exhaustion, with ZMYND8 deletion unleashing effector-like over terminally exhausted states and enhancing immunotherapeutic efficacy.",nature_html,0
mTORC1 drives cell-autonomous astrocyte reactivity in tuberous sclerosis,https://www.nature.com/articles/s41586-026-11054-w,Nature,2026-09-23 00:00:00 UTC,2026-09-23 00:00:00+00:00,10.1038/s41586-026-11054-w,Helen S. Bateup,"Tuberous sclerosis complex (TSC) is a genetic neurodevelopmental disorder characterized by focal brain malformations called cortical tubers, which are associated with severe, intractable epilepsy1. Tubers are thought to result from somatic second-hit mutations that disrupt the TSC1 or TSC2 genes in neural progenitor cells, driving hyperactive mTORC1 signalling2. Glial abnormalities are commonly observed in tubers3; however, whether glia actively cause disease or merely result from chronic seizure activity has remained unclear. To address this question, we used human brain organoid models to track the developmental fate of mutated progenitor cells in the absence of seizures. Here we show, using single-cell transcriptomics and cyclic immunostaining across human brain organoids and resected tuber tissue from patients, that loss of TSC2 biases neural progenitors to differentiate into enlarged, pro-inflammatory reactive astrocytes in a cell autonomous manner. These mutant astrocytes show downregulated glutamate transporter expression, increased inflammatory cytokine secretion and elevated expression of neurodegenerative disease risk genes such as APOE and CLU. Our findings demonstrate that reactive astrocytes emerge as a primary consequence of TSC2 loss. These results implicate glial dysfunction as a driver of TSC pathogenesis and highlight reactive astrocytes as potential therapeutic targets for TSC-related neuropathology.",nature_html,0
Reference genomes and fossils revise bat family phylogeny and biogeography,https://www.nature.com/articles/s41586-026-11007-3,Nature,2026-09-23 00:00:00 UTC,2026-09-23 00:00:00+00:00,10.1038/s41586-026-11007-3,Emma C. Teeling,"Bats are extraordinary among mammals, having uniquely evolved powered flight and laryngeal echolocation, along with disease resistance, extended healthspans and the ability to hibernate1. However, the evolutionary history of bats and the understanding of these adaptations remain unresolved. We analysed chromosome-level, long-read genome assemblies from 103 bat species, including 42 new assemblies, representing all 21 bat families. This dataset, expanded in scope and assembly quality, yielded a new bat phylogeny. We placed Myzopodidae as the earliest branch within Vespertilionoidea, and resolved yangochiropteran relationships, identifying Emballonuroidea and Vespertilionoidea as sister groups. Our analysis revealed a mosaic evolutionary history across bats and explained why previous phylogenetic studies were misled. Chromosomal ancestral-state reconstructions supported 26 ancestral bat chromosomes. We integrated a morphological dataset of 699 characters for 65 species, including 44 pre-Quaternary fossils and representatives of most living bat families, with neutrally evolving genomic sites. Fossilized birth–death and dispersal–extinction cladogenesis analyses showed that bats, and thus powered flight, probably originated in Europe in the late Palaeocene, refuting African and North American origins. Placement of the fossil †Vielasia in the oldest ‘Eochiroptera’ clade indicates that laryngeal echolocation predates crown-bat diversification. Total evidence dating, including the fossil taxa, significantly reduced unrepresented basal branch lengths compared with molecular-only divergence estimates. By integrating comprehensive genomic and morphological datasets, analysed using innovative methods, we resolve long-standing controversies in bat biology and provide new insights into the evolutionary history and trait diversification of bats.",nature_html,0
Brain lipids are organized into zones — and reorganized during pregnancy,https://www.nature.com/articles/d41586-026-02772-2,Nature,2026-09-23 00:00:00 UTC,2026-09-23 00:00:00+00:00,10.1038/d41586-026-02772-2,Evan Macosko,,,0
Surprising protein links dietary restriction to increased lifespan in flies,https://www.nature.com/articles/d41586-026-02774-0,Nature,2026-09-23 00:00:00 UTC,2026-09-23 00:00:00+00:00,10.1038/d41586-026-02774-0,Linda Partridge,,,0
Efficient yet stable large perovskite solar modules made using surface treatment,https://www.nature.com/articles/d41586-026-02937-z,Nature,2026-09-23 00:00:00 UTC,2026-09-23 00:00:00+00:00,10.1038/d41586-026-02937-z,,,,0
Gravitational tug-of-war inside Earth is changing the length of our days,https://www.nature.com/articles/d41586-026-03018-x,Nature,2026-09-23 00:00:00 UTC,2026-09-23 00:00:00+00:00,10.1038/d41586-026-03018-x,James Dinneen,,,0
Genome project opens the next chapter for studying bat evolution,https://www.nature.com/articles/d41586-026-02637-8,Nature,2026-09-23 00:00:00 UTC,2026-09-23 00:00:00+00:00,10.1038/d41586-026-02637-8,Josefin Stiller,,,0
Conifer trees can prosper half a world away from their usual home,https://www.nature.com/articles/d41586-026-02771-3,Nature,2026-09-23 00:00:00 UTC,2026-09-23 00:00:00+00:00,10.1038/d41586-026-02771-3,Steven A. Kannenberg,,,0
A widespread agricultural practice is an unexpected CO2 sink,https://www.nature.com/articles/d41586-026-02646-7,Nature,2026-09-23 00:00:00 UTC,2026-09-23 00:00:00+00:00,10.1038/d41586-026-02646-7,Stephen K. Hamilton,,,0
Best clock ever: timekeeper based on lutetium atoms wows researchers,https://www.nature.com/articles/d41586-026-03019-w,Nature,2026-09-23 00:00:00 UTC,2026-09-23 00:00:00+00:00,10.1038/d41586-026-03019-w,Elizabeth Gibney,,,0
How do I rekindle my motivation for earning my PhD?,https://www.nature.com/articles/d41586-026-02563-9,Nature,2026-09-23 00:00:00 UTC,2026-09-23 00:00:00+00:00,10.1038/d41586-026-02563-9,Christine Ro,,,0
A guide to the Nature Index,https://www.nature.com/articles/d41586-026-02858-x,Nature,2026-09-23 00:00:00 UTC,2026-09-23 00:00:00+00:00,10.1038/d41586-026-02858-x,,,,0
Gravitational forces inside Earth drag some decades out — and make others fly by,https://www.nature.com/articles/d41586-026-02773-1,Nature,2026-09-23 00:00:00 UTC,2026-09-23 00:00:00+00:00,10.1038/d41586-026-02773-1,Paolo Personnettaz,,,0
The human skeleton’s unique adaptations relied on gene regulatory changes,https://www.nature.com/articles/d41586-026-02775-z,Nature,2026-09-23 00:00:00 UTC,2026-09-23 00:00:00+00:00,10.1038/d41586-026-02775-z,Amanda J. Lea,,,0
Lack of female researchers and participants in regenerative-medicine research holds everyone back,https://www.nature.com/articles/d41586-026-02857-y,Nature,2026-09-23 00:00:00 UTC,2026-09-23 00:00:00+00:00,10.1038/d41586-026-02857-y,Doris A. Taylor,,,0
Vast cellular gene-expression atlas could transform how scientists understand brain ageing and disease,https://www.nature.com/articles/d41586-026-02770-4,Nature,2026-09-23 00:00:00 UTC,2026-09-23 00:00:00+00:00,10.1038/d41586-026-02770-4,Jennifer E. Below,,,0
How to stay smart in the age of AI: the science of critical thinking,https://www.nature.com/articles/d41586-026-02930-6,Nature,2026-09-23 00:00:00 UTC,2026-09-23 00:00:00+00:00,10.1038/d41586-026-02930-6,Helen Pearson,,,0
Landmark map of human brain’s gene activity holds clues to Alzheimer’s disease and more,https://www.nature.com/articles/d41586-026-02947-x,Nature,2026-09-23 00:00:00 UTC,2026-09-23 00:00:00+00:00,10.1038/d41586-026-02947-x,Amanda Heidt,,,0
A plant that reproduces sexually but has clone-like offspring,https://www.nature.com/articles/d41586-026-02789-7,Nature,2026-09-23 00:00:00 UTC,2026-09-23 00:00:00+00:00,10.1038/d41586-026-02789-7,,,,0
‘Remarkably encouraging’: stem-cell treatments for autoimmune diseases enter new phase,https://www.nature.com/articles/d41586-026-02855-0,Nature,2026-09-23 00:00:00 UTC,2026-09-23 00:00:00+00:00,10.1038/d41586-026-02855-0,Rachel Nuwer,,,0
In praise of human teachers: universities must resist outsourcing everything to AI,https://www.nature.com/articles/d41586-026-02949-9,Nature,2026-09-23 00:00:00 UTC,2026-09-23 00:00:00+00:00,10.1038/d41586-026-02949-9,,,,0
This weird form of boron is a million times more conductive than chemists expected,https://www.nature.com/articles/d41586-026-03001-6,Nature,2026-09-23 00:00:00 UTC,2026-09-23 00:00:00+00:00,10.1038/d41586-026-03001-6,Dhruv Shenai,,,0
Endochondral ossification in a capsule,https://www.cell.com/matter/fulltext/S2590-2385(26)00397-8?rss=yes,Matter,2026-09-23 00:00:00 UTC,2026-09-23 00:00:00+00:00,10.1016/j.matt.2026.103034,João F. Mano,"Carreira et al. develop liquefied microcapsules as permissive niches for in vitro modeling of early endochondral ossification. By enabling multicellular self-organization and matrix remodeling during dynamic culture, the model supports chondrocyte hypertrophy, bone-like matrix mineralization, and endothelial cell retention. The platform may advance developmental studies and endochondral bone tissue engineering.",rss_cell,0
Sandwich‐Like Supramolecular Clamp‐Templated Manganese(II) Bromide Scintillators for Multimodal Visualization,https://onlinelibrary.wiley.com/doi/10.1002/anie.5230240?af=R,Wiley: Angewandte Chemie International Edition: Table of Contents,2026-09-23 03:41:07 UTC,2026-09-23 03:41:07+00:00,10.1002/anie.5230240,Mei‐Jin Lin,"ABSTRACT
                  
                    Crown ether‐regulated metal halides feature programmable host‐guest coordination and structurally defined emissive centers, making them promising for multifunctional scintillation applications. However, their strong coordination and supramolecular interactions favor ordered assembly and crystallization, hindering melt‐processing into large‐area, transparent glassy scintillator screens. Here, we develop a “three birds with one stone” strategy using sandwich‐like benzo‐15‐crown‐5‐metal supramolecular clamps to simultaneously regulate [MnBr
                    4
                    ]
                    2−
                    geometry, cation‐associated charge collection, and glass formation. Four Mn(II) bromides, [(B15C5)
                    2
                    @K]
                    2
                    MnBr
                    4
                    (CKMB), [(B15C5)
                    2
                    @Rb]
                    2
                    MnBr
                    4
                    (CRMB), [(B15C5)
                    2
                    @Sr]MnBr
                    4
                    (CSMB), and [(B15C5)
                    2
                    @Ba]MnBr
                    4
                    (CBMB), were obtained. The well‐matched K
                    +
                    ‐B15C5 clamp stabilizes a nearly ideal [MnBr
                    4
                    ]
                    2−
                    tetrahedron in CKMB, affording a photoluminescence quantum yield of 82.2%. The cationic framework contributes to the conduction‐band‐edge states and promotes X‐ray charge collection, yielding a relative light yield of 6.74 × 10
                    4
                    photons MeV
                    −1
                    and a detection limit of 28.5 nGy s
                    −1
                    . Meanwhile, monovalent clamp cations induce steric mismatch and packing frustration, enabling vitrification of CKMB and CRMB. CKMB‐G exhibits T
                    g
                    = 61°C, T
                    g
                    /T
                    m
                    = 0.87, and a retained light yield of 3.20 × 10
                    4
                    photons MeV
                    −1
                    . The complementary crystalline and glassy states enable WLED emission, X‐ray imaging at 32 lp mm
                    −1
                    , dynamic imaging at 2K resolution and 60 fps, and multimodal anti‐counterfeiting, highlighting supramolecular clamps as active cationic templates for multifunctional Mn(II) scintillators.",crossref,0
Ammonia‐Gated Guanyl Hydrazone Photoisomerization Enables Sequential Solid‐State Optical Response in Hydrogen‐Bonded Organic Frameworks,https://onlinelibrary.wiley.com/doi/10.1002/anie.7471326?af=R,Wiley: Angewandte Chemie International Edition: Table of Contents,2026-09-23 03:42:25 UTC,2026-09-23 03:42:25+00:00,10.1002/anie.7471326,Hongxia Yan,"ABSTRACT
                  
                    Light‐driven molecular switches enable precise and noninvasive regulation of molecular structure and function, and thus represent fundamental building blocks for stimuli‐responsive photofunctional materials. However, translating molecular‐level photoswitching into sequence‐dependent macroscopic outputs in the solid state remains a formidable challenge. In this study, we report a supramolecular strategy that integrates guanyl hydrazone switches into hydrogen‐bonded organic frameworks (HOFs) to overcome this limitation. A tetrasulfonate‐substituted tetraphenylethylene anion (
                    
                      TPE
                      4
                      −
                    
                    ) is employed as the host scaffold, while guanyl hydrazone (
                    G2
                    ) functions as the photoresponsive guest, affording a functional framework through cooperative assembly. This system leverages a reversible crystalline–amorphous phase transformation, triggered by acid–base stimuli, to gate the solid‐state photoisomerization of
                    G2
                    . Upon activation, the configurational switching of
                    G2
                    induces a cascade reorganization of the
                    
                      TPE
                      4
                      −
                    
                    packing motifs, leading to pronounced and sequence‐dependent modulation of both fluorescence and macroscopic coloration. In addition, the applicability of this system in information encryption has been demonstrated. This work expands the design paradigm of hydrazone‐based photoswitches in the solid state and provides a supramolecular strategy for constructing intelligent optical materials with high information density and enhanced security.",crossref,0
Ultrafast and High Charge Capability Aluminum‐Ion Storage With Long Term Stability,https://onlinelibrary.wiley.com/doi/10.1002/anie.4624632?af=R,Wiley: Angewandte Chemie International Edition: Table of Contents,2026-09-23 03:43:32 UTC,2026-09-23 03:43:32+00:00,10.1002/anie.4624632,Bao‐Lian Su,"ABSTRACT
                  
                    Aqueous aluminum‐ion batteries (AAIBs) are promising for large‐scale energy storage due to their low cost, high safety, and environmental friendliness, while Prussian blue analogues (PBAs), with their open frameworks, are attractive cathode materials for future AAIB applications. However, poor stability and long charging times, arising from strong lattice distortion, intense electrostatic interactions, and sluggish ion migration kinetics, remain major obstacles to the practical application of AAIBs. Despite significant efforts to overcome these limitations, their charging rate and cycling performance still fall short of industrial requirements. Here we report an engineered PBAs cathode with ultrafast charge capability and long term stability by nickel‐induced electronic self‐compensation strategy to effectively suppress lattice distortion and accelerate Al
                    3+
                    ion diffusion in NiCuHCF. Such cathode delivers an ultrahigh charge capability, achieving a capacity retention of 74.6% after 1600 cycles at 1.0 A g
                    −1
                    , corresponding capacity loss of only ∼0.016% per cycle, and an unprecedented charge rate of 180 C with a charging time of 20 s, far outperforming all previously reported PBAs cathodes. This research provides an ultrafast charging and long‐term cathode material based on PBAs with facile and low cost large‐scale production to meet industrial requirements for durable AAIBs.",crossref,0
C60‐Mediated d‐π Conjugation Induces Electronic Reconstruction to Boost Charge Storage of Nb2C/Nb2O5 Heterostructure Anode,https://onlinelibrary.wiley.com/doi/10.1002/anie.5198340?af=R,Wiley: Angewandte Chemie International Edition: Table of Contents,2026-09-23 03:44:48 UTC,2026-09-23 03:44:48+00:00,10.1002/anie.5198340,Panpan Zhang,"ABSTRACT
                  
                    Regulating orbital electronic structure to enhance the charge‐storage capability of anode materials is critical for developing high‐performance lithium‐ion hybrid capacitors (LIHCs). Herein, we report a novel interfacial engineering strategy that employs fullerene C
                    60
                    ‐mediated
                    d‐π
                    conjugation within a Nb
                    2
                    C/Nb
                    2
                    O
                    5
                    heterostructure (denoted as C
                    60
                    ‐Nb
                    2
                    C/Nb
                    2
                    O
                    5
                    ) to realize simultaneous electronic reconstruction and structural optimization. The introduced C
                    60
                    forms robust
                    d‐π
                    conjugation with the
                    d
                    ‐orbitals of Nb, acting as an electron acceptor to drive directional charge transfer across both the C
                    60
                    /Nb
                    2
                    C and Nb
                    2
                    C/Nb
                    2
                    O
                    5
                    interfaces. Combined theoretical and experimental analyses confirm that orbital engineering between Nb (
                    
                      d
                      xy
                    
                    /
                    
                      d
                      yz
                    
                    ) and C
                    60
                    (
                    p
                    ) facilitates electron backflow, improves intrinsic electronic conductivity, substantially lowers the Li
                    +
                    adsorption barrier, triggers an upward shift of the
                    d
                    ‐band center, and accelerates electron‐transfer kinetics. Consequently, the C
                    60
                    ‐Nb
                    2
                    C/Nb
                    2
                    O
                    5
                    anode delivers a remarkable reversible capacity of 658.8 mAh g−
                    1
                    at 0.1 A g−
                    1
                    and excellent rate capability. The assembled C
                    60
                    ‐Nb
                    2
                    C/Nb
                    2
                    O
                    5
                    //activated carbon LIHC achieves a high energy density of 199.5 Wh kg−
                    1
                    , ranking among the highest values reported for MXene‐based LIHCs. This work elucidates a molecular‐mediated interfacial electronic engineering mechanism for tailoring charge‐storage behavior, providing a rational design strategy for advanced electrochemical energy‐storage systems.",crossref,0
Regulating Metal–Support Interaction via WO3 Crystal Phase Engineering for Enhanced Acidic Water Oxidation,https://onlinelibrary.wiley.com/doi/10.1002/anie.7046071?af=R,Wiley: Angewandte Chemie International Edition: Table of Contents,2026-09-23 04:11:59 UTC,2026-09-23 04:11:59+00:00,10.1002/anie.7046071,Zhen Zhou,"ABSTRACT
                  
                    Metal–support interaction (MSI) is pivotal in tuning the intrinsic activity and structural stability of heterogeneous catalysts, yet precise control of MSI strength remains a major challenge. Herein, we demonstrate crystal‐phase engineering of WO
                    3
                    supports—monoclinic (M‐WO
                    3
                    ), orthorhombic (O‐WO
                    3
                    ), and tetragonal (T‐WO
                    3
                    )—to modulate MSI in Ir single‐atom catalysts. The three WO
                    3
                    crystals exhibit distinct distortion degrees (M‐WO
                    3
                    &gt; O‐WO
                    3
                    &gt; T‐WO
                    3
                    ), where stronger distortion enhances Ir activity but compromises stability. Notably, O‐WO
                    3
                    achieves an optimal modulation balance: the moderate W─O bond strength and distortion induce the strongest MSI, elevating the Ir oxidation state to +5.74, shortening the Ir─O bond, and reinforcing Ir─O covalency. Such favorable electronic and structural modulation substantially promotes intrinsic oxygen evolution reaction (OER) activity. The O─WO
                    3
                    ─Ir catalyst exhibits a low overpotential of 219 mV at 10 mA cm
                    −2
                    and demonstrates outstanding acidic OER stability, with a cumulative operation time over 1000 h under sequential testing at different current densities. The optimized MSI promotes high‐valence Ir formation, accelerates *OO intermediate generation, and suppresses Ir dissolution, thereby addressing sluggish kinetics and unstable active sites. This work provides new insights into regulating MSI strength via crystal‐phase engineering to advance durable and efficient acidic OER catalysts.",crossref,0
Boosting Charge Storage in Ferri/Ferrocyanide‐Based Alkaline Redox Flow Batteries,https://onlinelibrary.wiley.com/doi/10.1002/anie.3588313?af=R,Wiley: Angewandte Chemie International Edition: Table of Contents,2026-09-23 05:50:32 UTC,2026-09-23 05:50:32+00:00,10.1002/anie.3588313,Xiaoliang Wei,"ABSTRACT
                  
                    The ferri/ferrocyanide redox couple has long served as a benchmark catholyte in aqueous redox flow batteries (RBFs), particularly under highly alkaline conditions. However, the limited alkaline solubilities of commercially available Na
                    +
                    and K
                    +
                    forms constrain the attainable energy density of these systems. Here, we demonstrate that Li
                    +
                    substitution substantially boosts the alkaline solubility of ferri/ferrocyanide, offering a promising route to overcome the long‐standing energy density limitation. Complementary spectroscopic and computational analyses reveal a distinct solubilization mechanism in which Li
                    +
                    promotes mixed‐solvation and aggregate‐rich solution structures that sustain highly concentrated, fully dissolved electrolytes beyond the saturation behavior of Na
                    +
                    and K
                    +
                    analogs. When Li
                    3/4
                    Fe(CN)
                    6
                    is paired with polysulfide or organic anolytes, the resulting flow cells demonstrate exceptional cycling stability and energy density in alkaline environments. Using symmetric flow cell configurations, we further elucidate the stability and decomposition mechanisms of the corresponding redox materials, revealing contrasting effects of electrolyte alkalinity: it compromises ferri/ferrocyanide stability while substantially enhancing polysulfide stability. These findings establish complementary molecular insights into redox materials solubilization and stabilization, providing a mechanistic foundation for developing energy‐dense and durable alkaline RBFs.",crossref,0
Synergistic Integration of Thermocatalysis and Electrocatalysis for Isopropanol Dehydrogenation Toward Efficient Hydrogen Production,https://onlinelibrary.wiley.com/doi/10.1002/anie.5026257?af=R,Wiley: Angewandte Chemie International Edition: Table of Contents,2026-09-23 05:53:04 UTC,2026-09-23 05:53:04+00:00,10.1002/anie.5026257,Li Tao,"ABSTRACT
                  
                    Isopropanol dehydrogenation represents a pivotal step in the liquid organic hydrogen carrier cycle. Conventional thermocatalytic routes require high temperatures and entail substantial energy penalties, while low‐temperature electrocatalytic processes suffer from sluggish reaction kinetics. Herein, we report an integrated thermo‐electrocatalytic strategy within a high‐temperature proton exchange membrane electrolyzer (HT‐PEME), enabling highly efficient isopropanol dehydrogenation. A RuIr bimetallic catalyst was designed, wherein Ru sites effectively promote the cleavage of both O─H and C─H bonds in isopropanol, while the incorporation of Ir optimizes the adsorption behavior of reaction intermediates, thereby mitigating Ru site poisoning and significantly enhancing catalytic stability. At 200°C and 0.5 V, the integrated system delivers an exceptional anodic acetone production rate of 1336.36 mmol g
                    −1
                    h
                    −1
                    , coupled with a cathodic H
                    2
                    evolution rate of 1451.31 mmol g
                    −1
                    h
                    −1
                    . This synergistic approach provides a robust and broadly applicable pathway for efficient H
                    2
                    production.",crossref,0
Synergistic Vibrational Suppression and Aggregation Control via a Rigid Dimeric Acceptor for 21.13% Organic Solar Cells,https://onlinelibrary.wiley.com/doi/10.1002/anie.3111048?af=R,Wiley: Angewandte Chemie International Edition: Table of Contents,2026-09-23 05:54:00 UTC,2026-09-23 05:54:00+00:00,10.1002/anie.3111048,Yanming Sun,"ABSTRACT
                  
                    The efficiency bottleneck of organic solar cells (OSCs) is predominantly hindered by severe non‐radiative energy loss (Δ
                    E
                    3
                    ), which primarily originates from strong electron‐phonon coupling and detrimental charge recombination into darker state traps. Herein, we designed and synthesized a highly rigid and polarized dimeric acceptor, DY‐SO by incorporating a sulfone bridged unit. It is revealed that the sulfone bridge's steric hindrance restricts backbone torsion and suppresses molecular vibration, enabling DY‐SO with significantly reduced reorganization energy compared to small molecule L8‐BO, which reduces non‐radiative triplet trapping (CT→T
                    1
                    ) and yields photoluminescence quantum yield (PLQY) of 11.70% and exceptionally low Δ
                    E
                    3
                    of 0.149 eV. Upon deploying DY‐SO into the D18:L8‐BO baseline matrix to evaluate its photovoltaic potential, we further discovered that the inclusion of this rigid dimer successfully tames the film‐formation kinetics, effectively suppressing the excessive self‐agglomeration inherent to rigid structures and promoting more ordered molecular packing and a favorable phase‐separated morphology. Benefiting from these synergistic modulations, the optimal ternary D18:L8‐BO:DY‐SO OSC achieves an outstanding power conversion efficiency of 21.13% (certified as 20.70%). This work demonstrates that by introducing structurally rigidified, highly polarized dimeric acceptor to suppress molecular vibrational coupling, and mitigate non‐radiative dissipation is of great significance for improving the performance of OSCs.",crossref,0
Manipulating Fluorinated Nanochannels in Porous Aromatic Frameworks for Ultra‐Stable Sodium‐Ion Transport,https://onlinelibrary.wiley.com/doi/10.1002/anie.7843737?af=R,Wiley: Angewandte Chemie International Edition: Table of Contents,2026-09-23 05:54:51 UTC,2026-09-23 05:54:51+00:00,10.1002/anie.7843737,Guangshan Zhu,"ABSTRACT
                  
                    Quasi‐solid‐state sodium metal batteries suffer from sluggish Na
                    +
                    transport and unstable interphases due to strong ion pairing and unfavorable solvation structures. Herein, fluorinated nanochannels are constructed by grafting flexible perfluoroalkyl chains into porous aromatic frameworks (PAF‐1‐F), generating a weakly coordinating environment that promotes ion‐pair dissociation and fluorine‐polarization‐assisted Na
                    +
                    transport. The resulting PAF‐1‐F quasi‐solid‐state electrolyte exhibits an impressive ionic conductivity of 2.79 × 10
                    −4
                    S cm
                    −1
                    , a high Na
                    +
                    transference number of 0.562, and a wide electrochemical stability window of 4.98 V. The fluorine‐rich nanochannels further induce the formation of uniform NaF‐rich interphases, enabling stable Na plating/stripping for over 5700 h with suppressed dendritic growth. When evaluated in full cells, the PAF‐1‐F quasi‐solid‐state electrolyte achieves stable cycling over 1300 cycles with 91.3% capacity retention and maintains durable operation for more than 4000 cycles even at −20°C. This work establishes nanochannel‐mediated weak coordination as a strategy for coupling ion transport and interfacial stability in quasi‐solid‐state electrolytes.",crossref,0
Electronic Confinement Induced Single Atom Functionality in Hydroxylamine Synthesis Unveiled by Constant Potential Simulation,https://onlinelibrary.wiley.com/doi/10.1002/anie.1983375?af=R,Wiley: Angewandte Chemie International Edition: Table of Contents,2026-09-23 05:58:04 UTC,2026-09-23 05:58:04+00:00,10.1002/anie.1983375,Jianping Xiao,"ABSTRACT
                  
                    Electrochemical nitric oxide (NO) reduction offers a sustainable route for hydroxylamine (NH
                    2
                    OH) synthesis. Single‐atom catalysts (SACs), featuring isolated metal centers and weaker adsorbate binding than extended metals, are widely regarded as ideal NH
                    2
                    OH‐selective catalysts. However, the recent observation of NH
                    2
                    OH production on highly reactive metals challenges this conventional viewpoint and indicates that SACs are not indispensable in hydroxylamine electrosynthesis. Here, we establish a unified picture in which electronic confinement induces single‐atom functionality that underlies NH
                    2
                    OH selectivity. Specifically, our constant‐potential simulations identify the competition between *HNO and *NOH formation as a key determinant of NH
                    2
                    OH versus NH
                    3
                    selectivity, with preferential *HNO formation directing the reaction toward NH
                    2
                    OH production. Grand canonical Monte Carlo simulations further reveal that highly reactive metals undergo operando surface restructuring, generating isolated metal centers that acquire single‐atom functionality and preferentially stabilize *HNO. Electronic structure analysis uncovers a unified origin of *HNO preference: heteroatom coordination induces strong orbital hybridization, narrowing the metal d‐band and localizing the electronic states of the isolated metal centers. This electronic confinement enables balanced *HNO‐metal interactions while preserving the intramolecular N─O bond, thereby stabilizing *HNO and promoting NH
                    2
                    OH selectivity. These findings establish electronic confinement as a promising and general design principle for developing NH
                    2
                    OH‐selective electrocatalysts beyond predefined SACs.",crossref,0
Single Atoms Couple Molecular Coordination to Near‐Resonant Charge Transfer in Surface‐Enhanced Raman Scattering,https://onlinelibrary.wiley.com/doi/10.1002/anie.4147834?af=R,Wiley: Angewandte Chemie International Edition: Table of Contents,2026-09-23 05:59:59 UTC,2026-09-23 05:59:59+00:00,10.1002/anie.4147834,Zhonghai Zhang,"ABSTRACT
                  
                    Chemical enhancement in surface‐enhanced Raman scattering (SERS) is generally attributed to interfacial charge transfer, yet how atomically defined coordination converts molecular binding into enhanced vibrational polarizability remains unresolved. Here we show that Au‐coordinated Pt single atoms function as charge‐transfer bridges within a TiO
                    
                      x
                    
                    nanocavity/Au nanoparticle architecture, coupling molecular coordination to near‐resonant Raman enhancement. The Pt single atoms serve three interdependent roles: binding target molecules, modulating interfacial electronic states, and mediating charge transfer. Together with photonic confinement and plasmonic hotspots, this atomically defined pathway produces an apparent SERS enhancement factor of 3.6 × 10
                    11
                    and enables measurements within a statistically defined single‐molecule occupancy regime. We term this cooperative process Spatial–Plasmonic Atomic Coupling Enhancement (SPACE), which connects atomic‐scale coordination and energy‐level alignment with macroscopic Raman amplification. As a proof of analytical utility, cysteamine functionalization couples benzaldehyde capture through Schiff‐base formation to the single‐atom‐mediated enhancement pathway, enabling gas‐phase detection down to 0.3 ppbv. These findings establish single‐atom coordination as a general design principle for transforming interfacial molecular binding into near‐resonant vibrational amplification.",crossref,0
Beyond Radical Emitters: Hot‐Exciton Electroluminescence From Singlet Diradicaloids,https://onlinelibrary.wiley.com/doi/10.1002/anie.6379738?af=R,Wiley: Angewandte Chemie International Edition: Table of Contents,2026-09-23 06:02:12 UTC,2026-09-23 06:02:12+00:00,10.1002/anie.6379738,Davide Blasi,"ABSTRACT
                  
                    Overcoming the 25% spin‐statistical limit of fluorescent emitters remains a central challenge in organic electroluminescence. Although radical emitters efficiently harvest doublet excitons in organic light‐emitting diodes, their optoelectronic performance can be affected by limited charge‐carrier mobility and efficiency roll‐off. Here we introduce trityl‐based singlet diradicaloids with small diradical character as a new class of open‐shell emitters and demonstrate their operation in organic light‐emitting transistors (OLETs) using the polychlorinated Thiele hydrocarbon (
                    TTH
                    ) as emitter. Comparison with previously reported radical‐based devices reveals spin utilization around or exceeding 0.38 in
                    TTH
                    ‐based OLETs. Time‐resolved electroluminescence, fs and ns transient absorption measurements, and quantum‐chemical calculations demonstrate that this enhancement does not originate from triplet–triplet annihilation but from hot‐exciton mechanism enabled by the diradical electronic structure, where the T
                    2
                    state efficiently repopulates the emissive singlet via reverse intersystem crossing (RISC). Unlike conventional hot‐exciton emitters based on donor–acceptor architectures, this system demonstrates hot‐exciton behavior in a singlet diradicaloid framework. Reduced charge trapping further highlights singlet diradicaloids with small diradical character as promising platforms for efficient and stable electroluminescent devices.",crossref,0
Sustainable Low‐Valent Iridium Active Sites in Rhenium Doped Perovskite Iridates for Efficient Acidic Oxygen Evolution Reaction via Hybridized Reaction Pathways,https://onlinelibrary.wiley.com/doi/10.1002/anie.1466065?af=R,Wiley: Angewandte Chemie International Edition: Table of Contents,2026-09-23 06:07:00 UTC,2026-09-23 06:07:00+00:00,10.1002/anie.1466065,HyukSu Han,"ABSTRACT
                  
                    Proton exchange membrane water electrolysis (PEMWE) is a promising route for sustainable hydrogen production, yet its adoption is limited by the scarcity and cost of Ir‐based oxygen evolution reaction (OER) catalysts. Here, we first report that a Re‐doped SrZr
                    x
                    Ir
                    1‐x
                    O
                    3
                    (Re‐SZIO) perovskite iridate exhibits outstanding OER performance in acid media, combining a low overpotential (250 mV at 10 mA cm
                    −2
                    ) and high Ir mass activity (&gt; 1,300 A gIr
                    −1
                    ) with robust durability. High‐valent Re doping stabilizes an active low‐valent Ir species in Re‐SZIO, suppresses overoxidation, and promotes sustainable formation of active sites. Combinational mechanistic studies using in situ spectroscopy and grand canonical density functional theory (GC‐DFT) with microkinetic modeling reveal that dynamic Re–Ir–O interactions open an additional oxide path mechanism (OPM) branch alongside the conventional adsorbate evolution mechanism (AEM), yielding a hybrid pathway in which the OPM contributes at low overpotentials while the AEM remains dominant at higher overpotentials. This work demonstrates a viable strategy for designing robust, efficient, and low‐Ir based OER catalysts via precise electronic modulation of both the reaction pathway and the framework stability.",crossref,0
Bioelectronic Photocommutator to Regulate Extracellular Electron Transfer Circuits for Microbial Photovoltaic Energy Storage,https://onlinelibrary.wiley.com/doi/10.1002/anie.7229401?af=R,Wiley: Angewandte Chemie International Edition: Table of Contents,2026-09-23 06:13:20 UTC,2026-09-23 06:13:20+00:00,10.1002/anie.7229401,Zhihui Dai,"ABSTRACT
                  
                    Precise control over bioelectronic circuits is crucial for advancing bioelectrochemical systems, yet achieving dynamic, external regulation of electron flow has remained a fundamental challenge. Here, we create a biotic–abiotic hybrid system where the biosynthesized cadmium sulfide quantum dots (CdS QDs) are interfaced with the extracellular electron transfer (EET) pathway of
                    Shewanella oneidensis
                    MR‐1, forming a bioelectronic photocommutator. This biotic–abiotic hybrid enables light‐dependent, bidirectional control of electron transfer. Under 405 nm illumination, the system enhances outward EET, while switching to inward electron flow under 450 nm illumination. We elucidate the switching mechanism through photoelectrochemical, spectroscopic, XPS, and electrochemiluminescence experiments, revealing that the connection between CdS and EET proteins regulates the energy band structure of CdS via defect‐state passivation, thus establishing two distinct electron transfer circuits. This switching mechanisim allows the QD‐protein nanohybrid to function as the photocommutator on microbial electron transport pathway. Based on this principle, we have constructed a bioelectrochemical system, the microbial photovoltaic cell (MPC), that can be charged and discharged with light, and further demonstrated its application as a thin‐film, flexible power source. This work provides a nano‐bio interface for the active regulation of bioelectrochemical processes, opening an avenue for programmable biotic–abiotic nanohybrids in bioenergy storage and bioelectronics.",crossref,0
Programming Structural Disorder in MOFs for a Stable Bifunctional Water‐Splitting Electrocatalyst,https://advanced.onlinelibrary.wiley.com/doi/10.1002/aenm.71632?af=R,Wiley: Advanced Energy Materials: Table of Contents,2026-09-23 06:26:22 UTC,2026-09-23 06:26:22+00:00,10.1002/aenm.71632,Shi‐Zhang Qiao,"ABSTRACT
                  
                    For practical water electrolysis, electrocatalysts must deliver both high activity and stability. Metal–organic frameworks (MOFs) provide a programmable platform for constructing tailored active sites and coordination environments, offering considerable potential for high activity. However, MOF electrocatalysts typically undergo activation‐induced reconstruction, during which their ordered frameworks transform into disordered active states, generating reconstruction‐induced strain. Poor accommodation of this strain can lead to morphological collapse, metal‐site leaching, and ultimately compromised stability. To address these issues, we leveraged the programmability of MOFs to restrict the long‐range extension of their secondary building units, thereby pre‐introducing disorder into the framework to facilitate strain accommodation during reconstruction. Consequently, activation increased the electrochemically active surface area of the disordered structure, in contrast to the decrease observed for the ordered counterpart, suggesting that destructive reconstruction was effectively mitigated. The resulting active phase retained M–O–M bridging vibrational features even at 1.9 V (vs. RHE), whereas the corresponding features in the ordered MOF were markedly weakened at 1.4 V (vs. RHE), indicating better structural integrity after reconstruction. These advantages enabled stable operation for up to 500 h in an electrolyzer and 1500 h at 1 A cm
                    −2
                    in a two‐electrode cell, demonstrating excellent durability for overall water splitting.",crossref,0
Programmable Doping‐Enabled Engineering of Hydrogel Iontronics for Tailored Soft Ionic Devices,https://advanced.onlinelibrary.wiley.com/doi/10.1002/adma.75133?af=R,Wiley: Advanced Materials: Table of Contents,2026-09-23 06:29:48 UTC,2026-09-23 06:29:48+00:00,10.1002/adma.75133,Huanghao Yang,"ABSTRACT
                  Soft ionic conductors with tunable mechanical properties and biological signal compatibility are essential for facilitating seamless abiotic‐biotic interfaces. However, the lack of precise, scalable control over the intrinsic transport performance of these materials critically restricts their broader deployment in advanced biotechnology. In this work, we present a programmable doping strategy, inspired by conventional semiconductor manufacturing paradigms, aimed at creating high‐performance hydrogel iontronic devices. By systematically modulating polyelectrolyte concentrations and strategically integrating lignosulfonate sodium, we meticulously tailor the semiconducting characteristics of hydrogel heterojunctions. The resulting programmable hydrogels exhibit exceptional operational tunability, successfully functioning as robust ionic diodes, logic circuits, pnp‐type transistors, and synthetic synapses. This scalable method establishes a highly adaptable framework for tailored soft ionic conductors, broadening their potential applications in complex signal transmission and neuromorphic computing.",crossref,0
A Self‐Amplifying Ultrasound‐Activated Polymeric Prodrug Nanoplatform for Synergistic Sonodynamic Immunotherapy,https://advanced.onlinelibrary.wiley.com/doi/10.1002/adma.75117?af=R,Wiley: Advanced Materials: Table of Contents,2026-09-23 06:30:41 UTC,2026-09-23 06:30:41+00:00,10.1002/adma.75117,Jing Sun,"ABSTRACT
                  Ultrasound (US)‐triggered sonodynamic therapy (SDT) combined with immunotherapy shows considerable promise, yet its therapeutic efficacy remains constrained by insufficient intratumoral drug activation and limited immunogenicity. Herein, we report a self‐amplifying US‐responsive nanoplatform (PMB@R848) for synergistic sonodynamic immunotherapy. The nanotherapeutic was constructed by conjugating the sonosensitizer methylene blue (MB) to polylysine through US‐labile urea‐based linkages, providing a stable framework for efficient complexation of immunostimulant R848. Under physiological conditions, PMB@R848 exhibited excellent colloidal stability and biocompatibility. Upon US irradiation, the generated reactive oxygen species (ROS) initiated selective cleavage of urea bonds, exposing protonatable amino groups that enhanced intraparticle electrostatic repulsion under mildly acidic tumor microenvironment. This cascade process further accelerated nanoparticle destabilization and established a self‐amplified release behavior, enabling synchronized liberation of both MB and R848. The released MB markedly enhanced ROS generation, inducing robust immunogenic cell death and tumor antigen release, while R848 further amplified dendritic cell maturation and systemic antitumor immunity. Benefiting from the synergistic integration of self‐amplified SDT and immune activation, PMB@R848 achieved potent inhibition of primary tumors, effectively suppressed recurrence, and established durable immune memory in multiple murine tumor models. This work presents a self‐amplifying, US‐activatable nanoplatform for precision sonodynamic immunotherapy.",crossref,0
Mild Catalytic‐Crystallization‐Confinement Synthesis of Single‐Atom Catalyst on α‐MnO2 With Hundreds‐Fold Enhanced Water Oxidation Activity,https://advanced.onlinelibrary.wiley.com/doi/10.1002/adma.75112?af=R,Wiley: Advanced Materials: Table of Contents,2026-09-23 06:33:20 UTC,2026-09-23 06:33:20+00:00,10.1002/adma.75112,Tianran Zhang,"ABSTRACT
                  
                    Single‐atom catalysts anchored on metal oxide supports (SACs/MO
                    
                      x
                    
                    ) present exceptional activities toward oxygen evolution reaction (OER), owing to the strong metal‐support interactions, maximum atom utilization, and good stability under high oxidation environments. However, conventional synthesis of SACs/MO
                    
                      x
                    
                    involves uncontrollable procedures and harsh conditions, hindering their atomic dispersion and scalable manufacturing. Here, we report a catalytic‐crystallization‐confinement approach for synthesizing SACs on α‐MnO
                    2
                    under low temperature and ambient pressure. This approach leverages noble‐metal atoms to mediate the dissolution‐recrystallization of amorphous oxide precursors, confining the noble‐metal single atoms within the lattice, and lowering the crystallization temperature of the precursor. The fabrication is scalable and generalizable, allowing the synthesis of diverse SACs (e.g. Ir, Ru, Pd, Pt) on α‐MnO
                    2
                    support. The representative Ir‐single‐atom/α‐MnO
                    2
                    exhibits a ∼300‐fold OER activity enhancement over commercial IrO
                    2
                    . This work opens a new avenue for the mild and scalable synthesis of SACs and provides new insight into crystallization mechanism of oxides.",crossref,0
Transmembrane delivery of antimicrobial peptides by engineered eCIS into macrophages for intracellular mycobacteria elimination,https://www.science.org/doi/abs/10.1126/sciadv.aee8463?af=R,AAAS: Science Advances: Table of Contents,2026-09-23 07:00:00 UTC,2026-09-23 07:00:00+00:00,10.1126/sciadv.aee8463,Feng Jiang,"Mycobacterium tuberculosis
                    (
                    M
                    .
                    tuberculosis
                    , Mtb) is an intracellular bacterium persisting in macrophages, which can cause chronic infection and drug resistance. To address transmembrane limitation and improve treatment accuracy, we employed the
                    Photorhabdus
                    virulence cassette (PVC), a typical bacterial extracellular Contractile Injection System (eCIS), to deliver antimicrobial peptides (AMPs) into macrophages for intracellular mycobacteria clearance. We demonstrated that the survival of various intracellular mycobacteria, including
                    Mycobacterium smegmatis
                    (
                    M. smegmatis
                    ),
                    Mycobacterium bovis
                    (
                    M. bovis
                    ),
                    M. tuberculosis
                    and its isoniazid-resistant strain, can be significantly inhibited by PVC-mediated AMP transmembrane delivery. The engineered PVC, loaded with mycobacteriophage-derived AMPs and targeting alveolar macrophages (AMs) through binding to surface receptor CD11b, eliminated AM-dwelling mycobacteria and alleviated inflammation in murine infection models. Notably, the pulmonary mycobacterial load in
                    M. tuberculosis
                    H37Rv-infected mice was reduced by more than tenfold. In summary, this work represents a pioneering application of engineered PVC-based intracellular delivery of biomacromolecules into macrophages, providing a novel therapeutic strategy against mycobacterial infection.",crossref,0
A strong Pacific Walker Circulation during the Little Ice Age,https://www.science.org/doi/abs/10.1126/sciadv.aee8322?af=R,AAAS: Science Advances: Table of Contents,2026-09-23 07:00:00 UTC,2026-09-23 07:00:00+00:00,10.1126/sciadv.aee8322,Delia W. Oppo,"Reconstructions of climate over the past millennium provide context for disentangling anthropogenic forcing from natural multidecadal variability. However, the strength of the east-west tropical Pacific atmospheric circulation (the Pacific Walker Circulation) during the Little Ice Age (LIA; approximately 1450 to 1850 CE), our most recent cool period, remains a subject of debate. Hydroclimate reconstructions suggest strengthening during the LIA, whereas a decrease in tropical Pacific zonal sea-surface temperature gradient suggests weakening. We present a third line of evidence, the surface-to-thermocline temperature difference in the Indonesian Seas, which was smaller during the LIA than during the Medieval Climate Anomaly (approximately 950 to 1250 CE), suggesting a deeper thermocline, in agreement with hydroclimate evidence for a stronger LIA Walker Circulation. Our finding that the Walker Circulation strengthened in association with LIA cooling is consistent with model projections of a weaker Walker Circulation in a warming world and with the expectation that the recent strengthening trend will ultimately reverse.",crossref,0
High-fidelity genotyping and therapeutic oligonucleotides analysis by liquid-phase ion trap coupled with mass spectrometry,https://www.science.org/doi/abs/10.1126/sciadv.aee6272?af=R,AAAS: Science Advances: Table of Contents,2026-09-23 07:00:00 UTC,2026-09-23 07:00:00+00:00,10.1126/sciadv.aee6272,Wei Xu,"Rapid and accurate nucleic acid analysis is essential for disease diagnostics and drug development, yet persistent metal cation interference severely limits mass spectrometry’s effectiveness. We developed a liquid-phase ion trap (LPIT) system that utilizes strong electric fields to simultaneously dissociate metal contaminants and enrich purified nucleic acid ions directly in solution. This dual-action mechanism simplifies complex mass spectra, achieving up to a 48-fold improvement in mass accuracy and a 100-fold enhancement in signal intensity for intact DNA molecules. The platform’s versatility was demonstrated through high-resolution genetic variation analysis, rapid influenza virus subtyping from raw PCR products, and precise impurity detection in therapeutic drugs. By eliminating laborious pretreatment, the LPIT-ESI-MS system establishes a robust platform for high-fidelity genotyping and the rigorous analysis of therapeutic oligonucleotides, accelerating both clinical diagnostics and biopharmaceutical quality control.",crossref,0
Medial temporal default mode network selectively encodes autobiographical visual imagery,https://www.science.org/doi/abs/10.1126/sciadv.aee4232?af=R,AAAS: Science Advances: Table of Contents,2026-09-23 07:00:00 UTC,2026-09-23 07:00:00+00:00,10.1126/sciadv.aee4232,Feng V. Lin,"The human brain’s capacity to imagine visual scenes from memory is thought to rely on the medial temporal subsystem of the default mode network (MT-DMN), yet the neural codes supporting this ability remain poorly understood. We combined functional magnetic resonance imaging (fMRI) with vision and language artificial intelligence models to characterize neural codes during autobiographical imagination. Fifty participants imagined reexperiencing 20 natural scenarios while undergoing fMRI when cued by generic text prompts (e.g., wedding, exercising, and driving). Individual scenes were modeled using Stable Diffusion to generate personalized synthetic images from verbal descriptions of the scenarios imagined, collected beforehand. These depictions were then transformed into image recognition network hidden state representations. Representational similarity analysis revealed that the MT-DMN encoded the participant-specific representational structure of image representations, even when controlling for semantic features derived from a large language model. This effect was absent in other brain networks and during reading without active imagination, identifying the MT-DMN as a core substrate for the visual reconstruction of autobiographical experiences.",crossref,0
Thalamofrontal synaptic weakening underlies short-term memory deficits from adolescent NMDAR hypofunction,https://www.science.org/doi/abs/10.1126/sciadv.aee2152?af=R,AAAS: Science Advances: Table of Contents,2026-09-23 07:00:00 UTC,2026-09-23 07:00:00+00:00,10.1126/sciadv.aee2152,Jong-Cheol Rah,"Thalamofrontal (TF) dysconnectivity is one of the most consistent circuit-level abnormalities reported in patients with schizophrenia and is linked to deficits in short-term memory (STM). However, the biological mechanisms underlying TF weakening remain unclear. Here, we show that repeated adolescent
                    N
                    -methyl-
                    d
                    -aspartate receptor (NMDAR) antagonism produces STM deficits by impairing TF synaptic transmission. In mice repeatedly exposed to ketamine, STM impairment coincided with reduced release probability and attenuated short-term depression at mediodorsal thalamus (MD) → dorsomedial prefrontal cortex (dmPFC) synapses, without detectable changes in corticocortical synaptic release probability, intrinsic excitability, or gross synaptic ultrastructure. These presynaptic deficits were accompanied by diminished direction-selective population coding in the dmPFC and impaired delayed alternation performance. Chemogenetically strengthening MD → dmPFC projections restored both neural selectivity and behavior. These findings identify a projection-specific presynaptic mechanism through which adolescent NMDAR hypofunction weakens TF communication and produces cognitive impairment, offering a biological explanation for clinically observed TF dysconnectivity and establishing TF synapses as a therapeutic target.",crossref,0
A pontomesencephalic-mesolimbic circuit modulates activity-based anorexia,https://www.science.org/doi/abs/10.1126/sciadv.aee1476?af=R,AAAS: Science Advances: Table of Contents,2026-09-23 07:00:00 UTC,2026-09-23 07:00:00+00:00,10.1126/sciadv.aee1476,Shuai Liu,"Anorexia nervosa (AN) is a psychiatric disorder with a high mortality rate. The compulsive nature of the disorder leads to an emerging dopamine (DA)–centered hypothesis. However, the circuit mechanism of AN remains elusive. By examining a pontomesencephalic-mesolimbic circuit, which is implicated in anorexia-like and reinforcement behaviors in naïve mice, we found that this pathway modulates activity-based anorexia (ABA), a well-established animal model of AN. Specifically, glutamatergic lateral parabrachial nucleus (LPBN) neurons indirectly inhibited medial ventral tegmental area (VTA) DA neurons through local GABAergic interneurons. Chronic activation of the LPBN-VTA circuit exacerbated ABA symptoms, whereas circuit suppression alleviated them, demonstrating its sufficiency and necessity. Moreover, VTA DA neurons exhibited impaired high-conductance calcium- and voltage-dependent potassium (BK) channel currents. Pharmacological enhancement of this channel improved the retention rate in ABA mice. Our results elucidate the critical role of the LPBN-VTA circuit and potential channel pathology, which may serve as a key to the development of drug treatments and intervention strategies for AN.",crossref,0
Beyond statistical thresholds: Mapping sequential ATN cascade transitions via brain structural topography in Alzheimer’s disease,https://www.science.org/doi/abs/10.1126/sciadv.aef3787?af=R,AAAS: Science Advances: Table of Contents,2026-09-23 07:00:00 UTC,2026-09-23 07:00:00+00:00,10.1126/sciadv.aef3787,Alzheimer’s Disease Neuroimaging Initiative,"Alzheimer’s disease is widely conceptualized as a biological continuum initiated by amyloid-β (Aβ) accumulation, followed by tau aggregation and neurodegeneration. Although the ATN framework is commonly used to define disease stages, its static biomarker categories may not fully capture the dynamic pathological transitions that determine the optimal window for anti-Aβ therapies. Here, we introduce a Biological Continuum framework that distinguishes dynamic pathological cascades from static biomarker categories. Using neuroimaging-derived brain network topology, we identify four reproducible subgroups that exhibit distinct biological processes, biomarker signatures, and longitudinal cognitive trajectories. Integrated proteomic analyses suggest that these subgroups reflect sequential molecular transitions corresponding to early vulnerability, initiation, amplification, and terminal stages. Post hoc analysis indicates that slower cognitive decline after amyloid-targeting treatment was observed mainly in the initiation stage group. These findings provide a biologically grounded stratification system that captures disease dynamics overlooked by threshold-based models and offers mechanistic insight into the timing of anti-Aβ therapies.",crossref,0
Transposable elements as evolutionary catalysts of ant macrodiversity,https://www.science.org/doi/abs/10.1126/sciadv.aee0306?af=R,AAAS: Science Advances: Table of Contents,2026-09-23 07:00:00 UTC,2026-09-23 07:00:00+00:00,10.1126/sciadv.aee0306,Guojie Zhang,"Transposable elements (TEs) are key contributors to genome evolution, yet their macroevolutionary roles in adaptive radiations remain poorly understood, as high-quality genomic resources at sufficient phylogenetic breadth and appropriate comparative methods have been lacking. Here, we analyze 163 genomes spanning 12 of 16 extant ant subfamilies to characterize TE impacts over the past 100 million years. We identify convergent TE acquisition bursts in ancestors of the most speciose ant clades, preceding rapid diversification following the Cretaceous-Paleogene extinction event approximately 66 million years ago. We demonstrate that TEs associate with expansions of odorant receptors and other key gene families and reveal notable compartmentalization of ant genomes into faster-evolving TE-rich and more conserved TE-poor regions. Our findings demonstrate the broad-scale impact of TE-dependent genome evolution during ant adaptive radiation and suggest that similar comparative analyses across other major lineages will be worthwhile to reconstruct the wider macroevolutionary impact of TEs.",crossref,0
Ultrasensitive chiral detection by nonlinear chiroptics in spiral plasmonic metastructures surpasses linear limits,https://www.science.org/doi/abs/10.1126/sciadv.aed9129?af=R,AAAS: Science Advances: Table of Contents,2026-09-23 07:00:00 UTC,2026-09-23 07:00:00+00:00,10.1126/sciadv.aed9129,Tao Ding,"Chiral sensing is vital in pharmaceuticals and biomedicine but is hindered by the inherently weak chiroptic signals of molecules. Conventional methods rely on tedious chromatographic techniques with expensive chiral columns. This work introduces a breakthrough in ultrasensitive chiral detection by combining nonlinear optics and tailored chiral plasmonics. We fabricate spiral gold metastructures that provide strong enhancements of both electric and superchiral near fields, which simultaneously optimize both the nonlinear conversion efficiency and dissymmetry factor, thereby generating a prominent nonlinear chiroptic response to chiral molecules. The resulting change of circularly polarized second-harmonic generation (ΔCP
                    SHG
                    ) demonstrates remarkable sensitivity to chiral adsorbates, achieving a record-low detection limit of ∼11 picomolars and an outstanding figure of merit of 3260 per micromolar. A key advantage is the ability to selectively detect specific enantiomers directly within racemic mixtures, thereby dispensing with the need for preliminary chromatographic separation. This platform opens promising avenues for chiral analysis, pushing the boundaries of sensitivity, selectivity, and miniaturization for next-generation biochemical assays.",crossref,0
Cascading magmatic unrest and aseismic faulting in the Aegean Sea enabled by elastic stress relay,https://www.science.org/doi/abs/10.1126/sciadv.aec3198?af=R,AAAS: Science Advances: Table of Contents,2026-09-23 07:00:00 UTC,2026-09-23 07:00:00+00:00,10.1126/sciadv.aec3198,Zachary E. Ross,"Magma reservoirs commonly exist in clusters and situate within complex fault networks, yet sequential triggering of unrest at multiple reservoirs and faults is rarely observed. We show that the 2025 earthquake swarm in the Christiana-Santorini-Kolumbo complex of the Aegean Sea was driven by elastic stress transfer between two magma reservoirs, a 9-kilometer-long dike, and a 17-kilometer-long, southeast-dipping fault. Pressurization of the magma reservoir under Santorini triggered a dike intrusion originating from a separate magma reservoir under the Kolumbo volcano. The dike, in turn, triggered a moment magnitude (
                    
                      
                        
                          
                            
                              M
                              w
                            
                          
                        
                      
                    
                    ) 6.2 aseismic slip transient on a SW-NE trending branch of the Amorgos fault. Episodic bursts of upward-propagating seismicity within the geodetically constrained dike potentially indicate buoyancy-driven, segmented dike opening. We suggest that unrest in rift zones can propagate over spatial scales much larger than individual magma reservoirs and faults via sequential relay of elastic stress.",crossref,0
Quantifying CAHOOTS: Measuring a mobile crisis response program’s impact on police response through call diversion and prevention,https://www.science.org/doi/abs/10.1126/sciadv.aeb8064?af=R,AAAS: Science Advances: Table of Contents,2026-09-23 07:00:00 UTC,2026-09-23 07:00:00+00:00,10.1126/sciadv.aeb8064,Rori Rohlfs,"Mobile Crisis Response Programs (MCRPs) have emerged as alternatives to police for emergency mental and behavioral health calls, yet their effectiveness in diverting calls from police remains contested. CAHOOTS (Crisis Assistance Helping Out On The Streets), the United States’ longest-running MCRP, has been subject to widely varying ad hoc diversion rate estimates, from 3 to 20%. We use a systematic difference-in-differences design to estimate the causal effects of CAHOOTS on police call volume by introducing three estimators. The Substitution Diversion Rate (SDR) quantifies MCRP responses that directly replace police responses and estimates the rate at 18% for CAHOOTS. Our results indicate that in addition to substituting for police response, CAHOOTS was associated with reductions in police-handled call volume consistent with a prevention effect. The Prevention-adjusted Diversion Rate (PDR) accounts for both call substitution and prevention, and we estimate it at 23% for CAHOOTS. Last, the Overlapping-mandate Diversion Rate (ODR) quantifies the proportion of mutually answerable calls handled by an MCRP. We estimate CAHOOTS’ ODR at 50%. Our findings provide evidence that MCRPs significantly reduce police response call volume through direct substitution and likely incident prevention.",crossref,0
RNF43 p.G659fs leads to natural killer cell dysfunction in MSI-high colorectal cancer through PI3K/AKT/mTOR signaling and HLA-E up-regulation,https://www.science.org/doi/abs/10.1126/sciadv.adz6907?af=R,AAAS: Science Advances: Table of Contents,2026-09-23 07:00:00 UTC,2026-09-23 07:00:00+00:00,10.1126/sciadv.adz6907,Marios Giannakis,"The RNF43 p.G659fs (
                    
                      RNF43
                      659mut
                    
                    ) mutation occurs in 8% of colorectal cancers (CRCs) and is enriched in microsatellite instability–high (MSI-H) tumors. Although
                    
                      RNF43
                      659mut
                    
                    promotes tumor growth through phosphatidylinositol 3-kinase/protein kinase B/mechanistic target of rapamycin (PI3K/AKT/mTOR) activation independent of WNT signaling, its immunologic effects are poorly defined. We show that
                    
                      RNF43
                      659mut
                    
                    shapes an immunosuppressive natural killer (NK) cell landscape in MSI-H CRC. Single-cell RNA sequencing and multiplex immunohistochemistry revealed increased NK cell infiltration in
                    
                      RNF43
                      659mut
                    
                    tumors, yet these cells displayed inhibitory phenotypes. Bulk RNA sequencing and flow cytometry of NK cells cocultured with
                    
                      RNF43
                      659mut
                    
                    isogenic lines and MSI-H patient-derived organoids demonstrated reduced functional NK subsets, decreased activation markers, increased inhibitory receptors, and impaired cytotoxicity. Mechanistically,
                    
                      RNF43
                      659mut
                    
                    -mediated PI3K/AKT activation induced HLA-E expression, suppressing NK cell function. Pharmacological or small interfering RNA–mediated PI3K/AKT inhibition restored NK cell activity and enhanced tumor cell killing. Spatial analysis of MSI-H patient tumors revealed close proximity between NKG2A
                    +
                    NK cells and HLA-E
                    +
                    tumor cells, which were themselves adjacent to PI3K/AKT-activated tumor cells, highlighting a localized immunosuppressive niche. These findings uncover an immune evasion mechanism in MSI-H CRC, implicating the PI3K/AKT-HLA-E/NKG2A axis as a promising therapeutic target to overcome immunotherapy resistance.",crossref,0
The hidden cost of positivity: Ensuring integrity in scientific research,https://www.science.org/doi/abs/10.1126/sciadv.ael2131?af=R,AAAS: Science Advances: Table of Contents,2026-09-23 07:00:00 UTC,2026-09-23 07:00:00+00:00,10.1126/sciadv.ael2131,Matthias von Herrath,Positivity bias skews the scientific record by favoring positive results. Understanding the drivers and impact of such bias provides a foundation for creating solutions.,crossref,0
An eastward-propagating coupled mode amplifying the early growth of extreme El Niño events,https://www.science.org/doi/abs/10.1126/sciadv.aee0444?af=R,AAAS: Science Advances: Table of Contents,2026-09-23 07:00:00 UTC,2026-09-23 07:00:00+00:00,10.1126/sciadv.aee0444,Ayumu Miyamoto,"Extreme El Niño events are among the most consequential climate phenomena, yet their early prediction remains challenging. Here, by analyzing the 1982/1983, 1997/1998, and 2015/2016 events together with a large ensemble of climate model simulations, we identify an unusually early and reproducible ocean-atmosphere precursor to extreme El Niño: a slow, eastward-propagating coupled mode that develops in the western-central equatorial Pacific during boreal winter and spring. This mode features warm sea surface temperature anomalies coupled with sustained westerly wind anomalies. These westerly wind anomalies drive the equatorward transport of warm water, rapidly increasing equatorial ocean heat content and priming extreme El Niño growth in the following summer and fall. Ensemble hindcasts further reveal that East Asian cold surges and the North Pacific Oscillation can stochastically excite this equatorial mode, enabling skillful forecasts of extreme events as early as February and helping to overcome the spring predictability barrier.",crossref,0
Engineering plant tandem kinase immune receptors expands effector recognition profiles,https://www.science.org/doi/abs/10.1126/sciadv.aef2426?af=R,AAAS: Science Advances: Table of Contents,2026-09-23 07:00:00 UTC,2026-09-23 07:00:00+00:00,10.1126/sciadv.aef2426,Mark J. Banfield,"Plant intracellular immune receptors are widely deployed in breeding to protect crops from disease. In addition to nucleotide-binding leucine-rich repeat receptors (NLRs), tandem kinase proteins (TKPs) have recently emerged as an important family of immune receptors within staple cereal food crops, but how TKPs recognize effectors and whether they are amenable to engineering is essentially unknown. Here, we show that the barley and wheat TKPs Rmo2 and Rwt7 recognize different blast fungus effectors via their integrated HMA domains using different protein interfaces with nanomolar binding affinity. Structural analysis pinpointed interface residues that dictate effector recognition and enabled engineering of dual-specificity TKPs. These results establish integrated HMA domains as programmable modules within TKPs for designing new specificities in plant immunity for diseases relevant to global agriculture.",crossref,0
Measuring the effects of alternatives to policing in an American city,https://www.science.org/doi/abs/10.1126/sciadv.aem0857?af=R,AAAS: Science Advances: Table of Contents,2026-09-23 07:00:00 UTC,2026-09-23 07:00:00+00:00,10.1126/sciadv.aem0857,Michael Ralph,"CAHOOTS data provide an opportunity to examine how three new diversion metrics clarify the measurable benefits, limits, and policy significance of an alternative-to-policing program.",crossref,0
Social Physiology: Human homeostasis is more efficient in social proximity,https://www.science.org/doi/abs/10.1126/sciadv.aeg4937?af=R,AAAS: Science Advances: Table of Contents,2026-09-23 07:00:00 UTC,2026-09-23 07:00:00+00:00,10.1126/sciadv.aeg4937,Shir Atzil,"Physiological homeostasis is traditionally viewed as an individual process optimized through evolution to minimize the energetic costs of regulation. However, it remains unknown whether social proximity enhances the efficiency of homeostatic regulation, including in systems not traditionally viewed as socially sensitive. Glucose metabolism is one such system. In a set of preregistered experiments, we found that glucose homeostasis following a carbohydrate challenge is more efficient in a Social condition than an Alone condition, exhibiting lower perturbation amplitude and faster recovery (
                    n
                     = 108). The social benefit in homeostasis replicated in thermoregulation during a cold challenge (
                    n
                     = 116) and in sympathetic regulation during stress in adults (
                    n
                     = 115) and infants (
                    n
                     = 56). These findings demonstrate Social Physiology, a cross-domain principle whereby physiological homeostasis is more efficient in social proximity. Evolutionarily, Social Physiology reveals a psychobiological benefit of sociality, beyond its behavioral and ecological advantages, that may contribute to the emergence and maintenance of social bonds.",crossref,0
A bacterial-killing type IV secretion system as a hidden antifungal device,https://www.science.org/doi/abs/10.1126/sciadv.aeg3743?af=R,AAAS: Science Advances: Table of Contents,2026-09-23 07:00:00 UTC,2026-09-23 07:00:00+00:00,10.1126/sciadv.aeg3743,Guoliang Qian,"Interkingdom competition between bacteria and fungi in nutrient-limited environments drives microbial community dynamics, yet the molecular mechanisms enabling bacterial dominance during bacterial-fungal interaction remain poorly characterized. This study reveals a paradigm-shifting role for bacterial type IV secretion system (T4SS) by demonstrating that a specialized bacterial-killing T4SS (T4SS
                    BK
                    ) in
                    Lysobacter enzymogenes
                    serves as a universal cross-kingdom antifungal weapon. Combining genetic, biochemical, and bioinformatical approaches, we show that T4SS
                    BK
                    mediates direct contact-dependent suppression of phylogenetically diverse fungi—including unicellular yeasts and filamentous species—through delivery of a conserved deoxyribonuclease effector, LtdD. Structural characterization reveals that LtdD homologs are evolutionarily conserved across T4SS
                    BK
                    -harboring bacterial lineages, suggesting widespread ecological deployment of this antifungal strategy. These findings overturn the classical dogma of T4SS
                    BK
                    as an antibacterial apparatus and establish it as a multifunctional microbial combat system capable of trans-kingdom interference. By elucidating a DNA-targeting mechanism of fungal growth inhibition, our work not only redefines the ecological role of T4SS
                    BK
                    in microbial warfare but also provides a molecular blueprint for engineering DNA-based antifungal therapies.",crossref,0
Global dispersal of macroalgae-derived recalcitrant DOC may substantially contribute to deep-ocean carbon storage,https://www.science.org/doi/abs/10.1126/sciadv.aeg3815?af=R,AAAS: Science Advances: Table of Contents,2026-09-23 07:00:00 UTC,2026-09-23 07:00:00+00:00,10.1126/sciadv.aeg3815,Yongyu Zhang,"Macroalgae, the dominant primary producers of Earth’s most productive coastal vegetated ecosystems and a vital component driving ocean carbon sequestration, produce ∼5 to 80% of their net primary productivity as dissolved organic carbon (DOC). However, the global extent, fate, and contribution of this macroalgae-derived DOC to the pelagic carbon pool remain poorly understood. We establish a molecular fingerprint of the dominant coastal macroalga
                    Saccharina japonica
                    –derived DOC (kelp-derived DOC) using ultrahigh-resolution mass spectrometry and conservative filtering. We differentiate the kelp-derived DOC into labile (LDOC) and recalcitrant fractions (RDOC) based on prolonged resistance to microbial degradation, identify discriminating molecular traits through machine learning, and integrate them into a stability metric, molecular recalcitrance score (MRS). Both candidate kelp-associated RDOC signals and the more persistent, semilabile subset of candidate kelp-associated LDOC signals are detected throughout the global ocean, as far as ∼10,000 kilometers from kelp ecosystems and at depths of ∼5500 meters. Detected candidate kelp-associated DOC signals exhibit elevated MRS, with values positively correlated with distance from source regions, indicating selective long-distance transport of intrinsically more stable compounds. We preliminarily estimate that coastal macroalgal ecosystems globally may contribute 320.7 to 481.1 teragrams of carbon per year of RDOC. The detection of candidate kelp-associated RDOC signals throughout the global ocean provides molecular-level evidence of the long-distance export of macroalgae-derived RDOC to the pelagic and deep ocean, highlighting a major, previously unrecognized pathway of long-term storage of macroalgae-derived DOC in global oceans, although the precise fraction exported to the deep ocean remains to be quantified.",crossref,0
Spatial organization of AQP4 water channel expression in the human brain,https://www.science.org/doi/abs/10.1126/sciadv.aeg8117?af=R,AAAS: Science Advances: Table of Contents,2026-09-23 07:00:00 UTC,2026-09-23 07:00:00+00:00,10.1126/sciadv.aeg8117,Bratislav Misic,"Aquaporin-4 (AQP4) water channels support the glymphatic system, a brain-wide pathway that clears cerebral waste products. Here, we use
                    AQP4
                    gene expression to reconstruct a whole-brain glymphatic-related topography and link it to vascular physiology, glioma, and vulnerability to neurodegenerative diseases. We find that
                    AQP4
                    expression is highly organized across the brain, peaking in subcortical, ventral, and periventricular territories, consistent with a clearance axis near cerebrospinal fluid reservoirs and perivascular interfaces. Linking
                    AQP4
                    expression to vascular organization,
                    AQP4
                    -enriched regions show lower normative blood perfusion, but lie close to areas commonly affected by cerebral small vessel disease. Turning to neurodegeneration, we find that atrophy patterns colocalize with
                    AQP4
                    expression, most strongly for tau and TDP-43 proteinopathies, and high-atrophy regions lie close to
                    AQP4
                    hotspots in anatomical and structural connectome space. Normative positron emission tomography markers of neuroinflammation strengthen the spatial alignment between
                    AQP4
                    expression and disease atrophy. Last, we show that glioma is most frequent in
                    AQP4
                    -enriched regions. Collectively, this work highlights how
                    AQP4
                    expression relates to brain physiology and vulnerability.",crossref,0
Staking out the frontiers: The limits of the metazoan shallow marine fossil record,https://www.science.org/doi/abs/10.1126/sciadv.aeh3920?af=R,AAAS: Science Advances: Table of Contents,2026-09-23 07:00:00 UTC,2026-09-23 07:00:00+00:00,10.1126/sciadv.aeh3920,Mathias Harzhauser,"The fossil record is inherently incomplete, yet its physical limits remain largely uncharted. Here, we quantify the spatiotemporal coverage of the global shallow-marine metazoan fossil record across the Phanerozoic, using a large dataset of georeferenced collections intersected with global geological data. Modeling historical sampling trajectories, we show that for most time intervals, future data accumulation is expected to be negligible, and geographic coverage is approaching saturation. For intervals with remaining potential, we reconstruct the present-day extent of unexplored but geologically accessible strata, providing spatially explicit guidance on where undetected fossil information is most likely to await discovery. Our results constitute a quantitative roadmap for prioritizing fieldwork, completing occurrence databases, and mobilizing unpublished museum collections.",crossref,0
Mechanism of GPR84 allosteric modulation at a helix 8–proximate site,https://www.science.org/doi/abs/10.1126/sciadv.aeh5849?af=R,AAAS: Science Advances: Table of Contents,2026-09-23 07:00:00 UTC,2026-09-23 07:00:00+00:00,10.1126/sciadv.aeh5849,Cheng Zhang,"Allosteric modulators offer opportunities for pathway-selective G protein–coupled receptor (GPCR) signaling, but the mechanisms enabling biased allosteric modulation remain poorly understood. We identify a helix 8–proximate allosteric site in the immune-metabolic receptor GPR84 and define how it achieves G
                    i
                    -biased signaling. Cryo–electron microscopy structures of the GPR84-G
                    i
                    complexes bound to the orthosteric agonist OX04539 alone or with the positive allosteric modulator PSB-16671 reveal a helix 8–proximate allosteric site for PSB-16671 formed between transmembrane helices 1 (TM1) and TM7. Molecular dynamics simulations and mutagenesis uncover a polar interaction network linking orthosteric and allosteric sites through conserved residues including Asp66
                    2.50
                    , Asn104
                    3.36
                    , and Asn362
                    7.45
                    , and disrupting this network enhances allosteric cooperativity. PSB-16671 stabilizes a receptor conformation with pronounced TM6 displacement that favors G
                    i
                    coupling while disfavoring β-arrestin recruitment, sustaining macrophage phagocytosis of cancer cells without the desensitization induced by balanced agonists. Sequence analysis suggests that receptor-specific helix 8–proximate allosteric sites may be broadly targetable across class A GPCRs. These findings establish mechanistic principles for biased allosteric modulation applicable beyond GPR84.",crossref,0
"Acoustofluidic cryo-EM enables in situ particle manipulation for uniform, high-quality cryo-EM specimens",https://www.science.org/doi/abs/10.1126/sciadv.aeh5900?af=R,AAAS: Science Advances: Table of Contents,2026-09-23 07:00:00 UTC,2026-09-23 07:00:00+00:00,10.1126/sciadv.aeh5900,Tony Jun Huang,"Cryo–electron microscopy (cryo-EM) has revolutionized structural biology by enabling imaging of macromolecular complexes at near-atomic resolution, but its success depends critically on specimen quality. Standard plunge freezing often produces nonuniform particle distributions, resulting in poor particle statistics and reduced imaging quality, particularly for vesicular structures and low-concentration, labile macromolecular complexes. Here, we introduce acoustofluidic cryo-EM (ACE), a noncontact specimen-preparation method that integrates acoustofluidic manipulation into a conventional plunge-freezing workflow. ACE enables localized nanoscale particle manipulation by mechanically coupling acoustic excitation into the cryo-EM grid, where forced vibration generates localized acoustic streaming through viscous boundary-layer effects. Guided by this physical mechanism, validation using liposomes and apoferritin demonstrates that ACE increases particle density by up to fourfold while preserving structural integrity and improving imaging quality. This strategy provides a broadly applicable approach for enhancing cryo-EM specimen quality, improving imaging efficiency, and facilitating high-resolution structural analysis.",crossref,0
Persistent TOP1 cleavage complexes in drug-tolerant cells drive adaptive resistance to EGFR-targeted therapies in lung cancer,https://www.science.org/doi/abs/10.1126/sciadv.aeh9099?af=R,AAAS: Science Advances: Table of Contents,2026-09-23 07:00:00 UTC,2026-09-23 07:00:00+00:00,10.1126/sciadv.aeh9099,Olivier Sordet,"Resistance to targeted cancer therapies often arises from drug-tolerant cells, which survive treatment by entering a nonproliferative state. Over time, these cells can acquire mutations that contribute to cell reproliferation, but how nonproliferating drug-tolerant cells accumulate these mutations remains unclear. Here, we show that EGFR inhibition in
                    EGFR
                    -mutated lung cancer transiently down-regulates tyrosyl-DNA phosphodiesterase 1 (TDP1), a repair enzyme that resolves abortive topoisomerase I cleavage complexes (TOP1ccs). In drug-tolerant cells, elevated reactive oxygen species promote TOP1cc trapping, while TDP1 down-regulation impairs their repair, driving TOP1cc accumulation, resistance mutation acquisition, and cell reproliferation. We further find that TDP1 expression is absent in ∼25% of
                    EGFR
                    -mutated lung cancers. In TDP1-deficient cells, combining EGFR inhibition with a sublethal concentration of topotecan, which further increases TOP1ccs, abolishes cell reproliferation. Together, these findings establish persistent TOP1cc accumulation as a driver of therapy-induced mutagenesis linking drug tolerance to adaptive resistance and reveal TDP1 loss as a targetable vulnerability in EGFR-mutated lung cancers.",crossref,0
Octopus-inspired muscle activation unlocks high-DOF motion from a single actuator,https://www.science.org/doi/abs/10.1126/sciadv.aei4282?af=R,AAAS: Science Advances: Table of Contents,2026-09-23 07:00:00 UTC,2026-09-23 07:00:00+00:00,10.1126/sciadv.aei4282,Cecilia Laschi,"While soft robots leverage compliant materials to offer infinite degrees of freedom (DOFs), achieving dexterous motions usually requires numerous actuators, making the robot bulky, complex to assemble, and discontinuously segmented. Here, inspired by the octopus neuromuscular junctions (NMJs), we present similar wire bonding junctions (WBJs) that enable partitioned activation on a single shape memory alloy (SMA) actuator. By utilizing WBJs, soft robots achieve continuous deformation with approximately twice the workspace and manipulability of traditional stacked designs. We demonstrated that modulating voltage across these junctions allows the SMA to actuate variable lengths, maintaining high dexterity while reducing energy consumption up to 40%. With WBJs, one single SMA actuator could master both soft arm manipulator and its end effector. This compact, lightweight architecture enables the soft robot arm to be rolled for low-encumbrance drone deployment and confined-space sampling. Our results demonstrate a new actuation paradigm for achieving high DOF, offering a compact, efficient blueprint for soft robot design.",crossref,0
Atomic-scale quantification of hydrogen in metal hydrides by electron ptychography,https://www.science.org/doi/abs/10.1126/sciadv.aed5872?af=R,AAAS: Science Advances: Table of Contents,2026-09-23 07:00:00 UTC,2026-09-23 07:00:00+00:00,10.1126/sciadv.aed5872,Zhen Chen,"Direct visualization of hydrogen—the smallest and lightest element—in complex materials remains a fundamental challenge. Owing to its extremely weak electron scattering, high mobility, and the resolution limits of conventional transmission electron microscopy, the atomic-scale occupation sites and spatial distribution of hydrogen have remained largely inaccessible. Here, we demonstrate atomic-resolution imaging and quantitative analysis of hydrogen in metal hydrides using energy-filtered multislice electron ptychography (MEP). By applying MEP to a complex high-entropy alloy (HEA) hydride, we resolve previously inaccessible structural details, including picometer-scale hydrogen displacements and pronounced three-dimensional inhomogeneity. Statistical analysis further reveals that hydrogen incorporation unexpectedly suppresses the intrinsic lattice distortion present in the pristine HEA. These results establish MEP as a powerful platform for quantitative hydrogen imaging at the atomic scale and provide direct insight into the structural role of hydrogen in phenomena ranging from hydrogen embrittlement and hydrogen storage to emergent electronic phase transitions.",crossref,0
Thermally driven CO2 adsorption/desorption and its effect on soil respiration,https://www.science.org/doi/abs/10.1126/sciadv.aed9979?af=R,AAAS: Science Advances: Table of Contents,2026-09-23 07:00:00 UTC,2026-09-23 07:00:00+00:00,10.1126/sciadv.aed9979,Ronald Amundson,"Soil respiration counterbalances global photosynthesis, yet several aspects of this process remain unexplained despite decades of research: (i) nighttime negative soil carbon flux in drylands and (ii) diurnal temperature-dependent hysteresis patterns. We propose that abiotic CO
                    2
                    adsorption-desorption in the soil is the cause or contributor to these phenomena. Laboratory isotherms were conducted on desert soil at various diurnal temperatures and CO
                    2
                    partial pressure levels. These results, combined with field data from the Mojave Desert, demonstrate that adsorption causes negative nocturnal CO
                    2
                    fluxes, while desorption during the day leads to positive fluxes. In addition, by accounting for thermally driven physical CO
                    2
                    exchange, the apparent temperature hysteresis commonly observed is reversed. The annual CO
                    2
                    adsorption in the thermally active soil layer ranges from 16.7 to 19.3 grams of CO
                    2
                    -C per square meter per year, indicating a possible abiotic exchange of up to 2.2 to 2.5 billion tonnes of CO
                    2
                    -C with the atmosphere globally. Our findings suggest that gaseous adsorption should be included in the global carbon cycle to more accurately represent land-atmosphere CO
                    2
                    exchange.",crossref,0
Structural mechanisms of SAMD9 autoinhibition and pathogenic dysregulation,https://www.science.org/doi/abs/10.1126/sciadv.aeg3967?af=R,AAAS: Science Advances: Table of Contents,2026-09-23 07:00:00 UTC,2026-09-23 07:00:00+00:00,10.1126/sciadv.aeg3967,Yan Xiang,"SAMD9 and SAMD9L (SAMD9/9L) are large cytosolic proteins essential for hematopoietic homeostasis and antiviral defense (
                    
                      1
                    
                    –
                    
                      3
                    
                    ). Germline gain-of-function (GoF) mutations in SAMD9/9L cause severe multisystem disorders and predispose to leukemia, but the mechanisms that regulate SAMD9/9L activity and how pathogenic mutations disrupt these processes remain poorly understood. Here, we report cryo–electron microscopy structures of human SAMD9 in multiple conformational and oligomeric states. SAMD9 predominantly adopts a closed, autoinhibited conformation stabilized by a central ATP-bound nucleotide-binding oligomerization domain (NOD) and an extensive network of intramolecular interactions. Recurrent patient-derived GoF mutations localize to and destabilize these intramolecular interfaces, whereas structure-guided compensatory mutations that restabilize these interfaces restore autoinhibition. We further identify low-abundance asymmetric SAMD9 dimers in which one protomer undergoes large conformational changes and establishes intermolecular interactions that are essential for SAMD9 activation. Together, these findings define the structural basis of SAMD9 autoinhibition and reveal how human GoF mutations disrupt this regulatory mechanism to drive disease.",crossref,0
An ASXL3–thyroid hormone axis in parvalbumin interneurons controls autism-like behaviors,https://www.science.org/doi/abs/10.1126/sciadv.aeh2640?af=R,AAAS: Science Advances: Table of Contents,2026-09-23 07:00:00 UTC,2026-09-23 07:00:00+00:00,10.1126/sciadv.aeh2640,Zilong Qiu,"Pathogenic variants in
                    ASXL3
                    underlie autism spectrum disorder (ASD), but how they perturb neural circuits and whether defects are reversible remain unclear. Here we show that
                    Asxl3
                    haploinsufficiency in mice reduces cortical thickness and upper-layer projection neurons while increasing parvalbumin (PV) interneuron number and producing ASD-like behavioral abnormalities. Mechanistically,
                    Asxl3
                    loss derepresses the thyroid hormone (TH)–inactivating enzyme DIO3 via altered histone H2A monoubiquitination, depleting brain TH. Conditional deletion of the TH receptor
                    Thra
                    in inhibitory neuron progenitors phenocopies the PV interneuron expansion, linking impaired TH signaling to PV circuit remodeling. Neonatal, but not adolescent, TH supplementation restores PV interneuron numbers and rescues behavior in
                    
                      Asxl3
                      +/−
                    
                    mice, defining a critical early window for intervention. An intein-based AAV system that reconstitutes full-length ASXL3 normalizes cortical architecture and behavior in
                    
                      Asxl3
                      +/−
                    
                    mice and drives efficient ASXL3 expression in non-human primate brain, establishing an ASXL3–TH–PV interneuron axis as a targetable pathway in ASD.",crossref,0
Nucleosynthetic constraints on the origin of Bennu and CI-like asteroids,https://www.science.org/doi/abs/10.1126/sciadv.aei9107?af=R,AAAS: Science Advances: Table of Contents,2026-09-23 07:00:00 UTC,2026-09-23 07:00:00+00:00,10.1126/sciadv.aei9107,Ann N. Nguyen,"Analyses of returned samples from asteroids Bennu and Ryugu reveal notable similarities in chemical and isotopic compositions to Ivuna-type (CI) carbonaceous chondrites, prompting reassessment of their origin. We present nucleosynthetic iron (Fe), titanium (Ti), and chromium (Cr) isotope data for Bennu. Minor Cr isotope variations among aliquots likely reflect parent body aqueous alteration, whereas Fe and Ti isotope data are homogeneous and indistinguishable from those of Ryugu and CI chondrites at bulk (&gt;20 milligrams) scale. These results demonstrate that CI-like bodies accreted from a common dust reservoir with affinities to both inner (noncarbonaceous) and outer (carbonaceous) Solar System materials. Combined isotopic, petrographic, and chemical evidence suggests formation near the water ice line inside proto-Jupiter’s orbit, where Jupiter’s growth restricted the inward drift of larger particles, whereas efficient mixing of fine-grained dust produced bodies with near-solar compositions.",crossref,0
Computational design of optimized and preferentially paired human TCR constant regions for improved T cell function,https://www.science.org/doi/abs/10.1126/sciadv.aeb9189?af=R,AAAS: Science Advances: Table of Contents,2026-09-23 07:00:00 UTC,2026-09-23 07:00:00+00:00,10.1126/sciadv.aeb9189,Cyrille J. Cohen,"T cell receptor (TCR) gene transfer is a promising approach for cancer immunotherapy, but its efficacy is limited by mispairing of TCR chains, which reduces surface expression and may generate off-target specificities. We applied the PROSS and FuncLib algorithms to engineer human TCR constant regions for improved stability and preferential pairing. After several screening rounds, we identified a variant, termed structurally enhanced TCR (SET), that exhibited markedly enhanced surface expression, functional avidity, and reduced mispairing. SET-expressing T cells secreted higher cytokine levels, displayed increased activation, and mediated superior cytotoxicity. Notably, SET demonstrated function in CD4
                    +
                    T cells and mediated potent tumor control in xenograft models, significantly delaying tumor growth and improving survival. SET’s benefits were reproducible across six different TCRs, supporting its broad applicability. These findings highlight the potential of rational design to improve the potency of TCR-based therapies.",crossref,0
Fine-grained multi-level gesture recognition based on a stretchable multichannel ultrasonic device,https://www.science.org/doi/abs/10.1126/sciadv.aef1101?af=R,AAAS: Science Advances: Table of Contents,2026-09-23 07:00:00 UTC,2026-09-23 07:00:00+00:00,10.1126/sciadv.aef1101,Jizhou Song,"Discrete gesture recognition provides a direct output form for command-based human-machine interaction, while fine-grained multi-level recognition can expand command capacity by mapping subtle graded finger movements to distinct commands or different levels of the same command, thereby reducing the need for large or repetitive hand gestures. However, reliably distinguishing fine-grained multi-level gestures remains challenging. Here, we present a stretchable multichannel ultrasonic device comprising four functional sites and sixteen piezoelectric modules. Its fan-shaped substrate stretches up to 30%, enabling conformal forearm attachment and alignment with target muscle regions. Experimental characterization demonstrated sub-millimeter spatial resolution and excellent signal quality. Integrated with a one-dimensional convolutional neural network, the system achieved up to 98.75% accuracy in recognizing metacarpophalangeal joint-angle changes below 5°. The multichannel configuration yields high classification accuracy, improved class-wise recognition balance, more effective learning from multi-subject data and enhanced calibration-assisted adaptation to shifted device positions and new users, providing a reliable strategy for low-burden, fine-grained multi-level gesture command control.",crossref,0
Hypoxia and acidification antagonistically suppress nitrification but enhance its N2O production in coastal waters,https://www.science.org/doi/abs/10.1126/sciadv.aef4314?af=R,AAAS: Science Advances: Table of Contents,2026-09-23 07:00:00 UTC,2026-09-23 07:00:00+00:00,10.1126/sciadv.aef4314,Lijun Hou,"The concurrent intensification of hypoxia and acidification poses a growing threat to estuarine-coastal ecosystems globally, yet their interactive impacts on nitrification, a key process in the nitrogen (N) cycle and a substantial source of nitrous oxide (N
                    2
                    O), remain poorly understood. This knowledge gap hinders reliable projections of future N cycling and climate feedbacks in these critical ecosystems. Here, we demonstrate that along the estuarine-coastal continuum, the co-occurrence of hypoxia and acidification suppresses nitrification rates but stimulates nitrification-derived N
                    2
                    O emissions—although their combined effect is lesser than the sum of their individual effects. Metatranscriptomic analysis provided molecular evidence for these isotopically traced responses and uncovered critical microbial coping strategies through transcriptional adjustments in metabolic pathways for energy conservation and stress tolerance. This previously overlooked interaction disrupts microbial N cycling with potential impacts on N
                    2
                    O emissions and climate feedbacks, highlighting the necessity to revise predictive models by incorporating such multistressor dynamics.",crossref,0
Coordinated neural progenitor adaptations contribute to primate neocortical downscaling,https://www.science.org/doi/abs/10.1126/sciadv.aeg5563?af=R,AAAS: Science Advances: Table of Contents,2026-09-23 07:00:00 UTC,2026-09-23 07:00:00+00:00,10.1126/sciadv.aeg5563,Michael Heide,"Most primates have a large, highly folded (gyrencephalic) neocortex, a feature present in the primate common ancestor. In contrast, several New World monkey species display a comparatively small and largely smooth, unfolded (lissencephalic) neocortex. One prominent example is the common marmoset, an increasingly popular model in neuroscience. This phenotype likely reflects an evolutionary reduction from the ancestral primate condition, implying modifications in neurodevelopmental programs. One essential basis for neocortical development is the activity and behavior of neural progenitor cells (NPCs). Here, we identify coordinated adaptations in NPC biology that bias neurodevelopmental trajectories toward neocortical downscaling. By combining marmoset and human cerebral organoids with analyses of fetal marmoset neocortical tissue and previously published histological data, we uncover multiple adaptations in apical and basal progenitors that converge on reduced progenitor capacity, alter early progenitor dynamics, and likely constrain neuronal output, thereby limiting the size and folding of the marmoset neocortex.",crossref,0
Compound food failure on a deteriorated mast system drives Japan’s bear conflict crisis,https://www.science.org/doi/abs/10.1126/sciadv.aej8134?af=R,AAAS: Science Advances: Table of Contents,2026-09-23 07:00:00 UTC,2026-09-23 07:00:00+00:00,10.1126/sciadv.aej8134,Tomohiro Ichinose,"Climate change is recognized as a key amplifier of human-wildlife conflict, yet the underlying mechanism remains poorly understood. Japan’s 2025 bear crisis, which produced 232 casualties, has been widely attributed to rapid population growth, but demographic processes are far too gradual to explain the surge. Using an 18-year dataset across five Tohoku prefectures, we find that it reflects bears responding to a rhythm breakdown of the forest’s food supply. Conflict rises sharply once mast production falls below a threshold. Around 2006, the mast system passed a break point, after which lean years grew more severe and crossed that threshold more often. Conflict is further amplified when the alternative food source, indexed by primary productivity, fails alongside mast, and the 2023/2025 outbreaks provide a natural experiment separating compound from single-source failure. Beyond the Japanese bear-mast system, our analysis yields a generalized diagnostic framework that considers failing food rhythms, compound shortages, and the thresholds at which animals enter human space.",crossref,0
Ultrasound-enhanced exosome secretion and antibody-free SERS profiling for Alzheimer’s disease via iPSC-derived cortical organoids,https://www.science.org/doi/abs/10.1126/sciadv.aed3930?af=R,AAAS: Science Advances: Table of Contents,2026-09-23 07:00:00 UTC,2026-09-23 07:00:00+00:00,10.1126/sciadv.aed3930,Byullee Park,"Exosomes offer a promising vehicle for noninvasive diagnosis of neurodegenerative diseases by carrying multiple biomarkers across the blood-brain barrier. However, traditional exosome analysis often misses subtle genotype-specific variations because of weak signals from a few exosomes, reliance on markers, and limited understanding of disease signatures. Here, we present a sound way to understand Alzheimer’s disease through label-free surface-enhanced Raman scattering (SERS) profiling of cortical organoid-derived exosomes. Initially, we enhanced exosomal SERS signal levels by optimizing ultrasound parameters to increase exosome secretion from cortical organoids. Using this strategy, we distinguished apolipoprotein E genotype–dependent differences in intact exosomal fingerprints. Transcriptome analysis confirmed that ultrasound stimulation increased exosome secretion and up-regulated exosome-related genes functionally linked to Alzheimer’s pathology. Ultrasound-based stimulation and label-free exosome profiling reveal genotype-specific pathologies, providing a precision-diagnostic framework for Alzheimer’s disease.",crossref,0
FaBrick: An actuated fabric building platform for constructing scalable and versatile soft robots,https://www.science.org/doi/abs/10.1126/sciadv.aeg1614?af=R,AAAS: Science Advances: Table of Contents,2026-09-23 07:00:00 UTC,2026-09-23 07:00:00+00:00,10.1126/sciadv.aeg1614,Daniel Bruder,"Soft robots have shown promise across applications such as wearable assistance, gripping, manipulation, and locomotion, where adaptability, safety, and compliance are essential. These functions are largely enabled by a small set of fundamental actuation modes: contraction, bending, twisting, rotation, and stiffening; but existing soft actuators that realize these motions are constructed using distinct materials and fabrication methods. This lack of standardization fragments the design process, limits scalability, and restricts accessibility for nonspecialized users. To address these challenges, this paper introduces FaBrick, a modular actuated fabric material made through a scalable manufacturing process that uses heated, patterned rolling to produce it at arbitrary lengths. Through folding, cutting, sealing, and stapling, FaBrick material can be configured to replicate the contractile, twisting, rotational, and bending motions of other soft pneumatic actuators. Each actuator type is fabricated, modeled, and experimentally validated, and the actuators are integrated into (i) wearable robotic limbs, (ii) a one-piece adaptive gripper, (iii) an elephant trunk–inspired manipulator, and (iv) a quadruped-like locomotion robot. Together, these results establish FaBrick as a scalable, versatile, and user-friendly foundation for building integrated soft robotic systems from a single material platform.",crossref,0
The effect of microgravity and flows on the organization and dynamics of the human genome,https://www.science.org/doi/abs/10.1126/sciadv.aeh3116?af=R,AAAS: Science Advances: Table of Contents,2026-09-23 07:00:00 UTC,2026-09-23 07:00:00+00:00,10.1126/sciadv.aeh3116,Alexandra Zidovska,"The human genome is highly organized and dynamic across different length scales. Genome organization and dynamics change upon exposure to mechanical stresses, leading to changes in transcription, replication, and DNA repair. Gravity presents a constant mechanical stress applied to the genome—in its absence, i.e., microgravity, gene expression markedly changes—yet the role of gravity in the genome’s organization and function is unknown. Here, we investigate changes in the genome’s organization and dynamics upon simulated microgravity and flows. We find that the nucleus changes its shape and size, with liquid phases inside the nucleus, such as nucleolus, visibly affected by the lack of buoyancy and convection in the nucleoplasm. Notably, the genome organization and dynamics remain largely preserved. While flows cause DNA damage, simulated microgravity does not. Our study provides fundamental biophysical insights into the nuclear and genome organization, highlighting its robustness against mechanical stresses and revealing key aspects of the role of gravity in the cell.",crossref,0
Self-organized optofluidic locking enables stable single-frequency lasing in dynamic liquid media,https://www.science.org/doi/abs/10.1126/sciadv.aei3045?af=R,AAAS: Science Advances: Table of Contents,2026-09-23 07:00:00 UTC,2026-09-23 07:00:00+00:00,10.1126/sciadv.aei3045,Handong Sun,"Liquid-state lasers are promising wavelength-agile, reconfigurable coherent light sources, but fluid gain media introduce Brownian motion, thermal transport, and refractive-index fluctuations that destabilize single-frequency emission. Here, we demonstrate that nonequilibrium fluid fluctuations can instead be harnessed to stabilize lasing through optofluidic locking. In anisotropic colloidal nanoplatelets (CNPs), a weak auxiliary continuous-wave optical field induces collective particle migration, reorientation, and accumulation via coupled optical forces and convective flow. The resulting self-organized gain landscape suppresses cavity fluctuations, improves output stability by nearly three orders of magnitude, and reduces the lasing threshold by over 75%. Integrated with high-gain CdSe/CdSeS/CdZnS core/graded-crown/graded-shell nanoplatelets and a Littman-like external cavity, this mechanism enables stable single-frequency lasing with a side-mode suppression ratio above 31 dB, a 0.051 nm linewidth, and 170-nm single-mode tunability across engineered CNP gain media. We further demonstrate applications in WS
                    2
                    photoluminescence pumping and wavelength-tunable topological vertical-cavity lasing.",crossref,0
Aqueous lignin adhesive for high-performance wood bonding,https://www.science.org/doi/abs/10.1126/sciadv.aee5160?af=R,AAAS: Science Advances: Table of Contents,2026-09-23 07:00:00 UTC,2026-09-23 07:00:00+00:00,10.1126/sciadv.aee5160,Fengxia Yue,"Developing formaldehyde-free and high-performance wood adhesives is imperative for sustainable wood utilization. To overcome performance trade-offs in lignin adhesives, we developed a formaldehyde-free aqueous adhesive formulation via reactive cysteine-functionalized lignin, achieving high performance with an unprecedentedly low lignin loading (20 wt %), which is sprayable and injectable and exhibits excellent fluidity (1.96 mPa·s, 10
                    3
                    s
                    −1
                    ). It undergoes self-curing via forming amide bond, achieving robust bonding performance under simple hot-pressing conditions. The solvent-free lignin adhesive for plywood outperforms commercial resins, demonstrating exceptional dry strength (4.0 MPa), high wet-strength retention (83.7%), and superior durability against extreme temperatures (−196° to 190°C), humid heat aging, and solvents. Cysteine substitution enhances fracture toughness eightfold (reaching 11.06 kJ/m
                    2
                    ) by forming dual covalent/noncovalent networks that facilitate the polarity-enabled adhesion and crosslinking-induced toughening. This work establishes an environmentally friendly and scalable strategy for constructing full bio-based adhesives with exceptional processability and durability, providing a paradigm for lignin valorization within lignin-first biorefinery frameworks.",crossref,0
Photoinitiator-free gelatin hydrogel microneedles for acute gouty arthritis treatment,https://www.science.org/doi/abs/10.1126/sciadv.aei6340?af=R,AAAS: Science Advances: Table of Contents,2026-09-23 07:00:00 UTC,2026-09-23 07:00:00+00:00,10.1126/sciadv.aei6340,Zhipeng Gu,"Photo-crosslinked microneedles (MNs) are widely used in biomedical applications, but their dependence on exogenous photoinitiators continues to pose a fundamental challenge to their further advancement. Herein, we have developed a hydrogel MN system loaded with self-assembled nanoparticles (NPs). The NPs are composed of natural polyphenols and indomethacin. The MN system is rapidly dissolving and is fabricated through an initiator-free photo-crosslinking process. Systematic investigation of the gel composition, swelling behavior, and mechanical properties of lipoic acid-modified gelatin (GelLA)-based MNs demonstrated both swelling and mechanical strength could be readily tuned. Notably, the tunable mechanical feature of GelLA enabled effective penetration of the stratum corneum, facilitating efficient transdermal drug delivery. Compared with gelatin methacryloyl, GelLA-based hydrogel MNs prepared at the same concentration exhibited superior biocompatibility, while eliminating the potential cytotoxicity associated with exogenous photoinitiators. Further in vivo evaluation in an acute gouty arthritis model demonstrated that the MN system could significantly alleviate joint inflammation through rapid drug release, highlighting its potent anti-inflammatory efficacy. Overall, this initiator-free, photo-crosslinkable GelLA-based MNs system offered a safe, efficient, and user-friendly strategy for local drug delivery in the management of acute gouty arthritis.",crossref,0
Third-generation ultralong-term latent heat storage glass based on a sugar alcohol mixture,https://www.science.org/doi/abs/10.1126/sciadv.aei4311?af=R,AAAS: Science Advances: Table of Contents,2026-09-23 07:00:00 UTC,2026-09-23 07:00:00+00:00,10.1126/sciadv.aei4311,Takahiro Nomura,"Long-term thermal storage can decarbonize heat utilization by resolving mismatches between heat supply and demand. However, common heat storage materials cannot store energy for long periods. Here, we report an ultralong-term latent heat storage “glass” based on a ternary eutectic sugar alcohol mixture. The as-prepared material exhibits a solid–liquid phase change and glass transition at 423 and 289 K, respectively, with heat release via cold crystallization at 346 K. Remarkably, the glass transition temperature increases to 313 K after aging at ambient temperature for 12 hours due to structural relaxation. This phase change material (PCM) conserves the latent heat of fusion at 423 K for at least 180 days in the glass state at ambient temperature. These results establish a third-generation latent heat storage mode, retaining the charged state as a kinetically arrested amorphous solid and thereby fundamentally shifting the stability criterion from supercooled-liquid nucleation suppression to glass-transition and structural-relaxation kinetics.",crossref,0
Pacific tsunami records suggest similar rupture locations of two great Kamchatka earthquakes only 73 years apart,https://www.science.org/doi/abs/10.1126/sciadv.aee5294?af=R,AAAS: Science Advances: Table of Contents,2026-09-23 07:00:00 UTC,2026-09-23 07:00:00+00:00,10.1126/sciadv.aee5294,César Araya,"Whether seismic slip can far exceed the slip budget of a subduction megathrust over a short time has important implications to earthquake physics and hazards. The first modern test comes from two great Kamchatka earthquakes of moment magnitude 8.8 to 9.0 in 1952 and 2025. Here, we use tide gauge tsunami records across the Pacific to determine whether the two events ruptured the same or complementary fault areas. We extract records of the 1952 tsunami from analog marigrams at 52 tide gauge stations and minimize their time uncertainties by matching hindcast tides. The 1952 tsunami waveforms and travel times are remarkably similar to those of the 2025 event. Tsunami modeling shows that a range of relative rupture locations can produce the waveform similarity, but only nearly colocated ruptures can explain the travel time similarity. On the basis of conventional rationale, the 2025 earthquake consumed more than twice the megathrust slip deficit accrued since 1952. We explain the conundrum by fast energy accumulation in a viscoelastic Earth.",crossref,0
Grain size and sediment storage explain why postfire debris flows are absent in some mountainous landscapes,https://www.science.org/doi/abs/10.1126/sciadv.aec7923?af=R,AAAS: Science Advances: Table of Contents,2026-09-23 07:00:00 UTC,2026-09-23 07:00:00+00:00,10.1126/sciadv.aec7923,Donald N. Lindsay,"Postfire debris flow occurrence varies widely in mountainous landscapes, even under similar rainfall conditions. To understand why, we investigated two burned landscapes that experienced intense postfire rainfall: one in southern California with over 100 postfire debris flows and one in northern California with no postfire debris flows. Debris flows can initiate from bed failures that are predicted to occur when Shields stress
                    
                      
                        
                          
                            τ
                            ∗
                          
                        
                      
                    
                    exceeds a threshold. We characterized
                    
                      
                        
                          
                            τ
                            ∗
                          
                        
                      
                    
                    at the two sites, investigated bed failure, and conducted numerical experiments to identify controlling factors. Postfire increases in clear-water runoff raised
                    
                      
                        
                          
                            τ
                            ∗
                          
                        
                      
                    
                    by up to threefold, whereas postfire reductions in channel grain size raised
                    
                      
                        
                          
                            τ
                            ∗
                          
                        
                      
                    
                    by two orders of magnitude. No increase in runoff was required to initiate debris flows at the southern California site, yet debris flows were unlikely to initiate at the northern California site even for considerable increases in runoff. These results provide a mechanistic explanation for discrepancies in debris flow occurrence in mountainous landscapes.",crossref,0
Magmatic origin of the Dewar magnetic anomaly: Implications for an early lunar dynamo,https://www.science.org/doi/abs/10.1126/sciadv.aec0341?af=R,AAAS: Science Advances: Table of Contents,2026-09-23 07:00:00 UTC,2026-09-23 07:00:00+00:00,10.1126/sciadv.aec0341,Max Moorkamp,"The Moon’s ancient magnetic field provides critical insights into lunar thermal and magnetic evolution, yet the lifetime of the interior dynamo remains debated. Returned samples yield complex and contradictory paleomagnetic records, while orbital data reveal crustal magnetic anomalies of uncertain origin from either a core dynamo or transient impact-generated fields. Here, we jointly invert gravity and magnetic observations in the region around the Dewar swirl, a high-albedo feature associated with the Dewar magnetic anomaly. We identify a shallow, magnetized, high-density body consistent with buried mare basalt. Our estimates require a paleointensity exceeding 11 microtesla, suggesting an active lunar dynamo about 4.2 billion years ago, as constrained by the superposed basin ejecta. The results also show that swirl formation requires horizontal magnetization and iron oxide enrichment. These findings link a magnetic anomaly to its geologic origin and magnetizing field, providing constraints on the lunar magnetic and volcanic history.",crossref,0
A Wireless Colorimetric Optoelectronic Microneedle Patch for On‐Demand Photodynamic Therapy of Wound Infections,https://advanced.onlinelibrary.wiley.com/doi/10.1002/adma.75113?af=R,Wiley: Advanced Materials: Table of Contents,2026-09-23 07:36:54 UTC,2026-09-23 07:36:54+00:00,10.1002/adma.75113,Wei Huang,"ABSTRACT
                  Wound infections represent a major clinical concern due to their high incidence and subtle early manifestations, often resulting in prolonged healing and increased risk of complications. While wearable bioelectronics facilitate real‐time diagnostics and therapeutic interventions, their widespread clinical translation remains constrained by the complexity, power demands, and high cost of current systems. Here, a wearable platform that integrates colorimetric sensors with a wireless optoelectronic microneedle patch was presented for in situ wound infection status detection and on‐demand photodynamic therapy (PDT). This wireless colorimetric optoelectronic microneedle (COMN) patch enables rapid (15 min) and reliable detection of typical wound infection biomarkers with minor interference. By integrating microneedles and wireless light‐emitting diodes (LEDs), this system supports concurrent delivery of photosensitizers and light into deeper wound tissues, achieving &gt; 99.9% eradication of drug‐resistant bacteria through penetration‐enhanced PDT. In a murine full‐thickness wound infection model, this system promptly assessed the infection status of the wound and then triggered PDT, resulting in &gt; 3 log reduction in bacterial burden and accelerated healing, with &gt; 80% wound closure observed by day 14. This work demonstrates a flexible and adaptive bioelectronic platform based on colorimetric analysis and optoelectronic microneedle therapy, offering an accessible strategy for precision wound care.",crossref,0
