title,link,published,source,pub_date
Edible batteries power medical devices in the body,https://www.nature.com/articles/d41586-026-02987-3,2026-09-21 00:00:00 UTC,Nature,2026-09-21 00:00:00+00:00
Losing your way of life to climate change matters — and we need a way to measure it,https://www.nature.com/articles/d41586-026-02928-0,2026-09-21 00:00:00 UTC,Nature,2026-09-21 00:00:00+00:00
China punishes prominent academics exposed by research sleuth,https://www.nature.com/articles/d41586-026-02890-x,2026-09-21 00:00:00 UTC,Nature,2026-09-21 00:00:00+00:00
Six principles for supporting academic freedom in universities,https://www.nature.com/articles/d41586-026-02932-4,2026-09-21 00:00:00 UTC,Nature,2026-09-21 00:00:00+00:00
Rethink data centre planning,https://www.nature.com/articles/s41560-026-02146-y,2026-09-21 00:00:00 UTC,Nature Energy,2026-09-21 00:00:00+00:00
AI co-scientists are revolutionizing how research is done,https://www.nature.com/articles/d41586-026-02931-5,2026-09-21 00:00:00 UTC,Nature,2026-09-21 00:00:00+00:00
'Epigenetic' editing is here: gene-tagging technique banishes hepatitis B virus,https://www.nature.com/articles/d41586-026-02981-9,2026-09-21 00:00:00 UTC,Nature,2026-09-21 00:00:00+00:00
How do I change labs gracefully during my PhD?,https://www.nature.com/articles/d41586-026-02441-4,2026-09-21 00:00:00 UTC,Nature,2026-09-21 00:00:00+00:00
Daily briefing: The first new cat species described by science in a century,https://www.nature.com/articles/d41586-026-03008-z,2026-09-21 00:00:00 UTC,Nature,2026-09-21 00:00:00+00:00
Phase-change materials for thermal management,https://www.nature.com/articles/s41578-026-00959-7,2026-09-21 00:00:00 UTC,Nature Reviews Materials,2026-09-21 00:00:00+00:00
Advances and technical challenges in mono-material plastics design for sustainability,https://www.nature.com/articles/s41578-026-00961-z,2026-09-21 00:00:00 UTC,Nature Reviews Materials,2026-09-21 00:00:00+00:00
Chemist-aligned retrosynthesis by ensembling diverse inductive bias models,https://www.nature.com/articles/s41586-026-11160-9,2026-09-21 00:00:00 UTC,Nature,2026-09-21 00:00:00+00:00
HapTWAS: a haplotype-resolved transcriptome-wide association study framework,https://academic.oup.com/nsr/advance-article/doi/10.1093/nsr/nwag605/8824256?rss=1,2026-09-21 00:00:00 UTC,National Science Review Advance Access,2026-09-21 00:00:00+00:00
Hydrogen Council: energy security and resilience are new drivers for low-carbon deployment,https://ammoniaenergy.org/articles/hydrogen-council-energy-security-and-resilience-are-new-drivers-for-low-carbon-deployment/,2026-09-21 03:09:01 UTC,Articles – Ammonia Energy Association,2026-09-21 03:09:01+00:00
Sequential Unlocking of an RNS/ROS Storm via a Four‐Layer Logic‑Gated Ruthenium Nanocomposite for Hypoxia‐Tolerant Photodynamic Cancer Immunotherapy,https://advanced.onlinelibrary.wiley.com/doi/10.1002/adma.75092?af=R,2026-09-21 04:47:36 UTC,Wiley: Advanced Materials: Table of Contents,2026-09-21 04:47:36+00:00
Spin Transport Across Interfaces With the Non‐Collinear Antiferromagnet Mn3Sn,https://advanced.onlinelibrary.wiley.com/doi/10.1002/adma.75024?af=R,2026-09-21 04:49:43 UTC,Wiley: Advanced Materials: Table of Contents,2026-09-21 04:49:43+00:00
Bias‐Responsive S‐Scheme Heterojunctions Reconfigure Interfacial Water for Efficient Seawater Hydrogen Evolution,https://advanced.onlinelibrary.wiley.com/doi/10.1002/adma.75083?af=R,2026-09-21 04:50:30 UTC,Wiley: Advanced Materials: Table of Contents,2026-09-21 04:50:30+00:00
Electrostimulus Phase‐Transition Mediated Robust Adhesive Hydrogels,https://advanced.onlinelibrary.wiley.com/doi/10.1002/adma.75100?af=R,2026-09-21 04:52:01 UTC,Wiley: Advanced Materials: Table of Contents,2026-09-21 04:52:01+00:00
Unlocking d–p Orbital Coupling via Built‐in Electric Fields for High‐Performance Hydrazine Hydrate Fuel Cell,https://advanced.onlinelibrary.wiley.com/doi/10.1002/adma.75109?af=R,2026-09-21 04:53:26 UTC,Wiley: Advanced Materials: Table of Contents,2026-09-21 04:53:26+00:00
Self‐Passivated Metal Oxides Composite Buffer Stabilizing Efficient Perovskite Solar Modules,https://advanced.onlinelibrary.wiley.com/doi/10.1002/adma.75068?af=R,2026-09-21 04:54:58 UTC,Wiley: Advanced Materials: Table of Contents,2026-09-21 04:54:58+00:00
Continuous Transformation in Spatially Coregulated Hollow Filaments for Water‐Powered Energy,https://advanced.onlinelibrary.wiley.com/doi/10.1002/adma.75088?af=R,2026-09-21 04:57:37 UTC,Wiley: Advanced Materials: Table of Contents,2026-09-21 04:57:37+00:00
Geometry‐Mediated Microgel Structure‐Mechanics for Intestinal Region‐Specific Probiotic Delivery,https://advanced.onlinelibrary.wiley.com/doi/10.1002/adma.75011?af=R,2026-09-21 04:58:25 UTC,Wiley: Advanced Materials: Table of Contents,2026-09-21 04:58:25+00:00
Unlocking Efficient Near‐Infrared CO2 Photoreduction Over Metallic Photocatalysts Through Charge Polarization,https://advanced.onlinelibrary.wiley.com/doi/10.1002/adma.75065?af=R,2026-09-21 05:03:25 UTC,Wiley: Advanced Materials: Table of Contents,2026-09-21 05:03:25+00:00
Which emergency foods should you stock up on?,https://www.bbc.co.uk/news/videos/ckly58lmy2gvo?at_medium=RSS&at_campaign=rss,2026-09-21 05:22:09 UTC,BBC News,2026-09-21 05:22:09+00:00
White House move to seize control of NIH grant decisions upsets senators and scientists,https://www.science.org/content/article/white-house-move-seize-control-nih-grant-decisions-upsets-senators-and-scientists,2026-09-21 05:58:00 UTC,Latest News from Science Magazine,2026-09-21 05:58:00+00:00
Bioinspired Molecular Screening of Zwitterionic Dipeptides for Stable Ah‐Level Zinc–Iodine Batteries,https://advanced.onlinelibrary.wiley.com/doi/10.1002/adma.75095?af=R,2026-09-21 06:20:25 UTC,Wiley: Advanced Materials: Table of Contents,2026-09-21 06:20:25+00:00
Injectable Bioadhesive Ultrasonic Sensor for Continuous and Wireless On‐Demand Pressure Monitoring in Acute Compartment Syndrome,https://advanced.onlinelibrary.wiley.com/doi/10.1002/adma.75097?af=R,2026-09-21 06:22:46 UTC,Wiley: Advanced Materials: Table of Contents,2026-09-21 06:22:46+00:00
Reconstruction‐Induced Bilayered Amorphous–Crystalline Hybrid NiOOH‐Based Anode for Ultrastable Seawater Electrolysis,https://advanced.onlinelibrary.wiley.com/doi/10.1002/adma.75084?af=R,2026-09-21 06:23:26 UTC,Wiley: Advanced Materials: Table of Contents,2026-09-21 06:23:26+00:00
A Memristor‐Based Saturation‐Constrained Information Capacity Framework for Temporal Information Processing,https://advanced.onlinelibrary.wiley.com/doi/10.1002/adma.75096?af=R,2026-09-21 06:24:32 UTC,Wiley: Advanced Materials: Table of Contents,2026-09-21 06:24:32+00:00
A Micromesh‐At‐Grid Integrated Cotton (MAGIC) Gauze with Pressure‐Responsive Pore Gating Enables Sustainable Hemostasis via Spatiotemporally Coordinated Coagulation,https://advanced.onlinelibrary.wiley.com/doi/10.1002/adma.75091?af=R,2026-09-21 06:25:20 UTC,Wiley: Advanced Materials: Table of Contents,2026-09-21 06:25:20+00:00
Phase‐Transfer Catalysis Toward Surface‐Reconstructed Perovskite Nanocrystals Enabling Efficient Perovskite LEDs and Micropatterns,https://advanced.onlinelibrary.wiley.com/doi/10.1002/adma.75122?af=R,2026-09-21 06:26:07 UTC,Wiley: Advanced Materials: Table of Contents,2026-09-21 06:26:07+00:00
Chemical Bonding Interface Enables Lithium Batteries to Operate Under Near‐Vacuum Conditions,https://advanced.onlinelibrary.wiley.com/doi/10.1002/aenm.71584?af=R,2026-09-21 06:54:09 UTC,Wiley: Advanced Energy Materials: Table of Contents,2026-09-21 06:54:09+00:00
Thermoradiative Diodes Using Black Phosphorus van der Waals Materials,https://advanced.onlinelibrary.wiley.com/doi/10.1002/aenm.71599?af=R,2026-09-21 06:56:14 UTC,Wiley: Advanced Energy Materials: Table of Contents,2026-09-21 06:56:14+00:00
Inside‐Out Joule Heating Enables Coke‐Resistant Dry Reforming of Methane to Near‐Stoichiometric Syngas Over LDH‐Derived NiCo Catalysts,https://advanced.onlinelibrary.wiley.com/doi/10.1002/aenm.71598?af=R,2026-09-21 06:57:32 UTC,Wiley: Advanced Energy Materials: Table of Contents,2026-09-21 06:57:32+00:00
Li─P─F─O Bonding Topology Governs Oxygen Redox and Interfacial Stability in High‐Rate LRMO‐Based All‐Solid‐State Lithium Batteries,https://advanced.onlinelibrary.wiley.com/doi/10.1002/aenm.71568?af=R,2026-09-21 06:59:54 UTC,Wiley: Advanced Energy Materials: Table of Contents,2026-09-21 06:59:54+00:00
Water‐Mediated Proton Facilitation for Stable Acidic CO2 Electrocatalysis,https://advanced.onlinelibrary.wiley.com/doi/10.1002/aenm.71609?af=R,2026-09-21 07:02:11 UTC,Wiley: Advanced Energy Materials: Table of Contents,2026-09-21 07:02:11+00:00
Siloxane‐Mediated Dual Cross‐Linking for Thermally Resilient and Efficient Perovskite Solar Cells,https://advanced.onlinelibrary.wiley.com/doi/10.1002/aenm.71607?af=R,2026-09-21 07:02:15 UTC,Wiley: Advanced Energy Materials: Table of Contents,2026-09-21 07:02:15+00:00
Hybrid Two‐Step Inkjet Printing and Dip‐Coating Enable Scalable 30%‐Efficient Perovskite/Silicon Tandem Solar Cells,https://advanced.onlinelibrary.wiley.com/doi/10.1002/aenm.71579?af=R,2026-09-21 07:03:17 UTC,Wiley: Advanced Energy Materials: Table of Contents,2026-09-21 07:03:17+00:00
Design Strategy for Influencing Hot Carrier Cooling Dynamics in Low‐Dimensional Perovskites,https://advanced.onlinelibrary.wiley.com/doi/10.1002/aenm.71597?af=R,2026-09-21 07:08:30 UTC,Wiley: Advanced Energy Materials: Table of Contents,2026-09-21 07:08:30+00:00
Interfacial Electronic Modulation of Vacancy‐Stabilized Pt Sites in Mo‐NiSeO4/NiSe2 Heterostructures for Industrial Alkaline Water Electrolysis,https://advanced.onlinelibrary.wiley.com/doi/10.1002/aenm.71614?af=R,2026-09-21 07:15:59 UTC,Wiley: Advanced Energy Materials: Table of Contents,2026-09-21 07:15:59+00:00
Laminated Mesostructures in All‐Solid‐State Battery Composite Electrodes via a Rolling‐Folding Strategy,https://advanced.onlinelibrary.wiley.com/doi/10.1002/aenm.71613?af=R,2026-09-21 07:21:29 UTC,Wiley: Advanced Energy Materials: Table of Contents,2026-09-21 07:21:29+00:00
In Situ Single‐Atom Decoration of Transition Metal Dichalcogenides by Millisecond Flash Thermal Synthesis Toward High Performance Room Temperature Chemiresistors,https://advanced.onlinelibrary.wiley.com/doi/10.1002/adma.75106?af=R,2026-09-21 07:23:05 UTC,Wiley: Advanced Materials: Table of Contents,2026-09-21 07:23:05+00:00
Electronic‐State Continuity Across a Heterointerphase of High‐Capacity Ni‐Rich Cathode for Stable Sulfide‐Based All‐Solid‐State Lithium Batteries,https://advanced.onlinelibrary.wiley.com/doi/10.1002/adma.75070?af=R,2026-09-21 07:24:10 UTC,Wiley: Advanced Materials: Table of Contents,2026-09-21 07:24:10+00:00
Efficient Hole Transport Layer‐Free Mixed Sn–Pb Perovskite Solar Cells and Photodetectors via In Situ Dipole Engineering,https://advanced.onlinelibrary.wiley.com/doi/10.1002/adma.75076?af=R,2026-09-21 07:26:49 UTC,Wiley: Advanced Materials: Table of Contents,2026-09-21 07:26:49+00:00
Beyond Physical Protection Paradigm: Surface‐bonded Molecular Integration for Durable High‐voltage LiCoO2,https://onlinelibrary.wiley.com/doi/10.1002/anie.5600863?af=R,2026-09-21 07:29:05 UTC,Wiley: Angewandte Chemie International Edition: Table of Contents,2026-09-21 07:29:05+00:00
Belize gets $23.75 million for solar and battery minigrids,https://www.ess-news.com/2026/09/21/belize-gets-23-75-million-for-solar-and-battery-minigrids/,2026-09-21 07:30:00 UTC,Latest news about ESS Projects & Applications | ESS News,2026-09-21 07:30:00+00:00
Electrostatic Potential Site Effect of the Third Component Enables High‐Performance Organic Solar Cells with Low Energy Loss,https://onlinelibrary.wiley.com/doi/10.1002/anie.8983584?af=R,2026-09-21 07:32:12 UTC,Wiley: Angewandte Chemie International Edition: Table of Contents,2026-09-21 07:32:12+00:00
Electron‐Donating Aminosilane Bridging Enables General Access to Full‐Color Aqueous Phosphorescent Nanospheres,https://onlinelibrary.wiley.com/doi/10.1002/anie.7868412?af=R,2026-09-21 07:34:13 UTC,Wiley: Angewandte Chemie International Edition: Table of Contents,2026-09-21 07:34:13+00:00
"Methoxy‐Directed, Lithium‐Free One‐Shot Borylation for Tetraboron‐, Pyridinic and Amino Nitrogen‐Integrated PAHs With Ultra‐Narrowband Thermally Activated Delayed Fluorescence",https://onlinelibrary.wiley.com/doi/10.1002/anie.8471593?af=R,2026-09-21 07:34:18 UTC,Wiley: Angewandte Chemie International Edition: Table of Contents,2026-09-21 07:34:18+00:00
Synthesis of Large‐ and Medium‐Sized Heterobiaryl Atropisomeric Rings and Atropopeptides by Catalytic Intramolecular SNAr,https://onlinelibrary.wiley.com/doi/10.1002/anie.8290035?af=R,2026-09-21 07:35:20 UTC,Wiley: Angewandte Chemie International Edition: Table of Contents,2026-09-21 07:35:20+00:00
Pressure‐Induced Single‐Molecule Deformation Enables 208‐Fold Photoluminescence‐Intensity Enhancement in Zero‐Dimensional Copper Iodide Hybrids,https://onlinelibrary.wiley.com/doi/10.1002/anie.1615351?af=R,2026-09-21 07:38:52 UTC,Wiley: Angewandte Chemie International Edition: Table of Contents,2026-09-21 07:38:52+00:00
First 250 kW AEM stacks enter commercial operation,https://hydrogentechworld.com/first-250-kw-aem-stacks-enter-commercial-operation,2026-09-21 08:53:40 UTC,Hydrogen Tech World.com,2026-09-21 08:53:40+00:00
Beyond the easy money in European BESS: trading and intelligence,https://www.ess-news.com/2026/09/21/beyond-the-easy-money-in-european-bess/,2026-09-21 09:15:00 UTC,Latest news about ESS Projects & Applications | ESS News,2026-09-21 09:15:00+00:00
Milkywire To Potentially Procure CDR From Data Center-Integrated Solutions,https://carbonherald.com/milkywire-to-potentially-procure-cdr-from-data-center-integrated-solutions/?utm_source=rss&utm_medium=rss&utm_campaign=milkywire-to-potentially-procure-cdr-from-data-center-integrated-solutions,2026-09-21 10:23:11 UTC,Carbon Herald,2026-09-21 10:23:11+00:00
Gold Standard Invites Companies To Shape New Ongoing Emissions Framework,https://carbonherald.com/gold-standard-invites-companies-to-shape-new-ongoing-emissions-framework/?utm_source=rss&utm_medium=rss&utm_campaign=gold-standard-invites-companies-to-shape-new-ongoing-emissions-framework,2026-09-21 10:30:21 UTC,Carbon Herald,2026-09-21 10:30:21+00:00
RWE takes final investment decision to build 1.1 GWh battery in the Netherlands,https://www.ess-news.com/2026/09/21/rwe-takes-final-investment-decision-to-build-1-1-gwh-battery-in-the-netherlands/,2026-09-21 10:36:17 UTC,Latest news about ESS Projects & Applications | ESS News,2026-09-21 10:36:17+00:00
This dolphin chased a fish until it puked—then ate the vomit,https://www.science.org/content/article/dolphin-chased-fish-until-it-puked-then-ate-vomit,2026-09-21 10:40:00 UTC,Latest News from Science Magazine,2026-09-21 10:40:00+00:00
Electrochromic Adaptive Solar Heater and Sub‐Ambient Passive Daytime Radiative Cooler,https://advanced.onlinelibrary.wiley.com/doi/10.1002/adma.74359?af=R,2026-09-21 10:42:27 UTC,Wiley: Advanced Materials: Table of Contents,2026-09-21 10:42:27+00:00
Low‐Valent RuIr Oxide With Reversible Valence Dynamics and Robust Framework for Oxygen Evolution Electrocatalysis,https://advanced.onlinelibrary.wiley.com/doi/10.1002/adma.74362?af=R,2026-09-21 10:42:27 UTC,Wiley: Advanced Materials: Table of Contents,2026-09-21 10:42:27+00:00
A Synergistically Engineered Protein Hydrogel Integrating Topological Reinforcement and Metal‐Ion Coordination for Diabetic Wound Repair,https://advanced.onlinelibrary.wiley.com/doi/10.1002/adma.74363?af=R,2026-09-21 10:42:27 UTC,Wiley: Advanced Materials: Table of Contents,2026-09-21 10:42:27+00:00
One‐Step Direct Writing and In Situ Poling of Ultrathin Piezoelectric Microarchitectures for Organ‐Conformal Stretchable Biointerfaces,https://advanced.onlinelibrary.wiley.com/doi/10.1002/adma.74367?af=R,2026-09-21 10:42:27 UTC,Wiley: Advanced Materials: Table of Contents,2026-09-21 10:42:27+00:00
Controlled Synthesis of High‐Nuclearity Th38 Cluster for Efficient Photocatalytic Dehydrogenative Cross‐Coupling,https://advanced.onlinelibrary.wiley.com/doi/10.1002/adma.74375?af=R,2026-09-21 10:42:27 UTC,Wiley: Advanced Materials: Table of Contents,2026-09-21 10:42:27+00:00
Metal‐Oxide Heterostructure on Hierarchical Nanoporous Alloy for Highly Efficient Ethylene Glycol Electrooxidation Toward Sustainable PET Upcycling,https://advanced.onlinelibrary.wiley.com/doi/10.1002/adma.74377?af=R,2026-09-21 10:42:27 UTC,Wiley: Advanced Materials: Table of Contents,2026-09-21 10:42:27+00:00
Quaternary PdPS0.55Se0.45 for SBUV‐to‐SWIR Broadband Photodetection and Tri‐Band In‐Sensor Processing,https://advanced.onlinelibrary.wiley.com/doi/10.1002/adma.74379?af=R,2026-09-21 10:42:27 UTC,Wiley: Advanced Materials: Table of Contents,2026-09-21 10:42:27+00:00
Mechanically Programmable Electromagnetic Metamaterials for Generalized Phase Tailoring With Zero Static Power Consumption,https://advanced.onlinelibrary.wiley.com/doi/10.1002/adma.74397?af=R,2026-09-21 10:42:27 UTC,Wiley: Advanced Materials: Table of Contents,2026-09-21 10:42:27+00:00
"Sulfonated MOF‑Enhanced Nafion Membranes for High‑Temperature, Durable Proton Exchange Membrane Water Electrolysis",https://advanced.onlinelibrary.wiley.com/doi/10.1002/adma.74396?af=R,2026-09-21 10:42:27 UTC,Wiley: Advanced Materials: Table of Contents,2026-09-21 10:42:27+00:00
Origin of Dark Current Robustness in Photomultiplication Organic Photodetectors Enabled by Ionic Conjugated Electron‐Blocking Layers,https://advanced.onlinelibrary.wiley.com/doi/10.1002/adma.74371?af=R,2026-09-21 10:42:27 UTC,Wiley: Advanced Materials: Table of Contents,2026-09-21 10:42:27+00:00
Biphasic High‐Entropy Heterojunctions Enabled by Perovskite Transformation,https://advanced.onlinelibrary.wiley.com/doi/10.1002/adma.74271?af=R,2026-09-21 10:42:27 UTC,Wiley: Advanced Materials: Table of Contents,2026-09-21 10:42:27+00:00
Metal‐Organic Framework Electrolytes for Sub‐ –60°C Solid‐State Lithium Batteries,https://advanced.onlinelibrary.wiley.com/doi/10.1002/adma.74299?af=R,2026-09-21 10:42:27 UTC,Wiley: Advanced Materials: Table of Contents,2026-09-21 10:42:27+00:00
Asymmetric Electronic Configuration for Sustainable Lithium–Sulfur Batteries,https://advanced.onlinelibrary.wiley.com/doi/10.1002/adma.74358?af=R,2026-09-21 10:42:27 UTC,Wiley: Advanced Materials: Table of Contents,2026-09-21 10:42:27+00:00
Synergistic Design Strategies Breaking the Energy Storage Trade‐Off in Lead‐Free Dielectrics,https://advanced.onlinelibrary.wiley.com/doi/10.1002/adma.74343?af=R,2026-09-21 10:42:27 UTC,Wiley: Advanced Materials: Table of Contents,2026-09-21 10:42:27+00:00
Siloxane Molecular Glue for Ultrarobust Interface Engineering in High‐Performance Colloidal Quantum Dot Infrared Image Sensors,https://advanced.onlinelibrary.wiley.com/doi/10.1002/adma.74386?af=R,2026-09-21 10:42:27 UTC,Wiley: Advanced Materials: Table of Contents,2026-09-21 10:42:27+00:00
A Bifunctional Artificial Antibody for Universal Antimicrobial Therapy,https://advanced.onlinelibrary.wiley.com/doi/10.1002/adma.74355?af=R,2026-09-21 10:42:27 UTC,Wiley: Advanced Materials: Table of Contents,2026-09-21 10:42:27+00:00
Solvation Reprogramming With Dual Cations Enables Catalytic Polysulfide Conversion and Stable Sodium Metal for Long‐Life Na‐S Batteries,https://advanced.onlinelibrary.wiley.com/doi/10.1002/adma.74296?af=R,2026-09-21 10:42:27 UTC,Wiley: Advanced Materials: Table of Contents,2026-09-21 10:42:27+00:00
Rapid Identification of Nanoscale Point Defects in Two‐Dimensional Crystals by Rare‐Earth‐Enhanced Fluorescence,https://advanced.onlinelibrary.wiley.com/doi/10.1002/adma.74351?af=R,2026-09-21 10:42:27 UTC,Wiley: Advanced Materials: Table of Contents,2026-09-21 10:42:27+00:00
Biomimetic Surface Nanoengineering of Biodegradable Zn‐Based Membranes Enables Phase‐Specific Metal Ion Delivery for Synergistic Anti‐Infection and Bone Regeneration,https://advanced.onlinelibrary.wiley.com/doi/10.1002/adma.202523183?af=R,2026-09-21 10:42:27 UTC,Wiley: Advanced Materials: Table of Contents,2026-09-21 10:42:27+00:00
"Strong Coupling Hybrid Modes for Narrow‐band, Directional and Polarized OLEDs",https://advanced.onlinelibrary.wiley.com/doi/10.1002/adma.202521853?af=R,2026-09-21 10:42:27 UTC,Wiley: Advanced Materials: Table of Contents,2026-09-21 10:42:27+00:00
Host–Guest Synergy of COF and CoO Enables In Situ Oxygen Vacancies and Regulated Li+ Behavior for High‐Performance Anode‑Free/Less Li Metal Batteries,https://advanced.onlinelibrary.wiley.com/doi/10.1002/adma.74373?af=R,2026-09-21 10:42:27 UTC,Wiley: Advanced Materials: Table of Contents,2026-09-21 10:42:27+00:00
Ultrathin Hydrogel Membranes Inspired by Soap Films Enable Physiologically Relevant Breathing Lung Models,https://advanced.onlinelibrary.wiley.com/doi/10.1002/adma.74372?af=R,2026-09-21 10:42:27 UTC,Wiley: Advanced Materials: Table of Contents,2026-09-21 10:42:27+00:00
Universal Strategy for Phase‐Selective Synthesis of Monolayer TMDs via Colloidal Chemistry,https://advanced.onlinelibrary.wiley.com/doi/10.1002/adma.74335?af=R,2026-09-21 10:42:27 UTC,Wiley: Advanced Materials: Table of Contents,2026-09-21 10:42:27+00:00
Mechanical‐Electrochemical Coupling Enables Pressure‐Informed Diagnosis and Interfacial Self‐Leveling in Sodium‐Ion Batteries,https://advanced.onlinelibrary.wiley.com/doi/10.1002/adma.74334?af=R,2026-09-21 10:42:27 UTC,Wiley: Advanced Materials: Table of Contents,2026-09-21 10:42:27+00:00
Asymmetric Lamellar Templating of the Perovskite/C60 Interface for Scalable Inverted Perovskite Photovoltaics,https://advanced.onlinelibrary.wiley.com/doi/10.1002/adma.74316?af=R,2026-09-21 10:42:27 UTC,Wiley: Advanced Materials: Table of Contents,2026-09-21 10:42:27+00:00
Robust Biomass Hydrogel Electrolyte via Cytoplasm Reconstruction for Ah‐Level Aqueous Batteries,https://advanced.onlinelibrary.wiley.com/doi/10.1002/adma.74309?af=R,2026-09-21 10:42:27 UTC,Wiley: Advanced Materials: Table of Contents,2026-09-21 10:42:27+00:00
TRPV1 Activation via a Three‐Stage Adaptive Heat‐Absorbing Hydrogel Drives Neurovascular–Immune Coupling,https://advanced.onlinelibrary.wiley.com/doi/10.1002/adma.74307?af=R,2026-09-21 10:42:27 UTC,Wiley: Advanced Materials: Table of Contents,2026-09-21 10:42:27+00:00
Electrically Tunable Heliconical Smectic Superstructure in Polar Fluids,https://advanced.onlinelibrary.wiley.com/doi/10.1002/adma.74025?af=R,2026-09-21 10:42:27 UTC,Wiley: Advanced Materials: Table of Contents,2026-09-21 10:42:27+00:00
Multidimensional Symmetry Engineering of Metasurfaces for Circular Dichroism and Advanced Photonics,https://advanced.onlinelibrary.wiley.com/doi/10.1002/adma.74368?af=R,2026-09-21 10:42:27 UTC,Wiley: Advanced Materials: Table of Contents,2026-09-21 10:42:27+00:00
Nanomaterials Enable Spatiotemporally Controlled Ultrasound‐Triggered Pyroptosis for Cancer Immunotherapy,https://advanced.onlinelibrary.wiley.com/doi/10.1002/adma.74250?af=R,2026-09-21 10:42:27 UTC,Wiley: Advanced Materials: Table of Contents,2026-09-21 10:42:27+00:00
Design and Manufacturing Principles of Smart Fibers,https://advanced.onlinelibrary.wiley.com/doi/10.1002/adma.73959?af=R,2026-09-21 10:42:27 UTC,Wiley: Advanced Materials: Table of Contents,2026-09-21 10:42:27+00:00
Low‐Dimensional Perovskites for Neuromorphic Vision Computing,https://advanced.onlinelibrary.wiley.com/doi/10.1002/adma.74278?af=R,2026-09-21 10:42:27 UTC,Wiley: Advanced Materials: Table of Contents,2026-09-21 10:42:27+00:00
Angstrom‐Scale Confined Ion Sieve and Accelerator for Efficient Aqueous Zinc Batteries (Adv. Mater. 53/2026),https://advanced.onlinelibrary.wiley.com/doi/10.1002/adma.74972?af=R,2026-09-21 10:42:27 UTC,Wiley: Advanced Materials: Table of Contents,2026-09-21 10:42:27+00:00
Electrically Tunable Heliconical Smectic Superstructure in Polar Fluids (Adv. Mater. 53/2026),https://advanced.onlinelibrary.wiley.com/doi/10.1002/adma.74970?af=R,2026-09-21 10:42:27 UTC,Wiley: Advanced Materials: Table of Contents,2026-09-21 10:42:27+00:00
Biomimetic Surface Nanoengineering of Biodegradable Zn‐Based Membranes Enables Phase‐Specific Metal Ion Delivery for Synergistic Anti‐Infection and Bone Regeneration (Adv. Mater. 53/2026),https://advanced.onlinelibrary.wiley.com/doi/10.1002/adma.74969?af=R,2026-09-21 10:42:27 UTC,Wiley: Advanced Materials: Table of Contents,2026-09-21 10:42:27+00:00
Design and Manufacturing Principles of Smart Fibers (Adv. Mater. 53/2026),https://advanced.onlinelibrary.wiley.com/doi/10.1002/adma.74968?af=R,2026-09-21 10:42:27 UTC,Wiley: Advanced Materials: Table of Contents,2026-09-21 10:42:27+00:00
Issue Information,https://advanced.onlinelibrary.wiley.com/doi/10.1002/adma.74971?af=R,2026-09-21 10:42:27 UTC,Wiley: Advanced Materials: Table of Contents,2026-09-21 10:42:27+00:00
Multi‐Wavelength Upconversion Lasers Based on Coordination Polymer Glass Incorporating Lanthanide‐Doped Nanoparticles,https://advanced.onlinelibrary.wiley.com/doi/10.1002/adma.74263?af=R,2026-09-21 10:42:27 UTC,Wiley: Advanced Materials: Table of Contents,2026-09-21 10:42:27+00:00
Turritopsis nutricula‐Inspired Engineered Biomimetic Skin Promoting Aged Wound Repair via DAZAP1 Phase Separation‐Related Mitochondrial Metabolism Reprogramming,https://advanced.onlinelibrary.wiley.com/doi/10.1002/adma.74352?af=R,2026-09-21 10:42:27 UTC,Wiley: Advanced Materials: Table of Contents,2026-09-21 10:42:27+00:00
Oxygen‐Regenerative NIR Aza‐BODIPY Photosensitizers for Hypoxia‐Tolerant Photodynamic Therapy,https://advanced.onlinelibrary.wiley.com/doi/10.1002/adma.74272?af=R,2026-09-21 10:42:27 UTC,Wiley: Advanced Materials: Table of Contents,2026-09-21 10:42:27+00:00
Angstrom‐Scale Confined Ion Sieve and Accelerator for Efficient Aqueous Zinc Batteries,https://advanced.onlinelibrary.wiley.com/doi/10.1002/adma.74289?af=R,2026-09-21 10:42:27 UTC,Wiley: Advanced Materials: Table of Contents,2026-09-21 10:42:27+00:00
Synergistic Regulation of Charge Delocalization and Built‐In Electric Field in COF‐Supported Single‐Atom Catalysts for Enhanced H2O2 Photosynthesis,https://advanced.onlinelibrary.wiley.com/doi/10.1002/adma.74346?af=R,2026-09-21 10:42:27 UTC,Wiley: Advanced Materials: Table of Contents,2026-09-21 10:42:27+00:00
Integrated Multiscale Nanoarrays With MnO2‐Mediated Ru─O Clusters for Stable Acidic Chlorine Evolution,https://advanced.onlinelibrary.wiley.com/doi/10.1002/adma.74344?af=R,2026-09-21 10:42:27 UTC,Wiley: Advanced Materials: Table of Contents,2026-09-21 10:42:27+00:00
"Mechanistic‐Driven, Phosphorescence‐Enhanced HOF‐Based Bionic Dual‐Channel Sensor for Precision Bimodal Monitoring of Displacement and Angle Enabled by Photon Flux Modulation",https://advanced.onlinelibrary.wiley.com/doi/10.1002/adma.74339?af=R,2026-09-21 10:42:27 UTC,Wiley: Advanced Materials: Table of Contents,2026-09-21 10:42:27+00:00
Electric‐field Self‐Regulating 3D Composite Current Collectors for Stable Flexible Lithium Metal Batteries Over 1100 Wh L−1,https://advanced.onlinelibrary.wiley.com/doi/10.1002/adma.74338?af=R,2026-09-21 10:42:27 UTC,Wiley: Advanced Materials: Table of Contents,2026-09-21 10:42:27+00:00
Controlling Radiative Phonons in the van der Waals Ferroelectric NbOI2,https://advanced.onlinelibrary.wiley.com/doi/10.1002/adma.74337?af=R,2026-09-21 10:42:27 UTC,Wiley: Advanced Materials: Table of Contents,2026-09-21 10:42:27+00:00
Phase‐Transition Engineering Enables Low‐Strain Cathodes for 192 Wh kg−1 Sodium‐Ion Batteries,https://advanced.onlinelibrary.wiley.com/doi/10.1002/adma.74333?af=R,2026-09-21 10:42:27 UTC,Wiley: Advanced Materials: Table of Contents,2026-09-21 10:42:27+00:00
Integration of High‐κ and Ultrawide Bandgap Single‐Crystalline Beryllium Borate Dielectric for 2D Electronics,https://advanced.onlinelibrary.wiley.com/doi/10.1002/adma.74329?af=R,2026-09-21 10:42:27 UTC,Wiley: Advanced Materials: Table of Contents,2026-09-21 10:42:27+00:00
1‐D Collocated Dual‐Gradient Sensory Fibers for Comprehensive Sensing and Decoding of Complex Human Motion and Physiology,https://advanced.onlinelibrary.wiley.com/doi/10.1002/adma.74328?af=R,2026-09-21 10:42:27 UTC,Wiley: Advanced Materials: Table of Contents,2026-09-21 10:42:27+00:00
Terahertz Full‐Set Multi‐Bit Logic Operations with High‐Dimensional Multiplexed Surface Plasmonic Vortices,https://advanced.onlinelibrary.wiley.com/doi/10.1002/adma.74327?af=R,2026-09-21 10:42:27 UTC,Wiley: Advanced Materials: Table of Contents,2026-09-21 10:42:27+00:00
Rapid Hematological Profiling of the GPNMB/GRN Ratio via Bioelectronic Platform for Early Diagnosis of Parkinson's Disease,https://advanced.onlinelibrary.wiley.com/doi/10.1002/adma.74326?af=R,2026-09-21 10:42:27 UTC,Wiley: Advanced Materials: Table of Contents,2026-09-21 10:42:27+00:00
From Transient Fluctuations to Programmable Dynamics: Operando‐Reversible Reconstruction of Single‐Atom Sites,https://advanced.onlinelibrary.wiley.com/doi/10.1002/adma.74325?af=R,2026-09-21 10:42:27 UTC,Wiley: Advanced Materials: Table of Contents,2026-09-21 10:42:27+00:00
Bio‐Inspired Site‐Specific Atomic Repair for Energy‐Efficient Regeneration of Spent LiFePO4 Batteries,https://advanced.onlinelibrary.wiley.com/doi/10.1002/adma.74324?af=R,2026-09-21 10:42:27 UTC,Wiley: Advanced Materials: Table of Contents,2026-09-21 10:42:27+00:00
Near‐100% C1‐Pathway Selective Ethanol Oxidation on Turing‐Type Pd‐Based Crystalline/Amorphous Heterointerfaces,https://advanced.onlinelibrary.wiley.com/doi/10.1002/adma.74323?af=R,2026-09-21 10:42:27 UTC,Wiley: Advanced Materials: Table of Contents,2026-09-21 10:42:27+00:00
High‐Performance Bio‐Glue From the Berries of a Parasitic Plant,https://advanced.onlinelibrary.wiley.com/doi/10.1002/adma.74322?af=R,2026-09-21 10:42:27 UTC,Wiley: Advanced Materials: Table of Contents,2026-09-21 10:42:27+00:00
High‐Entropy‐Engineered Nanoinducer for Spatiotemporally Programmed PANoptosis and NIR‐Amplified Cancer Immunotherapy,https://advanced.onlinelibrary.wiley.com/doi/10.1002/adma.74319?af=R,2026-09-21 10:42:27 UTC,Wiley: Advanced Materials: Table of Contents,2026-09-21 10:42:27+00:00
Day–Night Visual Perception Enabled by Vis–NIR Broadband Adaptive Transistors,https://advanced.onlinelibrary.wiley.com/doi/10.1002/adma.74310?af=R,2026-09-21 10:42:27 UTC,Wiley: Advanced Materials: Table of Contents,2026-09-21 10:42:27+00:00
Circularly Polarized Lasing and Ultrafast Optical Helicity Switching in Chiral Perovskite Microcavities,https://advanced.onlinelibrary.wiley.com/doi/10.1002/adma.74308?af=R,2026-09-21 10:42:27 UTC,Wiley: Advanced Materials: Table of Contents,2026-09-21 10:42:27+00:00
Biomineralized Shewanella Exploits Tumor Lactate Metabolism via Biological Nanowires for Radiotherapy‐Synergized Bioelectric Ablation and Systemic Immunity,https://advanced.onlinelibrary.wiley.com/doi/10.1002/adma.74300?af=R,2026-09-21 10:42:27 UTC,Wiley: Advanced Materials: Table of Contents,2026-09-21 10:42:27+00:00
A Functional‐Group Atlas for Decoupling Interfacial Behaviors in Thermal Energy Storage,https://advanced.onlinelibrary.wiley.com/doi/10.1002/adma.74295?af=R,2026-09-21 10:42:27 UTC,Wiley: Advanced Materials: Table of Contents,2026-09-21 10:42:27+00:00
Multicomponent Nanowire Aerogels With Tailored Adsorption Equilibrium for the Upcycling of Polyethylene Terephthalate,https://advanced.onlinelibrary.wiley.com/doi/10.1002/adma.74280?af=R,2026-09-21 10:42:27 UTC,Wiley: Advanced Materials: Table of Contents,2026-09-21 10:42:27+00:00
Atomic Editing of the First‐Shell to Modulate the d‐Electron State of Transition Metal Sites for Accelerated Redox Kinetics in Lithium−Sulfur Batteries,https://advanced.onlinelibrary.wiley.com/doi/10.1002/adma.74394?af=R,2026-09-21 10:42:27 UTC,Wiley: Advanced Materials: Table of Contents,2026-09-21 10:42:27+00:00
In Situ Dynamic Reconstruction Asymmetric P─Co─O/OH Sites for Sustainable Gram‐Level Electrocatalytic Ammonia Production,https://advanced.onlinelibrary.wiley.com/doi/10.1002/adma.74275?af=R,2026-09-21 10:42:27 UTC,Wiley: Advanced Materials: Table of Contents,2026-09-21 10:42:27+00:00
Lightweight All‐Solid‐State Pouch Cells Freed from High Stack Pressure,https://advanced.onlinelibrary.wiley.com/doi/10.1002/adma.74465?af=R,2026-09-21 10:42:27 UTC,Wiley: Advanced Materials: Table of Contents,2026-09-21 10:42:27+00:00
Heterogeneous Integration: Design Principles for Advanced Liquid Crystal Elastomers With Spatially Programmable Properties and Functionalities,https://advanced.onlinelibrary.wiley.com/doi/10.1002/adma.75020?af=R,2026-09-21 10:44:51 UTC,Wiley: Advanced Materials: Table of Contents,2026-09-21 10:44:51+00:00
A Single Quasi‐Vertical van der Waals Heterostructure Memristor as Opto‐Reconfigurable Artificial Intelligence Hardware,https://advanced.onlinelibrary.wiley.com/doi/10.1002/adma.75098?af=R,2026-09-21 10:47:18 UTC,Wiley: Advanced Materials: Table of Contents,2026-09-21 10:47:18+00:00
Electrolyte Microenvironment and Alloy Interface Synergy Enables Wide‐Temperature Aqueous Aluminum‐Ion Batteries From −30 to 50°C,https://advanced.onlinelibrary.wiley.com/doi/10.1002/aenm.71616?af=R,2026-09-21 11:31:03 UTC,Wiley: Advanced Energy Materials: Table of Contents,2026-09-21 11:31:03+00:00
Complex Makes It Powerful: From Unidirectional to Bidirectional via Synergistic Volatile Solid Additives Enabling 20.16% Efficient and Stable Organic Solar Cells,https://advanced.onlinelibrary.wiley.com/doi/10.1002/aenm.71615?af=R,2026-09-21 11:32:18 UTC,Wiley: Advanced Energy Materials: Table of Contents,2026-09-21 11:32:18+00:00
French startup repurposes EV batteries for solar energy storage at 30% discount,https://www.ess-news.com/2026/09/21/french-startup-repurposes-ev-batteries-for-solar-energy-storage-at-30-discount/,2026-09-21 11:45:00 UTC,Latest news about ESS Projects & Applications | ESS News,2026-09-21 11:45:00+00:00
"New Project To Explore Coral Reefs, Mangroves And Seagrass Meadows With EU Support",https://carbonherald.com/new-project-to-explore-coral-reefs-mangroves-and-seagrass-meadows-with-eu-support/?utm_source=rss&utm_medium=rss&utm_campaign=new-project-to-explore-coral-reefs-mangroves-and-seagrass-meadows-with-eu-support,2026-09-21 11:47:48 UTC,Carbon Herald,2026-09-21 11:47:48+00:00
Velonix supports H₂ pipeline in-line inspection runs,https://hydrogentechworld.com/velonix-supports-h%e2%82%82-pipeline-in-line-inspection-runs,2026-09-21 11:52:54 UTC,Hydrogen Tech World.com,2026-09-21 11:52:54+00:00
Columbia University: Carbon Markets Are Entering a New Regulatory Era,https://carbonherald.com/columbia-university-carbon-markets-are-entering-a-new-regulatory-era/?utm_source=rss&utm_medium=rss&utm_campaign=columbia-university-carbon-markets-are-entering-a-new-regulatory-era,2026-09-21 12:23:27 UTC,Carbon Herald,2026-09-21 12:23:27+00:00
Finland proposes priority system for grid connections,https://www.ess-news.com/2026/09/21/finland-proposes-priority-system-for-grid-connections/,2026-09-21 13:00:00 UTC,Latest news about ESS Projects & Applications | ESS News,2026-09-21 13:00:00+00:00
Sunwoda to integrate 15C battery into megawatt charging ecosystem,https://www.electrive.com/2026/09/21/sunwoda-to-integrate-15c-battery-into-megawatt-charging-ecosystem/,2026-09-21 13:12:30 UTC,Battery – electrive.com,2026-09-21 13:12:30+00:00
Intermolecular Hydrogen Bonds Inducing Paramagnetism for Nondestructive CEST Imaging of Nitric Oxide,https://advanced.onlinelibrary.wiley.com/doi/10.1002/adma.75063?af=R,2026-09-21 13:37:26 UTC,Wiley: Advanced Materials: Table of Contents,2026-09-21 13:37:26+00:00
Perovskite Photodetectors With Customizable Frequency Response,https://advanced.onlinelibrary.wiley.com/doi/10.1002/adma.75093?af=R,2026-09-21 13:42:14 UTC,Wiley: Advanced Materials: Table of Contents,2026-09-21 13:42:14+00:00
German study sees potential for 60 GW of additional energy storage via smarter use of substations,https://www.ess-news.com/2026/09/21/german-study-sees-potential-for-60-gw-of-additional-energy-storage-via-smarter-use-of-substations/,2026-09-21 13:43:00 UTC,Latest news about ESS Projects & Applications | ESS News,2026-09-21 13:43:00+00:00
Selective Laser Sintering and Graphitization for Mono‐Matrix Unibody Fabrication of Integrated Stereo‐Circuit and Stereo‐Fluidic Wearable Electronics,https://advanced.onlinelibrary.wiley.com/doi/10.1002/adma.75075?af=R,2026-09-21 13:46:25 UTC,Wiley: Advanced Materials: Table of Contents,2026-09-21 13:46:25+00:00
Typhoon Dujuan tracking close to Tokyo triggers rare evacuation alert,https://www.bbc.co.uk/news/videos/ckjrxpqxx2v3o?at_medium=RSS&at_campaign=rss,2026-09-21 14:05:29 UTC,BBC News,2026-09-21 14:05:29+00:00
Beyond Canonical CO Oxidation: Structural and Evolutionary Insights Into a Non‐Canonical Carbon Monoxide Dehydrogenase,https://onlinelibrary.wiley.com/doi/10.1002/anie.1702233?af=R,2026-09-21 14:15:47 UTC,Wiley: Angewandte Chemie International Edition: Table of Contents,2026-09-21 14:15:47+00:00
Spatially Manipulating Polar Centers of Covalent Organic Frameworks for Boosting Hydrogen Peroxide Photosynthesis and Water Purification,https://onlinelibrary.wiley.com/doi/10.1002/anie.2285238?af=R,2026-09-21 14:15:47 UTC,Wiley: Angewandte Chemie International Edition: Table of Contents,2026-09-21 14:15:47+00:00
Homonuclear Dual‐Atom Cobalt Sites for Enhanced Selective Hydrogenation,https://onlinelibrary.wiley.com/doi/10.1002/anie.2095526?af=R,2026-09-21 14:15:47 UTC,Wiley: Angewandte Chemie International Edition: Table of Contents,2026-09-21 14:15:47+00:00
Deep Eutectic Solvent Matrix for Hybrid Indium Chloride Glasses With Tunable Luminescence,https://onlinelibrary.wiley.com/doi/10.1002/anie.6909891?af=R,2026-09-21 14:15:47 UTC,Wiley: Angewandte Chemie International Edition: Table of Contents,2026-09-21 14:15:47+00:00
Highly Enantio‐ and Diastereoselective Synthesis of Tetrahydrofuran Frameworks via Chiral Lewis Acid‐Catalyzed Formal [3+2] Cycloaddition of Allylsilanes,https://onlinelibrary.wiley.com/doi/10.1002/anie.202524631?af=R,2026-09-21 14:15:47 UTC,Wiley: Angewandte Chemie International Edition: Table of Contents,2026-09-21 14:15:47+00:00
A Self‐Reinforcing LipoTIDE Nanoplatform That Overcomes Lipid‐Buffering Ferroptosis Resistance for Enhanced Cancer Therapy,https://onlinelibrary.wiley.com/doi/10.1002/anie.2688720?af=R,2026-09-21 14:15:47 UTC,Wiley: Angewandte Chemie International Edition: Table of Contents,2026-09-21 14:15:47+00:00
Solar‐Driven CO2‐Mediated Upcycling of Waste Plastics Into Value‐Added Syngas and Carbon Nanotubes,https://onlinelibrary.wiley.com/doi/10.1002/anie.2880918?af=R,2026-09-21 14:15:47 UTC,Wiley: Angewandte Chemie International Edition: Table of Contents,2026-09-21 14:15:47+00:00
A Mechanical Planar Chiral Rotaxane Induces Single‐Handed Helicity in a Twisted Perylene Diimide,https://onlinelibrary.wiley.com/doi/10.1002/anie.1877364?af=R,2026-09-21 14:15:47 UTC,Wiley: Angewandte Chemie International Edition: Table of Contents,2026-09-21 14:15:47+00:00
Spatially Hierarchical Gradient Orientation of Liquid Crystal Gels for Antagonistic Cooperative Actuation,https://onlinelibrary.wiley.com/doi/10.1002/anie.1862545?af=R,2026-09-21 14:15:47 UTC,Wiley: Angewandte Chemie International Edition: Table of Contents,2026-09-21 14:15:47+00:00
F‐Center‐Mediated Valence Engineering of Europium in Fluoride Nanoscintillators Toward Diverse Optical Sensing,https://onlinelibrary.wiley.com/doi/10.1002/anie.2910318?af=R,2026-09-21 14:15:47 UTC,Wiley: Angewandte Chemie International Edition: Table of Contents,2026-09-21 14:15:47+00:00
Engineering Frustrated Packing of Porous Organic Cages for Precision Acetylene–Ethylene Separation,https://onlinelibrary.wiley.com/doi/10.1002/anie.3036478?af=R,2026-09-21 14:15:47 UTC,Wiley: Angewandte Chemie International Edition: Table of Contents,2026-09-21 14:15:47+00:00
Dual Thermal Stabilization Toward Highly Safe and Durable All‐Solid‐State Lithium Metal Batteries Based on Sulfide Electrolytes,https://onlinelibrary.wiley.com/doi/10.1002/anie.1775824?af=R,2026-09-21 14:15:47 UTC,Wiley: Angewandte Chemie International Edition: Table of Contents,2026-09-21 14:15:47+00:00
Strain‐Tunable Phonon Coupling and Polarization Optoelectronics in Supersaturation‐Grown Boron Phosphide Nanowires,https://onlinelibrary.wiley.com/doi/10.1002/anie.3135016?af=R,2026-09-21 14:15:47 UTC,Wiley: Angewandte Chemie International Edition: Table of Contents,2026-09-21 14:15:47+00:00
Regulating Electrolyte Microstructure via Anion‐Solvent Coordination Enables Fast Interfacial Kinetics Toward Practical Zinc Pouch Cells,https://onlinelibrary.wiley.com/doi/10.1002/anie.2482042?af=R,2026-09-21 14:15:47 UTC,Wiley: Angewandte Chemie International Edition: Table of Contents,2026-09-21 14:15:47+00:00
Room‐Temperature Atomic Weaving of an Anisotropic Pd Single‐Atom‐Layer Catalyst With Orthogonal Strain for Formic Acid Oxidation,https://onlinelibrary.wiley.com/doi/10.1002/anie.1512549?af=R,2026-09-21 14:15:47 UTC,Wiley: Angewandte Chemie International Edition: Table of Contents,2026-09-21 14:15:47+00:00
Precise Iodide‐Trap Strategy for Photothermally Stable Spiro‐OMeTAD‐Based Perovskite Solar Cells,https://onlinelibrary.wiley.com/doi/10.1002/anie.2924886?af=R,2026-09-21 14:15:47 UTC,Wiley: Angewandte Chemie International Edition: Table of Contents,2026-09-21 14:15:47+00:00
Boron Cluster‐Based X‐Ray Scintillators for Highly Efficient Radioluminescence,https://onlinelibrary.wiley.com/doi/10.1002/anie.1428276?af=R,2026-09-21 14:15:47 UTC,Wiley: Angewandte Chemie International Edition: Table of Contents,2026-09-21 14:15:47+00:00
Machine‐Learning‐Guided Discovery of Boron‐Free Narrowband Blue Thermally Activated Delayed Fluorescence Emitters,https://onlinelibrary.wiley.com/doi/10.1002/anie.2731055?af=R,2026-09-21 14:15:47 UTC,Wiley: Angewandte Chemie International Edition: Table of Contents,2026-09-21 14:15:47+00:00
Beyond Self‐Assembled Molecules: Hydrogen‐Bonding‐Regulated Crystallization of Wide‐Bandgap Perovskite for High‐Performance Perovskite‐Silicon Tandem Photovoltaics,https://onlinelibrary.wiley.com/doi/10.1002/anie.1676645?af=R,2026-09-21 14:15:47 UTC,Wiley: Angewandte Chemie International Edition: Table of Contents,2026-09-21 14:15:47+00:00
Unperturbed π‐Methyl Electrostatic Interactions Enable Efficient Toluene Adsorption on Graphdiyne Under High Humidity,https://onlinelibrary.wiley.com/doi/10.1002/anie.9905607?af=R,2026-09-21 14:15:47 UTC,Wiley: Angewandte Chemie International Edition: Table of Contents,2026-09-21 14:15:47+00:00
Using Synthetic Glycans to Investigate Anti‐Glycan Antibodies and Explore Their Medical Potential,https://onlinelibrary.wiley.com/doi/10.1002/anie.7795967?af=R,2026-09-21 14:15:47 UTC,Wiley: Angewandte Chemie International Edition: Table of Contents,2026-09-21 14:15:47+00:00
"Water, Alcohols, Amines, and Amides as Formal Hydrogen‐Atom‐Transfer Reagents Through Activation With Redox‐Active Lewis Acids",https://onlinelibrary.wiley.com/doi/10.1002/anie.8159070?af=R,2026-09-21 14:15:47 UTC,Wiley: Angewandte Chemie International Edition: Table of Contents,2026-09-21 14:15:47+00:00
Jahn–Teller Effect Dominates the Left‐Hand Rule: Magneto‐Optics in Metal Halide Lattice,https://onlinelibrary.wiley.com/doi/10.1002/anie.1245058?af=R,2026-09-21 14:15:47 UTC,Wiley: Angewandte Chemie International Edition: Table of Contents,2026-09-21 14:15:47+00:00
Multipronged Protein Engagement by a Ruthenium(II) Sunitinib Hydrazide Complex Elicits ROS‐Independent Immunogenic Cell Death,https://onlinelibrary.wiley.com/doi/10.1002/anie.1497931?af=R,2026-09-21 14:15:47 UTC,Wiley: Angewandte Chemie International Edition: Table of Contents,2026-09-21 14:15:47+00:00
Quantification of Molecule‐Defect Site Binding Force Via Single‑Molecule Adhesion,https://onlinelibrary.wiley.com/doi/10.1002/anie.2017853?af=R,2026-09-21 14:15:47 UTC,Wiley: Angewandte Chemie International Edition: Table of Contents,2026-09-21 14:15:47+00:00
Isolable C‐Phosphonio‐Boratavinyl Anion,https://onlinelibrary.wiley.com/doi/10.1002/anie.2724882?af=R,2026-09-21 14:15:47 UTC,Wiley: Angewandte Chemie International Edition: Table of Contents,2026-09-21 14:15:47+00:00
Catalytic Sulfur‐Atom Transfer Enabled by a Bis(disulfide) Titanium Complex,https://onlinelibrary.wiley.com/doi/10.1002/anie.5196140?af=R,2026-09-21 14:15:47 UTC,Wiley: Angewandte Chemie International Edition: Table of Contents,2026-09-21 14:15:47+00:00
The Reproducibility Crisis: Shining a Light Where Photo‐Induced Process Descriptions Fall Short,https://onlinelibrary.wiley.com/doi/10.1002/anie.5910350?af=R,2026-09-21 14:15:47 UTC,Wiley: Angewandte Chemie International Edition: Table of Contents,2026-09-21 14:15:47+00:00
Acceptor‐Doped Cerium Oxides Enabling Metallic Nanocatalyst Exsolution for Hydrogen Production From Ammonia,https://onlinelibrary.wiley.com/doi/10.1002/anie.6182981?af=R,2026-09-21 14:15:47 UTC,Wiley: Angewandte Chemie International Edition: Table of Contents,2026-09-21 14:15:47+00:00
Tailoring Photochromism Beyond Human Eye Visibility: On/Off Switchable NIR Absorption in an Aluminosilicate,https://onlinelibrary.wiley.com/doi/10.1002/anie.6747535?af=R,2026-09-21 14:15:47 UTC,Wiley: Angewandte Chemie International Edition: Table of Contents,2026-09-21 14:15:47+00:00
Functionalization‐Mediated Synthesis of Bridge‐Coordinated Fe Atoms on MoS2 Nanosheets for PEM Water Electrolyzers,https://onlinelibrary.wiley.com/doi/10.1002/anie.6960943?af=R,2026-09-21 14:15:47 UTC,Wiley: Angewandte Chemie International Edition: Table of Contents,2026-09-21 14:15:47+00:00
An Enzymatic Platform for Late‐Stage (Radio)isotope Labelling of Oligonucleotides With Methyltransferases,https://onlinelibrary.wiley.com/doi/10.1002/anie.8706793?af=R,2026-09-21 14:15:47 UTC,Wiley: Angewandte Chemie International Edition: Table of Contents,2026-09-21 14:15:47+00:00
Carbon‐Encapsulated Gemini Ionic Liquid as Advanced Bromine Hosts for High‐Performance Zn–Br2 Batteries,https://onlinelibrary.wiley.com/doi/10.1002/anie.8824225?af=R,2026-09-21 14:15:47 UTC,Wiley: Angewandte Chemie International Edition: Table of Contents,2026-09-21 14:15:47+00:00
CO2 as a Redox Shuttle Enables Photocatalytic Dehydrogenative Decarbonylation of Biomass‐Derived Alcohols to Light Alkanes,https://onlinelibrary.wiley.com/doi/10.1002/anie.9277722?af=R,2026-09-21 14:15:47 UTC,Wiley: Angewandte Chemie International Edition: Table of Contents,2026-09-21 14:15:47+00:00
A Comprehensive 19F NMR Framework for Fragment‐Based Drug Discovery: The Validated Screening Library OpenFL600 and Efficient Affinity Ranking by CSAR,https://onlinelibrary.wiley.com/doi/10.1002/anie.9964915?af=R,2026-09-21 14:15:47 UTC,Wiley: Angewandte Chemie International Edition: Table of Contents,2026-09-21 14:15:47+00:00
Carbon‐Confined Fe3C/Fe3N Janus Interfaces for Selective Nitric Oxide‐to‐Ammonia Electroreduction,https://onlinelibrary.wiley.com/doi/10.1002/anie.1030679?af=R,2026-09-21 14:15:47 UTC,Wiley: Angewandte Chemie International Edition: Table of Contents,2026-09-21 14:15:47+00:00
Zero‐Valent Nickel Stabilized in Surface‐Supported Metal–Organic Chains,https://onlinelibrary.wiley.com/doi/10.1002/anie.1508970?af=R,2026-09-21 14:15:47 UTC,Wiley: Angewandte Chemie International Edition: Table of Contents,2026-09-21 14:15:47+00:00
Manganese‐Catalyzed Asymmetric Transfer Hydrogenation of Polarized Olefins via a Collaborative Hydrogen Transfer Process,https://onlinelibrary.wiley.com/doi/10.1002/anie.3186961?af=R,2026-09-21 14:15:47 UTC,Wiley: Angewandte Chemie International Edition: Table of Contents,2026-09-21 14:15:47+00:00
White‐Light‐Mediated Imidazole Catalysis Toward Terpene‐Based Thermosets,https://onlinelibrary.wiley.com/doi/10.1002/anie.3667594?af=R,2026-09-21 14:15:47 UTC,Wiley: Angewandte Chemie International Edition: Table of Contents,2026-09-21 14:15:47+00:00
Single Ga‐Atom Stabilized Cu+–Cu0 Interfacial Sites for Efficient Air Plasma‐Derived Ammonia Electrosynthesis,https://onlinelibrary.wiley.com/doi/10.1002/anie.3319404?af=R,2026-09-21 14:15:47 UTC,Wiley: Angewandte Chemie International Edition: Table of Contents,2026-09-21 14:15:47+00:00
Speciation‐Controlled C–F Bond Functionalization Enabled by Zwitterionic Pnictinidenes,https://onlinelibrary.wiley.com/doi/10.1002/anie.6579940?af=R,2026-09-21 14:15:47 UTC,Wiley: Angewandte Chemie International Edition: Table of Contents,2026-09-21 14:15:47+00:00
Molecular Orientation‐Directed Isomerization in Indolocarbazole‐Embedded Multiple Resonance Emitter Enables High‐Performance Pure‐Green Electroluminescence,https://onlinelibrary.wiley.com/doi/10.1002/anie.6746848?af=R,2026-09-21 14:15:47 UTC,Wiley: Angewandte Chemie International Edition: Table of Contents,2026-09-21 14:15:47+00:00
Kinetic Trapping of Pressure‐Induced Symmetry Breaking in Hybrid Metal Halides via Fluorine‐Mediated Molecular Locking,https://onlinelibrary.wiley.com/doi/10.1002/anie.6957654?af=R,2026-09-21 14:15:47 UTC,Wiley: Angewandte Chemie International Edition: Table of Contents,2026-09-21 14:15:47+00:00
Flash Production of High‐Purity V3.5+ Electrolyte via Electron Beam‐Induced Radiolysis Under Ambient Conditions,https://onlinelibrary.wiley.com/doi/10.1002/anie.7032214?af=R,2026-09-21 14:15:47 UTC,Wiley: Angewandte Chemie International Edition: Table of Contents,2026-09-21 14:15:47+00:00
Theoretical Screening and Structural Optimization of High‐Performing Li2S/Alkaline‐Earth Metal Sulfides Cathodes for Advanced Anode‐Free Li−S Batteries,https://onlinelibrary.wiley.com/doi/10.1002/anie.7062131?af=R,2026-09-21 14:15:47 UTC,Wiley: Angewandte Chemie International Edition: Table of Contents,2026-09-21 14:15:47+00:00
Aromatic Interaction‐Driven Adaptive Transformation of Macrocyclic Unimolecular Chloride Channels Into Nanopores,https://onlinelibrary.wiley.com/doi/10.1002/anie.7110390?af=R,2026-09-21 14:15:47 UTC,Wiley: Angewandte Chemie International Edition: Table of Contents,2026-09-21 14:15:47+00:00
Efficient and Long‐Lived Blue OLEDs by Space‐Confined Triplet Scavenging Modulation in Terminal Emitters,https://onlinelibrary.wiley.com/doi/10.1002/anie.7332846?af=R,2026-09-21 14:15:47 UTC,Wiley: Angewandte Chemie International Edition: Table of Contents,2026-09-21 14:15:47+00:00
Proximal Ir–Ir Cooperativity for Reprogramming the CO2‐to‐DMF Hydrogenation Pathway,https://onlinelibrary.wiley.com/doi/10.1002/anie.7448862?af=R,2026-09-21 14:15:47 UTC,Wiley: Angewandte Chemie International Edition: Table of Contents,2026-09-21 14:15:47+00:00
Bis‐S‐Glycosylation of Disulfides,https://onlinelibrary.wiley.com/doi/10.1002/anie.7774464?af=R,2026-09-21 14:15:47 UTC,Wiley: Angewandte Chemie International Edition: Table of Contents,2026-09-21 14:15:47+00:00
"Isotope‐Labeled Methanol‐Derived O‐Alkylisoureas as Versatile and Practical Agents for d3‐Methylation, 13C‐Methylation, and 13CD3‐Methylation",https://onlinelibrary.wiley.com/doi/10.1002/anie.7843825?af=R,2026-09-21 14:15:47 UTC,Wiley: Angewandte Chemie International Edition: Table of Contents,2026-09-21 14:15:47+00:00
Design of Isomeric Covalent Organic Frameworks for Realizing Low‐Temperature Sodium Storage,https://onlinelibrary.wiley.com/doi/10.1002/anie.6384515?af=R,2026-09-21 14:15:47 UTC,Wiley: Angewandte Chemie International Edition: Table of Contents,2026-09-21 14:15:47+00:00
Thermally Activated “Cold” Holes Overcome Recombination Limits in Single‐Component Organic Solar Cells With 15.6% Efficiency,https://onlinelibrary.wiley.com/doi/10.1002/anie.7854948?af=R,2026-09-21 14:15:47 UTC,Wiley: Angewandte Chemie International Edition: Table of Contents,2026-09-21 14:15:47+00:00
Unlocking High‐Rate Sodium Storage in Hard Carbon via Interfacial Conformation Entropy Modulation in Localized High‐Concentration Electrolytes,https://onlinelibrary.wiley.com/doi/10.1002/anie.8176173?af=R,2026-09-21 14:15:47 UTC,Wiley: Angewandte Chemie International Edition: Table of Contents,2026-09-21 14:15:47+00:00
An Ultrasonic Electrolysis Strategy for Monomethylamine Synthesis From Nitrate and CO2,https://onlinelibrary.wiley.com/doi/10.1002/anie.8246217?af=R,2026-09-21 14:15:47 UTC,Wiley: Angewandte Chemie International Edition: Table of Contents,2026-09-21 14:15:47+00:00
Electrostatic Modulation of Central Units Enables High‐Performance Fused‐Ring Trimeric Acceptors,https://onlinelibrary.wiley.com/doi/10.1002/anie.8307325?af=R,2026-09-21 14:15:47 UTC,Wiley: Angewandte Chemie International Edition: Table of Contents,2026-09-21 14:15:47+00:00
n‐Type Oxazine‐Fused Higher‐Acene Analogues With High Stability and High Charge Mobility,https://onlinelibrary.wiley.com/doi/10.1002/anie.8366566?af=R,2026-09-21 14:15:47 UTC,Wiley: Angewandte Chemie International Edition: Table of Contents,2026-09-21 14:15:47+00:00
Triadic Sites Drive Tandem CO2‐to‐Ethanol Conversion by Steering *CO Coverage and *COH Intermediate Formation,https://onlinelibrary.wiley.com/doi/10.1002/anie.8481946?af=R,2026-09-21 14:15:47 UTC,Wiley: Angewandte Chemie International Edition: Table of Contents,2026-09-21 14:15:47+00:00
Glutathione‐Responsive Acyl‐Modifications for Targeted RNA Decaging and Prolonged Protein Synthesis,https://onlinelibrary.wiley.com/doi/10.1002/anie.8835235?af=R,2026-09-21 14:15:47 UTC,Wiley: Angewandte Chemie International Edition: Table of Contents,2026-09-21 14:15:47+00:00
Electride Formation of (Ca1–xSrx)3CrN3 Induced by Negative Chemical Pressure,https://onlinelibrary.wiley.com/doi/10.1002/anie.9233187?af=R,2026-09-21 14:15:47 UTC,Wiley: Angewandte Chemie International Edition: Table of Contents,2026-09-21 14:15:47+00:00
Network‐Anchored Nanocages Create Weakly Solvating Electrolytes for Subzero Aqueous Zinc Batteries,https://onlinelibrary.wiley.com/doi/10.1002/anie.9405074?af=R,2026-09-21 14:15:47 UTC,Wiley: Angewandte Chemie International Edition: Table of Contents,2026-09-21 14:15:47+00:00
Mimicking Enzyme Activation Within an Ionic Liquid‐Immobilized Coordination Capsules for Electroreduction of N2 to NH3,https://onlinelibrary.wiley.com/doi/10.1002/anie.9669690?af=R,2026-09-21 14:15:47 UTC,Wiley: Angewandte Chemie International Edition: Table of Contents,2026-09-21 14:15:47+00:00
Phosphor‐Sensitized Deep Blue Narrowband OLED Devices With EQE Over 40% by Using a Horizontal‐Oriented Host,https://onlinelibrary.wiley.com/doi/10.1002/anie.9859395?af=R,2026-09-21 14:15:47 UTC,Wiley: Angewandte Chemie International Edition: Table of Contents,2026-09-21 14:15:47+00:00
Interface Local‐Alkalinity Engineering for Enhanced Dehydrogenation Catalysis in Neutral Media,https://onlinelibrary.wiley.com/doi/10.1002/anie.7897749?af=R,2026-09-21 14:15:47 UTC,Wiley: Angewandte Chemie International Edition: Table of Contents,2026-09-21 14:15:47+00:00
Exclusive Hydroformylation of Terminal Olefins: A Phosphorus‐Free Ruthenium System for the Selective Functionalization of Complex Mixtures,https://onlinelibrary.wiley.com/doi/10.1002/anie.3316419?af=R,2026-09-21 14:15:47 UTC,Wiley: Angewandte Chemie International Edition: Table of Contents,2026-09-21 14:15:47+00:00
Pd Nanoparticles Versus Single Atoms on CuTi‐LDH: Reversing Photoinduced Charge Transfer to Switch Radical Generation Pathway for Selective Methane Photooxidation,https://onlinelibrary.wiley.com/doi/10.1002/anie.6309493?af=R,2026-09-21 14:15:47 UTC,Wiley: Angewandte Chemie International Edition: Table of Contents,2026-09-21 14:15:47+00:00
Supramolecular Cage‐Based Heterojunction: Chloroplast Mimicked Artificial Photosynthesis for Efficient Ethanol Production,https://onlinelibrary.wiley.com/doi/10.1002/anie.6078601?af=R,2026-09-21 14:15:47 UTC,Wiley: Angewandte Chemie International Edition: Table of Contents,2026-09-21 14:15:47+00:00
CO2* Luminescence‐Navigated Oxide Overlayer Engineering for CO Oxidation,https://onlinelibrary.wiley.com/doi/10.1002/anie.3712617?af=R,2026-09-21 14:15:47 UTC,Wiley: Angewandte Chemie International Edition: Table of Contents,2026-09-21 14:15:47+00:00
A CO2‐Mediated Li‐O2 Battery With 3.3 V Discharge Voltage,https://onlinelibrary.wiley.com/doi/10.1002/anie.4071427?af=R,2026-09-21 14:15:47 UTC,Wiley: Angewandte Chemie International Edition: Table of Contents,2026-09-21 14:15:47+00:00
Metal‐Perturbed Through‐Space Charge Transfer Excited State: A Platform for Strongly Emissive Pd(II) Complexes via Thermally Activated Delayed Fluorescence,https://onlinelibrary.wiley.com/doi/10.1002/anie.4146644?af=R,2026-09-21 14:15:47 UTC,Wiley: Angewandte Chemie International Edition: Table of Contents,2026-09-21 14:15:47+00:00
Endogenous Redox‐Sensitive UV Absorbers Enable Efficient and Stable Full Air‐Processed Perovskite Solar Cells,https://onlinelibrary.wiley.com/doi/10.1002/anie.4177367?af=R,2026-09-21 14:15:47 UTC,Wiley: Angewandte Chemie International Edition: Table of Contents,2026-09-21 14:15:47+00:00
Structure‐Guided Redesign of Terminal Deoxynucleotidyl Transferase Enables Scalable Enzymatic DNA Synthesis for Data Storage,https://onlinelibrary.wiley.com/doi/10.1002/anie.4267702?af=R,2026-09-21 14:15:47 UTC,Wiley: Angewandte Chemie International Edition: Table of Contents,2026-09-21 14:15:47+00:00
Periplasmic FeS Electron Conduits: Tuning Electrocoupling and Respiratory Dehalogenation in a Synthetic Consortium,https://onlinelibrary.wiley.com/doi/10.1002/anie.4522602?af=R,2026-09-21 14:15:47 UTC,Wiley: Angewandte Chemie International Edition: Table of Contents,2026-09-21 14:15:47+00:00
Fully Conjugated Pseudo‐3D Covalent Organic Frameworks With Accelerated Electron Transport for High‐Performance Lithium‐Ion Batteries,https://onlinelibrary.wiley.com/doi/10.1002/anie.4550020?af=R,2026-09-21 14:15:47 UTC,Wiley: Angewandte Chemie International Edition: Table of Contents,2026-09-21 14:15:47+00:00
Host–Guest Mismatch Enables Selective Hydrogen Atom Transfer,https://onlinelibrary.wiley.com/doi/10.1002/anie.4608575?af=R,2026-09-21 14:15:47 UTC,Wiley: Angewandte Chemie International Edition: Table of Contents,2026-09-21 14:15:47+00:00
Predicting Catalyst Performance From Pt/CeO2 Redispersion Kinetics,https://onlinelibrary.wiley.com/doi/10.1002/anie.4743891?af=R,2026-09-21 14:15:47 UTC,Wiley: Angewandte Chemie International Edition: Table of Contents,2026-09-21 14:15:47+00:00
Molecular Engineering Boosts Photon‐Activated Immunotherapy for Prostate Cancer Through Concurrent Pyroptosis and cGAS‐STING Pathway Activation,https://onlinelibrary.wiley.com/doi/10.1002/anie.4883627?af=R,2026-09-21 14:15:47 UTC,Wiley: Angewandte Chemie International Edition: Table of Contents,2026-09-21 14:15:47+00:00
"Additive‐Free, Efficient, and Stable All‐Polymer Solar Cells Enabled by Congeneric Molecule Construction for Integrated Solar‐Storage Applications",https://onlinelibrary.wiley.com/doi/10.1002/anie.6171732?af=R,2026-09-21 14:15:47 UTC,Wiley: Angewandte Chemie International Edition: Table of Contents,2026-09-21 14:15:47+00:00
Substituent Variation in Tetraaza[14]Annulene‐Based Covalent Organic Frameworks for Modulation of Electronic States,https://onlinelibrary.wiley.com/doi/10.1002/anie.4973178?af=R,2026-09-21 14:15:47 UTC,Wiley: Angewandte Chemie International Edition: Table of Contents,2026-09-21 14:15:47+00:00
Intrinsically Flame‐Retardant Liquid Crystal Elastomers With Flame‐Triggered Actuation Enabled by Main‐Chain P─C Bond Incorporation,https://onlinelibrary.wiley.com/doi/10.1002/anie.5197516?af=R,2026-09-21 14:15:47 UTC,Wiley: Angewandte Chemie International Edition: Table of Contents,2026-09-21 14:15:47+00:00
Harnessing Supramolecular Circularly Polarized Scattering for Enhanced Chiroptical Performance,https://onlinelibrary.wiley.com/doi/10.1002/anie.5198135?af=R,2026-09-21 14:15:47 UTC,Wiley: Angewandte Chemie International Edition: Table of Contents,2026-09-21 14:15:47+00:00
A Small Structural Change Makes a Big Difference: Synthesis of a Bowl‐Like Polyoxometalate‐Encapsulated {Ag7}5+ Cluster and Its Structural Derivatives,https://onlinelibrary.wiley.com/doi/10.1002/anie.5283794?af=R,2026-09-21 14:15:47 UTC,Wiley: Angewandte Chemie International Edition: Table of Contents,2026-09-21 14:15:47+00:00
Bio‐Inspired Zymogen‐Activation Strategy for On‐Demand and Bilateral Interphase Formation in Aqueous Zinc‐Ion Batteries,https://onlinelibrary.wiley.com/doi/10.1002/anie.5322811?af=R,2026-09-21 14:15:47 UTC,Wiley: Angewandte Chemie International Edition: Table of Contents,2026-09-21 14:15:47+00:00
Triple Framework Isomerism and Efficient Ethane/Ethylene Separation of Single‐Crystal Covalent Organic Frameworks With 2D hcb Sheets,https://onlinelibrary.wiley.com/doi/10.1002/anie.5362334?af=R,2026-09-21 14:15:47 UTC,Wiley: Angewandte Chemie International Edition: Table of Contents,2026-09-21 14:15:47+00:00
Bioinspired Total Synthesis of Myltayloriones A‐B and Mylnudones A–D,https://onlinelibrary.wiley.com/doi/10.1002/anie.5419423?af=R,2026-09-21 14:15:47 UTC,Wiley: Angewandte Chemie International Edition: Table of Contents,2026-09-21 14:15:47+00:00
Discovery of an Antiviral Electron Transfer Process to Create Catalytically Self‐Sufficient Viral Restriction Factors,https://onlinelibrary.wiley.com/doi/10.1002/anie.5423408?af=R,2026-09-21 14:15:47 UTC,Wiley: Angewandte Chemie International Edition: Table of Contents,2026-09-21 14:15:47+00:00
CO2‐Derived Graphite: A Critical Material for Terrestrial and Martian Sustainability,https://onlinelibrary.wiley.com/doi/10.1002/anie.5750397?af=R,2026-09-21 14:15:47 UTC,Wiley: Angewandte Chemie International Edition: Table of Contents,2026-09-21 14:15:47+00:00
Narrowband Deep‐Red and Near‐Infrared Tetradentate Platinum(II) Complexes for High‐Performance OLEDs With Emission Peaks up to 715 nm and EQEs Over 20%,https://onlinelibrary.wiley.com/doi/10.1002/anie.5933955?af=R,2026-09-21 14:15:47 UTC,Wiley: Angewandte Chemie International Edition: Table of Contents,2026-09-21 14:15:47+00:00
A Hydrogen Bond‐Mediated Förster Resonance Energy Transfer (FRET) Glue Strategy for Long‐Lived Room‐Temperature Phosphorescence From Silver Clusters,https://onlinelibrary.wiley.com/doi/10.1002/anie.5966275?af=R,2026-09-21 14:15:47 UTC,Wiley: Angewandte Chemie International Edition: Table of Contents,2026-09-21 14:15:47+00:00
Elucidating the Origin of Intensified Thermal Safety Concerns of Practical Next‐Generation High‐Energy‐Density Li‐Ion Batteries,https://onlinelibrary.wiley.com/doi/10.1002/anie.5057887?af=R,2026-09-21 14:15:47 UTC,Wiley: Angewandte Chemie International Edition: Table of Contents,2026-09-21 14:15:47+00:00
Nitrogen‐Mediated Orbital‐Compatible π‐Extension: Balancing Excited‐State Components and Suppressing Vibrational Broadening Toward Redshifted Narrowband MR‐TADF Emitters,https://onlinelibrary.wiley.com/doi/10.1002/anie.3797502?af=R,2026-09-21 14:15:47 UTC,Wiley: Angewandte Chemie International Edition: Table of Contents,2026-09-21 14:15:47+00:00
Mapping Proton‐Coupled Electron Transfer With Real Space Coordinates,https://onlinelibrary.wiley.com/doi/10.1002/anie.5050035?af=R,2026-09-21 14:15:47 UTC,Wiley: Angewandte Chemie International Edition: Table of Contents,2026-09-21 14:15:47+00:00
A Chemically Fueled Logic Gate With Temporally Programmable Output Delays by Harnessing Transient States of One Molecule in Two Independent Reaction Pathways,https://onlinelibrary.wiley.com/doi/10.1002/anie.5439859?af=R,2026-09-21 14:15:47 UTC,Wiley: Angewandte Chemie International Edition: Table of Contents,2026-09-21 14:15:47+00:00
Engineering Pt/Ionomer Interface via Strengthening Hydrogen‐Bond Network for High‐Performance Low‐Pt Fuel Cells,https://onlinelibrary.wiley.com/doi/10.1002/anie.5877382?af=R,2026-09-21 14:15:47 UTC,Wiley: Angewandte Chemie International Edition: Table of Contents,2026-09-21 14:15:47+00:00
Metal–Organic Flexible Glasses Deliver Time‐Chirality‐Color Multi‐Dimensional Photonic Switches,https://onlinelibrary.wiley.com/doi/10.1002/anie.5676659?af=R,2026-09-21 14:15:47 UTC,Wiley: Angewandte Chemie International Edition: Table of Contents,2026-09-21 14:15:47+00:00
Processable Inverse‐Vulcanized Polymers With Silicon‐Like High Refractive Index and Transmittance for Infrared Optics,https://onlinelibrary.wiley.com/doi/10.1002/anie.4976163?af=R,2026-09-21 14:15:47 UTC,Wiley: Angewandte Chemie International Edition: Table of Contents,2026-09-21 14:15:47+00:00
Low‐Energy Photons in Radical Chemistry: From Deep‐Red to Near‐Infrared Radical Generation for Organic Synthesis,https://onlinelibrary.wiley.com/doi/10.1002/anie.5113394?af=R,2026-09-21 14:15:47 UTC,Wiley: Angewandte Chemie International Edition: Table of Contents,2026-09-21 14:15:47+00:00
Inside Back Cover: Strain‐Tunable Phonon Coupling and Polarization Optoelectronics in Supersaturation‐Grown Boron Phosphide Nanowires (Angew. Chem. Int. Ed. 39/2026),https://onlinelibrary.wiley.com/doi/10.1002/anie.2026-m1808032000?af=R,2026-09-21 14:15:47 UTC,Wiley: Angewandte Chemie International Edition: Table of Contents,2026-09-21 14:15:47+00:00
Dual Lewis Acid Sites Enabling Passivation‐Resistant Sulfur Oxidation Coupled Hydrogen Evolution Reaction,https://onlinelibrary.wiley.com/doi/10.1002/anie.9794796?af=R,2026-09-21 14:15:47 UTC,Wiley: Angewandte Chemie International Edition: Table of Contents,2026-09-21 14:15:47+00:00
Selective Oxidation From Toluene to Benzaldehyde via 4f‐Orbital Involvement,https://onlinelibrary.wiley.com/doi/10.1002/anie.8909985?af=R,2026-09-21 14:15:47 UTC,Wiley: Angewandte Chemie International Edition: Table of Contents,2026-09-21 14:15:47+00:00
Construction of Axially Chiral Polymers by Asymmetric C–H Activation Polymerization,https://onlinelibrary.wiley.com/doi/10.1002/anie.2073269?af=R,2026-09-21 14:15:47 UTC,Wiley: Angewandte Chemie International Edition: Table of Contents,2026-09-21 14:15:47+00:00
A High‐Voltage Membrane‐Free Li–Organic Hybrid Flow Battery Using Eutectic Lithium Chemistry,https://onlinelibrary.wiley.com/doi/10.1002/anie.8407735?af=R,2026-09-21 14:26:37 UTC,Wiley: Angewandte Chemie International Edition: Table of Contents,2026-09-21 14:26:37+00:00
Cyclic P3O93– Trimer: A Network Former for Amorphous Superionic Conductors in Sodium Solid‐State Batteries,https://onlinelibrary.wiley.com/doi/10.1002/anie.4295699?af=R,2026-09-21 14:26:37 UTC,Wiley: Angewandte Chemie International Edition: Table of Contents,2026-09-21 14:26:37+00:00
"A Homoleptic Ga4 Radical Anion: Isolation, Characterization, and Reactivity",https://onlinelibrary.wiley.com/doi/10.1002/anie.4495111?af=R,2026-09-21 14:26:37 UTC,Wiley: Angewandte Chemie International Edition: Table of Contents,2026-09-21 14:26:37+00:00
Ligand‐Enabled Chemical‐Potential Modulation of A‐Site Cation Reactivity Stabilizes Tin Halide Perovskite Nanocrystals,https://onlinelibrary.wiley.com/doi/10.1002/anie.4522068?af=R,2026-09-21 14:26:37 UTC,Wiley: Angewandte Chemie International Edition: Table of Contents,2026-09-21 14:26:37+00:00
Activation of Allylic Primary Alcohols With Biaryl Oxazepine Reagent for Chiral Phosphoric Acid‐Catalyzed Asymmetric SN1 Reaction,https://onlinelibrary.wiley.com/doi/10.1002/anie.5149199?af=R,2026-09-21 14:26:37 UTC,Wiley: Angewandte Chemie International Edition: Table of Contents,2026-09-21 14:26:37+00:00
Atomic–Level Interfacial Regulation Enables Efficient Chlorine Redox Chemistry in Rechargeable H2─Cl2 Batteries,https://onlinelibrary.wiley.com/doi/10.1002/anie.5210125?af=R,2026-09-21 14:26:37 UTC,Wiley: Angewandte Chemie International Edition: Table of Contents,2026-09-21 14:26:37+00:00
Co‐Localization‐Gated Multivalent DNA Logic Gate for Programmable Cell Recognition,https://onlinelibrary.wiley.com/doi/10.1002/anie.5650963?af=R,2026-09-21 14:26:37 UTC,Wiley: Angewandte Chemie International Edition: Table of Contents,2026-09-21 14:26:37+00:00
Excited‐State Conformational Dynamics Enables Visible‐Light‐Activated Near‐Infrared Phosphorescent Nano‐Assemblies for Bioimaging,https://onlinelibrary.wiley.com/doi/10.1002/anie.5778721?af=R,2026-09-21 14:26:37 UTC,Wiley: Angewandte Chemie International Edition: Table of Contents,2026-09-21 14:26:37+00:00
Reversible Click Reactions in Water: A Robust and Customizable Synthetic Tool,https://onlinelibrary.wiley.com/doi/10.1002/anie.5790044?af=R,2026-09-21 14:26:37 UTC,Wiley: Angewandte Chemie International Edition: Table of Contents,2026-09-21 14:26:37+00:00
Porous Organic Cage Liquid Stabilizes Pd Nanoclusters for Ambient H2 Capture and Alkyne Semihydrogenation,https://onlinelibrary.wiley.com/doi/10.1002/anie.6163429?af=R,2026-09-21 14:26:37 UTC,Wiley: Angewandte Chemie International Edition: Table of Contents,2026-09-21 14:26:37+00:00
Asymmetric Ni–O–Co Active Sites Induce Spin‐State Transitions to Break Performance Trade‐Offs in Urea Electrolysis,https://onlinelibrary.wiley.com/doi/10.1002/anie.6255291?af=R,2026-09-21 14:26:37 UTC,Wiley: Angewandte Chemie International Edition: Table of Contents,2026-09-21 14:26:37+00:00
Synergistic Effect of Chirality and Symmetry Reduction Enables Metal‐Free Perovskite Single Crystal With Stable Self‐Driven X‐ray Detection,https://onlinelibrary.wiley.com/doi/10.1002/anie.6443941?af=R,2026-09-21 14:26:37 UTC,Wiley: Angewandte Chemie International Edition: Table of Contents,2026-09-21 14:26:37+00:00
Chemical Ordering Command Dynamic Reconstruction for Enhanced Water Oxidation,https://onlinelibrary.wiley.com/doi/10.1002/anie.6881208?af=R,2026-09-21 14:26:37 UTC,Wiley: Angewandte Chemie International Edition: Table of Contents,2026-09-21 14:26:37+00:00
Photoinduced Copper‐Catalyzed Stereoselective C(sp3)‐H Amination Enabled by Preorganized Multiple Noncovalent Interactions,https://onlinelibrary.wiley.com/doi/10.1002/anie.6908076?af=R,2026-09-21 14:26:37 UTC,Wiley: Angewandte Chemie International Edition: Table of Contents,2026-09-21 14:26:37+00:00
Steering CO2 Electroreduction to Methane and Deuterated Methane via Hydrogen‐Bond Engineering on Copper–Phenolic Networks,https://onlinelibrary.wiley.com/doi/10.1002/anie.6973257?af=R,2026-09-21 14:26:37 UTC,Wiley: Angewandte Chemie International Edition: Table of Contents,2026-09-21 14:26:37+00:00
Logic‐Responsive Superspherical Nucleic Acid Enables Tumor‐Specific Multiplexed Gene Silencing for Efficient Cancer Therapy,https://onlinelibrary.wiley.com/doi/10.1002/anie.7096315?af=R,2026-09-21 14:26:37 UTC,Wiley: Angewandte Chemie International Edition: Table of Contents,2026-09-21 14:26:37+00:00
One‐Pot Conversion of Acridines Into Phototherapeutic Near‐Infrared Spirocyanines,https://onlinelibrary.wiley.com/doi/10.1002/anie.7568921?af=R,2026-09-21 14:26:37 UTC,Wiley: Angewandte Chemie International Edition: Table of Contents,2026-09-21 14:26:37+00:00
Amino Acid Simulated Host–Guest Systems With Full‐Color High‐Temperature Organic Afterglow,https://onlinelibrary.wiley.com/doi/10.1002/anie.7699965?af=R,2026-09-21 14:26:37 UTC,Wiley: Angewandte Chemie International Edition: Table of Contents,2026-09-21 14:26:37+00:00
Reversible Multiple Cation Storage in High‐Entropy MXenes for Durable Seawater Batteries,https://onlinelibrary.wiley.com/doi/10.1002/anie.8021992?af=R,2026-09-21 14:26:37 UTC,Wiley: Angewandte Chemie International Edition: Table of Contents,2026-09-21 14:26:37+00:00
A Multidentate Coordination Complex‐Based Self‐Assembled Monolayer Stabilizes Perovskite Interface,https://onlinelibrary.wiley.com/doi/10.1002/anie.8080769?af=R,2026-09-21 14:26:37 UTC,Wiley: Angewandte Chemie International Edition: Table of Contents,2026-09-21 14:26:37+00:00
Expanding the Design Rules for Discriminating Nucleic Acid Mutations via Mismatch‐Exchange,https://onlinelibrary.wiley.com/doi/10.1002/anie.8342320?af=R,2026-09-21 14:26:37 UTC,Wiley: Angewandte Chemie International Edition: Table of Contents,2026-09-21 14:26:37+00:00
Engineering Surface Hydroxyls of Zeolites to Suppress Sintering of Confined PtSn Clusters for Stable Propane Dehydrogenation,https://onlinelibrary.wiley.com/doi/10.1002/anie.8364254?af=R,2026-09-21 14:26:37 UTC,Wiley: Angewandte Chemie International Edition: Table of Contents,2026-09-21 14:26:37+00:00
Polymer Brushes Govern Defect‐Selective Oxidative Etching of Penta‐Twinned Gold Nanorods,https://onlinelibrary.wiley.com/doi/10.1002/anie.8508304?af=R,2026-09-21 14:26:37 UTC,Wiley: Angewandte Chemie International Edition: Table of Contents,2026-09-21 14:26:37+00:00
Corannulene‐Driven Curvature Engineering Enhances Fullerene Encapsulation in a Carbon Nanohoop,https://onlinelibrary.wiley.com/doi/10.1002/anie.8648830?af=R,2026-09-21 14:26:37 UTC,Wiley: Angewandte Chemie International Edition: Table of Contents,2026-09-21 14:26:37+00:00
Supramolecular Polymer‐Surfactant Co‐Assemblies for Multivalent HSV‐1 Inhibition,https://onlinelibrary.wiley.com/doi/10.1002/anie.8702628?af=R,2026-09-21 14:26:37 UTC,Wiley: Angewandte Chemie International Edition: Table of Contents,2026-09-21 14:26:37+00:00
Oxygen‐Radical Capture Enabled Nickel‐Catalyzed Carbon(sp2)‐Heteroatom Coupling of Two Nucleophiles,https://onlinelibrary.wiley.com/doi/10.1002/anie.8724182?af=R,2026-09-21 14:26:37 UTC,Wiley: Angewandte Chemie International Edition: Table of Contents,2026-09-21 14:26:37+00:00
Circular Photocaged mRNA for Light‐induced Late‐stage Activation of Translation,https://onlinelibrary.wiley.com/doi/10.1002/anie.8731921?af=R,2026-09-21 14:26:37 UTC,Wiley: Angewandte Chemie International Edition: Table of Contents,2026-09-21 14:26:37+00:00
A Platinum(IV) Metallo‐Stapling Approach to Tumor‐Specific Prodrugs for Targeted Chemo‐Immunometabolic Cancer Therapy,https://onlinelibrary.wiley.com/doi/10.1002/anie.8875420?af=R,2026-09-21 14:26:37 UTC,Wiley: Angewandte Chemie International Edition: Table of Contents,2026-09-21 14:26:37+00:00
Near‐Infrared Light Photocatalysis Enables Synergistic Cancer Therapy,https://onlinelibrary.wiley.com/doi/10.1002/anie.4230000?af=R,2026-09-21 14:26:37 UTC,Wiley: Angewandte Chemie International Edition: Table of Contents,2026-09-21 14:26:37+00:00
Nickel‐Catalyzed Asymmetric Hydrophosphinamidation of Alkynes,https://onlinelibrary.wiley.com/doi/10.1002/anie.4145640?af=R,2026-09-21 14:26:37 UTC,Wiley: Angewandte Chemie International Edition: Table of Contents,2026-09-21 14:26:37+00:00
Enantioselective Hydrosilylation of Diverse Allenes via Nickel Catalysis,https://onlinelibrary.wiley.com/doi/10.1002/anie.4069826?af=R,2026-09-21 14:26:37 UTC,Wiley: Angewandte Chemie International Edition: Table of Contents,2026-09-21 14:26:37+00:00
Binding‐Activated 1O2‐Genic Photosensitizers for Live‐Cell Control and Proteomic Mapping of Cytoskeletal Networks,https://onlinelibrary.wiley.com/doi/10.1002/anie.3832427?af=R,2026-09-21 14:26:37 UTC,Wiley: Angewandte Chemie International Edition: Table of Contents,2026-09-21 14:26:37+00:00
"Inside Front Cover: Water, Alcohols, Amines, and Amides as Formal Hydrogen‐Atom‐Transfer Reagents Through Activation With Redox‐Active Lewis Acids (Angew. Chem. Int. Ed. 39/2026)",https://onlinelibrary.wiley.com/doi/10.1002/anie.2026-m1808034200?af=R,2026-09-21 14:26:37 UTC,Wiley: Angewandte Chemie International Edition: Table of Contents,2026-09-21 14:26:37+00:00
The Potential of Operando DRIFT Spectroscopy for Studying Degradation Mechanisms of Metal Oxide‐Based Electrochemical Cells,https://onlinelibrary.wiley.com/doi/10.1002/anie.3765346?af=R,2026-09-21 14:26:37 UTC,Wiley: Angewandte Chemie International Edition: Table of Contents,2026-09-21 14:26:37+00:00
Peiran Wei,https://onlinelibrary.wiley.com/doi/10.1002/anie.5628873?af=R,2026-09-21 14:26:37 UTC,Wiley: Angewandte Chemie International Edition: Table of Contents,2026-09-21 14:26:37+00:00
Netanel Shpigel,https://onlinelibrary.wiley.com/doi/10.1002/anie.8798559?af=R,2026-09-21 14:26:37 UTC,Wiley: Angewandte Chemie International Edition: Table of Contents,2026-09-21 14:26:37+00:00
Water‐Derived Radical Species Initiate Six‐Electron Oxidation of Cyclic Ketones in Microdroplets,https://onlinelibrary.wiley.com/doi/10.1002/anie.1888676?af=R,2026-09-21 14:26:37 UTC,Wiley: Angewandte Chemie International Edition: Table of Contents,2026-09-21 14:26:37+00:00
Solvent and Ligand Control of Long‐Lived Charge‐Separated States in Cerium(IV) Photocatalysis,https://onlinelibrary.wiley.com/doi/10.1002/anie.6538194?af=R,2026-09-21 14:26:37 UTC,Wiley: Angewandte Chemie International Edition: Table of Contents,2026-09-21 14:26:37+00:00
"One Molecular Platform, Three Distinct Narrowband Organoboron TADF Emitters: A Divergent One‐Pot Strategy From Green to Red",https://onlinelibrary.wiley.com/doi/10.1002/anie.6875427?af=R,2026-09-21 14:26:37 UTC,Wiley: Angewandte Chemie International Edition: Table of Contents,2026-09-21 14:26:37+00:00
Induction and Stabilization of Peptide Alpha‐Helices on Silica Nanoparticles,https://onlinelibrary.wiley.com/doi/10.1002/anie.8942173?af=R,2026-09-21 14:26:37 UTC,Wiley: Angewandte Chemie International Edition: Table of Contents,2026-09-21 14:26:37+00:00
Well‐Defined RhO4 Species Confined in Self‐Pillared Pentasil Zeolite as Efficient Nano Reactors for Hydroformylation of Higher Olefins,https://onlinelibrary.wiley.com/doi/10.1002/anie.9652753?af=R,2026-09-21 14:26:37 UTC,Wiley: Angewandte Chemie International Edition: Table of Contents,2026-09-21 14:26:37+00:00
Dynamic Binding of Alkali‐Metal Ions in a Metalloporphyrin Cage: Impact on Redox Catalysis,https://onlinelibrary.wiley.com/doi/10.1002/anie.9925316?af=R,2026-09-21 14:26:37 UTC,Wiley: Angewandte Chemie International Edition: Table of Contents,2026-09-21 14:26:37+00:00
Vicinal‐Diboron Reinforced [9]Helicene Enables Narrowband Blue Circularly Polarized Emitter With Large Dissymmetry Factor and High Device Efficiency,https://onlinelibrary.wiley.com/doi/10.1002/anie.1030078?af=R,2026-09-21 14:26:37 UTC,Wiley: Angewandte Chemie International Edition: Table of Contents,2026-09-21 14:26:37+00:00
Water Is Not Universally Promotional: Size‐Dependent Inversion of Water Effects in Methanol Steam Reforming,https://onlinelibrary.wiley.com/doi/10.1002/anie.1134406?af=R,2026-09-21 14:26:37 UTC,Wiley: Angewandte Chemie International Edition: Table of Contents,2026-09-21 14:26:37+00:00
Hydrogen‐Bond‐Induced Switching of Interaction Hierarchy in Dipolar D–A Chromophores for NIR Circularly Polarized Photodetection,https://onlinelibrary.wiley.com/doi/10.1002/anie.1147827?af=R,2026-09-21 14:26:37 UTC,Wiley: Angewandte Chemie International Edition: Table of Contents,2026-09-21 14:26:37+00:00
Manipulating Conical Intersections via a Noncovalent Strategy for Enhanced Photothermal Conversion,https://onlinelibrary.wiley.com/doi/10.1002/anie.9215288?af=R,2026-09-21 14:26:37 UTC,Wiley: Angewandte Chemie International Edition: Table of Contents,2026-09-21 14:26:37+00:00
Controlled Reactive Metal−Support Interactions in NiIn/CeO2 Catalysts for Enhanced Methanol Synthesis from CO2,https://onlinelibrary.wiley.com/doi/10.1002/anie.1906096?af=R,2026-09-21 14:26:37 UTC,Wiley: Angewandte Chemie International Edition: Table of Contents,2026-09-21 14:26:37+00:00
Stable Full‐Color and Single‐Phase White Emission in a Family of Isomeric Organic Cu(I) Iodides,https://onlinelibrary.wiley.com/doi/10.1002/anie.2260330?af=R,2026-09-21 14:26:37 UTC,Wiley: Angewandte Chemie International Edition: Table of Contents,2026-09-21 14:26:37+00:00
"Spatially Homogeneous Mg3(Sb, Bi)2 With Suppressed Parasitic Transport Enables Ultrahigh Thermoelectric Performance",https://onlinelibrary.wiley.com/doi/10.1002/anie.2307998?af=R,2026-09-21 14:26:37 UTC,Wiley: Angewandte Chemie International Edition: Table of Contents,2026-09-21 14:26:37+00:00
Structural and Functional Siderophore Remodeling by Enzymatic Delipidation,https://onlinelibrary.wiley.com/doi/10.1002/anie.2621546?af=R,2026-09-21 14:26:37 UTC,Wiley: Angewandte Chemie International Edition: Table of Contents,2026-09-21 14:26:37+00:00
A Transiently Activated Rotaxane Mechanocatalyst,https://onlinelibrary.wiley.com/doi/10.1002/anie.2653602?af=R,2026-09-21 14:26:37 UTC,Wiley: Angewandte Chemie International Edition: Table of Contents,2026-09-21 14:26:37+00:00
Heteronuclear Rh‐La Dual‐Atom Sites Enable Pathway‐Controlled Hydrogen Production in Ethanol Steam Reforming,https://onlinelibrary.wiley.com/doi/10.1002/anie.2800335?af=R,2026-09-21 14:26:37 UTC,Wiley: Angewandte Chemie International Edition: Table of Contents,2026-09-21 14:26:37+00:00
Intergrowth Fluorite Slabs Modulate Interstitial Fluorine to Enhance Fluoride‐Ion Conductivity,https://onlinelibrary.wiley.com/doi/10.1002/anie.2915160?af=R,2026-09-21 14:26:37 UTC,Wiley: Angewandte Chemie International Edition: Table of Contents,2026-09-21 14:26:37+00:00
Polymorphism in Covalent Organic Frameworks Regulates Excited Dynamics for H2O2 Photosynthesis Coupled With Biomass Valorization,https://onlinelibrary.wiley.com/doi/10.1002/anie.3123120?af=R,2026-09-21 14:26:37 UTC,Wiley: Angewandte Chemie International Edition: Table of Contents,2026-09-21 14:26:37+00:00
Interfacial Fluorinated Ion Crowding Enables Reversible Zinc Metal Batteries,https://onlinelibrary.wiley.com/doi/10.1002/anie.3251724?af=R,2026-09-21 14:26:37 UTC,Wiley: Angewandte Chemie International Edition: Table of Contents,2026-09-21 14:26:37+00:00
Cu+‐Cu0 Cluster Pairs in Defective MOFs for Highly Synergistic CO2 Hydrogenation to Methanol,https://onlinelibrary.wiley.com/doi/10.1002/anie.3440356?af=R,2026-09-21 14:26:37 UTC,Wiley: Angewandte Chemie International Edition: Table of Contents,2026-09-21 14:26:37+00:00
Crystal‐Field‐Weakening Engineering Unlocks Ultra‐Efficient Eu2+ Near‐Infrared Emission for Emerging Spectroscopic Applications,https://onlinelibrary.wiley.com/doi/10.1002/anie.3509299?af=R,2026-09-21 14:26:37 UTC,Wiley: Angewandte Chemie International Edition: Table of Contents,2026-09-21 14:26:37+00:00
Intrinsic Near‐Infrared‐II Fluorescent Nanozymes Support High‐Resolution Imaging and Tumor Catalytic Immunotherapy,https://onlinelibrary.wiley.com/doi/10.1002/anie.3521141?af=R,2026-09-21 14:26:37 UTC,Wiley: Angewandte Chemie International Edition: Table of Contents,2026-09-21 14:26:37+00:00
Solvent Hydrogen Bonding Determines Adsorption Geometry of Trimesic Acid on Cu,https://onlinelibrary.wiley.com/doi/10.1002/anie.3523377?af=R,2026-09-21 14:26:37 UTC,Wiley: Angewandte Chemie International Edition: Table of Contents,2026-09-21 14:26:37+00:00
Charge‐Transfer Assembly of Electrically Conductive Metal–Organic Cages,https://onlinelibrary.wiley.com/doi/10.1002/anie.3742186?af=R,2026-09-21 14:26:37 UTC,Wiley: Angewandte Chemie International Edition: Table of Contents,2026-09-21 14:26:37+00:00
Leveraging the Enantiomeric Excess of Catalyst for Precise Stereocontrol in Poly(3‐hydroxybutyrate),https://onlinelibrary.wiley.com/doi/10.1002/anie.2119273?af=R,2026-09-21 14:26:37 UTC,Wiley: Angewandte Chemie International Edition: Table of Contents,2026-09-21 14:26:37+00:00
Force‐Induced Control of Circularly Polarized Luminescence With Rotaxane Architecture,https://onlinelibrary.wiley.com/doi/10.1002/anie.9590374?af=R,2026-09-21 14:26:37 UTC,Wiley: Angewandte Chemie International Edition: Table of Contents,2026-09-21 14:26:37+00:00
Regulating Hydrogen Bond Competition to Break Ultrawide‐Temperature (−70°C to 100°C) Limits for All‐Climate Zinc Batteries,https://onlinelibrary.wiley.com/doi/10.1002/anie.1162317?af=R,2026-09-21 14:26:37 UTC,Wiley: Angewandte Chemie International Edition: Table of Contents,2026-09-21 14:26:37+00:00
Work‐Function‐Modulated Ag Single‐Atom Catalysts for Amino Alcohol Oxidation,https://onlinelibrary.wiley.com/doi/10.1002/anie.5510018?af=R,2026-09-21 14:26:37 UTC,Wiley: Angewandte Chemie International Edition: Table of Contents,2026-09-21 14:26:37+00:00
Outside Front Cover: Metal–Organic Flexible Glasses Deliver Time‐Chirality‐Color Multi‐Dimensional Photonic Switches (Angew. Chem. Int. Ed. 39/2026),https://onlinelibrary.wiley.com/doi/10.1002/anie.2026-m1808033800?af=R,2026-09-21 14:26:37 UTC,Wiley: Angewandte Chemie International Edition: Table of Contents,2026-09-21 14:26:37+00:00
Outside Back Cover: Solvent and Ligand Control of Long‐Lived Charge‐Separated States in Cerium(IV) Photocatalysis (Angew. Chem. Int. Ed. 39/2026),https://onlinelibrary.wiley.com/doi/10.1002/anie.2026-m1808032600?af=R,2026-09-21 14:26:37 UTC,Wiley: Angewandte Chemie International Edition: Table of Contents,2026-09-21 14:26:37+00:00
Desulfurative Deuteration of (Hetero)Aryl Sulfides With D2O by Nickel Catalysis,https://onlinelibrary.wiley.com/doi/10.1002/anie.7248763?af=R,2026-09-21 14:26:37 UTC,Wiley: Angewandte Chemie International Edition: Table of Contents,2026-09-21 14:26:37+00:00
Aqueous Cascade Synthesis of Robust Dual‐Linkage Covalent Organic Frameworks for Efficient Hydrogen and Oxygen Evolution at an Industrial‐Level Current Density,https://onlinelibrary.wiley.com/doi/10.1002/anie.8042334?af=R,2026-09-21 14:26:37 UTC,Wiley: Angewandte Chemie International Edition: Table of Contents,2026-09-21 14:26:37+00:00
Light‐Induced Alternating Catalysis on Single‐Atom Ruthenium Embedded in Covalent Organic Frameworks for High‐Performance Photo‐Assisted Li–O2 Batteries,https://onlinelibrary.wiley.com/doi/10.1002/anie.8705276?af=R,2026-09-21 14:26:37 UTC,Wiley: Angewandte Chemie International Edition: Table of Contents,2026-09-21 14:26:37+00:00
Inside Back Cover: Synergizing Schottky/S‐Scheme Dual‐Junction With Cu/Pb Dual‐Site in a 0D/3D Cu@CsPbBr3/G‐C3N4 Heterojunction for Efficient CO2‐to‐C2H4 Photoreduction,https://onlinelibrary.wiley.com/doi/10.1002/anie.2026-m1709013400?af=R,2026-09-21 15:19:39 UTC,Wiley: Angewandte Chemie International Edition: Table of Contents,2026-09-21 15:19:39+00:00
Fine Tuning of Catalyst Active Sites to Access Advanced Ultrahigh‐Melting Polyolefins,https://onlinelibrary.wiley.com/doi/10.1002/anie.9519061?af=R,2026-09-21 15:22:04 UTC,Wiley: Angewandte Chemie International Edition: Table of Contents,2026-09-21 15:22:04+00:00
Unlocking High‐Performance Te‐Free p‐Type Thermoelectrics via Cu Doping in Entropy‐Engineered Cd0.5Zn0.5Sb Zintl,https://onlinelibrary.wiley.com/doi/10.1002/anie.7271276?af=R,2026-09-21 15:23:27 UTC,Wiley: Angewandte Chemie International Edition: Table of Contents,2026-09-21 15:23:27+00:00
From Stable Radicals to Radical‑Trapping Antioxidants: Blatter Radicals Potently Inhibit Autoxidation and Suppress Ferroptosis,https://onlinelibrary.wiley.com/doi/10.1002/anie.1404527?af=R,2026-09-21 15:26:04 UTC,Wiley: Angewandte Chemie International Edition: Table of Contents,2026-09-21 15:26:04+00:00
Glutaredoxins Rapidly Reduce Glutathione Hydroper‐ and Polysulfides,https://onlinelibrary.wiley.com/doi/10.1002/anie.1222129?af=R,2026-09-21 15:27:32 UTC,Wiley: Angewandte Chemie International Edition: Table of Contents,2026-09-21 15:27:32+00:00
Tailoring and Unraveling Surface Functionalization of Nanomaterials via Self‐Reporting NIR‐Induced Upconversion Energy Transfer Process,https://onlinelibrary.wiley.com/doi/10.1002/anie.4453766?af=R,2026-09-21 15:32:24 UTC,Wiley: Angewandte Chemie International Edition: Table of Contents,2026-09-21 15:32:24+00:00
Gain‐of‐Function Engineering of the NifEN Scaffold Into a Self‐Assembling Nitrogenase,https://onlinelibrary.wiley.com/doi/10.1002/anie.8683437?af=R,2026-09-21 15:33:32 UTC,Wiley: Angewandte Chemie International Edition: Table of Contents,2026-09-21 15:33:32+00:00
Bidentate Phosphonate Bridges Enable Buried Interface Reconstruction for Thermomechanically Robust Sn–Pb Perovskite Solar Cells,https://onlinelibrary.wiley.com/doi/10.1002/anie.7907592?af=R,2026-09-21 15:34:20 UTC,Wiley: Angewandte Chemie International Edition: Table of Contents,2026-09-21 15:34:20+00:00
Outside Back Cover: Positional Effects of Single‐Atom Active Sites in 1D Porphyrinic COFs on Photocatalytic CO2 Reduction,https://onlinelibrary.wiley.com/doi/10.1002/anie.2026-m1709012800?af=R,2026-09-21 15:37:01 UTC,Wiley: Angewandte Chemie International Edition: Table of Contents,2026-09-21 15:37:01+00:00
Two‐Dimensional SnS2 Interlayers Enable Vacancy‐Guided Ion Migration for Stable Diffusive Memristors and Bioinspired Nociception,https://onlinelibrary.wiley.com/doi/10.1002/anie.6605459?af=R,2026-09-21 15:38:12 UTC,Wiley: Angewandte Chemie International Edition: Table of Contents,2026-09-21 15:38:12+00:00
A Ruthenium(CAAC‐5) Olefin Metathesis Catalyst for Bioconjugation,https://onlinelibrary.wiley.com/doi/10.1002/anie.3685338?af=R,2026-09-21 15:41:13 UTC,Wiley: Angewandte Chemie International Edition: Table of Contents,2026-09-21 15:41:13+00:00
Outside Front Cover: Directional Second Sphere Effect on CO2 Activation and Reduction by Iron Porphyrin in Aprotic and Protic Media,https://onlinelibrary.wiley.com/doi/10.1002/anie.2026-m1709014400?af=R,2026-09-21 15:41:34 UTC,Wiley: Angewandte Chemie International Edition: Table of Contents,2026-09-21 15:41:34+00:00
Inside Front Cover: In Silico to In Cerebro—Development of the Orexin Receptor Antagonist “Photorexant” for Photomodulation In Vitro and in Mouse Brains,https://onlinelibrary.wiley.com/doi/10.1002/anie.2026-m1709014100?af=R,2026-09-21 15:42:42 UTC,Wiley: Angewandte Chemie International Edition: Table of Contents,2026-09-21 15:42:42+00:00
Role of Graphene Oxide in the Nucleation and Growth of Gold Nanoparticles Revealed by Operando Time‐Resolved Studies,https://onlinelibrary.wiley.com/doi/10.1002/anie.6455772?af=R,2026-09-21 15:48:15 UTC,Wiley: Angewandte Chemie International Edition: Table of Contents,2026-09-21 15:48:15+00:00
Regeneration‐Optimized Chemisorbents: Evaluating Hybrid Coordination Networks for Atmospheric Water Harvesting,https://onlinelibrary.wiley.com/doi/10.1002/anie.6095254?af=R,2026-09-21 15:54:48 UTC,Wiley: Angewandte Chemie International Edition: Table of Contents,2026-09-21 15:54:48+00:00
Inside Back Cover: Flavin Catalysts in Organic Synthesis,https://onlinelibrary.wiley.com/doi/10.1002/anie.2026-m1709012500?af=R,2026-09-21 15:55:51 UTC,Wiley: Angewandte Chemie International Edition: Table of Contents,2026-09-21 15:55:51+00:00
Small Molecule Modulation of TERRA RNA Quadruplex Reprograms ALT‐Telomere Maintenance,https://onlinelibrary.wiley.com/doi/10.1002/anie.2898522?af=R,2026-09-21 15:58:55 UTC,Wiley: Angewandte Chemie International Edition: Table of Contents,2026-09-21 15:58:55+00:00
Vaulted Deep Lands $35 Million As Big Tech Bets On Turning Waste Into Carbon Removal,https://carbonherald.com/vaulted-deep-lands-35-million-as-big-tech-bets-on-turning-waste-into-carbon-removal/?utm_source=rss&utm_medium=rss&utm_campaign=vaulted-deep-lands-35-million-as-big-tech-bets-on-turning-waste-into-carbon-removal,2026-09-21 19:29:51 UTC,Carbon Herald,2026-09-21 19:29:51+00:00
Sequential electronic reconstruction enables durable oxygen redox in water electrolysis,https://www.nature.com/articles/s41893-026-01940-6,2026-09-22 00:00:00 UTC,Nature Sustainability,2026-09-22 00:00:00+00:00
This super-cold microscope could spur a quantum revolution,https://www.nature.com/articles/d41586-026-02942-2,2026-09-22 00:00:00 UTC,Nature,2026-09-22 00:00:00+00:00
Watch scientists decipher burnt scrolls without unrolling them,https://www.nature.com/articles/d41586-026-02920-8,2026-09-22 00:00:00 UTC,Nature,2026-09-22 00:00:00+00:00
Strong acoustic meta-aerogels enabled by nanoconfined directional freezing and in-situ polymerization,https://www.nature.com/articles/s41467-026-77972-5,2026-09-22 00:00:00 UTC,Nature Communications,2026-09-22 00:00:00+00:00
Transport evidence for the orbital Nernst effect,https://www.nature.com/articles/s41467-026-77878-2,2026-09-22 00:00:00 UTC,Nature Communications,2026-09-22 00:00:00+00:00
Retraction Note: Global energy use and carbon emissions from irrigated agriculture,https://www.nature.com/articles/s41467-026-77951-w,2026-09-22 00:00:00 UTC,Nature Communications,2026-09-22 00:00:00+00:00
Urban energy and transport impacts of autonomous robotaxi deployment,https://www.nature.com/articles/s41893-026-01944-2,2026-09-22 00:00:00 UTC,Nature Sustainability,2026-09-22 00:00:00+00:00
Author Correction: Self-referencing ultrafast wide-field pump-probe microscopy,https://www.nature.com/articles/s41467-026-78086-8,2026-09-22 00:00:00 UTC,Nature Communications,2026-09-22 00:00:00+00:00
A Ni(OH)2 symmetric battery cell for hydroxide exchange membrane-based direct air capture of CO2,https://www.nature.com/articles/s41560-026-02129-z,2026-09-22 00:00:00 UTC,Nature Energy,2026-09-22 00:00:00+00:00
Author Correction: Increased shallower tropical cyclones under extreme warm climates,https://www.nature.com/articles/s41467-026-78084-w,2026-09-22 00:00:00 UTC,Nature Communications,2026-09-22 00:00:00+00:00
About to give your first lecture? Read this first,https://www.nature.com/articles/d41586-026-02369-9,2026-09-22 00:00:00 UTC,Nature,2026-09-22 00:00:00+00:00
Why AI companies can’t be trusted to self-regulate,https://www.nature.com/articles/d41586-026-03014-1,2026-09-22 00:00:00 UTC,Nature,2026-09-22 00:00:00+00:00
What happens in Vegas: one lecturer’s hunt for a projector,https://www.nature.com/articles/d41586-026-02724-w,2026-09-22 00:00:00 UTC,Nature,2026-09-22 00:00:00+00:00
Dust in the wind is on the decline,https://www.nature.com/articles/d41586-026-02979-3,2026-09-22 00:00:00 UTC,Nature,2026-09-22 00:00:00+00:00
Hundreds of ‘free’ academic journals have started charging fees,https://www.nature.com/articles/d41586-026-02818-5,2026-09-22 00:00:00 UTC,Nature,2026-09-22 00:00:00+00:00
De novo synthesis of threofuranoses via a triple-carbonylation cascade of aldehydes,https://www.nature.com/articles/s41557-026-02258-8,2026-09-22 00:00:00 UTC,Nature Chemistry,2026-09-22 00:00:00+00:00
Temperature and reproducibility in photocatalysis,https://www.nature.com/articles/s41557-026-02244-0,2026-09-22 00:00:00 UTC,Nature Chemistry,2026-09-22 00:00:00+00:00
Interface-guided twisted stacking of two-dimensional organic molecular crystals for polarization-reoriented emission,https://academic.oup.com/nsr/advance-article/doi/10.1093/nsr/nwag606/8827794?rss=1,2026-09-22 00:00:00 UTC,National Science Review Advance Access,2026-09-22 00:00:00+00:00
Will AI really kill us all? The science behind the hype,https://www.nature.com/articles/d41586-026-02941-3,2026-09-22 00:00:00 UTC,Nature,2026-09-22 00:00:00+00:00
The worst El Niño in recorded history is brewing — here’s how governments must prepare,https://www.nature.com/articles/d41586-026-02939-x,2026-09-22 00:00:00 UTC,Nature,2026-09-22 00:00:00+00:00
Secondary-sphere hydrogen bonding promotes catalytic nitrate reduction at iron,https://www.nature.com/articles/s41557-026-02235-1,2026-09-22 00:00:00 UTC,Nature Chemistry,2026-09-22 00:00:00+00:00
All the ways a cell can die — and why the variety matters,https://www.nature.com/articles/d41586-026-02929-z,2026-09-22 00:00:00 UTC,Nature,2026-09-22 00:00:00+00:00
Funding the new,https://www.nature.com/articles/s41563-026-02746-9,2026-09-22 00:00:00 UTC,Nature Materials,2026-09-22 00:00:00+00:00
Reconfigurable non-Abelian braiding of nematic bits,https://www.nature.com/articles/s41563-026-02728-x,2026-09-22 00:00:00 UTC,Nature Materials,2026-09-22 00:00:00+00:00
Biosecurity must protect human functional capacity,https://www.nature.com/articles/d41586-026-02996-2,2026-09-22 00:00:00 UTC,Nature,2026-09-22 00:00:00+00:00
Why insects need their own protected areas,https://www.nature.com/articles/d41586-026-02997-1,2026-09-22 00:00:00 UTC,Nature,2026-09-22 00:00:00+00:00
A global safety net for climate-risk intelligence is urgently needed,https://www.nature.com/articles/d41586-026-02995-3,2026-09-22 00:00:00 UTC,Nature,2026-09-22 00:00:00+00:00
Nepal floods pose biggest test yet for UN climate loss and damage fund,https://www.nature.com/articles/d41586-026-03000-7,2026-09-22 00:00:00 UTC,Nature,2026-09-22 00:00:00+00:00
Giant telescope project rejects La Palma as backup site,https://www.science.org/content/article/giant-telescope-project-rejects-la-palma-backup-site,2026-09-22 02:40:00 UTC,Latest News from Science Magazine,2026-09-22 02:40:00+00:00
DNA analysis strengthens evidence that Thomas Jefferson fathered children with Sally Hemings,https://www.science.org/content/article/dna-analysis-strengthens-evidence-thomas-jefferson-fathered-children-sally-hemings,2026-09-22 03:35:00 UTC,Latest News from Science Magazine,2026-09-22 03:35:00+00:00
One of nature’s greatest marine wonders may be about to vanish,https://www.science.org/content/article/one-nature-s-greatest-marine-wonders-may-be-about-vanish,2026-09-22 04:20:49 UTC,Latest News from Science Magazine,2026-09-22 04:20:49+00:00
"Single wildfire smoke exposure causes lasting harm, monkey study suggests",https://www.science.org/content/article/single-wildfire-smoke-exposure-causes-lasting-harm-monkey-study-suggests,2026-09-22 04:40:00 UTC,Latest News from Science Magazine,2026-09-22 04:40:00+00:00
Cyclodextrin‐Directed Assembly of Dynamic Polyoxometalate Pseudo‐Rotaxanes,https://onlinelibrary.wiley.com/doi/10.1002/anie.9362433?af=R,2026-09-22 04:40:48 UTC,Wiley: Angewandte Chemie International Edition: Table of Contents,2026-09-22 04:40:48+00:00
Hydrogen‐Bond Encoding in a Structurally Minimal Cyclochiral Monomer Enables Assembly of Large Cavities Displaying Supramolecular Isomerism,https://onlinelibrary.wiley.com/doi/10.1002/anie.1587126?af=R,2026-09-22 04:43:57 UTC,Wiley: Angewandte Chemie International Edition: Table of Contents,2026-09-22 04:43:57+00:00
Single‐Atom O/S/Se Substitution at the Glycosidic Linkage in Glycopeptide Cancer Vaccines Reveals Divergent Performance,https://onlinelibrary.wiley.com/doi/10.1002/anie.8540595?af=R,2026-09-22 04:49:55 UTC,Wiley: Angewandte Chemie International Edition: Table of Contents,2026-09-22 04:49:55+00:00
Janus Covalent Organic Framework Films With Macroscopic Directional Carrier Migration for Switchable Gas Sensing,https://onlinelibrary.wiley.com/doi/10.1002/anie.2808034?af=R,2026-09-22 04:54:35 UTC,Wiley: Angewandte Chemie International Edition: Table of Contents,2026-09-22 04:54:35+00:00
Tailoring Local Anion Chemistry Affinity Enables Stable Halide–Sulfide Interfaces and Fast Ion Transport in Dual‐Electrolyte all‐Solid‐State Batteries,https://onlinelibrary.wiley.com/doi/10.1002/anie.5372994?af=R,2026-09-22 04:57:14 UTC,Wiley: Angewandte Chemie International Edition: Table of Contents,2026-09-22 04:57:14+00:00
Inside Scotland's wildcat HQ - 'It's like Big Brother for cats',https://www.bbc.co.uk/news/articles/c3vgyzkyr0r8o?at_medium=RSS&at_campaign=rss,2026-09-22 05:00:15 UTC,BBC News,2026-09-22 05:00:15+00:00
Light‐Gated Control of Brownian Rotation by a Molecular Motor,https://onlinelibrary.wiley.com/doi/10.1002/anie.7061287?af=R,2026-09-22 05:01:53 UTC,Wiley: Angewandte Chemie International Edition: Table of Contents,2026-09-22 05:01:53+00:00
Submerged land bridge may have helped people cross the Mediterranean,https://www.science.org/content/article/submerged-land-bridge-may-have-helped-people-cross-mediterranean,2026-09-22 05:20:00 UTC,Latest News from Science Magazine,2026-09-22 05:20:00+00:00
EWE awards Bilfinger hydrogen treatment contract for Huntorf,https://hydrogentechworld.com/ewe-awards-bilfinger-hydrogen-treatment-contract-for-huntorf,2026-09-22 05:36:23 UTC,Hydrogen Tech World.com,2026-09-22 05:36:23+00:00
Divers spend six hours clearing river of waste,https://www.bbc.co.uk/news/articles/ckj06p16q2eyo?at_medium=RSS&at_campaign=rss,2026-09-22 05:37:20 UTC,BBC News,2026-09-22 05:37:20+00:00
Strong Second‐Order Nonlinear Optical Activities in Chiral Hybrid Copper(I) Bromide Microplates,https://onlinelibrary.wiley.com/doi/10.1002/anie.4724561?af=R,2026-09-22 05:37:23 UTC,Wiley: Angewandte Chemie International Edition: Table of Contents,2026-09-22 05:37:23+00:00
Cummins selected to supply battery energy storage systems for large US data center project,https://batteriesnews.com/cummins-selected-to-supply-battery-energy-storage-systems-for-large-us-data-center-project/,2026-09-22 05:49:07 UTC,Batteries News,2026-09-22 05:49:07+00:00
Dragonfly Energy Partners with Sphere Energy to Develop Next-Generation AI-Enhanced Battery Technology,https://batteriesnews.com/dragonfly-energy-partners-with-sphere-energy-to-develop-next-generation-ai-enhanced-battery-technology/,2026-09-22 05:49:23 UTC,Batteries News,2026-09-22 05:49:23+00:00
Vacuum‐Induced Surface Reconstruction of Mn–Ce Oxides for Low‐Temperature Coupled Redox Catalysis,https://onlinelibrary.wiley.com/doi/10.1002/anie.2739215?af=R,2026-09-22 05:49:59 UTC,Wiley: Angewandte Chemie International Edition: Table of Contents,2026-09-22 05:49:59+00:00
"Nio launches first fifth-gen swap stations in 7 cities, opening network to Firefly",https://batteriesnews.com/nio-launches-first-fifth-gen-swap-stations-in-7-cities-opening-network-to-firefly/,2026-09-22 06:13:55 UTC,Batteries News,2026-09-22 06:13:55+00:00
Northern Graphite Selected to Represent Canada in Battery Materials Evaluation Program with Japan’s LIBTEC,https://batteriesnews.com/northern-graphite-selected-to-represent-canada-in-battery-materials-evaluation-program-with-japans-libtec/,2026-09-22 06:14:17 UTC,Batteries News,2026-09-22 06:14:17+00:00
"CATL Achieves 2025 Core Operation Carbon Neutrality Target, Sets Path to 2035 Value-Chain Goal",https://batteriesnews.com/catl-achieves-2025-core-operation-carbon-neutrality-target-sets-path-to-2035-value-chain-goal/,2026-09-22 06:22:09 UTC,Batteries News,2026-09-22 06:22:09+00:00
Neptune Energy launches Pilot Phase II for lithium from the Altmark region,https://batteriesnews.com/neptune-energy-launches-pilot-phase-ii-for-lithium-from-the-altmark-region/,2026-09-22 06:24:40 UTC,Batteries News,2026-09-22 06:24:40+00:00
Single‐Crystal Zn Anodes Affording Full‐Dimensional Crystallographic Coherence Enabled by Monolayer Graphene‐Skinned Cu(111) Substrate,https://advanced.onlinelibrary.wiley.com/doi/10.1002/adma.75114?af=R,2026-09-22 06:24:41 UTC,Wiley: Advanced Materials: Table of Contents,2026-09-22 06:24:41+00:00
"A New Approach to Drive Batteries: Safe, Repairable, Sustainable",https://batteriesnews.com/a-new-approach-to-drive-batteries-safe-repairable-sustainable/,2026-09-22 06:24:57 UTC,Batteries News,2026-09-22 06:24:57+00:00
Mechanistic Origin of Capacity Limitation in Sidorenkite‐Type Na3‐xFe(PO4)(CO3) Carbonophosphate Cathodes for Na‐Ion Batteries,https://advanced.onlinelibrary.wiley.com/doi/10.1002/aenm.71604?af=R,2026-09-22 06:26:54 UTC,Wiley: Advanced Energy Materials: Table of Contents,2026-09-22 06:26:54+00:00
Multi‐modal Operando Analysis of Lithium–Sulfur Batteries: A Comparative Study on the Influence of Electrolyte Composition,https://advanced.onlinelibrary.wiley.com/doi/10.1002/aenm.71554?af=R,2026-09-22 06:29:01 UTC,Wiley: Advanced Energy Materials: Table of Contents,2026-09-22 06:29:01+00:00
Nano One and Standard Lithium Collaborate to Qualify Lithium Carbonate for LFP Cathodes,https://batteriesnews.com/nano-one-and-standard-lithium-collaborate-to-qualify-lithium-carbonate-for-lfp-cathodes/,2026-09-22 06:29:27 UTC,Batteries News,2026-09-22 06:29:27+00:00
Materials‐Property Classification of Interlayers for Stabilizing Lithium Metal Interfaces in Sulfide‐Based All‐Solid‐State Batteries,https://advanced.onlinelibrary.wiley.com/doi/10.1002/aenm.71612?af=R,2026-09-22 06:30:47 UTC,Wiley: Advanced Energy Materials: Table of Contents,2026-09-22 06:30:47+00:00
Fluence and LEAG Clean Power start the construction of their second battery storage project to support Germany’s energy transition,https://batteriesnews.com/fluence-and-leag-clean-power-start-the-construction-of-their-second-battery-storage-project-to-support-germanys-energy-transition/,2026-09-22 06:31:36 UTC,Batteries News,2026-09-22 06:31:36+00:00
CO2‐Free Formaldehyde Electro‐Reforming Fuel Cell,https://advanced.onlinelibrary.wiley.com/doi/10.1002/aenm.71611?af=R,2026-09-22 06:32:36 UTC,Wiley: Advanced Energy Materials: Table of Contents,2026-09-22 06:32:36+00:00
Copenhagen Infrastructure Partners large-scale BESS project Coalburn 1 reaches commercial operation,https://batteriesnews.com/copenhagen-infrastructure-partners-large-scale-bess-project-coalburn-1-reaches-commercial-operation/,2026-09-22 06:33:16 UTC,Batteries News,2026-09-22 06:33:16+00:00
Resolving the Electro‐Mechanical Trade‐Off at the Buried Interface of Perovskite Solar Cells,https://advanced.onlinelibrary.wiley.com/doi/10.1002/aenm.71638?af=R,2026-09-22 06:38:37 UTC,Wiley: Advanced Energy Materials: Table of Contents,2026-09-22 06:38:37+00:00
"Characterizing Biopolymer Electrolytes in Zinc–Air Batteries: Challenges, Best Practices, and a Robust Workflow Guiding Future Research Paths",https://advanced.onlinelibrary.wiley.com/doi/10.1002/aenm.71394?af=R,2026-09-22 06:39:37 UTC,Wiley: Advanced Energy Materials: Table of Contents,2026-09-22 06:39:37+00:00
TrueRE Oriana Power wins 900 MW/1.8 GWh BESS contracts in India,https://www.ess-news.com/2026/09/22/truere-oriana-power-wins-900-mw-1-8-gwh-bess-contracts-in-india/,2026-09-22 06:45:00 UTC,Latest news about ESS Projects & Applications | ESS News,2026-09-22 06:45:00+00:00
Tunneling‐Gated Metalized Plastic Current Collectors Enabling Autonomous and Reversible Thermal Shutdown in Lithium‐Ion Batteries,https://advanced.onlinelibrary.wiley.com/doi/10.1002/aenm.71617?af=R,2026-09-22 06:45:28 UTC,Wiley: Advanced Energy Materials: Table of Contents,2026-09-22 06:45:28+00:00
"A Tightly Interlayer Bonded, Synchronously In Situ Co‐Injectable, Wet‐Adhesive, Hierarchically Biofunctionalized Bilayer Hydrogel for Functional Attachment and Orderly Periodontal Regeneration",https://advanced.onlinelibrary.wiley.com/doi/10.1002/adma.75042?af=R,2026-09-22 07:07:11 UTC,Wiley: Advanced Materials: Table of Contents,2026-09-22 07:07:11+00:00
Triple‐Phase Synergistic Bulk‐Surface Engineering Enables High‐Rate and Long‐Cycling P2/O3‐Based Cathode for Na‐Ion Batteries,https://advanced.onlinelibrary.wiley.com/doi/10.1002/adma.74956?af=R,2026-09-22 07:09:02 UTC,Wiley: Advanced Materials: Table of Contents,2026-09-22 07:09:02+00:00
LOTTE Fine Chemical and Amogy partner to supply and utilize renewable ammonia in South Korea,https://ammoniaenergy.org/articles/lotte-fine-chemical-and-amogy-partner-to-supply-and-utilize-renewable-ammonia-in-south-korea/,2026-09-22 07:55:00 UTC,Articles – Ammonia Energy Association,2026-09-22 07:55:00+00:00
"Covestro, MB Energy and Fertiglobe combine expertise to future-proof ammonia supply in Europe",https://ammoniaenergy.org/articles/covestro-mb-energy-and-fertiglobe-combine-expertise-to-future-proof-ammonia-supply-in-europe/,2026-09-22 08:03:39 UTC,Articles – Ammonia Energy Association,2026-09-22 08:03:39+00:00
"Persistent Chiral Diradicals via SUMO–LUMO Inversion: Modular Synthesis, Electronic Structures, and Redox‐Switching Properties",https://onlinelibrary.wiley.com/doi/10.1002/anie.6564456?af=R,2026-09-22 08:07:58 UTC,Wiley: Angewandte Chemie International Edition: Table of Contents,2026-09-22 08:07:58+00:00
Renewable fertiliser for coffee production: Nyeri Hill project breaks ground in Kenya,https://ammoniaenergy.org/articles/renewable-fertiliser-for-coffee-production-nyeri-hill-project-breaks-ground-in-kenya/,2026-09-22 08:13:21 UTC,Articles – Ammonia Energy Association,2026-09-22 08:13:21+00:00
"ADM Enters VCM With 800,000 Tons Of Carbon Removal Capacity",https://carbonherald.com/adm-enters-vcm-with-800000-tons-of-carbon-removal-capacity/?utm_source=rss&utm_medium=rss&utm_campaign=adm-enters-vcm-with-800000-tons-of-carbon-removal-capacity,2026-09-22 08:48:33 UTC,Carbon Herald,2026-09-22 08:48:33+00:00
Spain battles climate change on several fronts,https://www.bbc.co.uk/news/articles/cwg59g3vz564o?at_medium=RSS&at_campaign=rss,2026-09-22 09:11:48 UTC,BBC News,2026-09-22 09:11:48+00:00
"GridStor wins financing for 400 MWh BESS in Arizona, tolling secured with state utility",https://www.ess-news.com/2026/09/22/gridstor-wins-financing-for-400-mwh-bess-in-arizona-tolling-secured-with-state-utility/,2026-09-22 09:15:00 UTC,Latest news about ESS Projects & Applications | ESS News,2026-09-22 09:15:00+00:00
Capsol Secures Five New Carbon Capture Engineering Studies,https://carbonherald.com/capsol-secures-five-new-carbon-capture-engineering-studies/?utm_source=rss&utm_medium=rss&utm_campaign=capsol-secures-five-new-carbon-capture-engineering-studies,2026-09-22 09:28:39 UTC,Carbon Herald,2026-09-22 09:28:39+00:00
EU Expands CBAM To Fight Carbon Leakage,https://carbonherald.com/eu-expands-cbam-to-fight-carbon-leakage/?utm_source=rss&utm_medium=rss&utm_campaign=eu-expands-cbam-to-fight-carbon-leakage,2026-09-22 09:31:51 UTC,Carbon Herald,2026-09-22 09:31:51+00:00
Australian state mandates storage for new data centers,https://www.ess-news.com/2026/09/22/australian-state-mandates-storage-for-new-data-centers/,2026-09-22 10:00:03 UTC,Latest news about ESS Projects & Applications | ESS News,2026-09-22 10:00:03+00:00
Carbon Direct Rebrands As Relae To Reflect Broader Climate And Energy Focus,https://carbonherald.com/carbon-direct-rebrands-as-relae-to-reflect-broader-climate-and-energy-focus/?utm_source=rss&utm_medium=rss&utm_campaign=carbon-direct-rebrands-as-relae-to-reflect-broader-climate-and-energy-focus,2026-09-22 10:01:35 UTC,Carbon Herald,2026-09-22 10:01:35+00:00
Cummins to manufacture LFP batteries for commercial vehicles in Spain,https://www.electrive.com/2026/09/22/cummins-to-manufacture-lfp-batteries-for-commercial-vehicles-in-spain/,2026-09-22 10:30:00 UTC,Battery – electrive.com,2026-09-22 10:30:00+00:00
Inside Scotland's wildcat HQ,https://www.bbc.co.uk/news/videos/ckq6312dq0qjo?at_medium=RSS&at_campaign=rss,2026-09-22 10:54:53 UTC,BBC News,2026-09-22 10:54:53+00:00
Mombak Expands Amazon Restoration Push With New Fund And Salesforce Deal,https://carbonherald.com/mombak-expands-amazon-restoration-push-with-new-fund-and-salesforce-deal/?utm_source=rss&utm_medium=rss&utm_campaign=mombak-expands-amazon-restoration-push-with-new-fund-and-salesforce-deal,2026-09-22 11:13:02 UTC,Carbon Herald,2026-09-22 11:13:02+00:00
Die automatisierte Analyse der Zellkanten in der Röntgenaufnahme macht mögliche Verformungen im Batteriemodul sichtbar.,https://www.electrive.com/2026/09/22/fraunhofer-automates-x-ray-analysis-of-ev-batteries/,2026-09-22 11:30:00 UTC,Battery – electrive.com,2026-09-22 11:30:00+00:00
"Italy authorizes 2.3 GW in September so far, including 110 MW BESS despite local opposition",https://www.ess-news.com/2026/09/22/italy-authorizes-2-3-gw-in-september-so-far-including-110-mw-bess-despite-local-opposition/,2026-09-22 12:23:00 UTC,Latest news about ESS Projects & Applications | ESS News,2026-09-22 12:23:00+00:00
How the ‘fire amoeba’ withstands temperatures that would kill most complex life,https://www.science.org/content/article/how-fire-amoeba-withstands-temperatures-would-kill-most-complex-life,2026-09-22 12:35:00 UTC,Latest News from Science Magazine,2026-09-22 12:35:00+00:00
Developing El Niño becomes strongest on record weeks before expected peak,https://www.bbc.co.uk/weather/articles/cmvgy4nv9d62o?at_medium=RSS&at_campaign=rss,2026-09-22 12:54:14 UTC,BBC News,2026-09-22 12:54:14+00:00
India is producing more green energy - but wasting a lot of it,https://www.bbc.co.uk/news/articles/c8xkvzlz0x4o?at_medium=RSS&at_campaign=rss,2026-09-22 23:02:29 UTC,BBC News,2026-09-22 23:02:29+00:00
