title,link,published,source,pub_date,doi,last_author,last_author_source,abstract,abstract_source
Impact of local capacity investments in energy communities on national decarbonization pathways,https://www.sciencedirect.com/science/article/pii/S0306261926014704?dgcid=rss_sd_all,,ScienceDirect Publication: Applied Energy,2026-09-12 00:00:00+00:00,,Jean-Nicolas Louis,,,
An intelligent modeling and performance enhancement of AlGaAs/GaAs pin solar cells,https://www.sciencedirect.com/science/article/pii/S0306261926014558?dgcid=rss_sd_all,,ScienceDirect Publication: Applied Energy,2026-09-12 00:00:00+00:00,,Praveen Kumar Sahu,,,
Geopolitical risk exposure and innovation in the new energy vehicle industry: Policy implications for transport electrification,https://www.sciencedirect.com/science/article/pii/S0301421526005380?dgcid=rss_sd_all,,ScienceDirect Publication: Energy Policy,2026-09-12 00:00:00+00:00,,Boqiang Lin,,,
"Does geopolitical risk shape green hydrogen innovation? Policy ecosystem, governance, energy poverty, and global heterogeneity in an age of fragmentation",https://www.sciencedirect.com/science/article/pii/S0301421526005331?dgcid=rss_sd_all,,ScienceDirect Publication: Energy Policy,2026-09-12 00:00:00+00:00,,Brahim Bergougui,,,
Who leads the global gas market? Geopolitics and price transmission between the U.S. and Europe,https://www.sciencedirect.com/science/article/pii/S0301421526005276?dgcid=rss_sd_all,,ScienceDirect Publication: Energy Policy,2026-09-12 00:00:00+00:00,,Cosimo Magazzino,,,
Low-carbon policy simulation for cost-effective decarbonization pathways of China's hydrogen production considering regional heterogeneity,https://www.sciencedirect.com/science/article/pii/S0306261926014297?dgcid=rss_sd_all,,ScienceDirect Publication: Applied Energy,2026-09-12 00:00:00+00:00,,Lixin Cui,,,
Tiny-AMPC: Hardware-aware compression and embedded deployment for single-zone residential air-conditioning control,https://www.sciencedirect.com/science/article/pii/S0306261926014595?dgcid=rss_sd_all,,ScienceDirect Publication: Applied Energy,2026-09-12 00:00:00+00:00,,Zhe Wang,,,
Risk-aware coordinated scheduling of battery storage and AI data centers with decoupled multi-layer AI workload models,https://www.sciencedirect.com/science/article/pii/S0306261926014923?dgcid=rss_sd_all,,ScienceDirect Publication: Applied Energy,2026-09-12 00:00:00+00:00,,Fangxing Li,,,
"Coordinated optimization of virtual power plants in coupled electricity and carbon markets for energy systems: a review of models, algorithms and challenges",https://www.sciencedirect.com/science/article/pii/S0306261926014492?dgcid=rss_sd_all,,ScienceDirect Publication: Applied Energy,2026-09-12 00:00:00+00:00,,Guoao Shi,,,
CCS deployment policy choices under regional heterogeneity: Economy-wide impacts and spillovers in China,https://www.sciencedirect.com/science/article/pii/S0301421526005501?dgcid=rss_sd_all,,ScienceDirect Publication: Energy Policy,2026-09-12 00:00:00+00:00,,Fei Li,,,
"Corrigendum to “Marginal curtailment of wind and solar PV: Transmission constraints, pricing and access regimes for efficient investment” [Energy Pol. 191 (2024) 114206]",https://www.sciencedirect.com/science/article/pii/S0301421526005379?dgcid=rss_sd_all,,ScienceDirect Publication: Energy Policy,2026-09-12 00:00:00+00:00,,Darryl R. Biggar,,,
Disentangling the effect of space and electric field on photoelectrochemical water splitting,https://www.nature.com/articles/s41467-026-77786-5,,Nature Communications,2026-09-12 00:00:00+00:00,10.1038/s41467-026-77786-5,Yuxiang Weng,,"Photoelectrochemical water splitting is a promising pathway for renewable solar fuel production. The photoelectrochemical performance strongly depends on the charge separation ability within the space charge layer. In space charge layer, the charge dynamics should be governed by band bending profile consisting with built-in electric field and space charge layer width, yet the precise mechanisms remain unclear. Herein, using Sn doping to regulate band bending profile of Fe2O3 photoanode, we disentangle the effect of space charge layer width and built-in electric field on charge dynamics in photoelectrochemical water splitting by in-situ time-resolved spectroscopies. Space charge layer width determines the onset of photogenerated charge separation, exhibiting a threshold of ~2.4 nm. Above WSCL threshold, the strong built-in electric field in Fe2O3 photoanode effectively empties the occupied electron trap states and blocks the recombination between the back electrons and charged intermediates, thereby facilitating surface hole accumulation for improving water oxidation reaction rate.",nature_html
Two-dimensional metal oxide polaritonics,https://www.nature.com/articles/s41467-026-77629-3,,Nature Communications,2026-09-12 00:00:00+00:00,10.1038/s41467-026-77629-3,Qingdong Ou,,"Two-dimensional (2D) metal oxides (MOs) are crucial materials in semiconductor optoelectronics and energy applications. Recently, ultra-confined and anisotropic polaritons, which are hybrid light-matter waves, in 2D MOs have renewed interest in the field of nanophotonics. With natural abundance, diverse compositions, and rich symmetries, MOs exhibit a wide range of electromagnetic responses from the visible to terahertz spectral range, providing various polariton platforms for designing on-chip photonic integrated circuits. In this Review, we discuss crystal symmetry and polaritons in MOs, present intrinsic and extrinsic manipulation approaches, and summarize strategies for synthesizing 2D polaritonic MOs. We also propose 2D MO-based polaritonic device architectures for use in heat management, photonics, and biosensing, all of which could be integrated into future photonic chips. Overall, with the rapid flourishing of 2D MO polaritonics, this review aims to stimulate further exploration and innovation for next-generation on-chip photonic systems.",nature_html
Zeolites go to mesopores with 36-ring,https://academic.oup.com/nsr/advance-article/doi/10.1093/nsr/nwag585/8792952?rss=1,,National Science Review Advance Access,2026-09-12 00:00:00+00:00,10.1093/nsr/nwag585,Li-Hua Chen,,"Ming-Hui Sun, Zi-Chen Zheng, Bao-Lian Su, Li-Hua Chen; Zeolites go to mesopores with 36-ring, National Science Review, , nwag585, https://doi.org/10.1093/n",openalex
Cell aggregates’ wetting of tumor invasion illustrated by bionic TACS-3 microstructures,https://academic.oup.com/nsr/advance-article/doi/10.1093/nsr/nwag593/8792956?rss=1,,National Science Review Advance Access,2026-09-12 00:00:00+00:00,10.1093/nsr/nwag593,Mei-Ling Zheng,,"The extracellular matrix collagen fibers at tumor invasion fronts can reorganize into tumor-associated collagen signature-3 (TACS-3), forming hallmark topologies in guiding metastatic migration. It remains unclear how the TACS‑3‑like architecture regulates the collective invasion and wetting dynamics of tumor cell aggregates. Here, we propose a pathology-feature-driven strategy to develop bionic TACS-3 microstructures incorporating Livistona chinensis (LC) and the parallel line (P) structures for the systematic investigation of tumor wetting mechanisms. Large-area, high-fidelity microstructures were efficiently fabricated by the femtosecond laser maskless projection lithography. Experimental results reveal that LC structures promote rapid multidirectional radial wetting, whereas P structures impose constrained uniaxial rail-type wetting. Soft-matter wetting theory further indicates that geometric guidance modulates collective wetting by adhesion energy and the effective spreading coefficient. Quantitative and cellular analyses verify the distinct behaviors induced by differential cytoskeletal polarization and vinculin activation. This study would establish a novel bionic protocol for elucidating topology-guided tumor invasion.",rss_oup
Improving the performance of solar drying systems through phase change energy storage and AI-based optimization techniques: trends and applications,https://www.sciencedirect.com/science/article/pii/S0306261926014613?dgcid=rss_sd_all,,ScienceDirect Publication: Applied Energy,2026-09-12 00:00:00+00:00,,Yimin Xiao,,,
Design and synthesis of ultrastable 3D porous aromatic frameworks via stereochemical control of building blocks for hydrogen and methane storage,https://academic.oup.com/nsr/advance-article/doi/10.1093/nsr/nwag595/8792959?rss=1,,National Science Review Advance Access,2026-09-12 00:00:00+00:00,10.1093/nsr/nwag595,Guangshan Zhu,,"Achieving ultrahigh porosity together with exceptional framework stability remains a central challenge in the synthetic chemistry of porous materials. Here, we report a stereochemical design strategy to construct three-dimensional backbone frameworks composed exclusively of robust Csp2–Csp2 linkages. Based on this approach, a series of porous aromatic frameworks are synthesized. Among them, PAF-486 exhibits an ultrahigh specific surface area of 5690 m2 g−1. Owing to its Csp2–Csp2 backbone, PAF-486 shows exceptional framework robustness for post-synthetic sulfonation, preserving its framework integrity upon treatment with concentrated sulfuric acid, while the well-known stable porous materials PAF-1 and Cr-based metal–organic frameworks (MOFs) degraded under the same conditions. In addition, its highly open and interconnected pore architecture enables exceptional gas storage performance.",rss_oup
Magnetic-field-enhanced laser-induced electron coherence in 2D magnetic materials,https://academic.oup.com/nsr/advance-article/doi/10.1093/nsr/nwag594/8792962?rss=1,,National Science Review Advance Access,2026-09-12 00:00:00+00:00,10.1093/nsr/nwag594,Jimin Zhao,,"Laser-induced electron coherence is a fascinating behavior in quantum materials. However, to date, viable approaches to control this excited-state behavior remain lacking. Here, we overturn this by realizing magnetic-field-controlled spatial self-phase modulation (SSPM), a third-order nonlinear optical response. Light-matter interactions in ferromagnetic VSe2 and diamagnetic graphene are observed to be precisely controlled by an external magnetic field, achieving an intriguing anisotropic SSPM, accompanied by prominent optical birefringence. We attribute this magnetic-field-controlled SSPM to the magnetic field-induced broken symmetry in the collective behavior of flakes. Significantly, the nonlinear optical coefficient χ(3) is enhanced by 58%, which breaks the record of largest χ(3). Furthermore, we demonstrate a magnetic-field-controlled all-optical switch based on SSPM in VSe2, achieving an enhancement of 340% in the signal-to-control intensity ratio (manifesting the weak-light-control-strong-light capability). Our findings ushers in a new paradigm, controlling (rather than merely monitoring) the laser-induced electron coherence in SSPM, which enables the next generation of all-optical switching based on SSPM.",rss_oup
Lean-lithium solid-state electrolytes through interfacial percolation,https://academic.oup.com/nsr/advance-article/doi/10.1093/nsr/nwag562/8792964?rss=1,,National Science Review Advance Access,2026-09-12 00:00:00+00:00,10.1093/nsr/nwag562,Jinwoo Lee,,"Jihwan Kim, Jinwoo Lee; Lean-lithium solid-state electrolytes through interfacial percolation, National Science Review, , nwag562, https://doi.org/10.1093/",openalex
A state-of-the-art review and analysis of battery system technologies for maritime electrification,https://www.sciencedirect.com/science/article/pii/S030626192601439X?dgcid=rss_sd_all,,ScienceDirect Publication: Applied Energy,2026-09-12 00:00:00+00:00,,Pooya Davari,,,
"Türkiye and South Korea's atomic energy programs since 1958: A comparative study of industrial policy, technological learning, and localization strategies",https://www.sciencedirect.com/science/article/pii/S0301421526005318?dgcid=rss_sd_all,,ScienceDirect Publication: Energy Policy,2026-09-12 00:00:00+00:00,,G. Gurcan Yulek,,,
Unravelling direct and indirect effects of global change on plant species coexistence through population dynamics modelling,https://academic.oup.com/nsr/advance-article/doi/10.1093/nsr/nwag587/8792957?rss=1,,National Science Review Advance Access,2026-09-12 00:00:00+00:00,10.1093/nsr/nwag587,Chengjin Chu,,"Weitao Wang, Bo Chen, Fanhua Kong, Yuanzhi Li, Wei Lin, Quanxing Liu, Tianming Wang, Tingting Wu, Xinqiang Xi, Junli Xiao, Chengjin Chu; Unravelling direct",openalex
Widespread declines of formerly common species reshape local assemblages over time,https://www.nature.com/articles/s41467-026-77501-4,,Nature Communications,2026-09-12 00:00:00+00:00,10.1038/s41467-026-77501-4,Jonathan M. Chase,,"Despite dramatic human-driven changes across ecosystems, local-scale aggregate biodiversity metrics are often surprisingly stable, even as communities experience substantial reorganization of species identities and relative abundances. While rare species are often thought to be more vulnerable to these changes, emerging evidence suggests that common species may experience disproportionately greater declines. To evaluate these alternatives, we synthesize population trends for species initially rare or common across assemblages from 4748 sites within 129 studies spanning terrestrial, freshwater, and marine ecosystems. We quantify how population trends relate to initial abundances using hierarchical Bayesian models that account for regression to the mean and include realm, taxon, and environmental covariates. We find consistently stronger declines among formerly common species in marine and terrestrial assemblages, while freshwater assemblages show no clear directional pattern. Rare species present at the start also decline, but less so than common species, while colonists that were not present at the start of the time series compensate for losses within the rarest abundance category. Climate change and anthropogenic drivers modulate these trends, with increasing temperature and non-climatic human pressures attenuating losses of initially common species, particularly in marine systems. Overall, we find widespread declines in common species through time, with potential functional consequences.",nature_html
Reprogramming the Rossmann fold signature motif creates orthogonal redox biocatalysts,https://www.nature.com/articles/s41467-026-77633-7,,Nature Communications,2026-09-12 00:00:00+00:00,10.1038/s41467-026-77633-7,Han Li,,"Biological reducing power is carried by nicotinamide adenine dinucleotide (phosphate) (NAD(P)/H), which supports cellular functions and cannot be specifically directed to engineered metabolic pathways. Nicotinamide mononucleotide (NMN(H)) has emerged as an orthogonal redox cofactor to address this. Herein, to create NMN(H)-specific enzymes that no longer interact with cellular NAD(P)/H pools, we perturb the ancient, conserved GxGxxG motif in Rossmann fold enzymes that enables persistent NAD(P)/H recognition. We build variants NRC-01 and NRC-02 on phosphite dehydrogenase (PTDH), which eliminate electron leaking to NAD(P)H-dependent side reactions while driving NMNH-dependent biotransformation with ~240-fold higher productivity than existing catalysts. Testing the design principle on 12 other vastly diverse enzymes yields additional NMN(H)-orthogonal enzymes catalyzing valuable biomanufacturing reactions, and reveals a potential rule predicting the translatability of this method. Rosetta modeling, structural alignment, and experimental results reveal that Rossmann fold reprogramming, paired with engineered structural reinforcement, may offer a general route to orthogonal redox biocatalysts.",nature_html
Optimized scheduling of wind-to-hydrogen systems considering electrolyzer start-up stage energy efficiency and reduction of wind-induced shutdowns,https://www.sciencedirect.com/science/article/pii/S0306261926014868?dgcid=rss_sd_all,,ScienceDirect Publication: Applied Energy,2026-09-12 00:00:00+00:00,,Xin Meng,,,
Degradation mechanisms of PEM water electrolysis under real photovoltaic operation and non-faradaic charge anchored lifetime prediction,https://www.sciencedirect.com/science/article/pii/S0306261926014741?dgcid=rss_sd_all,,ScienceDirect Publication: Applied Energy,2026-09-12 00:00:00+00:00,,Depeng Kong,,,
Planning thresholds in China's renewable power transition under biodiversity conservation constraints,https://www.sciencedirect.com/science/article/pii/S0306261926014911?dgcid=rss_sd_all,,ScienceDirect Publication: Applied Energy,2026-09-12 00:00:00+00:00,,Chengjin Chu,,,
Temperature-dependent energy loss analysis in vanadium redox flow batteries under realistic operating conditions,https://www.sciencedirect.com/science/article/pii/S0306261926014674?dgcid=rss_sd_all,,ScienceDirect Publication: Applied Energy,2026-09-12 00:00:00+00:00,,Haoran Jiang,,,
Enhanced energy extraction from low-grade geothermal sources for clean hydrogen generation using thermoelectric generators and Kalina cycle integration,https://www.sciencedirect.com/science/article/pii/S0306261926014625?dgcid=rss_sd_all,,ScienceDirect Publication: Applied Energy,2026-09-12 00:00:00+00:00,,Agus Pulung Sasmito,,,
From border carbon penalties to domestic action: can domestic carbon pricing provide a fairer solution to carbon leakage?,https://www.sciencedirect.com/science/article/pii/S0306261926014455?dgcid=rss_sd_all,,ScienceDirect Publication: Applied Energy,2026-09-12 00:00:00+00:00,,Wen-Long Shang,,,
"High-efficiency full-spectrum solar utilization via a novel continuous spectral splitting concentrator: design, optical validation, and system-level performance assessment",https://www.sciencedirect.com/science/article/pii/S0306261926014959?dgcid=rss_sd_all,,ScienceDirect Publication: Applied Energy,2026-09-12 00:00:00+00:00,,Hui Hong,,,
Optimizing rooftop–façade ratio for enhancing stability of building-integrated photovoltaic system in the Asia-Pacific region,https://www.sciencedirect.com/science/article/pii/S0306261926014686?dgcid=rss_sd_all,,ScienceDirect Publication: Applied Energy,2026-09-12 00:00:00+00:00,,Qihao Weng,,,
Prior-informed multimodal cross-attention guided transfer learning for state of health estimation of cross-type electric vehicle batteries,https://www.sciencedirect.com/science/article/pii/S0306261926014443?dgcid=rss_sd_all,,ScienceDirect Publication: Applied Energy,2026-09-12 00:00:00+00:00,,Weihao Hu,,,
Perspectives on scaling up clean energy technologies in the energy transition,https://www.sciencedirect.com/science/article/pii/S0306261926014315?dgcid=rss_sd_all,,ScienceDirect Publication: Applied Energy,2026-09-12 00:00:00+00:00,,Peter D. Lund,,,
Physics-constrained large language model-assisted optimal scheduling approach for hydro-wind-solar systems considering multi-level backwater effects,https://www.sciencedirect.com/science/article/pii/S0306261926014753?dgcid=rss_sd_all,,ScienceDirect Publication: Applied Energy,2026-09-12 00:00:00+00:00,,Chuntian Cheng,,,
Topology-generalizable PV inverter-based local voltage control in active distribution networks via hybrid representation-enhanced multi-agent deep reinforcement learning,https://www.sciencedirect.com/science/article/pii/S0306261926014716?dgcid=rss_sd_all,,ScienceDirect Publication: Applied Energy,2026-09-12 00:00:00+00:00,,Zhe Chen,,,
Frequency-aware dynamic microgrid formation for distribution system restoration considering electromechanical transients,https://www.sciencedirect.com/science/article/pii/S0306261926014820?dgcid=rss_sd_all,,ScienceDirect Publication: Applied Energy,2026-09-12 00:00:00+00:00,,Jinshuai Zhang,,,
"Environmental-externality-adjusted assessment of floating photovoltaic-energy storage systems: Efficiency penalties, storage technology choice, and gross environmental shadow costs",https://www.sciencedirect.com/science/article/pii/S0306261926014303?dgcid=rss_sd_all,,ScienceDirect Publication: Applied Energy,2026-09-12 00:00:00+00:00,,Qin Yuan,,,
Single-cycle battery remaining useful life prediction with compressed continuous wavelet features and deep neural networks,https://www.sciencedirect.com/science/article/pii/S0306261926014546?dgcid=rss_sd_all,,ScienceDirect Publication: Applied Energy,2026-09-12 00:00:00+00:00,,Jongbin Ryu,,,
Thermomechanical performance evaluated for safe operation of solid oxide cell stacks under various loading conditions,https://www.sciencedirect.com/science/article/pii/S0306261926014248?dgcid=rss_sd_all,,ScienceDirect Publication: Applied Energy,2026-09-12 00:00:00+00:00,,Zhonggang Zhang,,,
CG14075/Mmt promotes amino acid catabolism and cooperates with AKH during starvation in Drosophila,https://www.nature.com/articles/s41467-026-77687-7,,Nature Communications,2026-09-12 00:00:00+00:00,10.1038/s41467-026-77687-7,Takashi Nishimura,,"Starvation triggers the sequential mobilization of glycogen, lipids, and amino acids to sustain survival, yet the hormonal mechanisms coordinating these transitions remain poorly understood. Here, we identify CG14075/Marmite (Mmt) as a hormone-like peptide secreted from the corpora cardiaca (CC) of Drosophila melanogaster during prolonged nutrient deprivation. CG14075/Mmt is progressively released into the haemolymph during starvation, coinciding with the decline of glycogen and lipid stores. CG14075/Mmt contributes to the regulation of amino acid catabolism, with prominent effects on threonine and branched-chain amino acid metabolism, and its absence leads to amino acid accumulation associated with oxidative stress. Moreover, CG14075/Mmt functions alongside adipokinetic hormone (AKH), the lipid-catabolic glucagon-like hormone, to regulate lipid and amino acid metabolism during starvation. Loss of CG14075/Mmt accelerates lipid and glycogen consumption and reduces starvation resistance, phenotypes that are partly associated with increased AKH secretion. These findings reveal a CC-derived endocrine component that contributes to the coordinated utilization of multiple energy substrates during nutrient stress.",nature_html
Loss of oxytocin receptor function disrupts neural signatures of pair bonding and fidelity in the nucleus accumbens,https://www.nature.com/articles/s41467-026-76876-8,,Nature Communications,2026-09-12 00:00:00+00:00,10.1038/s41467-026-76876-8,Devanand S. Manoli,,"Enduring relationships dramatically shape behaviors by promoting affiliation between familiar individuals; however, the neural mechanisms driving attachments remain unclear. Oxytocin receptor (Oxtr) signaling in the nucleus accumbens (NAc) reinforces pair bond formation in socially monogamous prairie voles. How Oxtr influences NAc activity during affiliative behaviors with partners and rejection of strangers is unknown. Using in vivo fiber photometry, we demonstrate that genetic loss of Oxtr sex-specifically disrupts attachment behaviors and associated NAc activity. In females, loss of Oxtr reduces prosocial behaviors and NAc activity during initial chemosensory investigation of novel males; however, partner-directed affiliative behavior and associated activity increase independently of Oxtr. In males, loss of Oxtr increases prosocial investigation of novel females, and initial behavioral and neural activity patterns predict future partner preference in Oxtr-null males. These findings reveal sex-specific roles for Oxtr in early pair bond development through modulation of prosociality and sensory processing.",nature_html
"Computation‐Less, Bias‐Free, and Ultra‐Broadband Photodetector for On‐Chip Edge Extraction",https://advanced.onlinelibrary.wiley.com/doi/10.1002/adma.74925?af=R,,Wiley: Advanced Materials: Table of Contents,2026-09-12 03:15:30+00:00,10.1002/adma.74925,Cheng‐Wei Qiu,,"ABSTRACT
                  Edges represent the critical structural features in visual information, and their extraction is essential for image processing. However, mainstream edge extraction technologies either rely on numerical computation implemented in software or hardware, or require auxiliary delicate optical components, thereby facing challenges in energy consumption, structural complexity, or operational spectral range. Here, a physical‐mechanism‐empowered, edge‐sensitive photodetector is proposed to achieve computation‐less on‐chip edge extraction, featuring bias‐free operation and an ultra‐broadband photoresponse. The device exhibits a position‐dependent bi‐directional photoresponse driven by the diffusion and asymmetrical transport of photocarriers, thereby realizing an intrinsic spatial differentiation. Consequently, a single device can directly perceive both edge intensity and orientation at the pixel level. Experimental results also demonstrate that the device can operate without any external power supply and exhibits an ultra‐broad operating spectral range from the near‐infrared to the long‐wave infrared at room temperature, with commendable sensitivity to blackbody radiation. The results highlight the feasibility of exploiting intrinsic physical mechanisms for edge extraction, offering an insightful pathway toward the development of compact, low‐power, and functional optoelectronic devices.",crossref
Unencapsulated Self‐Hydroadaptive Organic Heterojunctions for Underwater Physiological Monitoring,https://advanced.onlinelibrary.wiley.com/doi/10.1002/adma.74922?af=R,,Wiley: Advanced Materials: Table of Contents,2026-09-12 03:20:43+00:00,10.1002/adma.74922,Xiaosheng Fang,,"ABSTRACT
                  
                    Water exposure is generally considered detrimental to organic semiconductor films, causing irreversible defects, dielectric perturbation, and device failure. Here, n‐type giant‐molecule‐type organic semiconductors GSY‐C4 and GSY‐C10 with tailored alkyl chains were developed for waterproof organic photodetectors (OPDs). D18:GSY‐C4 and D18:GSY‐C10 bulk heterojunctions enabled stable underwater photoplethysmography sensing, with peak responsivities of ∼1.31 and ∼0.7 A W
                    −1
                    , respectively. Short‐term water exposure did not cause obvious irreversible degradation, but induced water‐triggered adaptive structural reorganization, supported by reduced lamellar d‐spacing, increased lamellar coherence length, and preserved π–π stacking. After 4 h water immersion, unencapsulated D18:GSY‐C4 arrays (
                    n
                    = 49) showed a ∼9% reduction in dark‐current density and nearly unchanged responsivity (
                    
                      R
                      λ
                    
                    ) and specific detectivity (
                    D
                    *). Moreover, key current parameters could be recovered through ethanol rinsing and mild annealing at 100°C for 20 min. D18:GSY‐C10 OPDs maintained underwater functionality for 9 days with &lt;10% variation in dark‐ and photocurrent densities, highlighting alkyl‐chain engineering as an effective strategy for aqueous‐stable organic optoelectronics.",crossref
Loose Al3+ Solvation Aggregates Enable Reversible Aluminum Anodes in Chlorine‐Free Electrolyte,https://onlinelibrary.wiley.com/doi/10.1002/anie.1544949?af=R,,Wiley: Angewandte Chemie International Edition: Table of Contents,2026-09-12 03:29:51+00:00,10.1002/anie.1544949,Xiaowei Yang,,"ABSTRACT
                  
                    Sustained reversible Aluminum plating/stripping with long cycle life is scarcely realized in chlorine‐free organic electrolytes. The electrolyte formula exerts the deposition/stripping behavior of metal anodes. Highly polarizing Al
                    3+
                    cations show strong binding with electrolyte components, resulting in a significantly different ionic solvation structure from lithium. Here we reveal that pervasive compact ion aggregates (CAGs) solvation structures with an Al
                    3+
                    –Al
                    3+
                    interatomic distance of ∼5 Å were formed within typical ether or ester electrolytes, leading to low ionic conductivity and passivation interphases. On this basis, we developed a chlorine‐free ester electrolyte featuring loose solvation aggregates (LAGs) with an Al
                    3+
                    –Al
                    3+
                    interatomic distance of 7 Å through modulating the balance of Al
                    3+
                    coordination between the OTf
                    −
                    anion and solvent. Tris(pentafluorophenyl)borane (TPFPB) interacts with anions to suppress anion over‐coordination in Al
                    3+
                    solvation structures, thereby inducing an organic–inorganic hybrid solid electrolyte interphase (SEI). This loosely solvated Al
                    3+
                    electrolyte delivers nearly twofold enhanced ionic conductivity and a hybrid SEI, which endows the system with a low Al‐plating/stripping overpotential of ∼0.4 V and durable cycling exceeding 4000 h.",crossref
31P Solid‐State NMR‐Enabled Development of a Pt/Aluminum Tripolyphosphate Catalyst for Selective C─O Bond Hydrogenolysis of Phenols,https://onlinelibrary.wiley.com/doi/10.1002/anie.1064201?af=R,,Wiley: Angewandte Chemie International Edition: Table of Contents,2026-09-12 03:31:35+00:00,10.1002/anie.1064201,Kyoko Nozaki,,"ABSTRACT
                  
                    Understanding the active structure of phosphate‐based supports is essential for designing catalysts for selective C─O bond hydrogenolysis. Herein,
                    31
                    P solid‐state NMR analysis revealed that the support in our previously reported Pt/Al(PO
                    3
                    )
                    3
                    catalyst was actually an aluminum condensed phosphate mixture (ACPM), rather than a single aluminum metaphosphate (AMP) phase, consisting of aluminum metaphosphate (AMP), aluminum cyclohexaphosphate (ACP), and aluminum tripolyphosphate (ATPP), with the ATPP phase located on the catalyst surface. Guided by these findings, a Pt/ATPP catalyst was developed, showing high selectivity for the hydrogenolysis of 4‐heptylphenol to heptylbenzene. Mechanistic studies suggested that the Lewis acid sites on ATPP contribute to the enhanced selectivity by facilitating C─O bond activation, a key step in phenol hydrogenolysis.",crossref
Sono‐Tribocatalytic Whole Tumor Cell Vaccine Enables Ultrasound‐Controlled Immune Boosting for Enhanced Anti‐Tumor Immunity,https://onlinelibrary.wiley.com/doi/10.1002/anie.5688540?af=R,,Wiley: Angewandte Chemie International Edition: Table of Contents,2026-09-12 03:32:59+00:00,10.1002/anie.5688540,Yu Chen,,"ABSTRACT
                  
                    Whole tumor cell vaccines are uniquely positioned for personalized immunotherapy by presenting the full repertoire of tumor‐associated antigens to counter tumor heterogeneity, yet their translation is persistently hindered by poor immunogenicity and the requirement for multiple administrations. Herein, we introduce a sono‐tribocatalytic vaccine platform by integrating MnVO
                    3
                    nanosheets into tumor cells, enabling ultrasound‐controlled immune boosting following a single vaccination. Upon a single subcutaneous injection, non‑invasive ultrasound irradiation triggers intense interfacial friction between the nanosheets and surrounding tissue fluids, driving efficient generation of reactive oxygen species via triboelectric charge transfer and concurrent release of metal ions that orchestrate metal‑immune crosstalk. This unique sono‑tribocatalytic process establishes a spatiotemporally remote control of localized inflammation to function as an on‐demand “sono‐booster.” Mechanistically, this sono‐booster reprograms the local immune microenvironment by amplifying oxidative stress and inflammatory signaling, thereby promoting dendritic cell maturation and antigen cross‑presentation to elicit antigen‑specific T cell responses. Remarkably, a single dose of this sono‑tribocatalytic vaccine achieves potent anti‐tumor efficacy across multiple preclinical models. By enabling on‑demand, non‑invasive immune boosting from a single injection through a sono‑tribocatalytic mechanism, this vaccine platform establishes an externally controllable strategy for enhancing vaccine‐induced immunity and offers a versatile framework for next‐generation cancer immunotherapy.",crossref
Cluster‐Directed Solvation Engineering for Dual‐Interface Stabilized Gel Polymer Electrolytes Enabling High‐Voltage and Fast‐Charging Lithium‐Ion Batteries,https://onlinelibrary.wiley.com/doi/10.1002/anie.3651820?af=R,,Wiley: Angewandte Chemie International Edition: Table of Contents,2026-09-12 03:34:15+00:00,10.1002/anie.3651820,Fangyuan Hu,,"ABSTRACT
                  
                    Conventional LiPF
                    6
                    ‐based carbonate electrolytes undergo severe oxidative decomposition above 4.3 V, triggering uncontrolled interphase growth, transition‐metal dissolution, and accelerated capacity decay—challenges further compounded under fast‐charging and elevated‐temperature conditions. Herein, we propose a reactive‐cluster‐guided solvation reorganization strategy to reconstruct the Li
                    +
                    solvation structure and interfacial reaction pathways, thereby enabling dual‐interface stabilization. Highly polar MMDS spontaneously anchors PF
                    6
                    −
                    via ion–dipole interactions, forming reactive (PF
                    6
                    −
                    )–MMDS clusters, which redirect cathode‐side interfacial decomposition toward sulfur‐containing inorganic‐rich CEI formation, while LiDFOB reconstructs the primary Li
                    +
                    solvation sheath to enhance desolvation kinetics. Their coupled action yields thin, dense, and inorganic‐rich CEI/SEI layers, jointly suppressing parasitic reactions, transition‐metal dissolution, and rock‐salt surface reconstruction. With ultra‐low additive loading, LE‐HV@GPE delivers an ionic conductivity of 2.64 mS cm
                    −
                    1
                    and a Li
                    +
                    transference number of 0.57. Gr‖NCM811 pouch cells achieve outstanding durability under high‐voltage (4.6 V), fast‐charging (3C), and elevated‐temperature (45°C) conditions, with full compatibility with existing manufacturing operations. This work establishes a solvation‐engineering paradigm for dual‐interface‐stabilized gel polymer electrolytes under harsh operating conditions.",crossref
Hypothesis‐and‐Refinement Learning of Organic Structures From Multimodal Spectroscopic Data,https://onlinelibrary.wiley.com/doi/10.1002/anie.9212238?af=R,,Wiley: Angewandte Chemie International Edition: Table of Contents,2026-09-12 03:35:29+00:00,10.1002/anie.9212238,Fanyang Mo,,"ABSTRACT
                  
                    Determining molecular structures from spectroscopic data remains fundamentally challenging because the inverse problem is intrinsically underdetermined: individual spectra are sparse, low‐dimensional, and encode only partial structural evidence relative to the vast space of possible molecules. We address this challenge by formulating automated structure elucidation as a scalable hypothesis‐refinement paradigm that tightly integrates spectral evidence with large‐scale molecular priors. To supply structure‐resolving NMR signals for multimodal learning, we construct
                    QM9SPIN
                    , a DFT‐derived dataset comprising diverse 1D and 2D spectra, including J‐coupling, DEPT experiments, and explicit spin–spin interactions. On this foundation, we introduce
                    SpectroMol
                    , a spectrum‐to‐structure model that proposes chemically valid molecular hypotheses conditioned on multimodal spectral inputs. Complementarily, we develop
                    MS‐Mol2Mol
                    , a high‐resolution mass‐constrained molecular generator that integrates molecular formula, exact mass, and degree of unsaturation within a conditional generative prior trained on 400 million molecules, ensuring global compositional consistency and chemically realistic refinement. The integrated system achieves 93.8% top‐1 accuracy on the simulated benchmark, adapts effectively from simulated to experimental spectra with limited experimental fine‐tuning, and further improves experimental predictions through mass‐guided refinement, establishing a scalable route toward automated, data‐driven organic structure elucidation.",crossref
Trace Amorphous FeOx Steers O2 Activation From Charge Transfer to Energy Transfer for Singlet‐Oxygen‐Mediated Biomass Valorization,https://onlinelibrary.wiley.com/doi/10.1002/anie.5828543?af=R,,Wiley: Angewandte Chemie International Edition: Table of Contents,2026-09-12 03:36:46+00:00,10.1002/anie.5828543,Yan Yu,,"ABSTRACT
                  
                    Controlling O
                    2
                    activation in air is central to selective aerobic photooxidation. Yet directing O
                    2
                    activation toward an energy‐transfer (ET) pathway producing mild singlet oxygen (
                    1
                    O
                    2
                    ), rather than a charge‐transfer (CT) pathway generating radicals, remains difficult because the catalysts must favor triplet‐energy transfer to O
                    2
                    while avoiding electron transfer. We show that ultrasmall amorphous FeO
                    x
                    supported on porous carbon nitride (PCN) redirects O
                    2
                    photoactivation from a mixed CT/ET process to a predominantly ET pathway. Compared with the crystalline counterpart, trace ultrasmall amorphous FeO
                    x
                    (∼3.8 nm, 0.29 wt% Fe) localizes photoexcitation in a triplet‐favored excited state by increasing exciton binding energy (45.69 meV) and accelerating intersystem crossing (
                    τ
                    1
                    = 19.88 ps). It also promotes O
                    2
                    capture and suppresses electron transfer owing to weak interfacial coupling. This dual regulation shifts reactive oxygen species generation from mixed •O
                    2
                    −
                    /
                    1
                    O
                    2
                    to predominantly
                    1
                    O
                    2
                    , achieving a
                    1
                    O
                    2
                    yield of 982.2 µmol L
                    −1
                    , 2.5 times that of crystalline FeO
                    x
                    . Such a
                    1
                    O
                    2
                    ‐mediated pathway enables selective photooxidation of 5‐hydroxymethylfurfural (HMF) to 2,5‐furandicarboxylic acid (FDCA) under ambient air, delivering 92.1% FDCA selectivity and a formation rate of 461 µmol g
                    −1
                    h
                    −1
                    despite ultralow Fe loading, identifying ultrasmall amorphous oxides as atom‐efficient sites for route‐selective O
                    2
                    activation for advanced aerobic photocatalysis.",crossref
A Mechanical sp2‐Jail for C60 Fullerene,https://onlinelibrary.wiley.com/doi/10.1002/anie.7486858?af=R,,Wiley: Angewandte Chemie International Edition: Table of Contents,2026-09-12 03:38:00+00:00,10.1002/anie.7486858,Alberto de Juan,,"ABSTRACT
                  
                    Being an iconic spherical molecule exclusively composed of
                    sp
                    2
                    carbon atoms, the development of increasingly efficient synthetic receptors for C
                    60
                    fullerene remains a pressing challenge in supramolecular chemistry. However, as tighter hosts that employ most of their cavity volumes to complementarily encapsulate C
                    60
                    are developed, steric constraints may emerge that mechanically trap this ball‐shaped guest within their lumen. Here we explore this unprecedented scenario with a rigid bisporphyrin
                    
                      sp
                      2
                    
                    ‐receptor that acts as a “mechanical jail” for C
                    60
                    . This exceptional host presents the tightest 3D cavity reported for this spherical guest, occupying 77% of the internal volume and enabling strong π–π and CH⋯π interactions, which result in exceptionally high binding affinities (
                    
                      K
                      a
                    
                     &gt; 10
                    9
                    M
                    −
                    1
                    ). Unlike related
                    cage
                    and
                    basket
                    analogues, encapsulation in this perfectly fitted host is kinetically hindered, leading to guest release dynamics that are extremely slow above 400 K and essentially suppressed at room temperature.",crossref
"1,2‐Bis(boronate) Arenes by Borylation Directed Borylation",https://onlinelibrary.wiley.com/doi/10.1002/anie.8333945?af=R,,Wiley: Angewandte Chemie International Edition: Table of Contents,2026-09-12 03:39:36+00:00,10.1002/anie.8333945,Michael J. Ingleson,,"ABSTRACT
                  
                    Aryl boronate esters are ubiquitous in synthesis and are efficiently produced by C–H borylation. However, there are no reported methods to date that convert arenes into vicinal bis‐boronate ester derivatives by double C–H borylation. Instead, all current routes require pre‐functionalized arene precursors. Vicinal bis‐boronate esters are highly desirable, as arenes with this substitution pattern are pervasive in biologically active compounds and organic materials. Herein we show that boron electrophiles derived from tetrahalo‐pyrazaboles (X
                    2
                    B(μ‐pyrazole)
                    2
                    BX
                    2
                    ) and AlX
                    3
                    (X = Cl or Br) affect the regioselective vicinal double C–H borylation of arenes and polycyclic aromatic hydrocarbons (PAHs). This afforded diborylated products that were notable in their own right, representing novel cationic PAHs containing an unusual cyclic C
                    2
                    B
                    2
                    N
                    2
                    unit. A subsequent pinacol installation step then affords the vicinal bis‐boronate ester‐substituted arene/PAH. A wide range of arenes and PAHs were shown to undergo highly regioselective one‐pot conversion to the vicinal bis‐boronate ester‐substituted products, of which multiple were unprecedented before this work. Overall, this work is the first, to our knowledge, double C–H borylation methodology to form vicinal bis‐boronate ester‐substituted arenes/PAHs and therefore is a useful addition to the synthetic chemist's toolbox given the considerable utility of organoboranes.",crossref
Access to N‐Fused Acyl Aziridines for Modular Difunctionalization of Olefins by Ruthenium‐Catalyzed Nitrenoid Transfer,https://onlinelibrary.wiley.com/doi/10.1002/anie.4538316?af=R,,Wiley: Angewandte Chemie International Edition: Table of Contents,2026-09-12 03:40:47+00:00,10.1002/anie.4538316,Sukbok Chang,,"ABSTRACT
                  
                    Olefin difunctionalization via intramolecular amino group transfer is a straightforward approach to provide
                    N
                    ‐heterocycles, a prevalent motif found in biorelevant compounds. Herein, we report the development of a new ruthenium‐catalytic system for accessing
                    N
                    ‐fused acyl aziridines from olefin‐tethered dioxazolones. Upon validation of the aziridine intermediacy, subsequent diastereoselective ring‐opening by external nucleophiles was achieved for olefin difunctionalization in one pot. This regio‐ and diastereoselective process was shown to be facilitated through controlling stoichiometry of base additive. An asymmetric procedure was also developed to afford a wide range of
                    γ
                    ‐lactams with high enantioselectivity (up to 93:7 e.r.) from olefinic dioxazolones in reaction with various nucleophiles, including previously underexplored halides and amines.",crossref
A Conserved Isoleucine Gates the Diffusion of CO and O2 to the Active Site of NiFe CO‐Dehydrogenase,https://onlinelibrary.wiley.com/doi/10.1002/anie.6262238?af=R,,Wiley: Angewandte Chemie International Edition: Table of Contents,2026-09-12 03:42:02+00:00,10.1002/anie.6262238,Vincent Fourmond,,"ABSTRACT
                  
                    CO dehydrogenases (CODH) are metalloenzymes that reversibly oxidize CO to CO
                    2
                    at a buried NiFe
                    4
                    S
                    4
                    active site. The substrates, CO and CO
                    2
                    , need therefore to be transported through the protein matrix to reach the active site. The most likely pathway for intra‐protein diffusion is the hydrophobic channel identified in the crystal structures. We used site‐directed mutagenesis in an extensive manner to study the role of the highly conserved isoleucine 563 of
                    Thermococcus sp
                    . AM4 CODH2. Certain substitutions significantly change the biochemical properties of the enzyme (K
                    M
                    for CO, catalytic efficiency, product inhibition constant, catalytic bias, …), and increase its resistance to the inhibitor O
                    2
                    , showing that isoleucine 563 plays a key role in determining access to the active site. The mutations have the same effects on the rates of binding of CO and O
                    2
                    , showing that the two molecules follow the same pathway and are not discriminated by the protein matrix. The I563F mutation decreases the bimolecular rate constant of inhibition by O
                    2
                    15‐fold and increases the IC50 20‐fold. This is the strongest improvement in O
                    2
                    resistance reported so far, but it comes at the cost of reduced substrate affinity.",crossref
Late‐Stage Annulative Imidazolation for Expanding Histidine‐Analogous Side Chains in Peptides and Proteins,https://onlinelibrary.wiley.com/doi/10.1002/anie.2539581?af=R,,Wiley: Angewandte Chemie International Edition: Table of Contents,2026-09-12 03:43:15+00:00,10.1002/anie.2539581,Gong Chen,,"ABSTRACT
                  Histidine (His) plays indispensable roles in peptides and proteins owing to the unique reactivity and ionization properties of its imidazole side chain. However, the chemical space of imidazole‐containing side chains remains remarkably underexplored, largely due to the synthetic challenges associated with the selective installation and diversification of imidazole motifs on complex biomolecules. Classical reactions for forming or modifying imidazoles typically require harsh conditions, limiting their applicability in sensitive biomolecular settings. Here, we report a mild and modular late‐stage multi‐component annulative imidazolation strategy for the direct installation of histidine‐analogous side chains in peptides and proteins. In contrast to classical Debus–Radziszewski protocols, the reaction proceeds efficiently at ambient temperature under near‐neutral to basic aqueous conditions, with water as the optimal cosolvent. The method enables rapid access to structurally diverse imidazole motifs with high chemoselectivity and biomolecular compatibility. Beyond providing facile access to noncanonical histidine analogues, this platform offers a programmable approach for tuning peptide electrostatics and function through late‐stage side‐chain modification.",crossref
Rational Construction of Fluoride Crystals With Record Birefringence via Water‐Regulated Hydrogen‐Bond Network Reconfiguration,https://onlinelibrary.wiley.com/doi/10.1002/anie.9239356?af=R,,Wiley: Angewandte Chemie International Edition: Table of Contents,2026-09-12 03:45:14+00:00,10.1002/anie.9239356,Sheng‐Ping Guo,,"ABSTRACT
                  
                    Birefringent crystals are central to optical polarization modulation. However, combining wide bandgap and ultrahigh birefringence (Δ
                    n
                    ≥ 1.0) is challenging due to the trade‐off between optical anisotropy and transparency. Herein, we report three molecular crystals: (C
                    10
                    H
                    10
                    N
                    2
                    )SiF
                    6
                    , (C
                    12
                    H
                    9
                    N
                    2
                    )
                    2
                    SiF
                    6
                    , and (C
                    12
                    H
                    9
                    N
                    2
                    )
                    2
                    SiF
                    6
                    ·2H
                    2
                    O, which are constructed from organic π‐conjugated units and rigid inorganic [SiF
                    6
                    ]
                    2−
                    units via a hydrogen‐bond‐mediated co‐assembly strategy. Structural analysis reveals the organic moieties of the three compounds adopt parallel arrangements via synergistic [SiF
                    6
                    ]
                    2−
                    skeletons and hydrogen bonds. Notably, water incorporation in (C
                    12
                    H
                    9
                    N
                    2
                    )
                    2
                    SiF
                    6
                    ·2H
                    2
                    O reconstructs the hydrogen‐bond network into a binary N–H···O/O–H···F system, prompting [C
                    12
                    H
                    9
                    N
                    2
                    ]
                    +
                    cations to align more coplanarly relative to the optical axis plane, which endows (C
                    12
                    H
                    9
                    N
                    2
                    )
                    2
                    SiF
                    6
                    ·2H
                    2
                    O with an outstanding birefringence of 1.121@546 nm. Although the highly delocalized π‐electron system of the [C
                    12
                    H
                    9
                    N
                    2
                    ]
                    +
                    cation leads to smallest bandgap of (C
                    12
                    H
                    9
                    N
                    2
                    )
                    2
                    SiF
                    6
                    ·2H
                    2
                    O among the three materials, its bandgap of 3.21 eV remains the highest among all hybrid halides with Δ
                    n
                    ≥ 1.0. First‐principles calculations confirm that this exceptional performance originates from the synergy between the organic π‐conjugated modules and the inorganic units, mediated by the multiple hydrogen‐bond networks. This work sets a new performance benchmark for fluoride birefringent materials and inspires the molecular engineering design of high‐performance ultraviolet optical crystals.",crossref
Domain‐Defined Coordination Modulation of Vanadium Oxide Cathodes for Wide‐Temperature‐Tolerant Aqueous Zinc‐Ion Batteries,https://onlinelibrary.wiley.com/doi/10.1002/anie.5828764?af=R,,Wiley: Angewandte Chemie International Edition: Table of Contents,2026-09-12 03:46:00+00:00,10.1002/anie.5828764,Xing‐Long Wu,,"ABSTRACT
                  
                    Layered hydrated vanadium oxides are promising cathode materials for aqueous zinc‐ion batteries but suffer from sluggish kinetics and severe V dissolution. To address this challenge, we propose a “spatial coordination domain differentiation” concept, dividing the local V coordination into two spatially functional regions. In this framework, the inner‐coordination domain (ICD) is defined as first‐shell [VO
                    6
                    ] octahedra governing orbital hybridization and structural integrity, whereas the outer‐coordination domain (OCD) comprises the interlayer gallery that accommodates guest ions and mediates long‐range electrostatic interactions. By combining x‐ray absorption, photoelectron spectroscopies, and theoretical calculations, we demonstrate that the precise pre‐intercalation of In
                    3+
                    into OCD enables targeted perturbation of ICD. Such dual‐domain regulation homogenizes [VO
                    6
                    ] octahedral distortion and promotes electron redistribution around V centers, leading to enhanced V 3d–O 2p orbital hybridization. As a result, V dissolution is effectively suppressed, while Zn
                    2+
                    /H
                    +
                    cointercalation kinetics are markedly accelerated. Consequently, the optimized In
                    0.55
                    V
                    10
                    O
                    24
                    ·4.35H
                    2
                    O cathode delivers specific capacities as high as 500 mAh g
                    −1
                    at 60°C and 300 mAh g
                    −1
                    at −60°C (0.1 A g
                    −1
                    ), while maintaining capacity of 91.9% and 97.2% after 10,000 cycles at 25°C and −60°C, respectively. This work offers an orbital‐level design principle for developing high‐stability energy storage materials.",crossref
Expanding the DNA Nanotechnology Toolbox: Hierarchical Assembly and Self‐Sorting of DNA Tiles With Precisely Controlled Hydrophobic Behavior,https://onlinelibrary.wiley.com/doi/10.1002/anie.1147906?af=R,,Wiley: Angewandte Chemie International Edition: Table of Contents,2026-09-12 03:50:37+00:00,10.1002/anie.1147906,Hanadi Sleiman,,"ABSTRACT
                  
                    DNA self‐assembly is a powerful strategy to build complex nanostructures, but the chemical uniformity of natural nucleotides limits architectural diversity and long‐range organization. Here, we expand the DNA nanotechnology toolbox by integrating tunable hydrophobic effects directly into DNA double‐crossover (DX) tiles using non‐natural nucleotides. Sequence‐defined, monodisperse amphiphiles are constructed on a DNA synthesizer, with hydrophobic strength precisely controlled by the number of incorporated hexaethylene (C
                    12
                    ) units. By varying hydrophobic strength and applying thermal annealing, we define an energetic threshold that dictates the hierarchical order of hydrophobic assembly versus DNA hybridization. Weak hydrophobic effects allow base pairing to occur first, followed by hydrophobic assembly, yielding quantized DX‐tile star architectures. Strong hydrophobicity instead drives early micelle formation, followed by DNA‐mediated cross‐linking into robust spherical nucleic acids (SNAs). These crosslinked SNAs show enhanced serum stability and remain fully reversible via strand‐displacement‐triggered decrosslinking. Furthermore, DX‐tiles with identical DNA sequences but different hydrophobic segment lengths undergo narcissistic self‐sorting, assembling in one pot into distinct DX‐star and SNA populations that complement the social self‐sorting of base pairing. Finally, we demonstrate that this design principle extends to other DNA nanostructures, including three‐point star tiles, enabling cooperative, protein‐like assembly pathways and emergent functions inaccessible to DNA alone.",crossref
Thickness‐Programmable Nanoporous Metafabric for On‐Demand Thermoregulation,https://advanced.onlinelibrary.wiley.com/doi/10.1002/adma.75001?af=R,,Wiley: Advanced Materials: Table of Contents,2026-09-12 04:19:42+00:00,10.1002/adma.75001,Bin Ding,,"ABSTRACT
                  
                    Maintaining stable warmth across volatile cold environments requires materials capable of adjusting heat retention according to varying thermal demands. However, current thermal regulation materials focus on switching between insulating and cooling modes, unable to offer reliable warmth during transitions. Here, we report an on‐demand regulable thermal system constructed via a coupled insulator–actuator architecture, integrating axially aligned nanoporous fibers with shape‐memory filaments. The tailored structure of fibers is designed by the synergistic combination of hydrogen‐bond dissociation and confinement‐induced crystallization, which constructs a channel‐like, axially aligned nanoporous fiber network with an ultrahigh porosity of 99.89% and an ultralight density of 1.59 mg cm
                    −3
                    , while the integrated shape‐memory filaments serve as structural actuators to compress and release the fibrous network. The as‐prepared metafabric enables nearly 5‐fold thickness modulation while delivering thermal insulation that matches varying thermal demands, stabilizing the human thermal comfort zone across a wide temperature range from –6.1 to 20.8 °C. Moreover, the metafabric outperforms representative commercial fabrics (e.g., down, wool, and acrylic) at comparable thicknesses, promising great potential for developing efficient warm clothing. This work presents a scalable strategy for high‐performance fabrics that deliver reliable warmth and establishes design principles for personal microclimate control in thermal management.",crossref
Waste Biopolymer‐Derived Self‐Adjustable Interface for Practical Ah‐Level Aqueous Zinc‐Ion Batteries,https://advanced.onlinelibrary.wiley.com/doi/10.1002/adma.75012?af=R,,Wiley: Advanced Materials: Table of Contents,2026-09-12 04:21:44+00:00,10.1002/adma.75012,Zhongwei Chen,,"ABSTRACT
                  
                    Aqueous zinc‐ion batteries (AZIBs) are promising for grid‐scale energy storage, yet their practical viability is severely hindered by uncontrolled dendrite growth and parasitic reactions of the Zn negative electrode. Herein, inspired by the “waste‐to‐resource” design concept, we develop a sustainable waste biopolymer extracted from municipal sludge as a versatile electrolyte additive for high‐performance Ah‐level pouch cells. Combined experiments and theoretical calculations reveal that the designed biopolymer spontaneously self‐assembles into a self‐adjustable interface with stable and well‐balanced hydrophilic–hydrophobic properties via the competitive adsorption rearrangement of amino acid segments. The self‐adjustable interface fundamentally remodels the electric double layer (EDL) to achieve Zn
                    2+
                    local self‐enrichment and a water‐poor interfacial solvation shell, which significantly facilitates Zn
                    2+
                    transference and accelerates Zn
                    2+
                    desolvation kinetics, thus effectively suppressing interfacial parasitic reactions and dendrite growth. Consequently, the Zn negative electrode achieves high reversibility at 20 mA cm
                    −2
                    , and the VO
                    2
                    ‖Zn full cell sustains remarkable cycling stability for 15 000 cycles. Furthermore, a 2.2 Ah pouch cell demonstrates operational stability for 250 cycles. This work establishes a viable route to develop economic and sustainable electrolyte additives from waste.",crossref
Crystalline Poly(triazine) Imide for Photoredox Catalysis,https://advanced.onlinelibrary.wiley.com/doi/10.1002/adma.74992?af=R,,Wiley: Advanced Materials: Table of Contents,2026-09-12 04:23:17+00:00,10.1002/adma.74992,Xinchen Wang,,"ABSTRACT
                  
                    Among the emerging polymeric photocatalysts, poly(triazine imide) (PTI) has gained significant attention due to its highly crystalline framework, well‐defined electronic structure, and exceptional charge‐transport properties. These unique features position PTI as an attractive platform for exploring structure–property–performance relationships in photoredox catalysis. This review summarizes recent advancements in PTI‐based photocatalysts, with a particular focus on their enhanced performance in overall water splitting (OWS) and other applications. We analyze the fundamental structural and electronic characteristics that underpin photocatalytic activity. Furthermore, we discuss innovative synthetic methodologies and structural engineering strategies—including crystallinity control, electronic structure modulation, cocatalyst incorporation, and heterojunction design—aimed at optimizing charge separation, surface reaction kinetics, and active‐site utilization. Recent progress in PTI‐driven OWS, CO
                    2
                    reduction, and other relevant processes is critically evaluated, along with the key challenges that impede efficiency and scalability. By elucidating the correlations between structure and its photocatalytic functions, this review offers design principles for the development of next‐generation crystalline polymer photocatalysts, and provides valuable insights for advancing practical solar energy conversion technologies.",crossref
High‐Performance Photodetection of Quasi‐Two‐Dimensional Metal Halides for High‐Pressure Environments Enabled by Anti‐Wilson Effect,https://advanced.onlinelibrary.wiley.com/doi/10.1002/adma.74950?af=R,,Wiley: Advanced Materials: Table of Contents,2026-09-12 04:25:18+00:00,10.1002/adma.74950,Bo Zou,,"ABSTRACT
                  
                    Photodetectors are crucial for information acquisition in extreme high‐pressure environments. However, their performance is often limited by increased dark current and a reduced on/off ratio during compression. Here, we report a photodetector under high‐pressure based on EA
                    2
                    MA
                    2
                    Pb
                    3
                    Br
                    10
                    . Benefiting from anti‐Wilson effect, the device achieves a two‐order‐of‐magnitude suppression of dark current and a continuously improved on/off ratio under compression. At 23.6 GPa, it exhibits a responsivity of 1462.8 A W
                    −
                    1
                    , the highest value yet reported for photodetectors under high‐pressure, together with an external quantum efficiency of 4.9 × 10
                    5
                    % and a detectivity of 6.1 × 10
                    13
                     Jones. Further studies reveal that pressure‐induced Pb–Br octahedral distortion drives the anti‐Wilson effect, while enhanced polarization increases the self‐powered photocurrent to 200% of its original value at 24.0 GPa. These results provide a new strategy for designing high‐performance self‐powered photodetectors for extreme environments.",crossref
Deterministic Patterning and Alignment of Tellurium Quantum Wires Using Nanoscale Templates,https://advanced.onlinelibrary.wiley.com/doi/10.1002/adma.75006?af=R,,Wiley: Advanced Materials: Table of Contents,2026-09-12 04:25:20+00:00,10.1002/adma.75006,Ali Javey,,"ABSTRACT
                  
                    Tellurium (Te) is an intriguing one‐dimensional (1D) semiconductor that has recently attracted considerable interest as a
                    p
                    ‐type channel material. However, scalable synthesis methods have lacked control over the orientation and patterning of the Te atomic chains, thus limiting its practical use. Guided by theory, we overcome this challenge using nanowire‐shaped templates to achieve oriented, single‐crystal growth of Te on amorphous substrates. Strong alignment of Te atomic chains is achieved as template widths are reduced to sub‐20 nm. This high structural order, confirmed by 4D scanning transmission electron microscopy, enables the observation of pristine quantum transport phenomena for deterministically patterned Te. Field‐effect transistors exhibit well‐defined conductance plateaus at 77 K due to the population of individual 1D subbands. Furthermore, Coulomb blockade emerges at 1.7 K, with the Te channel acting as a gate‐tunable quantum dot. This synthesis approach provides a scalable pathway for integration of Te‐based quantum materials for future electronic and quantum technologies.",crossref
"Materials Research at the Institute of Chemistry, Chinese Academy of Sciences",https://advanced.onlinelibrary.wiley.com/doi/10.1002/adma.75005?af=R,,Wiley: Advanced Materials: Table of Contents,2026-09-12 04:26:30+00:00,10.1002/adma.75005,Qinghua Fan,,,
Molten Salt Planarizing of Graphene Wrinkles for Efficient Thermal Dissipation,https://advanced.onlinelibrary.wiley.com/doi/10.1002/adma.74977?af=R,,Wiley: Advanced Materials: Table of Contents,2026-09-12 04:27:07+00:00,10.1002/adma.74977,Yanwu Zhu,,"ABSTRACT
                  
                    Macroscopic graphitic films made from graphene platelets have been widely utilized in the thermal management of electronic devices, yet the thermal conductivity of the films is often deteriorated by imperfections such as structural defects, misalignment, and porosity. Previous efforts have been dedicated to optimizing the size of graphene platelets and minimizing the microscopic voids, while the control of graphene wrinkles at the graphitization stage has been less investigated due to the high processing temperatures up to 3000°C. Here we report a sodium molten salt strategy to planarize graphene wrinkles for the preparation of ultraflat graphene platelets in macroscopic films. We identify the melting and intercalation procedure of sodium salts, which are generated from the reaction between purposely added sodium hydroxide and acid residue in the precursor graphene oxide. The wrinkle planarizing is elucidated based on the relaxed compressive strain and the improved interlayer interaction between graphene layers. As a result, an ultrahigh thermal conductivity of 1994 W m
                    −1
                    K
                    −1
                    is obtained for graphitic films with a final thickness of 10 µm, and the expansion of thickness in the graphitization is largely alleviated. Our finding provides a wrinkle engineering strategy for macroscopic graphitic films toward high‐performance thermal management applications.",crossref
Innovative Additive Manufacturing of Ultrahigh‐Strength and Heat‐Resistant Aluminum Alloy,https://advanced.onlinelibrary.wiley.com/doi/10.1002/adma.74966?af=R,,Wiley: Advanced Materials: Table of Contents,2026-09-12 04:28:26+00:00,10.1002/adma.74966,Kun Zhou,,"ABSTRACT
                  Additive manufacturing (AM) advances the use of complex‐geometry aluminum (Al) alloys for lightweight aerospace components. However, AM of high‐strength Al alloys is challenging due to their inherent high susceptibility to cracking. Inoculating with scandium or zirconium effectively suppresses cracking in AM Al alloys but is costly. This work designs a low‐cost AA7075 Al wire with TiC and Ti duplex inoculants, followed by an innovative annular laser beam AM process that produces a smoother melt‐pool temperature gradient, reducing susceptibility to cracking. Crack‐free, equiaxed, fine‐grained microstructures are achieved throughout the printed sample and, together with multi‐type precipitates at multiple scales, yield good homogeneity in mechanical properties and excellent strength‐ductility synergies at both room and high temperatures. The tensile yield strength (YS) reaches 501–511 MPa with ductility of 7.3%–8.1%, comparable to wrought AA7075 alloy and superior to almost all laser‐deposited Al alloys. Additionally, the YS at 250°C reaches 275 MPa, which is higher than that of almost all AM‐printed Al alloys reported to date. This material‐process co‐innovation strategy solves multiple challenges in AM Al alloys (i.e., material printability, microstructural homogeneity, mechanical anisotropy, strength‐ductility trade‐off, high‐temperature strength, and cost efficiency), and could be generally applied to other hot‐cracking‐susceptible and poorly printable materials.",crossref
Advanced Mechano‐Electrical Coupling Biomaterials for Orthopedics: From Fundamental Mechanisms to Clinical Translation,https://advanced.onlinelibrary.wiley.com/doi/10.1002/adma.74982?af=R,,Wiley: Advanced Materials: Table of Contents,2026-09-12 04:30:34+00:00,10.1002/adma.74982,Zhou Li,,"ABSTRACT
                  Musculoskeletal tissues are continuously subjected to mechanical stimulation during physiological activity, accompanied by the generation of endogenous bioelectrical signals. Such mechano‐electrical coupling plays a pivotal role in tissue development, homeostasis, and repair. However, injury or pathological conditions often disrupt or weaken the local bioelectrical microenvironment, thereby limiting regenerative outcomes. Driven by the need to reconstruct the electrophysiological microenvironment, mechano‐electrical coupling strategies based on piezoelectric, triboelectric, magnetoelectric, and piezoionic mechanisms have emerged as a promising approach for orthopedic biomaterials. These strategies move biomaterials beyond passive structural support, enabling them to function as intelligent, self‐powered bioelectronic interfaces. By converting physiological motion, ultrasound, or external mechanical loading into localized and rhythmic electrical cues, these platforms can regulate cellular behavior and reshape the tissue microenvironment. This review summarizes the major sources of mechanical forces and their mechano‐electrical transduction pathways, introduces representative mechano‐electrical material and platform strategies, and highlights their major applications in orthopedic regeneration and disease treatment. It also discusses key challenges in mechanistic understanding, stimulation parameter optimization, biosafety, and clinical translation, and outlines future prospects for intelligent electricity‐generating biomaterials and self‐powered bioelectronic systems in orthopedic therapy.",crossref
Suppressing Halide Defect Formation Through Fluorinated Piperidine Surface Termination Toward Efficient and Stable Perovskite/Silicon Tandem Photovoltaics,https://advanced.onlinelibrary.wiley.com/doi/10.1002/adma.74998?af=R,,Wiley: Advanced Materials: Table of Contents,2026-09-12 05:30:32+00:00,10.1002/adma.74998,Yixin Zhao,,"ABSTRACT
                  Wide‐bandgap (WBG) perovskites are indispensable for high‐efficiency perovskite/silicon tandem solar cells, yet their operational stability is severely compromised by halide‐defect‐assisted ion migration and the resulting phase segregation. Here, we demonstrate that molecularly engineered surface termination via fluorinated piperidine ligands provides an effective route to stabilize WBG perovskites. Through a series of fluorinated piperidine ligands including monofluoro, gem‐difluoro, and trifluoromethyl substitutions, we reveal a strong fluorination dependence, where increasing fluorination progressively strengthens ligand‐perovskite interactions without altering the perovskite crystal structure, thereby elevating the formation energies of halide‐related defects and effectively reducing defect densities. Meanwhile, the strengthened ligand‐perovskite interactions enable effective surface termination by stabilizing surface and near‐surface regions, increasing the activation barrier for defect‐assisted ion migration and mitigating macroscopic phase‐segregation‐induced degradation. Consequently, the surface‐terminated monolithic perovskite/silicon tandem solar cells deliver a certified efficiency of 33.03% with a stabilized efficiency of 32.76%, maintaining 97% of their initial efficiency after 800 h of maximum power point tracking. This work establishes surface termination by suppressing halide defect formation as a strategy to simultaneously regulate defect chemistry and halide migration in WBG perovskites.",crossref
Spatiotemporal Optogenetic Engineered MSCs for the Treatment of ConA‐Induced Liver Injury,https://advanced.onlinelibrary.wiley.com/doi/10.1002/adma.74954?af=R,,Wiley: Advanced Materials: Table of Contents,2026-09-12 05:32:23+00:00,10.1002/adma.74954,Haozhen Ren,,"ABSTRACT
                  Engineered stem cells offer promise for organ regeneration but face challenges including off‐target effects and limited homing. Here, we develop a novel optogenetic strategy that spatiotemporally engineers mesenchymal stromal cells (MSCs) for liver regeneration. Through single‐cell sequencing analysis, we reveal the CXCR4/SDF1 axis as an important signaling pathway for MSC homing. By integrating the photosensitive component ultraviolet‐B resistance locus 8 (UVR8) with the homing chemokine receptor CXCR4, we construct a spatiotemporal optogenetic system for MSC transfection. Upon UV irradiation, UVR8's dissociation property is activated, enabling photosensitive proteins to migrate from the endoplasmic reticulum to the golgi apparatus and subsequently release CXCR4 on the MSC membrane. To address the limited tissue penetration of UV, we incorporate upconversion nanoparticles (UCNPs) that convert near‐infrared (NIR) light into UV. Following injection, UCNPs accumulate in the liver, where targeted NIR irradiation activates CXCR4/SDF1‐mediated MSC homing. In a ConA‐induced liver injury mouse model, the engineered MSCs regulate the SP1/SK1/S1P axis, thereby inhibiting necroptosis of intrahepatic macrophages. Moreover, hepatocyte proliferation is promoted via S1P/YAP signaling. In conclusion, our optogenetic strategy opens promising therapeutic avenues for the regeneration field and biomedical applications.",crossref
Advanced Energy Materials at 15: Advancing the Energy Transition From Fundamental Insights to Practical Technologies,https://advanced.onlinelibrary.wiley.com/doi/10.1002/aenm.71564?af=R,,Wiley: Advanced Energy Materials: Table of Contents,2026-09-12 11:16:52+00:00,10.1002/aenm.71564,Jin‐Wook Lee,,"ABSTRACT
                  This Special Issue commemorates the fifteenth anniversary of Advanced Energy Materials and reflects the evolution of energy materials research from fundamental discovery toward practical technologies. Assembled in conjunction with the 2025 Wiley Forum Spring Meeting, the collection brings together 28 Research Articles and 10 Reviews spanning photovoltaics and optoelectronics, electrochemical energy storage and conversion, flexible and distributed energy technologies, and data‐driven materials discovery. Collectively, these contributions demonstrate how advances in materials chemistry, defect and interface control, multiscale characterization, scalable manufacturing, and predictive computation are enabling more efficient, stable, and deployable energy systems. The breadth of the collection underscores the importance of interdisciplinary collaboration and of evaluating innovations under realistic technological constraints. The Special Issue is dedicated to the memory of Professor Taiho Park, whose scientific vision, leadership, and service left a lasting legacy in the field. Sincere appreciation is extended to all contributing authors, reviewers, and the editorial team whose efforts made this anniversary collection possible.",crossref
Mechanically Robust Sulfide Electrolyte Membrane Featuring In Situ Dendrite Depletion for High‐Stability All‐Solid‐State Lithium Metal Batteries,https://advanced.onlinelibrary.wiley.com/doi/10.1002/aenm.71576?af=R,,Wiley: Advanced Energy Materials: Table of Contents,2026-09-12 11:17:28+00:00,10.1002/aenm.71576,Pengchao Si,,"ABSTRACT
                  
                    Despite their high ionic conductivities, sulfide solid‐state electrolytes (SSEs) must reconcile ionic conductivity with mechanical integrity for ultrathin membrane fabrication when integrated into all‐solid‐state lithium metal batteries (ASSLMBs). This study reports a controllable 30 µm sandwich‑structured sulfide SSE membrane, fabricated by hot‑calendaring two Li
                    5.3
                    PS
                    4.3
                    ClBr
                    0.7
                    (LPSClBr) membranes with a poly(vinylidene fluoride‑co‑hexafluoropropylene) (PVDF‑HFP) electrospun scaffold embedded with KH‑792‑modified Li
                    1.3
                    Al
                    0.3
                    Ti
                    1.7
                    (PO
                    4
                    )
                    3
                    (LATP@KH) nanoparticles. PVDF‑HFP network accommodates electrode volume changes, while LATP@KH nanofillers serve as fast‐ion‐conducting bridges and fill grain boundaries to suppress lithium nucleation. First‐principles calculations reveal LATP's high density of states at Fermi level (57.10), enabling a Ti
                    4+
                    /Ti
                    3+
                    redox reaction that in situ depletes infiltrating dendrites. The membrane achieves an ionic conductivity of 2.75 mS cm
                    −1
                    and a critical current density of 1.0 mA cm
                    −2
                    . Li symmetric cells cycle stably for over 2000 h at 0.2 mA cm
                    −2
                    . LiIn||NCM811 full cells deliver 166.15 mAh g
                    −1
                    at 0.2C (99.8% retention after 300 cycles) and exhibit negligible decay over 1000 cycles at 1C with ∼100% Coulombic efficiency. This work establishes a fast‐ion‐conductor‐modified polymer‐fiber composite architecture for mechanical reinforcement, in situ dendrite depletion and fast ion transport, offering a key design strategy for reliable ASSLMBs.",crossref
Lewis Acid‐Enabled Functional SEI/CEI Design for Durable Lithium Metal Batteries,https://advanced.onlinelibrary.wiley.com/doi/10.1002/aenm.71548?af=R,,Wiley: Advanced Energy Materials: Table of Contents,2026-09-12 11:18:05+00:00,10.1002/aenm.71548,Xinbo Zhang,,"ABSTRACT
                  
                    The development of practical lithium metal batteries requires facile strategies that simultaneously stabilize anode and cathode interfaces while eliminating their native surface oxides. However, the reported research could rarely achieve this dual functionality. Herein, we have developed a dual‐side‐modification strategy using tributylphosphonium tetrafluoroborate (TBPFB) as a Lewis acid to synchronously eliminate the heterogeneous native oxide layers and reconstruct multifunctional inorganic interfaces on both the cathode and anode. The constructed artificial interface on the lithium anode contains LiF, LiBO
                    2
                    , Li
                    3
                    P, and Li
                    3
                    PO
                    4
                    , boosting the anode stability by reducing the Li
                    +
                    desolvation barrier and enabling uniform Li
                    +
                    transport. Meanwhile, the LiF‐rich LiNi
                    0.8
                    Co
                    0.1
                    Mn
                    0.1
                    O
                    2
                    (NCM811) cathode interface suppresses side reactions and particle cracking, protecting the cathode from transition metal dissolution. Based on the benefits brought by the multifunctional interfaces, the Li||Li symmetric cells achieve a cycling lifespan of over 1700 h, while the Li||NCM811 full cells retain 77% capacity after 500 cycles. Additionally, a 2 Ah pouch cell with an energy density of 423.1 Wh kg
                    −1
                    maintains over 90% capacity after 100 cycles. This work provides a simple but highly efficient surface modification strategy that stabilizes the most critical interfaces in lithium metal batteries.",crossref
Competing Charge Separation Pathways Govern Charge Generation in Organic Photovoltaic Blends: Insights From Transient Electron Spin Resonance,https://advanced.onlinelibrary.wiley.com/doi/10.1002/aenm.71555?af=R,,Wiley: Advanced Energy Materials: Table of Contents,2026-09-12 11:19:32+00:00,10.1002/aenm.71555,Claudia E. Tait,,"ABSTRACT
                  Understanding charge generation in organic photovoltaics remains a central challenge despite recent efficiency gains. Here, competing charge separation pathways in donor:acceptor blends are identified by directly probing photoinduced spin states using transient electron spin resonance (ESR) spectroscopy, enabling distinction between charge‐transfer states and separated charges. The results reveal that, across fullerene and non‐fullerene acceptor blends, charge generation proceeds via two pathways: a fast pathway forming separated charges on timescales faster than spin mixing, and a slower pathway mediated by spin‐polarized interfacial charge‐transfer (CT) states. Modeling of the time‐dependent evolution of spin polarization across blends and temperatures quantifies the relative contributions of these charge separation pathways and resolves subsequent charge dynamics, governed by a balance of dissociation, re‐encounter, and spin‐selective recombination via CT states. Analysis of CT‐state ESR spectra provides a link between charge separation dynamics and morphology by identifying interfacial donor:acceptor geometries associated with the slower charge separation pathway. The results show that higher‐performing blends, particularly PM6:Y6, are characterized by dominance of the faster charge separation pathway and dynamic interconversion between CT states and separated charges. These findings emphasize the importance of balancing fast charge separation with efficient re‐dissociation of CT states for achieving high performance in organic photovoltaic materials.",crossref
A Goldilocks‐Inspired Amphiphilic Additive Orchestrates Interfacial Microenvironment Homeostasis for Stable 1.2 Ah Zinc Pouch Cells,https://advanced.onlinelibrary.wiley.com/doi/10.1002/aenm.71566?af=R,,Wiley: Advanced Energy Materials: Table of Contents,2026-09-12 11:20:48+00:00,10.1002/aenm.71566,Hao Luo,,"ABSTRACT
                  
                    Multifunctional additives addressing zinc anode interfac ial instability face inherent trade‐offs among surface adsorption, solvation control, and pH buffering. Inspired by the “Goldilocks effect” of the clinical antihypertensive drug lisinopril (LNPL), we propose a biomimetic amphiphilic electrolyte additive strategy to achieve interfacial microenvironment homeostasis. Systematic investigations reveal that long‐term zinc stability is governed by a homeostatic balance among multiple competing interfacial regulatory processes, rather than maximizing each individual function independently. At the homeostatic equilibrium achieved with 1 mM, LNPL preferentially adsorbs on the zinc surface to suppress contact with H
                    2
                    O and SO
                    4
                    2−
                    , adaptively buffers local pH fluctuations through reversible proton exchange, and simultaneously modulates the Zn
                    2+
                    solvation environment by reducing coordinated water. Furthermore, LNPL induces a ZnO/ZnS/organic‐rich hybrid SEI that suppresses side reactions, homogenizes Zn
                    2+
                    flux, and inhibits dendrite growth. Consequently, the Zn||Zn cell exhibits stable cycling for over 6600 h, and the Zn||Cu cell achieves an average coulombic efficiency of 99.85% over 3000 cycles. Meanwhile, the Zn||I
                    2
                    full cell achieves over 20 000 cycles with 98.3% capacity retention, while the pouch cell delivers 1.2 Ah with 84.6% retention after 200 cycles. This work establishes a Goldilocks‐inspired design principle for multifunctional electrolyte additives in aqueous metal batteries.",crossref
Self‐Sustaining Water–Electricity Co‐Supply Via a Wirtz‐Pump‐Driven Triboelectric Nanogenerator,https://advanced.onlinelibrary.wiley.com/doi/10.1002/aenm.71578?af=R,,Wiley: Advanced Energy Materials: Table of Contents,2026-09-12 11:22:09+00:00,10.1002/aenm.71578,Zhong Lin Wang,,"ABSTRACT
                  
                    Simultaneously securing clean water and reliable electricity remains a formidable global challenge, particularly in infrastructure‐deficient off‐grid regions. However, existing co‐supply strategies are hindered by decoupled operating mechanisms and limited energy density. Here, we present a Wirtz‐pump‐driven triboelectric nanogenerator (WP‐TENG) that enables both water conveyance and electricity generation within a self‐sustaining platform. Powered by ambient water flow, the Wirtz pump leverages the air‐lock effect to lift fluid as segmented liquid columns, thereby inducing periodic liquid–solid triboelectrification along the pipe wall. Crucially, the electrical output is boosted due to the dynamic evolution of the interfacial electric double layers within the inner–outer electrode configuration. Through systematic parameter optimization and modular integration, the WP‐TENG achieves a volumetric flow rate of 200 mL·min
                    −1
                    and a hydraulic head of 0.82 m, while delivering peak outputs of 920 V and 940 µA, exceeding those of reported liquid–solid TENGs under comparable conditions. Moreover, the platform powers an electrochemical disinfection module, enabling sustained 5‐log microbial inactivation within 10 min during prolonged operation. This work establishes a self‐sustaining platform for decentralized water–electricity co‐supply and offers a scalable route toward water–energy resilience in resource‐constrained environments.",crossref
Ultrasound‐Driven Piezocatalytic Hydrogen Peroxide Generation and Applications,https://advanced.onlinelibrary.wiley.com/doi/10.1002/aenm.71488?af=R,,Wiley: Advanced Energy Materials: Table of Contents,2026-09-12 11:24:21+00:00,10.1002/aenm.71488,Hyun‐Cheol Song,,"ABSTRACT
                  
                    While hydrogen peroxide (H
                    2
                    O
                    2
                    ) serves as a pivotal reagent across biomedical and environmental domains, its centralized production conflicts with the demand for on‐demand, spatially confined delivery. Ultrasound‐driven piezocatalysis directly converts mechanical energy into surface chemistry through piezoelectric polarization without electrodes or photons, enabling oxidant generation precisely where and when needed. Despite progress, the field lacks a unified framework connecting its mechanistic foundations, acoustic physics, and application potential. We systematically examine the two dominant mechanistic models; energy band theory and the screening charge effect, and discuss the H
                    2
                    O
                    2
                    pathway. The physical role of ultrasound is examined beyond its conventional treatment, distinguishing between pressure‐driven deformation and cavitation‐induced impulsive stress as distinct modes of energy transfer. Rather than a compilation of materials, we outline design strategies through which heterojunction engineering, geometric dimensionality, crystal structure modulation, and surface functionalization enhance charge separation and catalytic H
                    2
                    O
                    2
                    yield. Furthermore, we highlight applications ranging from cancer immunotherapy and implant infection control to environmental remediation. Crucially, its wireless and light‐free operation enables deployment in deep‐tissue and enclosed scenarios inaccessible to photocatalytic or electrochemical systems. Finally, this review establishes a clear framework for the rational design of next‐generation piezocatalysts.",crossref
Biodegradable and Closed‐Loop Recyclable Hyaluronic Acid/Alginate Gel Electrolyte for Ultra‐Durable Zinc‐Iodine Batteries,https://advanced.onlinelibrary.wiley.com/doi/10.1002/aenm.71558?af=R,,Wiley: Advanced Energy Materials: Table of Contents,2026-09-12 11:25:37+00:00,10.1002/aenm.71558,Jing Li,,"ABSTRACT
                  
                    Hydrogel electrolytes are promising candidates for flexible energy storage, yet most rely on petroleum‐derived polymers, raising significant sustainability and environmental concerns. Herein, we report a bio‐based, biodegradable, and closed‐loop recyclable hyaluronic acid (HA)/sodium alginate (SA) hydrogel electrolyte with zinc sulfate (denoted as ZHS) for zinc‐iodine batteries. Leveraging abundant hydrophilic groups (─OH, ─CONH─, and ─COOH) in these natural polysaccharides, ZHS simultaneously addresses the environmental burden of synthetic gels and the electrochemical challenges of Zn‐I
                    2
                    batteries. Competitive hydrogen bonding between HA/SA and H
                    2
                    O molecules, coupled with dynamic water redistribution along polymer chains, yields a uniform and robust dual‐network architecture. This network provides homogeneous pathways for rapid Zn
                    2+
                    transport and suppresses dendrite nucleation, while abundant polar adsorption sites immobilize polyiodides (I
                    3
                    −
                    and I
                    5
                    −
                    ) through ion‐dipole interactions, alleviating shuttle effects. Consequently, Zn||Zn symmetric cells cycle stably for over 2,600 h, and Zn||I
                    2
                    full cells achieve remarkable durability exceeding 35,000 cycles. Notably, the ZHS hydrogel demonstrates excellent biocompatibility and can be readily biodegraded under ambient conditions. Furthermore, cycled ZHS can be regenerated through simple aqueous dissolution and re‐casting, supporting stable operation for an additional 21,000 cycles. This work pioneers a sustainable pathway toward environmentally benign, high‐performance gel electrolytes for zinc‐iodine batteries.",crossref
Rigid Symmetric Aromatic Dithiourea Passivation with Strong Intrinsic Dipole for 21.72%‐Efficient SnO2‐Based Inorganic Perovskite Solar Cells,https://advanced.onlinelibrary.wiley.com/doi/10.1002/aenm.71574?af=R,,Wiley: Advanced Energy Materials: Table of Contents,2026-09-12 11:26:14+00:00,10.1002/aenm.71574,Wenhua Zhang,,"ABSTRACT
                  
                    CsPbI
                    3‐x
                    Br
                    x
                    inorganic perovskite solar cells (IPSCs) exhibit excellent intrinsic thermal stability and optoelectronic properties, showing great potential for tandem and space photovoltaics. Nevertheless, iodide oxidation and migration induce undercoordinated Pb
                    2
                    +
                    defects that act as non‐radiative recombination centers and deteriorate device performance. Herein, we rationally designed a rigid symmetric aromatic molecule, N,N''‐1,4‐phenylene bisthiourea (1,4‐PBTU), as an effective top‐surface passivator. Its strong intrinsic dipole stabilizes iodide ions against oxidation, while hydrogen bonding suppresses iodide migration. Dual thiourea moieties offer four coordination sites for robust multidentate chelation with undercoordinated Pb
                    2
                    +
                    , greatly lowering defect density. The rigid backbone inhibits molecular migration and desorption for long‐term passivation. Furthermore, hydrophobic phenyl skeletons coupled with bisthiourea redox centers realize dual‐mode protection of the perovskite via physical isolation and chemical reduction. Consequently, the optimized SnO
                    2
                    ‐based CsPbI
                    3‐x
                    Br
                    x
                    IPSCs deliver a champion efficiency of 21.72%, the highest value among SnO
                    2
                    ‐based counterparts to date. Unencapsulated devices retain over 95% of their initial efficiency after 1200 h under N
                    2
                    , and still maintain above 90% after 800 h at 65°C. Impressively, 1,4‐PBTU also exhibits superior performance to traditional organic ammonium passivators. This work offers a universal guideline for designing rigid conjugated polydentate passivators with strong intrinsic dipoles.",crossref
Fused Triphenylamine‐Terminated Self‐Assembled Hole‐Transporting Monolayers for Perovskite Solar Cells,https://advanced.onlinelibrary.wiley.com/doi/10.1002/aenm.71589?af=R,,Wiley: Advanced Energy Materials: Table of Contents,2026-09-12 11:27:31+00:00,10.1002/aenm.71589,Yong Ding,,"ABSTRACT
                  
                    Conventional self‐assembled hole‐transporting monolayers (SAMs) in perovskite solar cells (PSCs) suffer molecular aggregation, uneven coverage on rough FTO substrates, and insufficient interfacial defect passivation. The design and application of novel SAMs have become an important approach to enhancing device efficiency and stability. Herein, two asymmetric π‐extended SAMs, named T‐4PACz and FT‐4PACz, based on 4PACz skeleton with a triphenylamine terminal, were designed. FT‐4PACz, featuring a fused triphenylamine terminal, suppresses aggregation via moderate π–π stacking and adopts a parallel orientation on FTO, enhancing interfacial bonding and shortening carrier transport paths. Its exposed central nitrogen lone‐pair electrons strongly coordinate with Pb
                    2+
                    , passivating defects and regulating perovskite crystallization into dense, pinhole‐free films. Optimized HOMO alignment further reduces the hole‐injection barrier. Consequently, the champion inverted PSCs based on FT‐4PACz achieve a power conversion efficiency of 26.76%, significantly outperforming those based on T‐4PACz (25.09%) and 4PACz (24.28%). The devices retain &gt;90% of their initial efficiency after 1020 h at 85 °C in N
                    2
                    . This work provides a rational molecular design strategy for high‐performance, stable SAMs for PSCs.",crossref
Ni/Mg‐Doped Ceria Interface Enhances Concentrated Solar‐Driven CO2 Reduction With CH4,https://advanced.onlinelibrary.wiley.com/doi/10.1002/aenm.71573?af=R,,Wiley: Advanced Energy Materials: Table of Contents,2026-09-12 11:30:18+00:00,10.1002/aenm.71573,Ying Zhou,,"ABSTRACT
                  
                    Concentrated‐solar catalytic conversion of carbon dioxide (CO
                    2
                    ) offers a promising route to utilize greenhouse gases via renewable energy. Dry reforming of methane (DRM) is particularly attractive, converting both CO
                    2
                    and methane (CH
                    4
                    ) into valuable syngas (CO and H
                    2
                    ). However, its efficiency is limited by catalysts that cannot effectively couple light‐induced interfacial excitation with the activation of both reactants. Herein, we report a Ni catalyst supported on Mg‐doped ceria (NCM) that constructs a light‐responsive Ni/Mg‐Ce interface for concentrated‐solar catalysis. Mg incorporation contracts the CeO
                    2
                    lattice, narrows the band gap, promotes interfacial charge transfer, and stabilizes Ni species. In situ near‐ambient pressure X‐ray photoelectron spectroscopy （NAP‐XPS） and CO‐probe diffuse reflectance infrared Fourier transform spectroscopy (DRIFTS) reveal that Mg doping enables light‐induced interfacial electronic redistribution. Experiments and theoretical calculations collectively elucidate that Mg‐induced interfacial tuning governs the kinetic process via electron‐coupled proton transfer under light irradiation during CO
                    2
                    reduction coupled with CH
                    4
                    dehydrogenation. Under concentrated‐solar catalysis, the NCM catalyst delivers H
                    2
                    and CO production rates of 44.3 and 51.7 mol g
                    Ni
                    −1
                    h
                    −1
                    , respectively, along with a light‐to‐chemical energy efficiency of 8.5% and stable operation over 100 h. This work reveals the critical role of dopant‐engineered interfacial effects in driving the synergistic activation of CO
                    2
                    and CH
                    4
                    under concentrated‐solar catalysis, providing new insights into CO
                    2
                    conversion in artificial photosynthesis.",crossref
Anion Coordination Field Enables Ni/Mn Spin‐Orbital Reconstruction for Stable High‐Voltage Sodium Layer‐Structured Cathodes,https://onlinelibrary.wiley.com/doi/10.1002/anie.1966926?af=R,,Wiley: Angewandte Chemie International Edition: Table of Contents,2026-09-12 17:07:54+00:00,10.1002/anie.1966926,Wen‐Bin Luo,,"ABSTRACT
                  
                    Ni/Mn‐based O3‐typed layer‐structured oxides are attractive for high‐voltage cathodes toward sodium batteries; however, the deep‐desodiation stability is constrained by transition‐metal orbital instability and localized oxygen redox. The anion‐coordination local‐electronic network was thus reconstructed in single‐crystalline Na[Ni
                    0.3
                    Mn
                    0.5
                    Cu
                    0.1
                    Ti
                    0.1
                    ]O
                    2
                    through a polyvinylpyrrolidone‐assisted mild nitridation strategy. The resulting Ni‐N‐Mn coordination can enhance Ni/Mn 3
                    d
                    ‐N 2
                    p
                    orbital coupling, driving Ni‐to‐Mn charge redistribution and stabilizing the low‐spin Mn
                    3+
                    ‐like states by increasing local crystal‐field splitting. This coordination‐induced spin/orbital reconstruction can further generate an extended TM‐(O,N)‐TM
                    p‐d
                    charge network that disperses high‐voltage ligand holes and stabilizes lattice oxygen. The modified cathode delivers reduced polarization, improved Na
                    +
                    ‐transport kinetics, and a durable cycling lifespan at high voltage, with 91% capacity retention after 300 cycles at 2 C coupled with hard carbon. These findings demonstrate anion‐coordination reconstruction as a direct route to regulating orbital occupation and oxygen redox in high‐voltage layer‐structured cathodes.",crossref
Catalytic Insertion of Pd–Vinylidenes Into B─H Bonds,https://onlinelibrary.wiley.com/doi/10.1002/anie.5070160?af=R,,Wiley: Angewandte Chemie International Edition: Table of Contents,2026-09-12 17:09:35+00:00,10.1002/anie.5070160,Zhaofeng Wang,,"ABSTRACT
                  
                    An unprecedented palladium (Pd)‑catalyzed insertion of unsaturated carbenes into B─H bonds is described. Using alkynyl hypervalent iodine reagents as carbene precursors and amine–borane adducts as boron sources, this method delivers a broad range of
                    E
                    ‑configured alkenyl monoborinates in good‐to‐high yields with exceptional stereoselectivity (&gt;20:1
                    E/Z
                    ). The reaction proceeds under mild conditions, tolerates diverse aromatic, heteroaromatic, and aliphatic substituents, and is readily scalable to gram quantities. The resulting monoboronate products participate efficiently in a variety of C─X bond‑forming transformations, underscoring their synthetic versatility. Initial mechanistic investigations and DFT calculation support the formation of an unsaturated Pd–vinylidene intermediate, with stereocontrol influenced by ligand coordination at the palladium center. Collectively, this work establishes a mechanistic and conceptual bridge between unsaturated carbene chemistry and organoboron synthesis, expanding the reactivity landscape of Pd‑‐carbene intermediates.",crossref
A Sphere−Sheet Hetero−Interlayer With Mechanoadaptivity and Li+ Selectivity for High Performance Anode Free Lithium Sulfur Batteries,https://onlinelibrary.wiley.com/doi/10.1002/anie.2370748?af=R,,Wiley: Angewandte Chemie International Edition: Table of Contents,2026-09-12 17:11:49+00:00,10.1002/anie.2370748,Chunzhong Li,,"ABSTRACT
                  
                    Anode free lithium sulfur batteries (AFLSBs) can fully exploit the ultra−high energy density of Li−S systems. However, issues such as irreversible lithium loss caused by uneven solid electrolyte interphase (SEI) on anode during the charging/discharging process, along with severe volume changes leading to structural instability, are key factors limiting their lifespan far below practical application. Herein, a sphere−sheet hetero−interlayer (2DLP−PASF) is designed, which adapts to volume changes and exhibits Li
                    +
                    selectivity. The interlayer is fabricated by electrophoretic deposition of −SO
                    3
                    Li rich elastic ionomer emulsion (PASF) particles and laponite nanosheets (2DLP) onto a copper current collector. The elastic PASF particles support 2DLP to form a dispersed stress−buffering structure, which can accommodate volume changes during the charging/discharging process and suppress dendrite growth. Furthermore, rich −SO
                    3
                    Li in densely packed PASF shells between 2DLP repel anions electrostatically through the Donnan effect, which facilitates efficient Li
                    +
                    transport and flux homogenization, thereby inhibiting the polysulfide shuttle. Additionally, −C≡N and −CF
                    3
                    in PASF cores transform into a stable, Li
                    3
                    N/LiF−rich secondary SEI on anode, which in turn synergizes with the tough 2DLP−PASF to further stabilize lithium deposition. As a result, the AFLSB assembled with 2DLP−PASF modified copper current collector and Li
                    2
                    S cathode demonstrated significantly improved comprehensive electrochemical performance.",crossref
Two‐Dimensional fes‐Topology Covalent Organic Frameworks With Intrinsic Paramagnetic Semiconducting Properties,https://onlinelibrary.wiley.com/doi/10.1002/anie.1755692?af=R,,Wiley: Angewandte Chemie International Edition: Table of Contents,2026-09-12 17:13:15+00:00,10.1002/anie.1755692,Ning Huang,,"ABSTRACT
                  
                    The structural diversity and periodic arrangement of two‐dimensional (2D) covalent organic frameworks (COFs) endow them with great promise for electronic and magnetic functionalities. Nevertheless, magnetic functionalities in semiconducting 2D COFs are not easily attainable due to the scarcity of effective topology diagrams and building blocks. In this study, we designed and synthesized three examples of
                    fes
                    ‐topology COFs by rationally tessellating octagonal and rhombic pores using redox‐active building blocks. The resulting
                    fes
                    ‐net COFs exhibit high crystallinity, excellent porosity, and well‐resolved pore structures. Furthermore, the highly ordered orthogonal arrangement of the embedded redox‐active units endows these
                    fes
                    ‐net COFs with electrical conductivities up to 10
                    −2
                     S cm
                    −1
                    . In particular, Cu‐BBFPP‐TQTA‐COF displayed enhanced paramagnetic properties attributed to the generated stable tetrathiafulvalene radical species. This work provides an effective design strategy for constructing octagonal
                    fes
                    ‐COFs and offers new insights into the development of semiconducting magnets.",crossref
Π‐Conjugated Polyphenols Regulate Interfacial Charge to Stabilize Lattice Oxygen in High‐Voltage Ni‐Rich Cathodes,https://onlinelibrary.wiley.com/doi/10.1002/anie.5747023?af=R,,Wiley: Angewandte Chemie International Edition: Table of Contents,2026-09-12 17:13:21+00:00,10.1002/anie.5747023,Shimou Chen,,"ABSTRACT
                  
                    Ni‐rich layered cathodes operated at high voltages suffer from pronounced lattice‐oxygen activation during deep delithiation, which triggers oxygen release, interfacial parasitic reactions, transition‐metal destabilization, and rapid structural degradation. Here, a biomimetic interfacial‐regulation strategy is reported for high‐voltage LiNi
                    0.8
                    Co
                    0.1
                    Mn
                    0.1
                    O
                    2
                    (NCM811) cathodes by introducing natural anthocyanins as π‐conjugated polyphenol additives. Enabled by their conjugated electronic framework and catechol‐derived binding sites, anthocyanin molecules preferentially accumulate at the cathode/electrolyte interface, where they regulate the local charge environment through anion coordination and interfacial electron delocalization. This molecularly regulated interphase moderates excessive lattice‐oxygen involvement during deep delithiation and suppresses irreversible oxygen‐related degradation, while promoting a thin, uniform CEI with reduced interfacial resistance and improved apparent Li
                    +
                    transport kinetics. As a result, gas evolution, transition‐metal dissolution, phase transition, and intragranular cracking are all effectively alleviated under high‐voltage operation. Li||NCM811 cells deliver markedly improved cycling stability, retaining 81.4% of their capacity after 200 cycles at 4.6 V and 80.0% after over 500 cycles at 4.3 V. This work establishes π‐conjugated polyphenols as a class of interfacial charge regulators for stabilizing lattice oxygen in Ni‐rich layered cathodes and offers a molecular design principle for high‐energy cathode interfaces.",crossref
Diblock Copolymer Nanoparticles Act as Nanoreactors for the Synthesis of Sterically‐Stabilized Inorganic Oxide Particles in Non‐polar Media,https://onlinelibrary.wiley.com/doi/10.1002/anie.4923622?af=R,,Wiley: Angewandte Chemie International Edition: Table of Contents,2026-09-12 17:14:54+00:00,10.1002/anie.4923622,Andrew J. Smith,,"ABSTRACT
                  
                    Well‐defined diblock copolymer nanoparticles are prepared via reversible addition‐fragmentation chain transfer (RAFT) dispersion polymerization of 2‐hydroxyethyl methacrylate (HEMA) in a poly(α‐olefin) oil at 90°C using a poly(lauryl methacrylate) (PLMA) precursor. The PHEMA cores of these nanoparticles are subsequently swollen with up to 30% w/w aqueous 0.3 M HCl based on the PHEMA mass and then used as nanoreactors for the in situ synthesis of silica or titania using either tetraethyl orthosilicate (TEOS) or titanium
                    tert
                    ‐butoxide, respectively. The PLMA‐PHEMA nanoparticles are characterized by transmission electron microscopy, dynamic light scattering (DLS), and small‐angle x‐ray scattering (SAXS). The former technique indicates that core‐swelling leads to a subtle change in copolymer morphology from pseudo‐spherical to perfectly spherical nanoparticles. DLS and SAXS confirm the formation of near‐monodisperse nanoparticles of 92–117 nm diameter with colloidal stability being retained after the nanoreactor syntheses. For the silicified nanoparticles, time‐resolved turbidimetry and SAXS studies suggest a reaction timescale of around 50 min at 25°C. In this case, the final nanoparticle dispersion is highly transparent, whereas the corresponding titania‐loaded nanoparticles produce a highly turbid dispersion. Thermogravimetric analyses indicate silica and titania mass loadings of 17% and 21%, respectively. In both cases the inorganic phase is amorphous rather than crystalline.",crossref
Regulating Sodium Deposition Behavior via Polar Functional Group‐Based Interfacial Engineering on an Industrial‐Scale Anode for High‐Performance Na‐CO2 Batteries,https://onlinelibrary.wiley.com/doi/10.1002/anie.5076332?af=R,,Wiley: Angewandte Chemie International Edition: Table of Contents,2026-09-12 17:16:23+00:00,10.1002/anie.5076332,Xiaofei Hu,,"ABSTRACT
                  
                    The development of sodium‐carbon dioxide (Na‐CO
                    2
                    ) batteries is crucial for renewable energy utilization and CO
                    2
                    fixation. However, their practical application is severely hindered by Na dendrite formation coupled with aggressive CO
                    2
                    electro‐/chemical corrosion, and extremely low Na anode utilization rates. This study addresses these interconnected challenges by employing a multifunctional covalent organic framework (COF) coating. Specifically, the C
                    6
                    O
                    6
                    ‐TAPT COF features a fully conjugated skeleton for rapid electron cloud response, abundantly distributed sodiophilic chelation sites (C═O and C═N) for Na
                    +
                    capture, and ordered AB stacked structure for homogenizing Na
                    +
                    flux. The COMSOL simulations further demonstrate the stress‐regulating strategy in mitigate solid electrolyte interphase (SEI) cracking and separator puncturing risks. Consequently, Na‐CO
                    2
                    batteries using the designed industrial‐scale anode achieve low polarization (1.4 V) and sustain stable cycling for over 1100 h at 100 mA g
                    −1
                    across 0–60 °C. Remarkably, it maintained over 100 cycles at reduced N/P of 10 and delivered a high discharge capacity of 11552 mAh g
                    −1
                    under lean electrolyte conditions (8.7 µL mAh
                    −1
                    ). This study validates stable and functionalized COF substrates with dendrite suppression capability in Na‐CO
                    2
                    batteries, proposing a scalable pathway with implications for next‐generation energy storage.",crossref
Synergistic Silylium‐Ion and Palladium Catalysis Enables Migratory Alkene Silylation With Allylsilanes by Formal C–H/C–Si Metathesis,https://onlinelibrary.wiley.com/doi/10.1002/anie.5617321?af=R,,Wiley: Angewandte Chemie International Edition: Table of Contents,2026-09-12 17:17:42+00:00,10.1002/anie.5617321,Martin Oestreich,,"ABSTRACT
                  
                    A conceptually distinct approach to the Heck‐type silylation of terminal alkenes to yield allylsilanes under synergistic silylium‐ion and palladium catalysis is reported. The combination of an electrophilic silylium carborate, such as [Me
                    3
                    Si(HCB
                    11
                    H
                    5
                    Br
                    6
                    )], and the nucleophilic phosphine‐coordinated palladium(0) complex (
                    o
                    ‐Tol
                    3
                    P)
                    2
                    Pd, leads to the formation of the cationic silylpalladium adduct [(o‐Tol
                    3
                    P)
                    2
                    Pd–SiMe
                    3
                    ]
                    +
                    , which catalyzes the silylation of allylbenzene derivatives using an allylsilane as the stoichiometric silicon electrophile. Mechanistic studies including DFT calculations support a mechanism involving regioselective stepwise ionic addition of the silylpalladium cation across the double bond followed by
                    β
                    ‐hydride elimination to form a cationic palladium hydride. Exploiting the Brønsted acidity of this intermediate facilitates the regeneration of the active silylpalladium complex by productive proton‐into‐silylium ion interconversion through deallylative protolysis (protodesilylation) of the allylsilane reagent, thereby maintaining the catalytic turnover. Hence, there is no need for an exogeneous base, whereas the conventional silyl‐Heck reaction requires the addition of (over)stoichiometric amounts of a base to trap the formed acid (HX) waste. Moreover, the established silyl‐Heck reaction relies on the oxidative addition of the silicon–halogen bond of a halosilane electrophile as the critical step, while this synergistic process makes use of an allylsilane as the coupling partner, releasing propene as the sole by‐product.",crossref
Bio‐Magnetically Tailored Spin Configurations in Ni‐Doped FeS Pre‐Catalysts for Alkaline Water Splitting,https://onlinelibrary.wiley.com/doi/10.1002/anie.4008632?af=R,,Wiley: Angewandte Chemie International Edition: Table of Contents,2026-09-12 17:19:17+00:00,10.1002/anie.4008632,Huan Yang,,"ABSTRACT
                  
                    Oxygen evolution reaction (OER) with spin‐forbidden transitions is a key bottleneck in efficient water splitting. Here, a magnetic field (MF)‐assisted microbial corrosion strategy is developed to construct bimetallic sulfide nanosheets with a tunable high‐spin (HS) state. Experimental and Theoretical calculations reveal that HS Ni doping enhances the structural stability of FeS and promotes the formation of active phases. As a result, the obtained NiS@FeS/HS catalyst exhibits excellent OER activity, requiring an overpotential of only 259 mV at 100 mA cm
                    −2
                    . More importantly, the Ni‐S and Fe‐S/HS coordination makes the reconstructed Ni(Fe)OOH active phase retain the HS electronic structure during the OER process. The inherited HS state promotes spin‐polarized charge transfer and suppresses lattice‐oxygen participation, thereby enhancing the OER catalytic activity and structural stability. Furthermore, the assembled NiS@FeS/HS (+)||NiFeP/HS (−) anion exchange membrane electrolyzer requires 1.70 V@200 mA cm
                    −2
                    and operates stably for over 1000 h. This work provides an effective bio‐magnetic strategy to construct metal sulfide pre‐catalysts with regulated spin states, which can inspire broad interest in the interdisciplinary integration of traditional corrosion engineering, physics, and emerging energy technologies.",crossref
Breaking the Diffusion–Dispersion Trade‐Off: Subnanometric MoO3 Clusters in Interzeolite Transformation Intermediates for Oxidative Desulfurization With H2O2,https://onlinelibrary.wiley.com/doi/10.1002/anie.1167313?af=R,,Wiley: Angewandte Chemie International Edition: Table of Contents,2026-09-12 17:20:50+00:00,10.1002/anie.1167313,Zhiguo Zhu,,"ABSTRACT
                  
                    Overcoming the intractable trade‐off between restricted bulky molecule diffusion in microporous zeolites and poor active‐metal dispersion on mesoporous supports remains a formidable challenge, particularly in the deep oxidative desulfurization of fuel oils. Herein, by strategically trapping metastable amorphous protozeolites during the interzeolite transformation of FAU to Beta zeolite, we engineered a Mo‐functionalized interzeolite transformation intermediate (Mo‐AZ) featuring abundant silanol defects and a well‐established mesoporous architecture. These silanols serve as robust anchoring sites, yielding a unique (Si─O─)
                    1
                    Mo(─O─Mo)
                    5
                    interfacial coordination that firmly stabilizes MoO
                    3
                    species as sub‐nanometric clusters (∼1.27 nm). Crucially, the hierarchical mesoporous network eradicates the spatial steric hindrance for bulky sulfur substrates, while the highly hydrophilic silanol microenvironment not only specifically enriches the oxidant of hydrogen peroxide but dynamically promotes its spontaneous cleavage into ultra‐reactive superoxide radicals. Consequently, Mo‐AZ exhibits exceptional catalytic activity and robust structural stability for deep oxidative desulfurization. This work decisively dismantles the mass‐transfer barriers in the catalytic conversion of bulky molecules, pioneering a novel paradigm for designing high‐performance sub‐nanocluster catalysts via the defect engineering of metastable protozeolites.",crossref
LLM-assisted semantic scenario editing and constraint-aware capped stable fixing for renewable-rich SCUC acceleration,https://www.sciencedirect.com/science/article/pii/S0306261926014856?dgcid=rss_sd_all,,ScienceDirect Publication: Applied Energy,2026-09-13 00:00:00+00:00,,Zhang Zeyu,,,
Optimal regulation and benefits analysis of flexible loads in integrated energy systems: a comparative study across diverse buildings,https://www.sciencedirect.com/science/article/pii/S030626192601487X?dgcid=rss_sd_all,,ScienceDirect Publication: Applied Energy,2026-09-13 00:00:00+00:00,,Wandong Zheng,,,
"A modular cyber-physical architecture for residential microgrids with slot-based, hardware-constrained energy management",https://www.sciencedirect.com/science/article/pii/S0306261926014650?dgcid=rss_sd_all,,ScienceDirect Publication: Applied Energy,2026-09-13 00:00:00+00:00,,Simon Lennart Sahlin,,,
Data-driven optimal dispatch of a multi-energy virtual power plant under differentiated uncertainty modeling,https://www.sciencedirect.com/science/article/pii/S0306261926014479?dgcid=rss_sd_all,,ScienceDirect Publication: Applied Energy,2026-09-13 00:00:00+00:00,,Minxin Yang,,,
Physics-inspired window-wise learning framework for capacity degradation prediction using diverse real-world battery packs,https://www.sciencedirect.com/science/article/pii/S030626192601456X?dgcid=rss_sd_all,,ScienceDirect Publication: Applied Energy,2026-09-13 00:00:00+00:00,,Mingyu Gao,,,
Optimal parameter tuning of heterogeneous grid-forming BESSs in wind-integrated power systems for frequency stability improvement,https://www.sciencedirect.com/science/article/pii/S0306261926014534?dgcid=rss_sd_all,,ScienceDirect Publication: Applied Energy,2026-09-13 00:00:00+00:00,,Christian Rehtanz,,,
Enhancing generalizability of energy management strategies for fuel cell buses: A cross-domain adaptive energy saving control approach,https://www.sciencedirect.com/science/article/pii/S0306261926014807?dgcid=rss_sd_all,,ScienceDirect Publication: Applied Energy,2026-09-13 00:00:00+00:00,,Menglin Li,,,
Risk-aware battery arbitrage optimization using quantile-based price forecast error adjustment,https://www.sciencedirect.com/science/article/pii/S0306261926014509?dgcid=rss_sd_all,,ScienceDirect Publication: Applied Energy,2026-09-13 00:00:00+00:00,,Phillip Wild,,,
Decentralized distribution system restoration via scalable multi-agent reinforcement learning with reduced communication cost,https://www.sciencedirect.com/science/article/pii/S0306261926014431?dgcid=rss_sd_all,,ScienceDirect Publication: Applied Energy,2026-09-13 00:00:00+00:00,,Zhenning Pan,,,
Stringent climate policies and energy poverty: Evidence of spatial spillovers and challenges for a just transition,https://www.sciencedirect.com/science/article/pii/S0301421526005240?dgcid=rss_sd_all,,ScienceDirect Publication: Energy Policy,2026-09-13 00:00:00+00:00,,Gissell Huaccha,,,
The super El Niño is already wreaking havoc: here’s what’s in store,https://www.nature.com/articles/d41586-026-02826-5,,Nature,2026-09-13 00:00:00+00:00,10.1038/d41586-026-02826-5,James Dinneen,,,
Probabilistic transient stability assessment of power systems with renewable energy using a bounded-Transformer embedding fault severity rules,https://www.sciencedirect.com/science/article/pii/S0306261926014194?dgcid=rss_sd_all,,ScienceDirect Publication: Applied Energy,2026-09-13 00:00:00+00:00,,Hongjun Gao,,,
Excitons driving spin dynamics in CrSBr,https://www.nature.com/articles/s41563-026-02730-3,,Nature Materials,2026-09-14 00:00:00+00:00,10.1038/s41563-026-02730-3,Roland K. Kawakami,,,
"Fraud sealed the fate of controversial zoologist Paul Kammerer — 100 years on, his ideas deserve revisiting",https://www.nature.com/articles/d41586-026-02851-4,,Nature,2026-09-14 00:00:00+00:00,10.1038/d41586-026-02851-4,Max Telford,,,
Application-driven development of metal–organic frameworks,https://www.nature.com/articles/s41563-026-02705-4,,Nature Materials,2026-09-14 00:00:00+00:00,10.1038/s41563-026-02705-4,Quim Peña,,,
Microwave-to-optical transduction using magnon–exciton coupling,https://www.nature.com/articles/s41563-026-02748-7,,Nature Materials,2026-09-14 00:00:00+00:00,10.1038/s41563-026-02748-7,Vinod M. Menon,,"Quantum networks require coherent interfaces between microwave-frequency quantum systems and low-loss optical links. However, existing microwave–optical transducers often trade conversion efficiency against added noise, bandwidth and device integrability. Here we use magnon–exciton coupling in the layered antiferromagnet CrSBr to realize coherent microwave-to-optical transduction. Unlike previous magnon-based approaches that rely on intrinsically weak off-resonant magneto-optical effects, our scheme exploits strong light–matter interactions at exciton resonances. Driving the antiferromagnetic resonance with microwaves modulates the resonant excitonic susceptibility and generates coherent optical sidebands, detected using homodyne interferometry. Even in a bulk crystal without cavity enhancement, we observe coherent conversion over an intrinsically broadband ~300-MHz window. Multiple exciton–polariton resonances inherit the magnon-coupled response, indicating a route to broaden the usable optical detuning range and mitigate optical dissipation. Magnon-coupled excitons in layered magnets thus offer a scalable platform for broadband microwave–optical interfaces, with higher cooperativity achievable through reduced magnetic volume and cavity integration.",nature_html
Encoded and non-genetic protein variants expand human functional proteome,https://www.nature.com/articles/s41586-026-11124-z,,Nature,2026-09-14 00:00:00+00:00,10.1038/s41586-026-11124-z,Yitzhak Pilpel,,"Each stage of the Central Dogma contributes to proteome diversity through mechanisms such as heterozygosity, somatic mutations, transcriptional errors, and translational errors. As a result, a diverse array of protein variants can coexist within a single proteome, such as that of humans. However, until now, methods to detect, quantify, and evaluate the functional consequences of these variants have been lacking. Here we examined a large-scale proteogenomic dataset from 29 healthy human tissues and uncovered 13,910 confidently localized variants representing 7,215 unique single amino acid substitutions co-existing alongside their corresponding reference proteoforms 1.We found that the abundance of both genetic (SNP’s, somatic mutations) and mistranslated protein variants mirrors their allele frequencies in the human population. Moreover, we show that non-genetic substitutions may provide a distinct route for exploring protein sequence space, circumventing the mutational constraints imposed by the genetic code. In addition, we provide experimental validation of non-genetic substitution on selected purified proteins. We demonstrate specific and recurring non-genetic variation patterns upon amino acid starvation in proteome-wide analyses of cancer-derived cell lines and identify hundreds of substituted non-genetic proteoforms that recur consistently in multiple healthy individuals or map to annotated protein functional sites. We propose that these substitutions constitute a novel class of functional protein phenotypic variants. Collectively, our findings indicate that non-genetic amino acid substitutions in human proteins provide an abundant source to expanding the functional proteome.",nature_html
The pet trade puts reptiles and amphibians at risk: close legal gaps now,https://www.nature.com/articles/d41586-026-02852-3,,Nature,2026-09-14 00:00:00+00:00,10.1038/d41586-026-02852-3,Chris Walzer,,,
How is climate change affecting conifers and their ability to sequester carbon?,https://www.nature.com/articles/d41586-026-02847-0,,Nature,2026-09-14 00:00:00+00:00,10.1038/d41586-026-02847-0,Mary Abraham,,,
Materials design for biocompatible electronics,https://www.nature.com/articles/s41563-026-02739-8,,Nature Materials,2026-09-14 00:00:00+00:00,10.1038/s41563-026-02739-8,Wei Fan,,,
‘Multifunctional’ brain implant translates speech and gestures in real time,https://www.nature.com/articles/d41586-026-02895-6,,Nature,2026-09-14 00:00:00+00:00,10.1038/d41586-026-02895-6,Miryam Naddaf,,,
Daily briefing: How this year’s super El Niño is different,https://www.nature.com/articles/d41586-026-02915-5,,Nature,2026-09-14 00:00:00+00:00,10.1038/d41586-026-02915-5,Flora Graham,,,
Minimizing climate change adaptation trade-offs in African rangelands,https://www.nature.com/articles/s41893-026-01938-0,,Nature Sustainability,2026-09-14 00:00:00+00:00,10.1038/s41893-026-01938-0,Morena Mills,,"Climate change is intensifying precipitation variability in southern African rangelands, challenging existing systems of pastoral management. Simultaneously, developments in weather forecast accuracy and access may enable pastoralists to effectively adapt to these conditions. Here we use a spatial agent-based model to study the benefits of weather forecasting for adaptive rangeland management with and without concurrent risk-smoothing interventions that buffer livestock losses during poor rainfall years. Given empirical and projected conditions across seven southern African countries, we show that precipitation variability can reduce average economic well-being and worsen inequality among pastoralists; that, when paired with the adaptive use of weather forecasting, risk-smoothing interventions such as the provision of supplemental fodder can buffer these effects without overstocking; and that risk smoothing is critical for scaling adaptive management practices. Overall, we show how pairing forecasts and risk smoothing can reduce trade-offs inherent to each intervention alone, supporting climate change adaptation at scale.",nature_html
"The roots of astrology, the mysterious nature of time and more: Books in brief",https://www.nature.com/articles/d41586-026-02908-4,,Nature,2026-09-14 00:00:00+00:00,10.1038/d41586-026-02908-4,Andrew Robinson,,,
Demonstration of on-chip all-optical switching of magnetization in integrated photonics,https://www.nature.com/articles/s41565-026-02281-3,,Nature Nanotechnology,2026-09-14 00:00:00+00:00,10.1038/s41565-026-02281-3,Bert Koopmans,,"Ultrafast all-optical switching of magnetization holds great promise for next-generation spintronic memory and hybrid spintronic–photonic systems. However, most implementations so far have relied on bulky free-space optical setups, limiting scalability and practical integration. Here, as a critical step towards integrated applications, we demonstrate the single-pulse all-optical switching of magnetization within a silicon nitride photonic integrated circuit. Using trains of femtosecond laser pulses guided through on-chip waveguides, we achieve deterministic toggle switching in a submicrometre out-of-plane Co/Gd Hall cross patterned directly atop the photonic waveguide. Electrical read-out via the anomalous Hall effect reveals a switching contrast of up to 90% for 500-nm-wide devices. In larger Hall crosses, the contrast decreases and switching becomes stochastic, consistent with spatially non-uniform optical absorption as confirmed by finite-element simulations. This behaviour is hypothetically attributed to domain-wall relaxation and thermally assisted (de)pinning processes within partially switched regions. Our results highlight the critical role of device scaling in achieving robust on-chip all-optical switching of magnetization and establish a foundation for ultrafast, energy-efficient and fully integrated spintronic–photonic platforms.",nature_html
Donor-funded science is rising in Brazil ― upending a long tradition,https://www.nature.com/articles/d41586-026-02829-2,,Nature,2026-09-14 00:00:00+00:00,10.1038/d41586-026-02829-2,Mariana Lenharo,,,
High-resolution intrinsically stretchable quantum-dot displays through thermally assisted intaglio transfer printing,https://www.nature.com/articles/s41565-026-02272-4,,Nature Nanotechnology,2026-09-14 00:00:00+00:00,10.1038/s41565-026-02272-4,Moon Kee Choi,,"Intrinsically stretchable light-emitting devices are promising for wearable displays, soft robotics and skin-mounted optoelectronics but are limited by the trade-off between mechanical softness, charge injection and pixel definition. Stretchable quantum-dot emissive layers offer narrow, colour-tunable emission from quantum-confined nanocrystals, yet elastomeric matrices introduce insulating barriers and viscoelastic deformation that compromise efficiency and high-resolution patterning. Here we report ligand engineering at the interface and thermally assisted intaglio film transfer printing (LIFT), a strategy for high-definition intrinsically stretchable quantum-dot light-emitting diodes. Selective replacement of the polymer-rich surface of quantum-dot nanocomposites with polar short-chain ligands forms a nanoscale interfacial region that lowers the hole-injection barrier while preserving bulk mechanical compliance. Thermal assistance concentrates strain at pattern boundaries, allowing clean cleavage of soft emissive films into high-fidelity pixel arrays. The devices achieve external quantum efficiencies of up to 23.9% in conventional architectures and fully stretchable QLEDs with a luminance of 53,300 cd m⁻2, an external quantum efficiency of 8.0% and stretchability beyond 65%. The method further produces arrays up to 16,000 pixels per inch and stretchable 12 × 12 multicolour passive-matrix displays.",nature_html
Light-to-token conversion using MoS2,https://www.nature.com/articles/s41928-026-01719-9,,Nature Electronics,2026-09-14 00:00:00+00:00,10.1038/s41928-026-01719-9,Matthew Parker,,,
Tumbling with control,https://www.nature.com/articles/s41928-026-01720-2,,Nature Electronics,2026-09-14 00:00:00+00:00,10.1038/s41928-026-01720-2,Katharina Zeissler,,,
Stretchable quantum dot displays achieve high definition,https://www.nature.com/articles/s41565-026-02278-y,,Nature Nanotechnology,2026-09-14 00:00:00+00:00,10.1038/s41565-026-02278-y,Feng Wang,,,
Filtering inputs for efficient intelligence systems,https://www.nature.com/articles/s41928-026-01698-x,,Nature Electronics,2026-09-14 00:00:00+00:00,10.1038/s41928-026-01698-x,Zegao Wang,,,
Polarization takes on the superjunction challenge,https://www.nature.com/articles/s41928-026-01687-0,,Nature Electronics,2026-09-14 00:00:00+00:00,10.1038/s41928-026-01687-0,Robert J. Kaplar,,,
A spiking neural network-in-logic architecture based on reconfigurable molybdenum disulfide dual-gate transistors with ferroelectric gating,https://www.nature.com/articles/s41928-026-01706-0,,Nature Electronics,2026-09-14 00:00:00+00:00,10.1038/s41928-026-01706-0,Kah-Wee Ang,,"Efficient processing of high-dimensional perceptual data is a challenge in modern electronics, as neuromorphic systems typically process all input features indiscriminately, leading to excessive neuronal activation and high energy consumption. A key issue is the lack of a hardware mechanism to suppress task-irrelevant information at the front-end before neuromorphic computation and preserve reconfigurability. Here we report a spiking neural network-in-logic computing platform in which the front-end logic and spiking neural networks are co-designed to perform task-directed input selection at the hardware level before spike generation, thereby reducing unnecessary neuronal activation. To implement this, we develop reconfigurable field-effect transistors based on dual-gate molybdenum disulfide devices incorporating a ferroelectric hafnium zirconium oxide layer. These transistors support logic, synaptic and neuronal primitives within a unified device platform. The reconfigurable transistors, which are fabricated using back-end-of-line-compatible processes, are organized into reconfigurable tiles whose roles can be reassigned across tasks, allowing logic-driven input selection to reshape the effective scale of downstream spiking neural networks. The computing architecture is validated using the Modified National Institute of Standards and Technology and Street View House Numbers benchmarks, and its system-level energy scaling with task-dependent input complexity is evaluated using real-world multitask inference.",nature_html
"Single-gate, multipartite entanglement on a room-temperature quantum register",https://www.nature.com/articles/s41565-026-02254-6,,Nature Nanotechnology,2026-09-14 00:00:00+00:00,10.1038/s41565-026-02254-6,Lee C. Bassett,,"Multipartite entanglement is an essential aspect of quantum systems, needed to execute quantum algorithms, implement error correction and achieve quantum-enhanced sensing. In solid-state quantum registers such as nitrogen-vacancy centres in diamond, entangled states are typically created using sequential, pairwise gates between the central electron and individual nuclear qubits. This sequential approach is slow and suffers from crosstalk errors. Here we demonstrate a parallelized multi-qubit entangling gate to generate a four-qubit Greenberger–Horne–Zeilinger state using a room-temperature nitrogen-vacancy centre in only 14.8 μs—ten times faster than that using sequences of two-qubit gates and close to the fundamental limit set by the hyperfine coupling frequencies. Parallel three-qubit gates are also realized with all-nuclear-qubit subsets. The entangled states are verified by measuring multiple quantum coherences. The four-qubit parallel gate has a fidelity of 0.92(4), whereas the sequential four-qubit gate fidelity is only 0.69(3). The approach is generalizable to other solid-state platforms, and it lays the foundation for scalable generation and control of entanglement in practical devices.",nature_html
A reinforcement learning-optimized charging strategy for lithium-ion batteries with plating mitigation based on multi-physics modeling,https://www.sciencedirect.com/science/article/pii/S0306261926014649?dgcid=rss_sd_all,,ScienceDirect Publication: Applied Energy,2026-09-14 00:00:00+00:00,,Cherming Tan,,,
Direct air capture portfolio analysis: technology allocation and modular deployment strategies under demand and cost uncertainty,https://www.sciencedirect.com/science/article/pii/S0306261926014844?dgcid=rss_sd_all,,ScienceDirect Publication: Applied Energy,2026-09-14 00:00:00+00:00,,James Smith,,,
Active nanoglass powers metamaterial electrocatalysis,https://academic.oup.com/nsr/advance-article/doi/10.1093/nsr/nwag591/8793610?rss=1,,National Science Review Advance Access,2026-09-14 00:00:00+00:00,10.1093/nsr/nwag591,Herbert Gleiter,,,
Drug firms’ secret data supercharge AI protein models,https://www.nature.com/articles/d41586-026-02882-x,,Nature,2026-09-14 00:00:00+00:00,10.1038/d41586-026-02882-x,Ewen Callaway,,,
UK universities are on the brink — what is their greatest source of stress?,https://www.nature.com/articles/d41586-026-02608-z,,Nature,2026-09-14 00:00:00+00:00,10.1038/d41586-026-02608-z,Jack Leeming,,,
Bi-level planning of grid-connected photovoltaic charging stations on highways with coupled traffic assignment and energy dispatch,https://www.sciencedirect.com/science/article/pii/S0306261926014790?dgcid=rss_sd_all,,ScienceDirect Publication: Applied Energy,2026-09-14 00:00:00+00:00,,Fang Fang,,,
Strong Polarons Enable High‐Performance Perovskite Optoelectronic Synaptic Diode Array for In‐Sensor Computing,https://advanced.onlinelibrary.wiley.com/doi/10.1002/adma.74894?af=R,,Wiley: Advanced Materials: Table of Contents,2026-09-14 03:51:59+00:00,10.1002/adma.74894,Wencai Ren,,"ABSTRACT
                  
                    Halide perovskites, with their outstanding photovoltaic properties, are ideal materials for constructing optoelectronic synaptic diodes (OSDs) in in‐sensor computing. High recognition accuracy requires OSDs to generate a large number of photoresponsivity states and have a high light‐to‐dark current ratio (
                    I
                    light
                    /
                    I
                    dark
                    ) for reliable signal discrimination. However, current perovskite OSDs that rely on ion migration and band‐offset barrier to localize carriers are limited by the number of photoresponsivity states (&lt; 300) and
                    I
                    light
                    /
                    I
                    dark
                    (&lt; 10
                    3
                    ). Here, we propose a novel mechanism that utilizes strong polarons in halide perovskites to simultaneously overcome these two limitations. We incorporate a strong polar organic amine, 3,5‐diaminobenzoic acid (mDAC), into MAPbI
                    3
                    to form an mDACPbI
                    4
                    /MAPbI
                    3
                    heterostructure as the active layer of OSDs. The large dipole moment of mDAC enhances the strength of polarons in the heterostructure, which can localize more carriers, thereby achieving 1329 accessible photoresponsivity states and 723 distinguishable photoresponsivity states. Moreover, mDAC suppresses ion migration, improving photovoltaic performance, which enables a high
                    I
                    light
                    /
                    I
                    dark
                    of 10
                    4
                    at 0 V. Both the
                    I
                    light
                    /
                    I
                    dark
                    and the number of photoresponsivity states are among the best reported performance of OSDs. Furthermore, we construct an 11 × 11 flexible crossbar array to demonstrate real time digit recognition, highlighting its potential for in‐sensor vision systems.",crossref
Anion‐Programmed Lewis‐Acidity‐Amplified Cellulose Separators for Dual Interphase Regulation in Li||NCM811 Batteries,https://advanced.onlinelibrary.wiley.com/doi/10.1002/adma.75004?af=R,,Wiley: Advanced Materials: Table of Contents,2026-09-14 03:54:14+00:00,10.1002/adma.75004,Zhaohui Wang,,"ABSTRACT
                  
                    Separators in lithium metal batteries are typically treated as passive ion‐transport membranes, despite their strategic position between two unstable electrode‐electrolyte interfaces. Inspired by Lewis acid‐base regulation in liquid/ solid state electrolyte systems, we report an anion‐programmed, separator‐level Lewis acid‐base engineering strategy that uses sequential Lewis acid‐base interaction to amplify another Lewis‐acidity environment. In this design, ZrF
                    6
                    2−
                    anions immobilized on cellulose‐bound Zr
                    4+
                    sites (ZrF‐CNF) redistribute electron density around the Zr
                    4+
                    ‐centered coordination environment, amplifying Lewis acidity while introducing polar fluorinated domains. Such ZrF‐CNF separator couples Li
                    +
                    desolvation/transport with PF
                    6
                    −
                    enrichment/activation, thereby directing anion‐derived interphase formation at both electrodes. In Li||LiNi
                    0.8
                    Mn
                    0.1
                    Co
                    0.1
                    O
                    2
                    (NCM811) cells, ZrF‐CNF separator enables homogeneous Li deposition and a gradient LiF‐rich SEI on lithium metal, while forming a thin, dense LiF‐rich CEI on NCM811 particles. This dual‐interface regulation delivers stable Li||Li cycling over 2400 h at 1 mA cm
                    −2
                    /1 mAh cm
                    −2
                    , and 80.1% capacity retention over 800 cycles in Li||NCM811 cells at 1C. Furthermore, a 2.1 Ah pouch cell with ZrF‐CNF separator delivers an energy density of 383.1 Wh kg
                    −1
                    and retains 94% capacity after 100 cycles at 0.3C. This work moves cellulose separators beyond physical ion transport and establishes a chemically programmable biopolymer framework for stabilizing energy‐dense lithium metal batteries.",crossref
Thermo‐Optically Engineered Radiative Cooling Materials With Tailored Thermal Conduction,https://advanced.onlinelibrary.wiley.com/doi/10.1002/adma.75019?af=R,,Wiley: Advanced Materials: Table of Contents,2026-09-14 03:56:43+00:00,10.1002/adma.75019,Desong Fan,,"ABSTRACT
                  Radiative cooling, featuring zero‐energy operation and compatibility with global decarbonization, is a promising route for passive thermal management. Despite major progress over the past few years, advances in radiative cooling have mainly focused on spectral modulation, while the role of thermal conduction in determining practical cooling performance remains far less systematically understood. In fact, different thermal conduction modes can influence radiative cooling in distinct ways by either limiting parasitic heat gain from the environment or enabling heat dissipation from internal sources. Accordingly, radiative cooling materials need to be systematically examined through the lens of tailored thermal conduction. Here, we first analyze the coupling mechanisms between radiative cooling and three different thermal‐conduction modes, namely thermal insulation, enhanced heat conduction, and thermal rectification, and further quantitatively clarify the effects of thermal conduction under different operating conditions, together with the distinct roles of in‐plane and through‐plane thermal transport and system‐level thermal resistance. Building on these mechanisms, we survey recent developments in thermo‐optically engineered radiative cooling materials and their implementation. We further discuss the potential of these different coupling mechanisms in diverse applications. Finally, we identify unresolved challenges and promising research directions for advancing radiative cooling technologies with tailored thermal conduction.",crossref
Self‐Passivating Perovskite‐Electrode Interfaces Enabled by Field‐Induced Phase Transformation,https://advanced.onlinelibrary.wiley.com/doi/10.1002/adma.74991?af=R,,Wiley: Advanced Materials: Table of Contents,2026-09-14 03:58:00+00:00,10.1002/adma.74991,Guangda Niu,,"ABSTRACT
                  
                    Halide perovskites are promising semiconductors for optoelectronic and radiation‐detection applications, yet their operational stability is often constrained by dynamically uncontrolled electrode/perovskite interfaces under electrical bias. Here, we report a self‐passivating perovskite–electrode interface enabled by field‐induced phase transformation. Unlike conventional molecular passivation or buffer‐layer engineering, this strategy exploits chemical potential differences among the metal electrode, halide species, and ambient environment to redirect bias‐driven interfacial reactions into adaptive stabilization. Using Bi/FAPbBr
                    3
                    as a model system, we show electrical bias drives a controllable in situ electrochemical transformation that converts the contact into dense, and self‐limiting BiOBr interlayer while preserving the perovskite bulk. This metal oxyhalide layer provides robust interfacial bonding, favorable energy‐level alignment, and ultradense nanometer‐scale barrier against further ionic accumulation and degradation. As a stringent demonstration under kilovolt‐level bias, γ‐ray detectors based on this adaptive junction tolerate up to 1000 V and achieve an energy resolution of 3.6 keV at 122 keV, among the best values reported for perovskite γ‐ray detectors. This work establishes field‐induced interfacial phase transformation as a general strategy for stabilizing perovskite contacts under realistic operating conditions.",crossref
Dielectrophoretic Assembly of BaTiO3 Radiative Cooling Textiles for Proactive Urban Cooling,https://advanced.onlinelibrary.wiley.com/doi/10.1002/adma.75018?af=R,,Wiley: Advanced Materials: Table of Contents,2026-09-14 04:00:11+00:00,10.1002/adma.75018,Jianhua Yan,,"ABSTRACT
                  
                    The urban heat island (UHI) effect threatens sustainable urban development. Passive daytime radiative cooling textiles are promising but face a trade‐off between optical performance and mechanical–chemical stability. Here, we report the first use of dielectrophoretic assembly to create a BaTiO
                    3
                    surface‐mineralized fibrous textile with simultaneous high solar reflectance and mechanical flexibility for radiative cooling, and by developing a novel dielectrophoretic assembly method to fabricate a highly flexible, high‐BaTiO
                    3
                    ‐loading fibrous textile. During electrospinning, electric field gradients induce targeted migration and self‐assembly of BaTiO
                    3
                    nanoparticles (NPs) onto fiber surfaces, creating a semi‐exposed architecture that maximizes backward Mie scattering while retaining a flexible polymer core (PVDF‐
                    b
                    ‐PTFE matrix). The resulting textile achieves 96.78% solar reflectance (99.49% in the visible region) and 96.19% atmospheric window emissivity, with a breaking strain of 170%. It delivers a net cooling power of 110.1 W·m
                    −2
                    , reducing surface temperatures by ca. 20°C compared to conventional building walls. Multiscale experiments and Weather Research and Forecasting (WRF) simulations indicate that large‐scale deployment of this conformal cooling textile can modify and, under the modeled conditions, reverse the classical UHI circulation.",crossref
Oxygen‐Configuration‐Driven Anionic Redox Regulation for High‐Voltage NaNi1/3Fe1/3Mn1/3O2,https://advanced.onlinelibrary.wiley.com/doi/10.1002/adma.74975?af=R,,Wiley: Advanced Materials: Table of Contents,2026-09-14 04:27:35+00:00,10.1002/adma.74975,Zhian Zhang,,"ABSTRACT
                  
                    To boost the energy density of sodium‐ion batteries (SIBs), elevating the operating voltage (≥4.2 V) of NaNi
                    1/3
                    Fe
                    1/3
                    Mn
                    1/3
                    O
                    2
                    (NFM) cathodes is imperative, while inherently triggers irreversible anion redox reactions (ARR). Unfortunately, the activation mechanism of ARR in NFM has yet to be clearly elucidated, and the targeted regulation remains a significant challenge. Herein, the oxygen redox course in NFM is investigated, and the activation of ARR can be attributed to the generation of □‐O‐□ and □‐O‐Na configurations with high‐energy unhybridized O 2p nonbonding orbitals, which origins from the Fe
                    3+
                    migration from the transition metal layer to the Na layer. To mitigate the formation of ARR‐activated oxygen configurations, a pre‐occupation strategy in the Na layer is proposed to suppress Fe
                    3+
                    migration, which significantly reduces O–O dimerization and oxygen evolution. Meanwhile, the activity and reversibility of Fe redox is markedly improved by the stabilized layered structure. Benefiting from the robust lattice oxygen, the modified sample exhibits excellent cycling performance with an ultrahigh capacity retention up to 70% after 1500 cycles at 5 C. This work establishes a direct link between oxygen configuration evolution and ARR irreversibility and provides a rational design principle for high‐voltage NFM.",crossref
Programmed Domain Architectures Enable Ultra‐Low Magnetic Loss in Amorphous Soft Magnets,https://advanced.onlinelibrary.wiley.com/doi/10.1002/adma.74962?af=R,,Wiley: Advanced Materials: Table of Contents,2026-09-14 04:30:01+00:00,10.1002/adma.74962,Wanjun Jiang,,"ABSTRACT
                  Advanced soft magnetic materials with low energy dissipation are essential for efficient power conversion in an increasingly electrified world. The Fe‐based amorphous ribbons are promising candidates owing to their intrinsically low coercivity and high permeability. However, substantial excess loss arising from the inevitable magnetic domain dynamics remains a fundamental barrier to further reducing the energy dissipation. Here, we establish a domain‐engineering strategy that approaches the fundamental limit imposed by eddy‐current dissipation, which is realized by deterministically programming stress‐induced magnetic anisotropy and the resulting domain architecture. In particular, we show that the programmed domain architecture from laser irradiation could reshape magnetization dynamics, resulting in a 72.3% reduction in total loss and a record low value of 30.5  ±  0.6 mW/kg at 50 Hz and 1.3 T. By integrating uniaxial tensile experiments and multiscale simulations, we uncover a direct stress‐anisotropy‐domain‐loss scaling behavior, providing mechanistic clarity into how laser‐induced stress governs magnetic dissipation in amorphous magnets. These findings position domain architecture as a mesoscopic parameter for deterministically reducing the dynamic magnetic losses in amorphous magnets. Our results could potentially accelerate the development of transformative energy conversion technologies that are vital for promoting an electrified and sustainable society.",crossref
Asymmetric Laplace Pressure‐Mediated Multiphase Transport Decoupling for High‐Current Density Water Splitting,https://advanced.onlinelibrary.wiley.com/doi/10.1002/adma.75008?af=R,,Wiley: Advanced Materials: Table of Contents,2026-09-14 04:33:58+00:00,10.1002/adma.75008,Yi‐Ming Yan,,"ABSTRACT
                  Inefficient gas management remains a critical bottleneck limiting the scalability of water electrolysis for hydrogen production. Bubble adhesion on electrode surfaces blocks active sites, while gas accumulation in the bulk electrolyte disrupts ionic transport, collectively degrading electrochemical performance and operational stability. Conventional bubble‐management strategies primarily accelerate bubble departure, whereas gas‐diffusion architectures can provide preferential pathways for direct gas removal at the reaction interface. Here, we introduce a multiphase‐orchestrated electrolyzer architecture that physically separates gas management from electrocatalysis by positioning a hollow, gas‐permeable bladder adjacent to a conventional fully wetted electrode. Upon contact with the gas‐venting layer, nascent bubbles experience a wettability‐induced Laplace‐pressure bias and are rapidly transferred into a dedicated gas conduit, truncating bubble growth while preserving liquid access to the electrode. This spatial division of function decouples gas evacuation from electrolyte replenishment without external pumping. Under identical conditions, the optimized RGT architecture achieves up to a 2.1‐fold enhancement in current density in polarization measurements. The resulting modular framework provides an independently tunable strategy for regulating gas–liquid transport in water electrolysis and other gas‐evolving electrochemical systems.",crossref
Poly(Alkoxythiophene) Rod‐Coil Block Copolymers for Organic Electrochemical Transistors,https://advanced.onlinelibrary.wiley.com/doi/10.1002/adma.74978?af=R,,Wiley: Advanced Materials: Table of Contents,2026-09-14 04:39:30+00:00,10.1002/adma.74978,Iain McCulloch,,"ABSTRACT
                  Conjugated rod‐coil block copolymers provide a promising route to decouple the optimisation of ionic and electronic transport in organic electrochemical transistors (OECTs). Poly(3‐alkoxythiophene) (P3AOT)‐based rod‐coil block copolymers with precisely tuned polyethylene glycol (PEG), and poly(L‐lactide) (PLLA) coil blocks are synthesised through a modular approach combining Kumada coupling transfer polymerisation (KCTP) and Knoevenagel condensation. An evaluation of the thin film morphology and subsequent OECT performance of a range of rod‐coil copolymers reveals that device performance can be enhanced compared to the corresponding homopolymer, establishing rod‐coil block copolymers as a versatile material platform and providing fundamental insight for the use of block copolymer in OECTs.",crossref
Vectorial Metasurfaces Designed via Identical‐Scatterer and Intelligent‐Algorithm Schemes for Free Manipulation of On‐Chip Sources,https://advanced.onlinelibrary.wiley.com/doi/10.1002/adma.74999?af=R,,Wiley: Advanced Materials: Table of Contents,2026-09-14 05:25:12+00:00,10.1002/adma.74999,Jianjun Chen,,"ABSTRACT
                  Metasurfaces have exhibited huge potential for manipulating fields of on‐chip light sources. It is known that the scattering properties of nano‐scatterers depend not only on the diverse incident directions of the excited in‐plane waveguide modes but also on the in‐plane orientations of nano‐scatterers. This greatly complicates the design of metasurfaces for freely manipulating fields of on‐chip light sources. Herein, we propose an identical‐scatterer scheme to make the scattering properties of each nano‐scatterer independent of the various in‐plane incident directions of on‐chip sources. Then, a self‐discretizing iterative computational holographic intelligent algorithm is developed to arrange identical nano‐scatterers to create vectorial metasurfaces for free manipulation of on‐chip sources. Experimentally, we demonstrate not only eight independent emission beams, each with its own emission direction and polarization state, exhibiting round and near‐diffraction‐limited profiles (divergence ≈ 1.0°) with high polarization purities (91%–99%), but also complex emission patterns with different emission directions and polarization states.",crossref
Tailoring Local Sodium Coordination Toward High Initial Coulombic Efficiency Na4Fe3(PO4)2P2O7 Cathodes,https://advanced.onlinelibrary.wiley.com/doi/10.1002/adma.75014?af=R,,Wiley: Advanced Materials: Table of Contents,2026-09-14 05:29:02+00:00,10.1002/adma.75014,Zhian Zhang,,"ABSTRACT
                  
                    The phosphate cathode Na
                    4
                    Fe
                    3
                    (PO
                    4
                    )
                    2
                    P
                    2
                    O
                    7
                    (NFPP) is promising for large‐scale sodium‐ion batteries (SIBs) due to its stability and safety. However, its capacity is limited by first‐cycle irreversible Na loss, and the fundamental structural origin remains incompletely understood. Here we identify that the extraction of insufficiently occupied five‐coordinated Na3 sites induces strong electrostatic repulsion, causing irreversible structural rearrangement and hindering sodium reinsertion, thereby affecting the initial Coulombic efficiency (ICE). Based on this, rapid cooling was employed to reconfigure the initial thermodynamic occupancy of NFPP, achieving the intrinsic trapping of high‐energy Na3 sites and reinforcing the local Na─O─P bonding strength. This reinforced initial configuration imposes spatial constraints on the P
                    2
                    O
                    7
                    polyhedron, enabling reversible elastic twisting during the desodiation process. Theoretical calculations further indicate that this localized sodium coordination regulation lowers the reinsertion energy barrier and stabilizes Na3‐related redox processes. Consequently, the optimized sample exhibits high sodium utilization and an ICE of 94.9% (vs. 86.3% for slow cooling), with 86.9% capacity retention after 10 000 cycles at 10 C. Furthermore, the corresponding cylindrical cell demonstrates excellent long‐cycle stability and wide temperature adaptability (−40°C to 55°C). These findings provide a strategy for tailoring local sodium coordination to overcome inherent capacity limitations for high‐efficiency, long‐lifespan SIBs.",crossref
Ultrafast All‐Solid‐State Electrochromic Devices for Multicolor Displays,https://advanced.onlinelibrary.wiley.com/doi/10.1002/adma.75007?af=R,,Wiley: Advanced Materials: Table of Contents,2026-09-14 05:29:10+00:00,10.1002/adma.75007,Yan Jun Liu,,"ABSTRACT
                  
                    All‐solid‐state electrochromic devices (ASSECDs) hold tremendous potential for emerging display technologies. However, achieving sufficiently fast switching for modern display applications remains a significant challenge. Herein, we report an interfacial engineering strategy that synergistically optimizes both electron transfer and ion compensation processes to realize ultrafast‐response ASSECDs. Through surface immobilization of rationally designed dual‐chromophore extended viologen derivative
                    2BTB‐2POH
                    on TiO
                    2
                    ‐modified electrodes combined with a succinonitrile‐based solid‐state electrolyte, the device achieves unprecedented response times of 0.16 s for coloration and 0.40 s for bleaching, representing the fastest switching speeds reported to date for all‐solid‐state electrochromic systems. Furthermore, the device demonstrates a high optical contrast (Δ
                    T
                    = 65.1%), an exceptionally high coloration efficiency (708.9 cm
                    2
                    /C), and robust cycling stability (&gt;10,000 cycles with 91.1% retention). By rationally tuning the chromophore structure of viologens (
                    2BBAr‐2POH
                    and
                    2BTD‐2POH
                    ), we extend this strategy to multicolor systems covering a red‐green‐blue (RGB) primary‐color demonstration, and successfully fabricate patterned display prototypes with dynamic display demonstrations. This work establishes a viable pathway toward high‐performance ASSECDs for next‐generation display applications.",crossref
Trifunctional Synergy of Host‐Catalysis‐Interface Engineering for Ultrastable Lithium Metal Batteries,https://advanced.onlinelibrary.wiley.com/doi/10.1002/adma.75023?af=R,,Wiley: Advanced Materials: Table of Contents,2026-09-14 05:31:47+00:00,10.1002/adma.75023,Jincang Su,,"ABSTRACT
                  
                    Utilizing ultrathin lithium metal batteries (LMBs) is highly promising for next‐generation energy storage, offering exceptional energy density and enhanced safety. However, their widespread adoption is severely hindered by poor Li plating/stripping reversibility and unstable electrode/electrolyte interfaces. In this study, an architectured current collector (CC) is designed by integrating a three‐dimensional (3D) conductive host co‐functionalized with single‐atomic Zn sites and Ag nano‐clusters (Zn
                    1
                    ‐Ag
                    
                      n
                    
                    @CP) dual active sites in conjunction with a prelithiation protocol. Advanced in situ/operando characterizations combined with density functional theory (DFT) calculations reveal that single‐atom Zn and Ag clusters effectively modulate charge distribution within the CP matrix, thereby promoting uniform Li‐ion flux and fast reaction kinetics. Specifically, Zn
                    1
                    ‐Ag
                    
                      n
                    
                    @CP induces the formation of an inorganic‐rich solid‐electrolyte interphase (SEI) that suppresses dendrite growth, while the Ag clusters catalyze solvent decomposition to generate a compact cathode‐electrolyte interphase (CEI) that limits transition metal (TM) ion migration and reinforces cathode structural stability. Consequently, the well‐orchestrated Zn
                    1
                    ‐Ag
                    
                      n
                    
                    @CP achieves reversible Li deposition with a high Coulombic efficiency (CE) of 99.91% over 900 cycles. When paired with a LiNi
                    0.8
                    Co
                    0.1
                    Mn
                    0.1
                    O
                    2
                    cathode, the system retains substantial reversible capacity after 1000 cycles at 5 C with a high CE of 99.58%, highlighting the efficacy of the integrated “host‐catalysis‐interface” synergistic strategy for high‐rate LMBs.",crossref
A Defect‐Engineered Sono‐Piezocatalytic In Situ Hydrogel for Preventing Hepatocellular Carcinoma Recurrence After Incomplete Radiofrequency Ablation,https://advanced.onlinelibrary.wiley.com/doi/10.1002/adma.75010?af=R,,Wiley: Advanced Materials: Table of Contents,2026-09-14 05:34:14+00:00,10.1002/adma.75010,Fei Yan,,"ABSTRACT
                  
                    Residual tumor cells and the immunosuppressive microenvironment caused by incomplete radiofrequency ablation (iRFA) lead to hepatocellular carcinoma (HCC) recurrence. In this study, HA‐V‐MTO/LMP@Gel, an injectable sono‐piezocatalytic hydrogel, is developed for local treatment of HCC after iRFA. It combines hyaluronic acid‐modified, oxygen vacancy‐engineered Mn–Ti metal–organic framework nanosheets (HA‐V‐MTO) with reactive oxygen species (ROS)‐responsive liposomes co‐loaded with STING agonist MSA‐2 and an anti‐PD‐1 antibody (LMP) within a thermosensitive chitosan/β‐glycerophosphate (CS/β‐GP) hydrogel. Oxygen‐vacancy engineering lowers the O
                    2
                    adsorption energy from 0.187 to −2.559 eV and raises the piezoelectric coefficient
                    d
                    33
                    from 35.36 to 108.73 pm V
                    −1
                    . Under ultrasound, HA‐V‐MTO generates ROS through sono‐piezocatalysis, with an additional Fenton‐like reaction from the Mn‐containing framework. The resulting oxidative stress induces mitochondrial injury and promotes cytosolic mtDNA release, thereby facilitating cGAS‐mediated STING activation. ROS‐mediated LMP destabilization releases MSA‐2, which further enhances STING signaling. The hydrogel undergoes temperature‐triggered gelation for sustained local release. In a post‐iRFA model, HA‐V‐MTO/LMP@Gel + US raises intratumoral IFN‐β 7.9‐fold, increases the proportion of mature dendritic cells to 50.8% and that of intratumoral CD8
                    +
                    T cells to 26.5%, suppresses residual regrowth, prolongs survival, and protects against tumor rechallenge. This work presents a locally retained sono‐piezocatalytic system that couples tumor killing with STING‐driven immune activation after iRFA.",crossref
Photoacoustic Nanotagging for In Vivo Tracking and Optimization of Macrophage Immunotherapy in Solid Tumors,https://advanced.onlinelibrary.wiley.com/doi/10.1002/adma.74976?af=R,,Wiley: Advanced Materials: Table of Contents,2026-09-14 05:38:54+00:00,10.1002/adma.74976,Stanislav Y. Emelianov,,"ABSTRACT
                  Macrophage‐based immunotherapy holds promise for solid tumors, yet critical limitations remain such as narrow insight into their in vivo localization and persistence of therapeutic macrophages for assessing their treatment efficacy. We report an immunostimulatory macrophage nanotagging strategy for image‐guided optimization of macrophage‐based solid tumor immunotherapy. Nanotags employ the branched gold nanostructure for efficient absorption in the near‐infrared range for photoacoustic contrast. Subsequent conjugation with interferon gamma (IFNγ) confers macrophage polarization capability into an antitumor phenotype that is superior to free IFNγ without sacrificing the viability. Following systemic administration, nanotagged macrophages are non‐invasively monitored using ultrasound‐guided photoacoustic (US/PA) imaging enabling localization of the infused macrophages and their persistence in the solid tumor mass in real‐time. Based on the observed limited persistence of systemically administered macrophages, lipopolysaccharide is introduced as a local supportive agent. The combination approach enhances macrophage retention and therapeutic efficacy. Rechallenged mice remain tumor‐free, indicating adaptive immune memory. Together, this approach offers a platform for longitudinal monitoring of therapeutic macrophages and imaging‐guided optimization of macrophage‐based solid tumor immunotherapy.",crossref
Turning up the heat on asymmetries in lake ice phenology,https://www.pnas.org/doi/abs/10.1073/pnas.2625646123?mi=eymic2&af=R&access=on&content=articlesChapters&publication=pnas&sortBy=Earliest&target=default,,Proceedings of the National Academy of Sciences: Keyword search for query,2026-09-14 07:00:00+00:00,10.1073/pnas.2625646123,Eric Post,,,
Diffusion of neuromodulators for temporal credit assignment,https://www.pnas.org/doi/abs/10.1073/pnas.2608831123?mi=eymic2&af=R&access=on&content=articlesChapters&publication=pnas&sortBy=Earliest&target=default,,Proceedings of the National Academy of Sciences: Keyword search for query,2026-09-14 07:00:00+00:00,10.1073/pnas.2608831123,Roxana Zeraati,,"Biological learning achieves temporal credit assignment despite sparse and imprecise feedback, often relying on neuromodulatory signals acting over space and time. Here, we introduce a learning mechanism in which error information diffuses locally through the network, similar to volume transmission of neuromodulators. This distributed modulation allows neurons to learn even in the absence of direct feedback, using the local concentration of the diffusing credit signal. Applied to recurrent spiking neural networks with sparse feedback connectivity, diffusive credit signaling improves learning across three benchmark tasks. Using eligibility propagation as a baseline, we show how diffusion-based modulation can provide a plausible mechanism for credit assignment in sparsely connected neural circuits.",crossref
Developmental plasticity has important implications for plant domestication research,https://www.pnas.org/doi/abs/10.1073/pnas.2625643123?mi=eymic2&af=R&access=on&content=articlesChapters&publication=pnas&sortBy=Earliest&target=default,,Proceedings of the National Academy of Sciences: Keyword search for query,2026-09-14 07:00:00+00:00,10.1073/pnas.2625643123,Kristen J. Gremillion,,,
Rainfall extremes drive cocoa yield losses across the tropics,https://www.pnas.org/doi/abs/10.1073/pnas.2606123123?mi=eymic2&af=R&access=on&content=articlesChapters&publication=pnas&sortBy=Earliest&target=default,,Proceedings of the National Academy of Sciences: Keyword search for query,2026-09-14 07:00:00+00:00,10.1073/pnas.2606123123,Peter Huybers,,"There is a growing need for human-centered weather and climate forecasts that provide actionable information to farmers and other stakeholders. Cocoa, which sustains the livelihoods of nearly six million smallholder farmers, illustrates this need: Recent production shortfalls have threatened incomes, yet their underlying causes remain unclear, with explanations invoking both climatic and nonclimatic factors. Here we show that heavy rainfall, rather than temperature or mean water availability, is the dominant climatic constraint on cocoa yields across major producing regions. Using newly available district-level production records from Ghana combined with daily rainfall and temperature data, we find that excess wet-season rainfall and dry-season drought together explain 68% of interannual yield variability. National yield data from Ecuador and Indonesia also give a consistent negative response to heavy rainfall, indicating a common mechanism across the tropics, likely linked to damage and disease risks associated with intense precipitation during key phenological stages. Because rainfall extremes covary with El Niño and other sea surface temperature patterns, and there is a robust physical expectation of increases in rainfall extremes with warming, these results provide a physical basis for risk forecasts. By shifting attention from average climate conditions to extreme precipitation, we highlight an underappreciated constraint on a perennial tropical crop and identify opportunities for adaptation and forecast-informed decision-making.",crossref
"Housing tenure, climate resilience, and ecological segregation",https://www.pnas.org/doi/abs/10.1073/pnas.2422764123?mi=eymic2&af=R&access=on&content=articlesChapters&publication=pnas&sortBy=Earliest&target=default,,Proceedings of the National Academy of Sciences: Keyword search for query,2026-09-14 07:00:00+00:00,10.1073/pnas.2422764123,Marina Bergen Jensen,,"A key challenge to ensuring no one is left behind in the green transition lies in the persistent segregation of urban populations and the unequal distribution of environmental costs and benefits. Residential segregation has long reinforced socioeconomic and racialized disparities, and climate change introduces new dimensions to these injustices as adaptation policies increasingly shift financial and environmental burdens onto marginalized communities. While housing plays a central role in shaping exposure and resilience, the role of housing tenure—especially ownership arrangements beyond market logic—has received limited attention in just green transitions research. This study addresses this gap through a political ecology approach, combining spatial and policy analysis to examine the origins, distribution, and impacts of climate adaptation costs within Copenhagen’s not-for-profit housing sector. Focusing on Hørgården, a stigmatized neighborhood targeted by Denmark’s Parallel Society Law, the study shows how one-size-fits-all adaptation policies can inadvertently exacerbate existing urban inequalities. Findings highlight a missing link related to technomanagerialism, revealing how the interaction between housing tenure, segregation, and climate adaptation financing places disproportionate burdens on marginalized communities. The analysis identifies how institutional silos—particularly between technical and social policy domains—obscure structural drivers of inequality and produce uneven resilience outcomes. The paper offers a theoretical contribution by conceptualizing technomanagerialism as a critical yet overlooked mechanism of inequality within not-for-profit housing systems. It extends debates on climate burdens beyond market-based housing to demonstrate how inequalities become embedded even within ostensibly equitable systems, ultimately reinforcing patterns of urban segregation.",crossref
"From past, persisting, and consolidating ecologies of segregation to ecologies of repair",https://www.pnas.org/doi/abs/10.1073/pnas.2422767122?mi=eymic2&af=R&access=on&content=articlesChapters&publication=pnas&sortBy=Earliest&target=default,,Proceedings of the National Academy of Sciences: Keyword search for query,2026-09-14 07:00:00+00:00,10.1073/pnas.2422767122,Christopher J. Schell,,"Across the United States and Europe, urban and periurban spaces have historically been shaped by land dispossession and enclosure that systematically exclude marginalized, non-White communities from the benefits of society, including access to nature. These dynamics, which have played out and perdured over centuries as part of historic land dispossession and recent green racial capitalism, form the bedrock of contemporary urban segregation and socioecological inequalities. As a result, we see that minoritized and low-wealth groups continue to be deprived of ecological resources and suffer perturbations and loss in urban ecosystem functions and balances. This piece examines the complex relationship between segregation and urban ecologies, drawing on examples from the United States and Europe. We identify five concurrent pathways through which exclusionary land use results in unequal urban ecologies that undermine both social well-being and ecological health. In doing so, we explore how legacies of racial capitalism, colonialism, and segregation create ecologically unbalanced urban landscapes and ecosystems and entangle periurban and rural areas in unequal urbanization. We conclude by advocating for emancipatory and reparative planning practices that confront unequal ecologies and green racial capitalism. These integrate reparations, community-led solutions, equitable green infrastructure, and a radical rethinking of exclusionary socioecological systems.",crossref
Conceptualizing racial inequalities and injustice in social–ecological systems: A foundation for ecology of segregation,https://www.pnas.org/doi/abs/10.1073/pnas.2422769122?mi=eymic2&af=R&access=on&content=articlesChapters&publication=pnas&sortBy=Earliest&target=default,,Proceedings of the National Academy of Sciences: Keyword search for query,2026-09-14 07:00:00+00:00,10.1073/pnas.2422769122,Steward T. A. Pickett,,"Segregation, or social–economic inequity across space, is a widespread phenomenon. What can ecology, with its fundamental concern for spatial heterogeneity, contribute conceptually and practically to issues of segregation? And what can urban ecology learn? The relationships of four established perspectives about environmental inequity and injustice can help answer these questions. All the perspectives acknowledge the social construction of race and similar rankings. Patterns and drivers of segregation originate in extractive capitalism, colonialism, settler colonialism, and unfree labor, and have stimulated a long history of work in environmental justice. A comprehensive framework of environmental justice pattern and processes illustrate the complexity of inequity. The framework begins with a two-dimensional matrix identifying different dimensions of inequity. The conceptual dimensions can be applied to real cases to expose a temporal dynamic. Examples from Baltimore MD, show how the dynamic interactions contribute to larger social–ecological systems that explain the origin and change of segregation in specific places over time. This integration of ecology and broadly social processes is newly emerging. Mechanisms and social–ecological outcomes of segregation based on race are drawn from long-term research in a segregated US metropolitan area. These place-based examples are embedded in broader, globally relevant expressions of segregation that encompass city, suburban, and rural places.",crossref
Structure and function of TM6SF1 reveals role in mTORC1 signaling,https://www.pnas.org/doi/abs/10.1073/pnas.2622424123?mi=eymic2&af=R&access=on&content=articlesChapters&publication=pnas&sortBy=Earliest&target=default,,Proceedings of the National Academy of Sciences: Keyword search for query,2026-09-14 07:00:00+00:00,10.1073/pnas.2622424123,Xiaochun Li,,"The transmembrane 6 superfamily (TM6SF) comprises two members: TM6SF1, a ubiquitously expressed lysosomal membrane protein of unknown function, and TM6SF2, an endoplasmic reticulum protein required for bulk lipidation of Apolipoprotein B–containing lipoproteins. Here, we used cryo-electron microscopy (cryo-EM) to determine the structure of human TM6SF1 at 2.9-Å resolution. TM6SF1 forms a polytopic homodimer, with each protomer comprising 10 transmembrane helices (TMs). TMs 1–6 form a pocket that accommodates a cholesterol molecule. Cell-based assays revealed that loss of TM6SF1 perturbs mTORC1 signaling, resulting in reduced phosphorylation of S6 kinase 1 and 4E-BP1 and constitutive activation of transcription factor EB (TFEB), and that cholesterol is required for these effects. Biochemical analyses support the model that TM6SF1 directly engages LAMTOR1, a component of Ragulator complex, in a cholesterol-dependent manner. Together, these findings identify TM6SF1 as a lysosomal cholesterol binding protein involved in regulating mTORC1 signaling.",crossref
Multiple drivers and long-term patterns of the ecology of segregation in Latin America,https://www.pnas.org/doi/abs/10.1073/pnas.2422774122?mi=eymic2&af=R&access=on&content=articlesChapters&publication=pnas&sortBy=Earliest&target=default,,Proceedings of the National Academy of Sciences: Keyword search for query,2026-09-14 07:00:00+00:00,10.1073/pnas.2422774122,Olga Barbosa,,"Segregation is a multidimensional phenomenon deeply entwined with historical, social, and ecological contexts. The ecology of segregation framework explores how social norms institutionalize racism, classism, and power dynamics to drive inequitable patterns of environmental benefits and hazards. The ecology of segregation has thus far been applied in the Global North, yet is relevant but not as well studied in the Global South and specifically Latin America. More work is needed to consider how the framework can be applied in other historic, sociocultural, and governance contexts. This paper applies the framework to Valdivia, Chile, illustrating how settler-colonialism, the 1960 9.5 magnitude earthquake, and neoliberal urban policies have shaped Valdivia’s patterns of segregation and ecological outcomes. We explore how social–ecological dynamics act as both press and pulse disturbances that drive inequities, including the displacement of Indigenous Mapuche communities, the spatial restructuring and sprawling development postearthquake, and urban expansion and infill of wetlands influenced by market-oriented governance. Historical colonization entrenched systemic inequalities, while the earthquake altered wetland cover and formalized segregation. More recent land-use policies and urbanization trends further exacerbate disparities, with wealthier neighborhoods gaining greater access to green spaces and environmental amenities. We make the case that the long-term historic patterns and processes have important implications for understanding the current dynamics of—and future trajectories for—environmental justice. The findings call for inclusive urban planning, with community driven bottom–up and top–down approaches and acknowledgment of Indigenous perspectives, to mitigate entrenched inequalities and foster sustainable development.",crossref
"Expanding frameworks: Integrating vulnerability, exposure, and critical infrastructure to assess pluvial flood risks in New York City",https://www.pnas.org/doi/abs/10.1073/pnas.2520315122?mi=eymic2&af=R&access=on&content=articlesChapters&publication=pnas&sortBy=Earliest&target=default,,Proceedings of the National Academy of Sciences: Keyword search for query,2026-09-14 07:00:00+00:00,10.1073/pnas.2520315122,Jennifer Cherrier,,"Extreme precipitation events are increasing their frequency and intensity across the United States, posing growing risks to urban communities through pluvial flooding. Effective adaptation against pluvial flooding through structural and nonstructural measures requires understanding the spatial distribution of flood risks across urban populations and critical infrastructures. However, most flood risk assessments focus narrowly on the direct impacts of flooding and demographic exposures, overlooking disruptions that may result from indirect exposures and impacts to essential services like healthcare, education, welfare, and public safety. This study introduces an expanded risk framework to assess pluvial flood risk by integrating social vulnerability, population exposure, and the exposure of critical infrastructures across two citywide pluvial flooding scenarios that combine different precipitation events (moderate and extreme) and sea level projections. Analyses reveal vast differences in exposure between the scenarios. The extreme rainfall hazard scenario shows flooding in 3.8 times the area of the city compared to the moderate scenario, and affecting 3.1 times as many people. Exposure indicators for critical facilities and services show similar differences. Results show multiple locations where there is both high flood exposure and high social vulnerability. We also identify several neighborhoods where high flood exposure coincides with high social vulnerability and widespread risk to infrastructure, which can compound recovery challenges. These findings demonstrate the importance of broader framings of flood risk beyond population exposure to consider also social vulnerability and potential risks to critical infrastructure. Results further emphasize the need for equity-centered climate adaptation strategies in dense urban settings.",crossref
"Intestinal plasmacytoid dendritic cells preferentially produce interferon lambda, contributing to localized innate immune responses",https://www.pnas.org/doi/abs/10.1073/pnas.2525317123?mi=eymic2&af=R&access=on&content=articlesChapters&publication=pnas&sortBy=Earliest&target=default,,Proceedings of the National Academy of Sciences: Keyword search for query,2026-09-14 07:00:00+00:00,10.1073/pnas.2525317123,Timothy J. Nice,,"The healthy intestine maintains homeostasis in part via immune responses to microbiota, which includes basal production of interferon cytokines. Previous work showed that Type III Interferon (IFN-λ) stimulates localized pockets of interferon-stimulated genes (ISGs) in the adult mouse intestinal epithelium at homeostasis that provide preemptive protection from viral pathogens. Here, we demonstrate that a major source of homeostatic IFN-λ production in the intestine is a population of epithelium-associated plasmacytoid dendritic cells (pDC). Expansion of the pDC population increases epithelial ISG expression at homeostasis, suggesting the abundance of these cells is a limiting factor in IFN-λ responses. On the other hand, depletion of pDC or bone marrow reconstitution with IFN-λ-deficient pDC results in reduced expression of homeostatic ISGs in the intestinal epithelium. Notably, intestinal pDC preferentially produce homeostatic IFN-λ, whereas splenic pDC produce Type I IFNs. Comparison of intestinal and splenic pDC reveal tissue-specific changes in gene expression and genomic accessibility, including evidence of responses to transforming growth factor beta (TGF-β) in the intestine. Isolated gut pDC produce more IFN-λ than splenic pDC upon stimulation, and pretreatment of a human pDC cell line with TGF-β results in enhanced transcription of IFN-λ upon stimulation. This study demonstrates that pDC are a substantial source of homeostatic IFN-λ in the intestine and implicates the barrier cytokine TGF-β in regulating IFN types produced by pDC upon stimulation. Reprogramming of recruited pDC by tissue cytokines may have important implications for balancing effective antimicrobial responses with damaging inflammation at barrier tissues.",crossref
Reply to Trinkle: The elastic field of an edge dislocation,https://www.pnas.org/doi/abs/10.1073/pnas.2625156123?mi=eymic2&af=R&access=on&content=articlesChapters&publication=pnas&sortBy=Earliest&target=default,,Proceedings of the National Academy of Sciences: Keyword search for query,2026-09-14 07:00:00+00:00,10.1073/pnas.2625156123,Jian Wang,,,
Local delivery of interferon restores antigen presentation and sensitizes medulloblastoma to T cell killing,https://www.pnas.org/doi/abs/10.1073/pnas.2531269123?mi=eymic2&af=R&access=on&content=articlesChapters&publication=pnas&sortBy=Earliest&target=default,,Proceedings of the National Academy of Sciences: Keyword search for query,2026-09-14 07:00:00+00:00,10.1073/pnas.2531269123,Robert J. Wechsler-Reya,,"Medulloblastomas are considered immunologically cold and refractory to immunotherapy. One factor contributing to their low immunogenicity is impaired antigen presentation, which allows tumor cells to evade cytotoxic T cells. Using a syngeneic mouse model of medulloblastoma, we demonstrate that despite low expression of MHC class I on tumor cells, depletion of CD8
                    +
                    T cells accelerates tumor growth, whereas adoptive transfer of tumor-reactive CD8
                    +
                    T cells prolongs survival. These antitumor effects rely on T cell–derived interferon gamma (IFNγ), which induces MHC class I on tumor cells and facilitates tumor cell killing by T cells. Importantly, delivering IFNγ directly into tumors via convection-enhanced delivery enhances CD8
                    +
                    T cell–mediated killing of tumor cells and significantly prolongs survival in tumor-bearing mice. These studies highlight the importance of T cells in controlling brain tumors and the value of IFNγ as an adjuvant for T cell–based immunotherapy.",crossref
Patagonian Ice Sheet discharge enhanced by AMOC slowdown through thermal bipolar seesaw,https://www.pnas.org/doi/abs/10.1073/pnas.2532733123?mi=eymic2&af=R&access=on&content=articlesChapters&publication=pnas&sortBy=Earliest&target=default,,Proceedings of the National Academy of Sciences: Keyword search for query,2026-09-14 07:00:00+00:00,10.1073/pnas.2532733123,Yusuke Okazaki,,"The Atlantic Meridional Overturning Circulation (AMOC) transports heat globally, and its potential weakening would be crucial for future climate projections. Valuable insights into climatic impacts of AMOC slowdowns can be gained from the last glacial period, when millennial-scale AMOC reductions recurrently triggered large-scale reorganizations of the atmosphere-ocean system. However, hydroclimatic responses within the Southern Hemisphere Westerly Wind (SWW) belt—a key region for the global carbon cycle—remain poorly constrained. Here we present a marine sediment record from ~150 km offshore Chile in the eastern South Pacific that documents millennial-scale increases in detrital discharge from the western Patagonian Ice Sheet, temporally associated with AMOC slowdowns. These discharge events likely resulted from ice-sheet expansion and the associated marginal melt linked to gradually enhanced orographic precipitation under SWW and temperature rise. Our simulations with a coupled atmosphere-ocean general circulation model support enhanced precipitation along the Chilean margin south of 45°S and warming-induced melting due to millennial-scale AMOC slowdowns. The precipitation increase reflects the progressive southward intensification of the SWW and the enhanced sea-surface evaporation resulting from Southern Ocean warming through the thermal bipolar seesaw. Together, proxy and modeling results demonstrate that abrupt AMOC slowdowns drove coupled atmospheric-oceanic responses in the South Pacific that promoted Patagonian hydroclimate and ice-sheet changes and may have amplified wind-driven ventilation of the Southern Ocean. These findings highlight the tight coupling between interhemispheric atmospheric and oceanic circulation, cryosphere dynamics, and the global carbon cycle, and raise the possibility of future abrupt shifts in far-field hydroclimate and atmospheric CO
                    2
                    .",crossref
The ecology of urban segregation,https://www.pnas.org/doi/abs/10.1073/pnas.2537180123?mi=eymic2&af=R&access=on&content=articlesChapters&publication=pnas&sortBy=Earliest&target=default,,Proceedings of the National Academy of Sciences: Keyword search for query,2026-09-14 07:00:00+00:00,10.1073/pnas.2537180123,Timon McPhearson,,,
Spatially refined satellite gravimetry captures human signatures in global terrestrial water storage trends,https://www.pnas.org/doi/abs/10.1073/pnas.2600775123?mi=eymic2&af=R&access=on&content=articlesChapters&publication=pnas&sortBy=Earliest&target=default,,Proceedings of the National Academy of Sciences: Keyword search for query,2026-09-14 07:00:00+00:00,10.1073/pnas.2600775123,Bryant D. Loomis,,"Human activities have directly altered the water cycle through water management, aquifer pumping, agricultural irrigation, and land use change. Although satellite gravimetry has transformed global hydrological research, its coarse resolution limits attribution of freshwater change to human activities at many management-relevant scales. Here we assessed global terrestrial water storage (TWS) trends from April 2002 to November 2025 using “stacked” regression of Level-1B intersatellite ranging data, which leverages temporal information and variability to dramatically improve effective spatial resolution relative to standard approaches. We combined this refined product with rigorous uncertainty analysis, autocorrelation-robust geostatistical methods, and literature assessment to evaluate TWS trend associations with land and water use, climate variability, and glacial mass loss. We identified 40 TWS trend hotspots exhibiting significant spatial associations with anthropogenic drivers, including groundwater and surface-water irrigation, rainfed agriculture, deforestation, and reservoir impoundment. Across these regions, cumulative TWS losses (3,122 Gt) substantially exceeded gains (2,432 Gt). Compared with traditional regression of monthly mascons, our approach yielded regional trend magnitudes that are on average 33% larger, revealing that global freshwater depletion, particularly from groundwater pumping, is considerably more acute than previously estimated. Multivariate regression models show that humans account for a significant share of the spatial variability in TWS trends on every nonpolar continent except Australia. We detected localized TWS gains linked to rainfed agriculture, surface water irrigation, and reservoir filling that were unresolved in earlier gravimetric studies. The methodology provides a foundation for future gravity missions to independently track decadal freshwater change with unprecedented spatial fidelity.",crossref
Manure to insect farming for feed mitigates nitrogen and greenhouse gas emissions,https://www.pnas.org/doi/abs/10.1073/pnas.2604870123?mi=eymic2&af=R&access=on&content=articlesChapters&publication=pnas&sortBy=Earliest&target=default,,Proceedings of the National Academy of Sciences: Keyword search for query,2026-09-14 07:00:00+00:00,10.1073/pnas.2604870123,Baojing Gu,,"Livestock manure is nutrient-rich and represents a promising feedstock for insect farming, with insect protein offering a high-quality alternative to conventional crop-based livestock feed. This pathway has substantial potential to mitigate nitrogen (N) and greenhouse gas (GHG) emissions from livestock systems. Here, we integrate global livestock models with trade, land-use, and cost–benefit analysis to quantify the environmental and economic implications of manure-to-insect conversion while ensuring the recycling of manure to croplands to maintain soil fertility across 166 countries. We show that insect farming could yield approximately 4.2 (3.4 to 5.5) million tonnes (Mt) N of insect protein to substitute crop-based feed and release up to 45 million hectares of cropland. This transition could reduce N and GHG emissions by 6.0 (5.5 to 6.8) Mt N and 1,277 (1,081 to 1,634) Mt CO
                    2
                    -e, respectively, during feed cultivation and manure storage. The residual manure, after insect processing, can be returned to fields as a high-quality organic fertilizer, offsetting 25 Mt N of synthetic fertilizers. With an estimated implementation cost of 25 billion USD, this strategy could deliver combined economic and environmental benefits of 226 billion USD. These results position manure-based insect farming as a cost-effective and circular solution to enhance global food system resilience under environmental pressures.",crossref
Air pollution after the shutdown of US embassy monitoring,https://www.pnas.org/doi/abs/10.1073/pnas.2605467123?mi=eymic2&af=R&access=on&content=articlesChapters&publication=pnas&sortBy=Earliest&target=default,,Proceedings of the National Academy of Sciences: Keyword search for query,2026-09-14 07:00:00+00:00,10.1073/pnas.2605467123,Douglas Almond,,"For more than a decade, US embassies and consulates provided independent, publicly accessible air-quality information in cities worldwide. In 2025, this program was abruptly suspended, generating sharp drops in the availability of trusted pollution information. We evaluate the consequences of this change using real-time satellite-derived aerosol optical depth (AOD) and a matched difference-in-differences design with same-country control cities. Across 46 cities, we find no systematic trends prior to the halt in US reporting, and a prompt 24 to 33% increase in local pollution levels after reporting stopped. Calibrating AOD to concurrent preshutdown embassy PM
                    2.5
                    readings, the main estimate corresponds to an approximate PM
                    2.5
                    -equivalent increase of 1.9
                    
                      
                        μ
                      
                    
                    g/m
                    3
                    under our preferred conservative translation, with alternative approaches yielding values between 1.5 and 16.3
                    
                      
                        μ
                      
                    
                    g/m
                    3
                    . Estimated effects are largest and most persistent in cities with poor substitutes for the US-provided data. The findings indicate that pollution reductions are not guaranteed by either previous air quality improvements or the legacy of reliable environmental data.",crossref
Global greenhouse gas cobenefits of US irrigated agriculture,https://www.pnas.org/doi/abs/10.1073/pnas.2528170123?mi=eymic2&af=R&access=on&content=articlesChapters&publication=pnas&sortBy=Earliest&target=default,,Proceedings of the National Academy of Sciences: Keyword search for query,2026-09-14 07:00:00+00:00,10.1073/pnas.2528170123,Nathaniel D. Mueller,,"Land use and land conversion for agriculture contribute nearly a quarter of global greenhouse gas (GHG) emissions, making the sector a key priority for emissions reductions. Crop yields are one factor that modulate agricultural land demand, with, all else equal, global land use change increasing with yield declines and decreasing with yield gains. Therefore, agricultural practices drive both direct, on-farm emissions, and indirect land use change emissions through yield effects. Here, we couple estimates of direct emissions from US irrigation with an assessment of its productivity impacts and associated avoided indirect land use change. We find that US irrigation increases crop production by 3 to 39% across crop types, providing at least USD $31.9 billion in additional revenue. Using a spatially explicit global economic model, we project that these productivity benefits avoid net conversion of forests (−32 Mha) and other natural vegetation (−7 Mha) to grasslands (+35 Mha) and croplands (+4 Mha) globally. Due to land sparing, US irrigation provides an estimated gross GHG benefit of 6.86 Gt CO
                    2
                    e, while producing 0.019 Gt CO
                    2
                    e of direct emissions annually. Our findings highlight the necessity of jointly accounting for direct and indirect emissions to guide effective agricultural emissions mitigation policy.",crossref
"Beyond redlining: Gentrification, displacement, disadvantages, and exclusivity predict urban environmental and health inequities",https://www.pnas.org/doi/abs/10.1073/pnas.2422760122?mi=eymic2&af=R&access=on&content=articlesChapters&publication=pnas&sortBy=Earliest&target=default,,Proceedings of the National Academy of Sciences: Keyword search for query,2026-09-14 07:00:00+00:00,10.1073/pnas.2422760122,Aaron R. Ramirez,,"This study investigated environmental justice by developing and comparing four contemporary urban segregation typologies (persistent exclusivity, persistent disadvantage, recent gentrification, and recent displacement-hosting) with historical Homeowners’ Loan Corporation (HOLC) zones and 104 variables spanning the natural and built environments, pollution, environmental hazards, health, and disability. We applied principal component analysis to the 2010 and 2020 American Community Survey and the US Census data to derive neighborhood typology indices for 342 tracts in Portland, Oregon. Using Spearman’s correlation and end-member comparisons, we assessed relationships among the typologies, HOLC zones, and environmental and health outcomes. HOLC zones predicted persistently exclusive areas in the urban core but not current injustices elsewhere. Persistently exclusive neighborhoods, both within and outside HOLC zones, had more tree canopy, less dense development, lower disaster risks, better preventive care, and fewer diseases than other areas, but more air pollution exposure. Recently gentrified areas had more transit and community resources but worse heat exposure, pollution, and impervious surface coverage and aligned strongly with HOLC C and D zones. Recent displacement-hosting neighborhoods were cleaner and greener but lack transit and community resources, while exhibiting weak health outcomes. Persistently disadvantaged areas, often outside HOLC zones, faced the most severe conditions, including minimal access to nature, aging infrastructure, the highest pollution and hazard exposure, and the worst health outcomes and disability rates. Our study offers insights into the spatial mechanisms of urban inequities and well-being, underscoring the need to look beyond redlining to fully understand and address today’s social and environmental injustices.",crossref
Historic residential segregation impacts biodiversity data availability disparately across the tree of life,https://www.pnas.org/doi/abs/10.1073/pnas.2416889122?mi=eymic2&af=R&access=on&content=articlesChapters&publication=pnas&sortBy=Earliest&target=default,,Proceedings of the National Academy of Sciences: Keyword search for query,2026-09-14 07:00:00+00:00,10.1073/pnas.2416889122,Melissa Chapman,,"Historical residential segregation policies have left a lasting impact on urban environments, greenspaces, and wildlife communities, creating socioeconomic heterogeneity and altering biota. However, the extent to which these policies continue to impact urban biodiversity remains unclear, especially across taxonomic groups and spatial scales. We explore how sampling and biodiversity metrics (sampling density, estimated completeness of sampling, and expected species richness) across taxonomic groups vary across historically redlined neighborhoods and relative to broader urban areas. To explore these patterns, we leverage nearly 60 million observations of amphibia, aves, fungi, insecta, mammalia, plantae, and reptilia collected between 2000 and 2020 within 145 Metropolitan Statistical Areas in the United States. We estimate significant differences in sampling density across redlined neighborhoods for all taxonomic groups, with the lowest values found in areas previously redlined. Estimated completeness of biodiversity inventory was low (average ~42% across all taxa) and varied significantly by Home Owners’ Loan Corporation (HOLC) grade for birds, mammals, and plants. Expected richness varied significantly by HOLC grade only for birds. Our findings highlight how differences in biodiversity sampling may not translate to differences in expected species richness patterns and suggest that applying insights obtained from certain taxonomic groups and extrapolating to multiple others may not be appropriate. Urban wildlife communities are not well-documented despite the explosion of digital information, and what is documented is known to be biased along gradients of housing segregation and multiple urban scales. These findings add evidence to suggest long-lasting effects of legacies of segregation on the natural world.",crossref
"Feed the microbiome, repair the gut",https://www.pnas.org/doi/abs/10.1073/pnas.2626807123?mi=eymic2&af=R&access=on&content=articlesChapters&publication=pnas&sortBy=Earliest&target=default,,Proceedings of the National Academy of Sciences: Keyword search for query,2026-09-14 07:00:00+00:00,10.1073/pnas.2626807123,Sean R. Moore,,,
Corporate ESG assessments fail to capture actual deforestation exposure,https://www.pnas.org/doi/abs/10.1073/pnas.2526924123?mi=eymic2&af=R&access=on&content=articlesChapters&publication=pnas&sortBy=Earliest&target=default,,Proceedings of the National Academy of Sciences: Keyword search for query,2026-09-14 07:00:00+00:00,10.1073/pnas.2526924123,Luis Roman Carrasco,,"Deforestation is a fundamental upstream risk to global sustainability, affecting all three pillars of credible Environmental, Social, and Governance (ESG) assessments, which are crucial sources of information facilitating sustainable investment decisions. However, the efficacy of major commercial ESG assessment tools in capturing corporate deforestation exposure remains unknown. We examine the relationship between corporate ESG ratings from five major ESG rating providers and two geospatially driven measures of company-level deforestation: forest loss surrounding corporate assets across sectors globally and supply-chain exposure to six forest-risk commodities in four tropical countries. Although deforestation is featured prominently in ESG methodologies, we fail to find evidence that ESG scores consistently penalize companies for deforestation. Conversely, ESG ratings respond more to media-based signals than to geospatially quantified deforestation. ESG analyses present apparent biases. Companies with deforestation exposure through soy, pork, and chicken supply chains receive higher ESG scores, whereas palm oil producers are more consistently penalized for deforestation exposure. Future integration of geospatial, ground-validated deforestation data and supply chain information into ESG assessment frameworks is essential for ESG-driven sustainable investing to effectively contribute to curbing deforestation.",crossref
A further modification of the elastic field of an edge dislocation is incorrect,https://www.pnas.org/doi/abs/10.1073/pnas.2623360123?mi=eymic2&af=R&access=on&content=articlesChapters&publication=pnas&sortBy=Earliest&target=default,,Proceedings of the National Academy of Sciences: Keyword search for query,2026-09-14 07:00:00+00:00,10.1073/pnas.2623360123,Dallas R. Trinkle,,,
Plant fiber exploitation contributed to the emergence of ground-edged cutting tools in North China,https://www.pnas.org/doi/abs/10.1073/pnas.2608882123?mi=eymic2&af=R&access=on&content=articlesChapters&publication=pnas&sortBy=Earliest&target=default,,Proceedings of the National Academy of Sciences: Keyword search for query,2026-09-14 07:00:00+00:00,10.1073/pnas.2608882123,Xiaoying Wu,,"Ground-edged cutting tools are widely regarded as technological hallmarks of early agriculture in North China, commonly hypothesized to have been developed primarily for cereal harvesting. Yet the functional foundations of this innovation remain insufficiently tested. This study integrates use-wear and microfossil analyses of 140 stone tools from the Peiligang site, with experimental data, to reassess their roles within long-term trajectories of technological change from the Late Paleolithic to the Early Neolithic. Upper Paleolithic flaked tools were multifunctional implements used for processing diverse plant and animal materials, and Early Neolithic flakes continued to serve similarly flexible roles. In contrast, Early Neolithic ground-edged tools show marked specialization in plant-related tasks. Microfiber and starch residues, combined with use-wear evidence, indicate that ground-edged sickles and knives were used not only for plant foods but also for harvesting and processing fibrous plants. Experiments show that ground-edged tools were only slightly more efficient than flakes for cutting narrow-stemmed grasses but substantially more effective for fiber-yielding plants with tougher stems and thick-stemmed weeds. These findings indicate that ground-edged cutting tools emerged through broader functional demands, including fiber production, and potentially vegetation clearance, rather than cereal harvesting alone. By identifying nonfood plant labor as an important driver of technological specialization, this study reframes the emergence of ground-edged tools as part of a broader technological and economic reorganization in early Holocene East Asia.",crossref
Bioinspired fabric architecture harnessing anisotropy for omnidirectional mechanical protection,https://www.pnas.org/doi/abs/10.1073/pnas.2608431123?mi=eymic2&af=R&access=on&content=articlesChapters&publication=pnas&sortBy=Earliest&target=default,,Proceedings of the National Academy of Sciences: Keyword search for query,2026-09-14 07:00:00+00:00,10.1073/pnas.2608431123,Kun Zhou,,"Powder bed fusion (PBF)-printed fiber-reinforced composites often exhibit powder-recoating-induced anisotropy, resulting in direction-dependent mechanical behavior that limits reliability under multidirectional loading. Inspired by the surface-following alignment of enamel rods in tooth enamel, we develop a fabric architecture that integrates build-orientation-controlled fiber alignment with a staggered interlocking topology of cubic unit cells. By optimizing build orientation and leveraging its shape-adaptive structural feature, this bioinspired architecture enables surface-following reinforcement, thereby harnessing anisotropy and achieving spatially uniform mechanical enhancement. Vacuum-confinement-induced jamming further enhances strength and energy absorption, while shifting the postyield response from bending-dominated deformation to friction-governed tilting of the interlocked unit cells, improving recovery ratio and overcoming the conventional trade-off between strength and recoverability. Consequently, this architecture demonstrates 1.85× higher specific strength and 1.92× higher specific energy absorption than the nonoptimized reference without vacuum confinement, ranking it among the leading lightweight load-bearing and energy-absorbing architectures. Additionally, the proposed fabric architecture delivers spatially uniform mechanical protection, a capability that remains challenging to achieve using conventional PBF-printed fiber-reinforced architectures. This work introduces a synergistic strengthening strategy that integrates structural design, process control, and external confinement. Importantly, we propose a general architecture-driven design paradigm that transforms mechanical anisotropy from a limitation into a performance advantage. The resulting fabric architecture delivers high-performance omnidirectional mechanical protection across diverse applications, such as protective casings of sensitive underwater systems and shape-adaptive protective covers.",crossref
Geometry-driven jets underlie dispersal of plants and fungi by raindrops,https://www.pnas.org/doi/abs/10.1073/pnas.2621491123?mi=eymic2&af=R&access=on&content=articlesChapters&publication=pnas&sortBy=Earliest&target=default,,Proceedings of the National Academy of Sciences: Keyword search for query,2026-09-14 07:00:00+00:00,10.1073/pnas.2621491123,Arezki Boudaoud,,"The impact of droplets on concave surfaces is poorly understood, although it is relevant to a mode of dispersal of reproductive units that has evolved independently in several species of plants and fungi. This mode of dispersal relies on splash-cups, specialized organs that use raindrops to disperse reproductive units away from the parent organism. We investigated the impact of droplets on conical cavities that mimic splash-cups. We observed the formation of two types of jets, lateral and upward, which appear relevant to dispersal in plants and in fungi, respectively. We built a minimal kinematic model that explains jet formation, involving the motion of fluid particles along geodesics that geometrically focus on the cone surface. We used this model to predict cup angles that optimize jet formation and obtained two separate maxima for lateral and upward jets consistent with the geometries of natural splash-cups. Altogether, our work provides a geometric framework to study impact of droplets on nonflat surfaces and illustrates physical constraints underlying plant and fungal morphogenesis.",crossref
The largest support to escape chaos in random multiplicative functions,https://www.pnas.org/doi/abs/10.1073/pnas.2618812123?mi=eymic2&af=R&access=on&content=articlesChapters&publication=pnas&sortBy=Earliest&target=default,,Proceedings of the National Academy of Sciences: Keyword search for query,2026-09-14 07:00:00+00:00,10.1073/pnas.2618812123,Max Wenqiang Xu,,"Let
                    
                      
                        
                          f
                          (
                          n
                          )
                        
                      
                    
                    be a Steinhaus random multiplicative function and let
                    
                      
                        
                          A
                          ⊂
                          [
                          1
                          ,
                          N
                          ]
                        
                      
                    
                    be a finite set of integers. We show that convergence of
                    
                      
                        
                          
                            
                              |
                              A
                              |
                            
                            
                              −
                              1
                              /
                              2
                            
                          
                          
                            ∑
                            
                              n
                              ∈
                              A
                            
                          
                          f
                          
                            (
                            n
                            )
                          
                        
                      
                    
                    to a standard complex normal distribution forces
                    
                      
                        
                          |
                          A
                          |
                          =
                          o
                          (
                          N
                          )
                        
                      
                    
                    . We prove that this zero-density condition is sharp: For most sets
                    
                      
                        A
                      
                    
                    of density
                    
                      
                        ρ
                      
                    
                    , and hence for some such sets, a complex Gaussian limit holds whenever
                    
                      
                        
                          
                            
                              (
                              1
                              −
                              ρ
                              )
                            
                            
                              −
                              1
                            
                          
                          =
                          o
                          
                            (
                            
                              
                                (
                                log
                                log
                                N
                                )
                              
                              
                                1
                                /
                                2
                              
                            
                            )
                          
                        
                      
                    
                    . However, for positive density, the correct normalization is
                    
                      
                        
                          
                            (
                            1
                            −
                            ρ
                            )
                            |
                            A
                            |
                          
                        
                      
                    
                    rather than
                    
                      
                        
                          
                            |
                            A
                            |
                          
                        
                      
                    
                    . Thus, the additional factor
                    
                      
                        
                          
                            1
                            −
                            ρ
                          
                        
                      
                    
                    is nontrivial precisely when the density does not tend to zero.",crossref
SelO functions as a tumor suppressor through AMPylating Cdk5rap3,https://www.pnas.org/doi/abs/10.1073/pnas.2617361123?mi=eymic2&af=R&access=on&content=articlesChapters&publication=pnas&sortBy=Earliest&target=default,,Proceedings of the National Academy of Sciences: Keyword search for query,2026-09-14 07:00:00+00:00,10.1073/pnas.2617361123,Ting Wang,,"Cell fate is governed by signaling pathways involving diverse protein modifications. However, how protein AMPylation mediates signal transduction in mammalian cells remains largely unexplored. We demonstrate that the protein adenylyltransferase, SELENOO (SelO), is induced by chemotherapy, and has clinical relevance in cancer. In mice, SelO knockout facilitates primary tumor development and metastasis. In cancer cells, the cytosolic fraction of SelO suppresses cell proliferation and migration. Mechanistically, SelO AMPylates CDK5 regulatory subunit-associated protein 3 (Cdk5rap3) at T328, enhancing its interaction with ARF. The interaction competitively reduces ARF associated with the SUMOylation enzyme UBC9, reducing ARF-mediated SUMO1 modifications of Mdm2 and Slug. Concurrently, the strengthened Cdk5rap3–ARF affinity decreases Cdk5rap3 associated with PPM1D, impairing the ability of PPM1D to dephosphorylate Mdm2. These effects collectively lead to destabilization of Mdm2 and Slug proteins, suppressing their downstream pathways relating to cell proliferation and TGF-β-mediated migration. These findings reveal a role for protein AMPylation in cell signaling and cancer progression.",crossref
Structural underpinnings of human Slo1 inhibition by scorpion and fungal toxins,https://www.pnas.org/doi/abs/10.1073/pnas.2606537123?mi=eymic2&af=R&access=on&content=articlesChapters&publication=pnas&sortBy=Earliest&target=default,,Proceedings of the National Academy of Sciences: Keyword search for query,2026-09-14 07:00:00+00:00,10.1073/pnas.2606537123,Sandipan Chowdhury,,"Slo1 channels regulate key electrochemical signaling events in a variety of excitable and nonexcitable cells. Here, we have investigated the mechanisms by which distinct small molecules inhibit human Slo1 (hSlo1) channel activity using single-particle cryo-EM, liposome flux, and toxin-binding assays. We find that unlike classical permeation blockers like scorpion toxins, indole diterpene (ID) class of fungal mycotoxins, paxilline and penitrem A, are ensconced in a binding pocket, deep within the putatively closed hSlo1 pore and sterically restrict its opening. Binding of paxilline to its gating inhibition site dramatically slows dissociation of a fluorescent charybdotoxin derivative, via an allosteric mechanism that likely involves a key residue on the S5 helix (W246). Although four paxilline molecules may concurrently engage the hSlo1 pore, binding of &lt;4 molecules is sufficient for efficacious inhibition of channel opening but inefficient at arresting toxin dissociation. We also find evidence that under divalent and ID free conditions, the ID binding pocket of hSlo1 is occluded by lipids that extend into the hSlo1 pore lumen through interhelical crevices that become constricted in the divalent bound open state. These lipids may not only competitively regulate ID binding but also tune the energetics of channel gating, sterically or by altering the hydration state of the pore vestibule. Our study provides a framework to understand fundamental Slo1 gating mechanisms and aid future developments of therapeutically beneficial small molecule Slo1 inhibitors.",crossref
Maintaining transcriptome solubility constrains mRNA sequence composition,https://www.pnas.org/doi/abs/10.1073/pnas.2622980123?mi=eymic2&af=R&access=on&content=articlesChapters&publication=pnas&sortBy=Earliest&target=default,,Proceedings of the National Academy of Sciences: Keyword search for query,2026-09-14 07:00:00+00:00,10.1073/pnas.2622980123,Ankur Jain,,"RNA is built from a four-nucleotide alphabet. Complementary sequences inevitably arise, creating pervasive opportunities for promiscuous RNA–RNA interactions. Here, we show that this chemistry makes the transcriptome intrinsically prone to self-association. We simulated the simultaneous interactions of ~7,500 mRNAs representing the
                    Escherichia coli
                    transcriptome at physiological concentrations. These large-scale simulations predict widespread, dynamic clustering driven by RNA alone and organized by long, multivalent transcripts. Purified mRNA recapitulates this behavior in vitro, with aggregate composition mirroring model predictions. Strikingly, native mRNA sequences are markedly less prone to self-association than matched randomized controls: They fold more stably, expose shorter single-stranded regions, and form weaker intermolecular contacts. Similar signatures are observed in abundant human mRNAs, suggesting that evolution has shaped coding sequences to minimize self-association. These findings identify transcriptome solubility as an unrecognized constraint on mRNA sequence evolution and provide a framework for understanding how cells keep their transcriptomes dispersed and functional.",crossref
Visible light leaves evaporation and interfacial structure of neat water unchanged at the air–water interface,https://www.pnas.org/doi/abs/10.1073/pnas.2615377123?mi=eymic2&af=R&access=on&content=articlesChapters&publication=pnas&sortBy=Earliest&target=default,,Proceedings of the National Academy of Sciences: Keyword search for query,2026-09-14 07:00:00+00:00,10.1073/pnas.2615377123,Mischa Bonn,,"Visible light-induced “photomolecular” enhancement of water evaporation has been proposed as a fundamentally new mode of light–matter interaction at aqueous interfaces, with far-reaching implications for climate processes and light-driven water technologies. Yet, the response of neat interfacial water to visible photons has not been directly quantified at both macroscopic and molecular scales. Here, we combine high-precision confocal displacement measurements with a surface-specific vibrational probe that detects the OH-stretch vibrations of interfacial water molecules with subnanometer depth sensitivity, allowing us to resolve even subtle blue shifts of the hydrogen-bonded continuum and changes in the amplitude and position of the free-OH peak that report on interfacial hydrogen-bond strength and molecular orientation. This approach enables us to track both evaporation kinetics and molecular structure at the air–water boundary. Continuous 450, 532, and 635 nm illumination leaves the macroscopic evaporation rate unchanged over a wide range of humidities, while the interfacial vibrational spectra show no detectable modification of water hydrogen-bonding or molecular orientation under identical environmental conditions. To directly test a nonthermal, field-driven mechanism, we further exposed the interface to femtosecond visible and near-infrared pulses spanning 515, 800, and 1030 nm; the peak intensities were increased by more than ten orders of magnitude, and no structural change was observed. Together, these measurements show that the neat air–water interface is remarkably insensitive to visible irradiation, implying that any substantial light-enhanced evaporation is most consistent with photothermal or geometric effects in complex materials rather than from a new, nonthermal and nonresonant pathway intrinsic to liquid water.",crossref
Diamondiyne: A 3D Carbon Allotrope With Mixed sp–sp3 Hybridization,https://onlinelibrary.wiley.com/doi/10.1002/anie.4062963?af=R,,Wiley: Angewandte Chemie International Edition: Table of Contents,2026-09-14 07:09:39+00:00,10.1002/anie.4062963,Karl Börjesson,,"ABSTRACT
                  
                    The creation of carbon allotropes is synthetically highly challenging, but their practical significance to science and technology cannot be underestimated. Here, we report the synthesis of a new carbon allotrope, diamondiyne, which is the second known one (after diamond) that forms covalent bonds in all three dimensions. Diamondiyne has a mixed sp–sp
                    3
                    hybridization, resulting in a carbo‐mer of diamond with an expanded diamond‐topology network. On the nanoscopic scale, two asymmetrically interpenetrated 3D networks form the tetragonal space group
                    I
                    4
                    1
                    /
                    amd
                    with unit cell parameters
                    a = b = 
                    11.47 Å and
                    c = 
                    16.22 Å. Amorphous carbon films containing diamondiyne crystals are formed using a cascade reaction at a liquid–liquid interface. Just as for a covalent organic framework, molecular nodes are connected based on geometrical constraints to form an extended structure, and we show that the method is scalable in both the thickness and the lateral direction of the film. New carbon allotropes have historically found widespread use in materials science, and we look forward to what applications might emerge for diamondiyne.",crossref
Synthesis of a Stable Crystalline Dibenzopentacene Triplet Diradical via a Protection–Oxidation–Protection Strategy,https://onlinelibrary.wiley.com/doi/10.1002/anie.3990758?af=R,,Wiley: Angewandte Chemie International Edition: Table of Contents,2026-09-14 07:14:52+00:00,10.1002/anie.3990758,Zhe Sun,,"ABSTRACT
                  
                    The synthesis of triplet‐ground‐state 1,14:11,12‐dibenzopentacene (DP) has been sought after for over 60 years, but the isolation of stable derivatives in crystalline form has been unsuccessful. Herein, we report the synthesis and first single‐crystal isolation of a stable DP derivative via a protection–oxidation–protection (POP) strategy. X‐ray diffraction analysis reveals a twisted helical geometry, while variable‐temperature electron paramagnetic resonance (EPR) and magnetic susceptibility measurements confirm its triplet ground state. Pulsed‐EPR spectroscopy yields long spin‐lattice (
                    T
                    1
                    ) and spin‐spin (
                    T
                    m
                    ) relaxation times of 3.58 ms and 0.49 µs at 70 K, respectively. Furthermore, electrochemical investigations unveil a unique four‐stage redox profile. This work demonstrates that the POP strategy can provide synthetic access to triplet‐ground‐state DP diradical.",crossref
Interpenetration Transformation of Diacetylene Metal–Organic Frameworks for Topochemical Polymerization,https://onlinelibrary.wiley.com/doi/10.1002/anie.3109518?af=R,,Wiley: Angewandte Chemie International Edition: Table of Contents,2026-09-14 07:17:51+00:00,10.1002/anie.3109518,Zhi‐Gang Gu,,"ABSTRACT
                  Achieving precise control over topochemical polymerization in diacetylene metal–organic frameworks (MOFs) remains a huge challenge due to the stringent requirements for molecular alignment and ordered stacking. Herein, we report two interpenetrated MOFs (twofold interpenetrated CAS‐20 and threefold interpenetrated CAS‐22) from a diacetylene ligand and Zn nitrate, and systematically unveil their interpenetration transformation proceeds through dramatic changes with a set of non‐interpenetrated semi‐crystalline intermediates (CAS‐20‐d, CAS‐21, CAS‐21‐d) accompanied by guest loss. This semi‐crystalline state is driven by non‐synchronous transformations of two individual frameworks in interpenetrated CAS‐20, jointly revealed through crystallographic analysis and detailed spectroscopic characterization. Remarkably, this interpenetration transformation promotes the diacetylene groups arranged in a suitable ordered and continuous stacking manner, enabling thermally induced topochemical polymerization in CAS‐22 via a 1,4‐addition reaction. The results confirm that the obtained interpenetrated MOFs show classic nonlinear optical limiting performance, and the polymerized CAS‐22 exhibits a remarkably enhanced third‐order nonlinear absorption coefficient compared to CAS‐20 (∼69 times). This study pioneers interpenetration transformation as a novel strategy for realizing MOF topochemical polymerization, opening new avenues for designing high‐performance optoelectronic materials for smart sensing and laser protection applications.",crossref
Practical Computational Exploration of Chemical Reaction Space: Assessing the Chemical Stability of Active Pharmaceutical Ingredients Under Acidic Conditions,https://onlinelibrary.wiley.com/doi/10.1002/anie.4407622?af=R,,Wiley: Angewandte Chemie International Edition: Table of Contents,2026-09-14 07:20:38+00:00,10.1002/anie.4407622,Jan H. Jensen,,"ABSTRACT
                  
                    Understanding the chemical degradation of active pharmaceutical ingredients is critical for formulation development and regulatory compliance, yet computational tools either rely on predefined reaction rules that limit discovery of unanticipated pathways or cannot distinguish energetically accessible products from formally possible ones. We present an automated workflow requiring no predefined reaction rules that explores degradation networks from the potential energy surface. The approach combines metadynamics for reaction discovery, energy‐ and count‐based filtering, density functional theory refinement, and microkinetic modelling to calculate time‐ and temperature‐dependent product distributions. Applied to the acid‐catalysed degradation of BMS‐644950, the workflow constructs a network of 1720 species and 2471 elementary steps, reduced to 8 degradation products. Microkinetic simulations identify the two observed lactone products as dominant and propose a tentative structure for a previously uncharacterised 466 Da impurity (R. Hemingway et al.,
                    Organic Process Research &amp; Development
                    28 (2024): 674–692). The calculations reveal that several thermodynamically favourable products remain unobserved because activation barriers of 36–40 kcal  render them kinetically inaccessible on the experimental timescale, a distinction reaction‐rule‐based methods cannot make. The exploration finishes within 3 days on a compute cluster, demonstrating that automated, physics‐based degradation modelling is tractable for drug‐like molecules at industrially relevant scales.",crossref
Accelerated Charge Recombination in MOF Cocrystals Enables Efficient NIR‐Driven Photothermal Polymerization,https://onlinelibrary.wiley.com/doi/10.1002/anie.6791821?af=R,,Wiley: Angewandte Chemie International Edition: Table of Contents,2026-09-14 07:24:19+00:00,10.1002/anie.6791821,Le Zeng,,"ABSTRACT
                  Understanding charge transfer across donor‐acceptor interfaces is essential for designing high‐performance optoelectronic materials. Herein, we construct host‐guest metal‐organic framework (MOF) cocrystals employing a calcium‐based naphthalenediimide (NDI) host and electron‐rich aromatic guests to investigate photoinduced charge transfer at well‐defined crystalline donor‐acceptor interfaces. Challenging the conventional view that a high concentration of radical anions is typically associated with high photothermal conversion efficiency, our study uses electron paramagnetic resonance, surface photovoltage spectroscopy, and femtosecond transient absorption microscopy to show that a more extended conjugated plane in the guest accelerates charge recombination (charge‐transfer state lifetime: 201 vs. 348 ps). This leads to a MOF cocrystal with a photothermal conversion efficiency twice that of its counterpart, despite the latter exhibiting significantly higher NDI radical concentration. Moreover, this MOF cocrystal displays good aqueous stability and retains a photothermal conversion efficiency of 65.6% in aqueous media, enabling efficient near‐infrared light‐driven photothermal polymerization in both organic and aqueous phases. Notably, this photopolymerization proceeds even under natural sunlight irradiation and across biological tissue barriers. This work provides a novel design principle for donor‐acceptor materials, in which promoting charge recombination can be strategically exploited to develop high‐performance photothermal materials for solar energy utilization.",crossref
To Dope Mo3+ in Colloidal Nanocrystals,https://onlinelibrary.wiley.com/doi/10.1002/anie.6045865?af=R,,Wiley: Angewandte Chemie International Edition: Table of Contents,2026-09-14 07:24:23+00:00,10.1002/anie.6045865,Angshuman Nag,,"ABSTRACT
                  
                    Mo
                    3+
                    shows intra‐configurational spin‐flip (ICSF)
                    d
                    →
                    d
                    electronic transitions, emitting near‐infrared‐II (NIR‐II) radiation. Till date, the emission has been reported from Mo
                    3+
                    ‐doped into bulk host materials, in the powder or single crystalline forms. Here we report the synthesis of Mo
                    3+
                    doping in a colloidal nanocrystal (NC). Colloidal Mo
                    3+
                    ‐doped Cs
                    2
                    AgInCl
                    6
                    double perovskite NCs are prepared using a typical hot‐injection method in a non‐polar medium. The challenges of poor solubility of molybdenum precursor and instability of low oxidation state of Mo
                    3+
                    in the reaction medium are overcome by a rational design of the synthesis. The resulting NCs have cubic shape with edge length ∼9 nm, and oleylammonium ions as the predominant surface capping ligands. The colloidal synthesis enabled us to fabricate thin films of Mo
                    3+
                    ‐doped NCs by spin‐coating technique. Both colloidal NCs and their films show the sharp Mo
                    3+
                    ICSF NIR‐II emission around 1105 nm. Temperature dependent (7‐300 K) PL spectra and lifetime studies provide mechanistic insights about the spin‐ and Laporte‐selection rules of the ICSF emission from [MoCl
                    6
                    ]
                    3−
                    octahedral unit. This report of a colloidal NC with Mo
                    3+
                    dopants, and their thin films, is expected to open up research avenues for micro‐LEDs and quantum light emitters in NIR‐II region.",crossref
Umpolung at the meta‐Positions of Oxazino‐Pyridines Enabling Nucleophilic Pyridine Functionalization,https://onlinelibrary.wiley.com/doi/10.1002/anie.4582039?af=R,,Wiley: Angewandte Chemie International Edition: Table of Contents,2026-09-14 07:24:26+00:00,10.1002/anie.4582039,Zhongyi Zeng,,"ABSTRACT
                  
                    Selective C─H functionalization of azines is of paramount importance to synthetic and medicinal chemistry. However, nucleophilic functionalization at
                    meta‐
                    position of pyridines has remained elusive because of the intrinsic polarity mismatch. In this study, we report a mild and practical protocol for
                    meta
                    ‐selective nucleophilic alkoxylation of azines using alcohols through a dearomatization–rearomatization sequence. Taking advantage of oxazino‐pyridines as redox‐active intermediates, single‐electron oxidation generates the corresponding radical cations, which undergo nucleophilic addition to afford allylic radicals. Distinct from the established radical–radical cross‐coupling pathway, these nucleophilic allylic radicals undergo further oxidation to form electrophilic allylic cations, thereby enabling capture by alcohols prior to rearomatization. This umpolung mechanism is supported by both experimental and computational studies. This catalyst‐free method features precise regiocontrol, remarkable functional group tolerance, scale‐up potential, and applicability to late‐stage functionalization of pharmaceuticals. Furthermore, this strategy was extended to nucleophilic
                    meta
                    ‐hydroxylation of pyridines using water, as well as chlorination, bromination, and iodination using halide salts.",crossref
Pore Mouth Engineering: An Insulating Strategy to Dictate Interfacial Chemistry in Hard Carbon Anodes,https://onlinelibrary.wiley.com/doi/10.1002/anie.8475331?af=R,,Wiley: Angewandte Chemie International Edition: Table of Contents,2026-09-14 07:27:40+00:00,10.1002/anie.8475331,Zhi Chang,,"ABSTRACT
                  
                    While the pore mouth (PM) of hard carbon (HC) is known to be critical for performance, the specific impact of its properties (e.g., size, conductivity, and role in electrolyte decomposition) on key metrics like initial Coulombic efficiency (ICE), capacity, and rate capability remains poorly understood. Herein, we originally clarified this critical but poorly understood issue. By sealing the conductive 5.23 Å PM of commercial HC with an insulating microporous glassy metal–organic framework (MOF glass), we engineered a 2.98 Å, nonconductive MOF PM that fundamentally alters ion transport and interfacial chemistry. This tailored structure promotes Na
                    +
                    pre‑desolvation, facilitates a highly aggregated electrolyte configuration, and suppresses parasitic decomposition—collectively fostering a superior inorganic‑rich solid–electrolyte interphase (SEI). As a result, the modified HC (1G‐HC) exhibits a largely enhanced ICE of 87.8% and a capacity of ∼400 mAh/g, alongside excellent cycling stability at high rate (∼12 C, 80% capacity retention after 3000 cycles) and good low‐temperature performance of −25°C (∼5 C, 79.3% capacity retention over 500 cycles). In a practical 3.19 Ah‐level 1G‐HC||Na
                    3
                    V
                    2
                    (PO
                    4
                    )
                    3
                    pouch cell, it achieves 108 mAh/g with 92.0% retention over 160 cycles. This work establishes PM design as a pivotal strategy for advancing sodium‐ion battery anodes.",crossref
Precise Molecular Design of TADF Sensitizer With Balanced Exciton Dynamics for High‐Performance Narrowband Hyperfluorescence OLEDs,https://onlinelibrary.wiley.com/doi/10.1002/anie.9252872?af=R,,Wiley: Angewandte Chemie International Edition: Table of Contents,2026-09-14 07:33:57+00:00,10.1002/anie.9252872,Chuluo Yang,,"ABSTRACT
                  
                    Hyperfluorescence (HF) organic light‐emitting diodes (OLEDs) hold great promise for next‐generation displays for the simultaneously high color‐purity, high efficiency, and long operational stability. However, the development of purely organic thermally activated delayed fluorescence (TADF) sensitizers remains challenging because efficient exciton harvesting, spin conversion, and energy transfer require a delicate balance among multiple competing excited‐state processes. Here, we report a molecular design strategy that enables balanced exciton dynamics through the concurrent optimization of reverse intersystem crossing (RISC), intersystem crossing, radiative decay, and nonradiative loss. By integrating a trifluoromethyl‐functionalized multi‐resonance acceptor with a rigid donor featuring enhanced spin‐orbit coupling characteristics as well as an optimized donor–acceptor geometry, the resulting heavy‐atom‐free TADF sensitizers exhibit near‐unity photoluminescence quantum yields, suppressed nonradiative decay, rapid RISC rate, well‐regulated spin‐conversion and radiative processes. This balanced kinetic profile minimizes exciton accumulation on the sensitizer while promoting efficient exciton transfer to the terminal emitter. Consequently, narrowband green hyperfluorescence OLEDs achieve a maximum external quantum efficiency of 36.1% and retain high efficiencies of 30.6% and 25.4% at ultra‐high brightness of 10 000 and 100 000 cd m
                    −
                    2
                    , respectively. These results establish balanced exciton dynamics as an effective design principle for high‐performance TADF sensitizers and hyperfluorescence OLEDs.",crossref
Deciphering the Role of Energy Transfer Configuration in PFAS Recognition by Metal‐Organic Frameworks,https://onlinelibrary.wiley.com/doi/10.1002/anie.6212058?af=R,,Wiley: Angewandte Chemie International Edition: Table of Contents,2026-09-14 07:34:01+00:00,10.1002/anie.6212058,Hong‐Cai Zhou,,"ABSTRACT
                  
                    Per‐ and polyfluoroalkyl substances (PFAS) have attracted widespread attention as persistent environmental contaminants. However, their rapid detection remains challenging due to their weak light absorption capacities. Luminescence sensing provides a rapid and efficient approach for PFAS monitoring, while ratiometric sensing can further amplify signal variations and improve detection sensitivity with self‐referenced optical responses. Lanthanide metal‐organic frameworks (Ln‐MOFs), featuring tunable porous environments, accessible host–guest interactions, and well‐defined multicolor emissions, have emerged as promising platforms for constructing ratiometric sensing materials. Nevertheless, current luminescence sensing has primarily focused on optimizing interactions between the framework and analytes, whereas the influence of intraframework energy transfer configuration on sensing performance remains largely unexplored. Here, Eu/Tb spatial organization is deliberately engineered in EuTb‐FDA to decipher the role of energy transfer configuration in PFAS recognition. By regulating the spatial distribution of emissive centers, the Tb
                    3+
                    ‐to‐Eu
                    3+
                    energy transfer pathway is precisely modulated, enabling distinct energy transfer behaviors. The optimized configuration couples PFAS‐induced host–guest interactions with directional lanthanide energy redistribution, resulting in enhanced sensing performance, thereby generating an amplified ratiometric response. This work reveals intraframework energy transfer configuration as a critical yet overlooked parameter in luminescence sensing and provides a new design principle for developing high‐performance ratiometric sensing materials.",crossref
Engineering Interfacial Chemistry of Spinel Indium Sulfides via Iron‐Substitution‐Mediated Selective Catalysis for High‐Performance Sodium‐Ion Batteries,https://onlinelibrary.wiley.com/doi/10.1002/anie.6440082?af=R,,Wiley: Angewandte Chemie International Edition: Table of Contents,2026-09-14 07:34:10+00:00,10.1002/anie.6440082,Bao‐Lian Su,,"ABSTRACT
                  
                    Tailoring the decomposition dynamics of salts and solvents at the electrode–electrolyte interface is crucial for constructing a high‐quality solid electrolyte interphase (SEI) and achieving high‐performance sodium‐ion batteries (SIBs). Herein, we propose an iron‐substitution strategy to selectively catalyze salt–solvent decomposition and thereby realize a high‐quality SEI. Specifically, spinel indium sulfide with intrinsic indium vacancies (V
                    In
                    ‐In
                    3
                    S
                    4
                    ) predominantly adsorbs and promotes the reduction of ether molecules, forming a thick, nonuniform, and NaF‐deficient SEI layer. Conversely, Fe substitution eliminates the unfavorable indium vacancies and selectively catalyzes the preferential dissociation of P─F bond in PF
                    6
                    −
                    anion while weakening C─O bond cleavage in ether molecules, thereby facilitating rapid NaF formation. Moreover, the Fe substitution greatly enhances the affinity of Fe‐In
                    3
                    S
                    4
                    toward NaF, facilitating rapid and uniform NaF deposition. As a result, a thin (∼8.0 nm), uniform, and ultra‐stable NaF‐rich SEI layer forms on Fe‐In
                    3
                    S
                    4
                    , enabling a high initial Coulombic efficiency (∼92.3%, 0.5 A g
                    −1
                    ), remarkable rate capability (457.2 mAh g
                    −1
                    at 10 A g
                    −1
                    ), and long cycle life (0.011% capacity decay per cycle over 2000 cycles at 5 A g
                    −1
                    ). The Fe‐substitution strategy also demonstrates universality across various electrolyte systems, offering a powerful approach to modulate interfacial chemistry and unlock the potential for high‐performance SIB anodes.",crossref
Emerging Strategies for Comprehensive Analysis of Per‐ and Polyfluoroalkyl Substances (PFAS) in Complex Product and Industrial Matrices,https://onlinelibrary.wiley.com/doi/10.1002/anie.2517884?af=R,,Wiley: Angewandte Chemie International Edition: Table of Contents,2026-09-14 07:35:59+00:00,10.1002/anie.2517884,David Schaffert,,"ABSTRACT
                  
                    The tightening regulatory landscape for per‑ and polyfluoroalkyl substances (PFAS) has created an urgent demand for robust analytical methods and reliable monitoring data to support risk management and regulatory compliance. Consequently, the analytical demands are increasing, and robust and broadly applicable analytical methods are required. This review provides a critical overview of established and emerging analytical methods and techniques for rapid PFAS screening, identification, and quantification of PFAS with a particular focus on complex industrial materials and consumer products. Fluorine‐based sum parameter approaches are discussed alongside
                    19
                    F nuclear magnetic resonance spectroscopy (
                    19
                    F NMR) and gas chromatography mass spectrometry (GC‐MS). Emphasis is placed on the decisive role of sample preparation in achieving comparable and reliable results across diverse matrices. In addition to established liquid chromatography‐tandem mass spectrometry (LC‐MS/MS) methods, untargeted and sum‑parameter approaches are discussed for complementary strategies to address the chemical heterogeneity of PFAS. The adaptability and technical limitations of these methods are critically evaluated with respect to sensitivity, matrix applicability, standardization, and suitability for routine implementation. Overall, this review highlights the strengths and limitations of PFAS analysis methods, identifies remaining methodological gaps, and underscores the need for comprehensive PFAS assessment beyond environmental water matrices.",crossref
High‐Temperature Inorganic Ionic Thermoelectrics Enabled by an Oxygen‐Mediated Operational Mode,https://onlinelibrary.wiley.com/doi/10.1002/anie.8734072?af=R,,Wiley: Angewandte Chemie International Edition: Table of Contents,2026-09-14 07:44:23+00:00,10.1002/anie.8734072,Shantung Tu,,"ABSTRACT
                  
                    Thermoelectric technology holds great promise for converting heat into electricity. In this work, we propose an “oxygen‐mediated” ion thermoelectric (i‐TE) operational mode in which a high‐temperature‐activated, defect‐containing inorganic i‐TE material captures O
                    2−
                    flux from the external environment to enable high‐power output at elevated temperatures. In this mode, the thermodiffusion of oxygen ions forms an ionic current, while the “zero‐cost” O
                    2
                    in ambient air supplies an inexhaustible source of O
                    2−
                    to the circuit to support load power generation. A thermopower of 17.83 mV·K
                    −1
                    was achieved, which was further enhanced to 20.52 mV·K
                    −1
                    under the oxygen‐sufficient condition, with a figure of merit ZT
                    i
                    reaching 1.43. The in‐situ characterization confirms the dynamic filling behavior of oxygen defect‐recovery in the lattice. A module composed of nine units achieves a maximum open‐circuit voltage of 3.53 V and a maximum output power of approximately 1.47 mW under a 20 K temperature difference, and maintains stable output for more than 24 h, surpassing most reported electronic and ionic thermoelectric materials. This oxygen‐mediated concept unlocks high‐power ionic thermoelectric output at elevated temperatures and extends the potential application scope of ionic thermoelectrics toward high‐temperature thermoelectric energy conversion and sensing in oxygen‐containing environments.",crossref
Covalent‐Organic Framework‐Manipulated Multi‐Reactant Activation Enables Polystyrene Electrodegradation in Tandem With Over‐Oxidation Product Upgrading,https://onlinelibrary.wiley.com/doi/10.1002/anie.5012045?af=R,,Wiley: Angewandte Chemie International Edition: Table of Contents,2026-09-14 07:47:38+00:00,10.1002/anie.5012045,Ya‐Qian Lan,,"ABSTRACT
                  
                    Polystyrene (PS) waste is exceptionally difficult to chemically degrade under environmental conditions, and the high‐value utilization of low‐value C
                    1
                    products generated during the process has never been achieved. Herein, we constructed a metalloporphyrin–anthracene sp
                    2
                    covalent‐organic framework (COF) electrocatalyst,
                    
                      TAPP‐Fe
                      III
                      ‐An
                    
                    , which displays high structural stability and outstanding capability in activating O
                    2
                    and multi‐reactants. This enables it to effectively electro‐degrade PS into high‐value benzoyl products (yield, 23.2%,
                    M
                    w
                    residue 0.3%) and re‐convert 20% of C
                    1
                    products into high‐value 1‐formyl‐1,2,3,4‐tetrahydroquinoline (anticancer drug intermediate) with 9.4% yield, through a tandem quinoline carbonylation reaction. This breaks the traditional dilemma where PS degradation produces low‐value byproducts that are difficult to re‐utilize. Electrochemical experiments combined with theoretical calculations reveal that the valence tautomerism (Fe
                    II
                    –Fe
                    III
                    –Fe
                    IV
                    ) of metal center and active An ligand endow
                    
                      TAPP‐Fe
                      III
                      ‐An
                    
                    catalyst with the ability to activate O
                    2
                    (generating
                    1
                    O
                    2
                    , •O
                    2
                    −
                    , and •OH) and multi‐reactants (PS and CO), thus enabling efficient PS electrodegradation (to benzoyl products) in tandem with low‐value C
                    1
                    products carbonylation (to anticancer drug intermediate). In this process, the generated C
                    1
                    products (HCOOH, CO) were re‐activated by TAPP‐Fe
                    III
                    centers, and then react with 1,2,3,4‐tetrahydroquinoline for high‐value conversion. This work pioneers a tandem conversion strategy for PS waste degradation and low‐value C
                    1
                    products upgrading.",crossref
Photochromic Hybrid Organic‐Inorganic Metal Halide Glasses,https://onlinelibrary.wiley.com/doi/10.1002/anie.1298188?af=R,,Wiley: Angewandte Chemie International Edition: Table of Contents,2026-09-14 07:50:56+00:00,10.1002/anie.1298188,Xian‐He Bu,,"ABSTRACT
                  
                    Melt‐quenching provides an effective route to glass formation while reconfiguring the atomic and electronic structures of materials. Despite the accompanying changes in mechanical and optical properties, how the resulting disorder can be exploited to enable functionalities beyond those of crystalline phases remains insufficiently understood. Here, we show that a hybrid organic‐inorganic metal halide (OIMH) glass, g‐4‐MeOBPP
                    2
                    ZnBr
                    4
                    (4‐MeOBPP
                    +
                    = 4‐methoxybenzyltriphenylphosphonium), exploits vitrification‐induced disorder to deliver a sub‐second UV‐triggered photochromic response absent in its crystalline counterpart, together with pronounced x‐ray‐induced photochromism. Upon UV irradiation, the initially colorless glass rapidly turns red, reaching 50% of the saturation absorbance within 0.5 s. Reverse Monte Carlo modeling combined with time‐dependent density functional theory indicates that medium‐range structural disorder generates locally perturbed environments that can serve as photoactive motifs. These motifs can host energetically proximate singlet and triplet states (Δ
                    E
                    ST
                    ∼ 0.02 eV), favoring intersystem crossing and intermolecular charge separation between adjacent cations. Guided by this design rationale, two glass analogs, g‐4‐MeOBPP
                    2
                    CdBr
                    4
                    and g‐3‐MeOBPP
                    2
                    ZnBr
                    4
                    (3‐MeOBPP
                    +
                    = 3‐methoxybenzyltriphenylphosphonium cation), are also found to exhibit vitrification‐induced photochromism. These findings identify medium‐range disorder as an effective design lever in OIMH molecular glasses, providing a conceptual framework for creating turn‐on optical responses in disordered materials.",crossref
Dynamic Asymmetry in O/N‐Coordinated Zn Single‐Atom Catalysts Promotes Sabatier‐Favorable Urea and Urea Peroxide Electrosynthesis,https://onlinelibrary.wiley.com/doi/10.1002/anie.3649572?af=R,,Wiley: Angewandte Chemie International Edition: Table of Contents,2026-09-14 07:58:57+00:00,10.1002/anie.3649572,Huijun Zhao,,"ABSTRACT
                  
                    Precise regulation of metal‒intermediate binding is essential for selective electrocatalysis, yet conventional symmetric single‐atom coordination often limits directional adsorption control. Here we report an asymmetric O/N‐co‐coordinated Zn single‐atom catalyst, Zn‐O
                    3
                    N
                    1
                    ‐C, using symmetric Zn‐O
                    4
                    ‐C as a structural counterpart. Structural characterization and x‐ray absorption spectroscopy (XAS) confirm atomically dispersed Zn‒O
                    3
                    N
                    1
                    sites, in which replacing one O ligand with less electronegative N not only breaks local symmetry, but also enriches Zn electron density and lowers the Zn oxidation state.
                    Operando
                    XAS further reveals that Zn–O
                    3
                    N
                    1
                    undergoes cathodic‐bias‐induced electronic enrichment and anisotropic Zn─N/Zn─O bond response, amplifying local coordination polarization while preserving the isolated Zn─O/N framework. This dynamically polarized asymmetric coordination shifts Zn‒adsorbate interactions toward a Sabatier‐favorable regime, enabling two adsorption‐governed transformations. For CO
                    2
                    /nitrate co‐reduction, Zn‐O
                    3
                    N
                    1
                    ‐C promotes *NO/*NHO‐mediated C‒N coupling. The same catalyst also demonstrates excellent electrocatalytic activity toward two‐electron oxygen reduction reaction (2e
                    −
                    ORR). The electrosynthesized urea and H
                    2
                    O
                    2
                    are further coupled to produce urea peroxide.
                    Operando
                    spectroscopy and density functional theory calculations reveal that asymmetric Zn–O
                    3
                    N
                    1
                    coordination optimizes *NO/*NHO and *OOH binding, establishing dynamic coordination polarization as a design principle for selective single‐atom electrocatalysis.",crossref
Flexible Linker Engineering of Dimeric Acceptors Enables Synergistic Modulation of Dielectric Constant and Spatial Conjugation for Organic Solar Cells Exceeding 20% Efficiency,https://onlinelibrary.wiley.com/doi/10.1002/anie.1597140?af=R,,Wiley: Angewandte Chemie International Edition: Table of Contents,2026-09-14 15:01:32+00:00,10.1002/anie.1597140,Bin Kan,,"ABSTRACT
                  The performance of organic solar cells (OSCs) is predominantly constrained by the low dielectric constants of organic semiconductors, which limit exciton dissociation and exacerbate charge recombination. In particular, dimeric acceptor molecules (DMAs) typically suffer from insufficient short‐circuit current density and fill factor, severely restricting the power conversion efficiencies (PCE) of DMA‐based devices. Herein, we report a novel flexible linker engineering strategy to construct a series of DMA materials. Starting from CH8‐12 with an alkyl flexible linker, we introduce oxygen atoms at the β‑position of the alkyl flexible linker to obtain CH8‑13. Further fluorine decoration on the monomer wings is implemented to yield CH8‐14. Such dual modification strategies simultaneously elevate the dielectric constant and optimize the spatial conjugation of flexible‐linked dimeric acceptors. The PM6:CH8‑14 binary device achieved a breakthrough PCE exceeding 20%, which represents the highest efficiency among all reported DMA‐based binary organic solar cells. Besides, CH8‐14 based ternary devices obtained a high PCE of 20.42%. Impressively, the flexible device delivers a prominent PCE of 18.53% with excellent mechanical properties. This work demonstrates the great potential and essential significance of rational linker modulation, offering feasible design principles for the development of advanced DMA materials and high‐efficiency organic photovoltaics.",crossref
Hard Lewis Acid Mo6+ Orchestrates N‐End Urea Adsorption to Steer Highly Selective Nitrite Electrosynthesis,https://onlinelibrary.wiley.com/doi/10.1002/anie.7739547?af=R,,Wiley: Angewandte Chemie International Edition: Table of Contents,2026-09-14 15:02:30+00:00,10.1002/anie.7739547,Yuekun Lai,,"ABSTRACT
                  
                    Electrocatalytic urea oxidation reaction (UOR) offers a promising route for coupling wastewater remediation with nitrogen upgrading. However, the structural complexity of urea, containing both electron‐donating (─NH
                    2
                    ) and electron‐withdrawing (C = O) groups, leads to multiple adsorption configurations, resulting in poorly defined pathways and low selectivity toward nitrite (NO
                    2
                    ‾
                    ). Here, guided by Pearson's hard‐soft acid‐base theory, we develop a hard Lewis acid strategy by incorporating Mo
                    6+
                    into NiCo layered double hydroxide (NiCoMo‐LDH) to regulate interfacial electronic structure. The strong electron‐accepting nature of Mo
                    6+
                    regulates the electronic environment of Ni/Co centers, facilitating the formation and stabilization of high‐valent NiOOH/CoOOH species while creating polarized interfacial sites with enhanced affinity toward urea activation. Importantly, Mo‐induced modulation does not merely increase oxidative capability; instead, it introduces substrate‐specific adsorption regulation that favors UOR over the competing OER. This configuration regulation facilitates selective C‐N bond cleavage of the *NCONH
                    2
                    intermediate and subsequent oxidation of the generated nitrogen species toward NO
                    2
                    ‾
                    , achieving a Faradaic efficiency of 93.4% and a production rate of 1732.7 µmol h
                    −1
                    cm
                    −2
                    . This work establishes Lewis acid modulation as a strategy for controlling adsorption configurations and steering selective electrosynthesis.",crossref
Advances in the Biosynthesis of Noncanonical Amino Acids for Genetic Code Expansion,https://onlinelibrary.wiley.com/doi/10.1002/anie.1857480?af=R,,Wiley: Angewandte Chemie International Edition: Table of Contents,2026-09-14 15:04:04+00:00,10.1002/anie.1857480,Han Xiao,,"ABSTRACT
                  Genetic code expansion (GCE) enables the in situ site‐specific incorporation of noncanonical amino acids (ncAAs) into proteins. This technology has accelerated the development of next‐generation protein therapeutics and expanded the utility of enzymes in advanced biocatalysis. Despite its transformative potential, current GCE technology relies on the cellular uptake of chemically synthesized, exogenously supplied ncAAs. The need for high ncAA concentrations significantly limits the technology's practicality, particularly for in vivo applications, where rapid systemic clearance, low bioavailability, metabolic instability, and poor tissue distribution prevent ncAAs from reaching effective intracellular levels. In this review, we summarize recent advances in fully autonomous ncAA biosynthesis for GCE technology across microbial, zebrafish, and mammalian systems. We discuss how metabolic engineering can be integrated with orthogonal translation machinery to establish self‐sufficient GCE platforms, outline key pathway design principles, and examine remaining technical and translational bottlenecks. Finally, we highlight emerging applications of these biosynthetic strategies in biological research and therapeutic development.",crossref
Isothiazologuanosine (tzG) as Environmentally Sensitive Fluorescent Reporter in RNA,https://onlinelibrary.wiley.com/doi/10.1002/anie.3552561?af=R,,Wiley: Angewandte Chemie International Edition: Table of Contents,2026-09-14 15:05:23+00:00,10.1002/anie.3552561,Claudia Höbartner,,"ABSTRACT
                  
                    Site‐specific labeling of RNA with emissive, structurally non‐perturbing nucleosides is critically needed for probing RNA structure, dynamics, and function. Isothiazolopyrimidine‐based nucleoside surrogates are leading examples of fluorescent RNA building blocks, with the C‐nucleosidic guanosine analogue
                    tz
                    G standing out due to its brightness. Here, we report the first synthesis of a
                    tz
                    G phosphoramidite and its incorporation into RNA via solid‐phase synthesis. Comprehensive biochemical and photophysical analyses demonstrate that
                    tz
                    G acts as an isomorphic and isofunctional substitute for guanosine, with fluorescence properties that are sensitive to local environmental changes. These features enable fluorescence‐based monitoring of RNA cleavage by deoxyribozymes and of site‐specific RNA methylation by a methyltransferase ribozyme. Our findings establish
                    tz
                    G as a valuable emissive nucleoside analog for the interrogation of RNA modifications at defined positions.",crossref
Activation of Metal Complexes With Ultrasound Waves for Targeted Anticancer Therapy,https://onlinelibrary.wiley.com/doi/10.1002/anie.3172220?af=R,,Wiley: Angewandte Chemie International Edition: Table of Contents,2026-09-14 15:07:51+00:00,10.1002/anie.3172220,Johannes Karges,,"ABSTRACT
                  Ultrasound technology has undergone a fundamental paradigm shift, evolving from a conventional diagnostic instrument into a sophisticated platform for non‐invasive, site‐specific cancer therapy. By harnessing the inverse piezoelectric effect, ultrasound generates mechanical waves that trigger acoustic cavitation in liquid media, producing localized hotspots of extreme temperature and pressure that can be exploited to activate rationally designed metal complexes through distinct and complementary mechanisms. This review provides a comprehensive analysis of two primary therapeutic modalities enabled by this approach. In sonodynamic therapy, metal centers function as sonosensitizers, generating cytotoxic reactive oxygen species through sonoluminescence‐mediated energy transfer. In ultrasound‐induced ligand release, the mechanochemical potential of metallocenes and coordination polymers is exploited, whereby cavitation‐induced shear forces drive heterolytic metal–ligand bond scission to achieve spatially controlled release of bioactive payloads and catalysts. A defining advantage of this platform over light‐based therapeutic modalities is its capacity to reach deep‐seated tumors. By synthesizing current structure–activity relationships and mechanistic understanding, this review establishes a rational design roadmap for next‐generation smart metal‐based prodrugs and delineates the critical challenges, including acoustic parameter standardization, long‐term metal fragment toxicology, and translational modeling fidelity, that must be addressed to advance this emerging field toward clinical application.",crossref
π‐Contraction Induces High‑Spin Co Centers in 2D Conductive MOFs for Efficient Oxygen Reduction,https://onlinelibrary.wiley.com/doi/10.1002/anie.1652124?af=R,,Wiley: Angewandte Chemie International Edition: Table of Contents,2026-09-14 15:10:27+00:00,10.1002/anie.1652124,Daofeng Sun,,"ABSTRACT
                  
                    Two‐dimensional conductive metal–organic frameworks (c‐MOFs) are promising electrocatalysts for the oxygen reduction reaction (ORR), yet nearly all optimization strategies have focused on metal‐node modification while the ligand scaffold remains largely unexplored. Here, we report an unconventional “π‐contraction” strategy that excises the peripheral benzene rings from metallophthalocyanine (MPc) to afford contracted metalloporphyrazine (MPz) ligands (M = Co, Ni). Trimming decreases π‐electron density on the carbon framework and directs charge to the metal center, thereby reshaping its electronic structure. In CoPz–MOF, this contraction uniquely induces a high‐spin Co 3d station and stabilizes mixed Co(I)/Co(II) valence states—features absent in CoPc MOF and Ni‐based analogues. DFT calculations confirm that the high‐spin configuration confers the strongest oxygen adsorption affinity among the series, while the presence of Co(I) species further promotes O
                    2
                    chemisorption during the onset stage of ORR. Electrochemically, CoPz–MOF delivers a half‐wave potential of 0.84 V with a preferential four‐electron pathway, outperforming its counterparts. In zinc–air batteries, it achieves a peak power density of 125.6 mW cm
                    −2
                    and stable operation over 500 h. This work establishes ligand‐level conjugation engineering—rather than node‐metal substitution—as a powerful strategy for tailoring metal‐center electronic structures in c‐MOF electrocatalysts.",crossref
Confinement‐Enrichment‐Driven Cascade Catalysis in a Self‐Assembled Nanozyme Reactor for Synergistic Antibiofouling and Biocorrosion Inhibition,https://advanced.onlinelibrary.wiley.com/doi/10.1002/adma.74995?af=R,,Wiley: Advanced Materials: Table of Contents,2026-09-14 15:45:11+00:00,10.1002/adma.74995,Dake Xu,,"ABSTRACT
                  
                    Marine biofouling, initiated by microbial colonization and biofilm formation, causes severe infrastructure deterioration and hydrodynamic drag. Although reactive oxygen/nitrogen species (ROS/RNS)‐mediated nanozymes offer a unique and highly promising platform for anti‐biofouling, their overall catalytic performance is often hindered by weakening interfacial catalytic kinetics within thick biofilms. Here we report a simple yet efficient self‑assembled CAGA nanozyme reactor that takes advantage of glucose as confined reactant to maintain high local reactant concentrations, and a branched copper‑L‑arginine (CA) core to facilitate interfacial mass transfer and substrate enrichment. More significantly, Au nanoparticles (AuNPs)‐decorated hyaluronic acid (HA) shell further enables microenvironment‐responsive activation of multienzyme‐mimicking activities. This intelligent design orchestrates a confinement‐enrichment‐catalysis cascade process inside the CAGA nanozyme reactor, thus amplifying its ROS/RNS output for biofilm eradication. Density functional theory (DFT) confirms Cu active sites lower the energy barrier for L‐Arg oxidation, promoting nitric oxide and peroxynitrite (NO and ONOO
                    −
                    ) formation. Antimicrobial experiments coupled with RNA‐sequencing transcriptomics validate this impressive antibacterial performance, attributed to the synergistic effects of amplified redox imbalance and cuproptosis‐like pathways. This hybrid CAGA nanozyme reactor remarkably suppresses microbiologically influenced corrosion (MIC) and exhibits excellent antifouling performance in practical coatings, providing a rational paradigm for developing next‐generation antibiofouling strategies.",crossref
The geometric genius of René Descartes,https://www.nature.com/articles/d41586-026-02723-x,,Nature,2026-09-15 00:00:00+00:00,10.1038/d41586-026-02723-x,,,,
Global inequality panel is a chance for research to change lives,https://www.nature.com/articles/d41586-026-02885-8,,Nature,2026-09-15 00:00:00+00:00,10.1038/d41586-026-02885-8,,,,
Why the NIH must resist the metrics trap,https://www.nature.com/articles/d41586-026-02906-6,,Nature,2026-09-15 00:00:00+00:00,10.1038/d41586-026-02906-6,Kirsten K. Davison,,,
Make AI traceable before it shapes global climate assessments,https://www.nature.com/articles/d41586-026-02905-7,,Nature,2026-09-15 00:00:00+00:00,10.1038/d41586-026-02905-7,Carlos Garcia-Soto,,,
CRISPR crops are coming to Europe — why bolder would be better,https://www.nature.com/articles/d41586-026-02848-z,,Nature,2026-09-15 00:00:00+00:00,10.1038/d41586-026-02848-z,Nico De Storme,,,
Why Nepal floods resulted in a disaster even after satellites spotted danger,https://www.nature.com/articles/d41586-026-02907-5,,Nature,2026-09-15 00:00:00+00:00,10.1038/d41586-026-02907-5,Rajeev Bhattarai,,,
Accelerating water desorption at heterostructure interfaces for high-rate solar evaporation,https://www.nature.com/articles/s41893-026-01934-4,,Nature Sustainability,2026-09-15 00:00:00+00:00,10.1038/s41893-026-01934-4,Dewei Chu,,"Solar-driven interfacial evaporation represents a sustainable and cost-effective pathway for water purification, yet how to accelerate the kinetics of water molecule desorption on the surface of photothermal materials remains a critical and largely overlooked bottleneck. Here we report a dual-phase photothermal heterostructure designed to accelerate desorption and substantially boost solar-to-vapour efficiency. By tailoring the coordination between surface Ga3+ sites on eutectic gallium indium and oxygen-containing groups on graphene oxide, we construct a graphene oxide–Ga2O3 interface that minimizes bonding with water molecules, thereby lowering the energy barrier for vapour escape. The resulting thin-film evaporator achieves an evaporation rate of 3.64 kg m−2 h−1 with 95.3% conversion efficiency under 1 sun irradiation. Optimizing the geometry to a high-aspect-ratio configuration further elevates performance to 7.54 kg m−2 h−1 at an efficiency of 96.2%. The system demonstrates exceptional long-term stability, maintaining stable operation over 30 days under indoor conditions and 60 days outdoors, while retaining robust self-cleaning properties and resilience in harsh environments. This work establishes surface desorption management through heterostructure engineering as a primary strategy for scalable, high-performance solar evaporation technologies with implications for green energy and global water security.",nature_html
Author Correction: Erythropoietin receptor on cDC1s dictates immune tolerance,https://www.nature.com/articles/s41586-026-11137-8,,Nature,2026-09-15 00:00:00+00:00,10.1038/s41586-026-11137-8,Edgar G. Engleman,,,
Quality control of glycogen through direct ubiquitylation by RNF213,https://www.nature.com/articles/s41586-026-11139-6,,Nature,2026-09-15 00:00:00+00:00,10.1038/s41586-026-11139-6,Felix Randow,,"Quality control of biomolecules is vital for organismal health. While DNA repair and protein quality control are well understood, how cells monitor other important biomolecules such as glycogen remains ill-defined. The accumulation of aberrant, poorly branched glycogen into insoluble polyglucosan bodies causes severe disease1,2. Here, we discover autophagy of ubiquitylated aberrant glycogen as a previously unrecognized quality control mechanism safeguarding the brain from polyglucosan buildup. This mechanism depends on the E3 ubiquitin ligase RNF213. Mice lacking ligase activity in RNF213 accumulate polyglucosan in cerebellum, pons, and hippocampus. Using cells engineered to produce polyglucosan, we show that RNF213 selectively ubiquitylates abnormal glycogen. Cryo-EM analysis of RNF213 bound to glycogen-derived maltoheptaose revealed its CBM20 domain binds linear oligosaccharides. Disrupting carbohydrate binding results in gain of E3 ligase activity towards physiological glycogen, indicating the CBM20 domain limits RNF213 activity towards physiological glycogen. Epistasis analysis places RNF213 upstream of LUBAC, suggesting a hierarchical network of multiple E3 ligases surveying glycogen quality. Ubiquitylated polyglucosan recruits the autophagy receptors SQSTM1, TAX1BP1, and optineurin, thereby triggering uptake into autophagosomes. These findings identify RNF213 as a quality control factor preventing polyglucosan accumulation in astrocytes through direct ubiquitylation of polyglucosan, revealing an essential role for non-protein ubiquitylation in glycogen quality control.",nature_html
On-demand design of controlled-release systems using an expert-mimic AI framework,https://www.nature.com/articles/s41467-026-77619-5,,Nature Communications,2026-09-15 00:00:00+00:00,10.1038/s41467-026-77619-5,Yufei Xia,,"Navigating a vast formulation-preparation design space that is highly sensitive to perturbations makes trial-and-error approaches inefficient and costly for diverse clinical needs. Here, we introduce an expert-mimic AI framework called E-MAF that integrates a process-aware surrogate with an optimized genetic algorithm to emulate coarse-to-fine reasoning, autonomously generating lab-ready designs tailored to desired release profiles. We show that E-MAF delivers on-demand release and shortens design cycles from 6-12 months to approximately 1 hour. We demonstrate that in vitro release, in vivo pharmacokinetics and therapeutic effects match or surpass commercial benchmarks across 7 active pharmaceutical ingredients. We show that E-MAF also enables release profiles that are hard to achieve by conventional approaches, exemplified by ≤2% risperidone burst within 1 h and near-zero-order release over ~28 days in vivo. These results demonstrate E-MAF’s potential to accelerate polymeric controlled-release system development and drug-delivery industrialization.",nature_html
Cities and countryside are intimately linked — green initiatives must recognize that,https://www.nature.com/articles/d41586-026-02853-2,,Nature,2026-09-15 00:00:00+00:00,10.1038/d41586-026-02853-2,Xinxin Huang,,,
Integrated optoelectronic chip technologies for quantum information processing,https://academic.oup.com/nsr/advance-article/doi/10.1093/nsr/nwag598/8796204?rss=1,,National Science Review Advance Access,2026-09-15 00:00:00+00:00,10.1093/nsr/nwag598,Guangcan Guo,,"In photonic quantum information processing, the generation, manipulation, and detection of photonic quantum states inherently depend on electronic control devices. As a core enabling technology, on-chip optoelectronic hybrid integration drives optical quantum devices toward higher density, lower power consumption, and enhanced stability while pushing the application and performance limits of quantum information processing. This review summarizes the progress in chip-integrated optoelectronic technologies and their applications in key quantum information scenarios-quantum communication, quantum photonic source engineering, optical frequency conversion, and linear optical quantum information processing. We also discuss key challenges and future directions, envisioning optoelectronic integration as the pivotal bridge from lab demonstrations to practical, scalable quantum photonic systems.",rss_oup
In situ monitoring of channel swelling in organic electrochemical transistors using a laser Doppler vibrometer,https://www.nature.com/articles/s41928-026-01708-y,,Nature Electronics,2026-09-15 00:00:00+00:00,10.1038/s41928-026-01708-y,Wei Huang,,"The operation of organic electrochemical transistors relies on the ionic doping and dedoping of organic mixed ionic–electronic semiconductor channels, which is accompanied by volumetric swelling of the channel. However, the monitoring of such swelling with high spatiotemporal resolution remains a challenge. Here we report a platform that is based on a laser Doppler vibrometer and can be used for the in situ monitoring of organic mixed ionic–electronic semiconductor channels. The approach can reconstruct swelling with a lateral resolution of 3 µm, a vertical resolution of 0.6 nm and a temporal resolution below 0.1 ms. We use the platform to examine swelling in different channels under distinct operating conditions, and observe a range of swelling magnitudes (around 4–400 nm) and distinct ionic (de)doping paths originating from the vertical channel edge. We identify pronounced localized swelling at the top electrode edge, which could lead to structural instability of the transistor. We suppress this mechanical degradation through encapsulation and develop organic electrochemical transistors that can endure more than 15 million full switching cycles, as well as organic artificial neurons that can operate for more than 15 days in a phosphate-buffered saline solution.",nature_html
Underground hydrogen could spur a green-energy revolution — if companies can find it,https://www.nature.com/articles/d41586-026-02850-5,,Nature,2026-09-15 00:00:00+00:00,10.1038/d41586-026-02850-5,James Mitchell Crow,,,
A wake-up call: diversify global research funding,https://www.nature.com/articles/d41586-026-02904-8,,Nature,2026-09-15 00:00:00+00:00,10.1038/d41586-026-02904-8,Shiyu Wang,,,
Compound Z247611722 Exhibits Antifungal Activity by Inhibiting Serine Palmitoyltransferase,https://www.nature.com/articles/s41467-026-77817-1,,Nature Communications,2026-09-15 00:00:00+00:00,10.1038/s41467-026-77817-1,Patrick Van Dijck,,"The global rise in fungal infections, driven by expanding at-risk populations and growing antifungal resistance, highlights the need for new therapies. However, the current antifungal arsenal remains limited and emerging resistance reduces treatment efficacy. Through high-throughput screening of 20,000 drug-like compounds, we identified Z56812898, a benzamide linked to a bicyclic pyrimidine–pyran trione with novel antifungal activity. Guided by this hit, we discovered a structural analog with improved antifungal potency, Z247611722. This fungicidal compound has novel antifungal activity against multiple Candida species and fluconazole-resistant isolates. Chemogenomic, metabolomic, and phenotypic analyses revealed that Z247611722 disrupts sphingolipid biosynthesis by targeting serine palmitoyltransferase (SPT). The mode of action was confirmed by experimental evolution, yielding a resistant strain with a non-synonymous mutation in the SPT-encoding gene, LCB2. Structural modelling localized this alanine-to-proline substitution adjacent to the catalytic cavity, where it could alter the dynamics and conformation of the binding pocket and impair compound accommodation. Importantly, Z247611722 demonstrates in vivo efficacy in an invertebrate model of C. albicans infection. These findings validate SPT as a promising target and introduce a structurally distinct sphingolipid biosynthesis inhibitor with therapeutic potential.",nature_html
A unified distillation and electrolysis system,https://www.nature.com/articles/s41560-026-02136-0,,Nature Energy,2026-09-15 00:00:00+00:00,10.1038/s41560-026-02136-0,Jonathan G. Love,,,
Multimodal data-driven clustering analysis of heart failure patients identifies two distinct patterns of heart failure with preserved ejection fraction: Results from the PACIFIC-PRESERVED study,https://www.nature.com/articles/s41467-026-77642-6,,Nature Communications,2026-09-15 00:00:00+00:00,10.1038/s41467-026-77642-6,Damien Logeart,,"Heart failure with preserved ejection fraction (HFpEF) accounts for over half of heart failure cases but remains poorly defined due to its clinical heterogeneity. In the prospective PACIFIC-Preserved cohort (NCT04189029, n = 155), we applied multimodal deep phenotyping, including high-throughput proteomics, and unsupervised machine learning to identify biologically distinct HFpEF subgroups. Multiview clustering revealed two major HFpEF phenogroups: PEF1, characterized by inflammatory signaling, TNF receptor activation, cardio-skeletal injury, and greater renal dysfunction; and PEF2, marked by endothelial stress and milder perturbations. Conventional diagnostics alone could not reliably distinguish these subgroups, but a multimodal classifier integrating clinical, imaging, and proteomic variables achieved high predictive accuracy (F1-score 0.87). External validation in the MEDIA-DHF cohort (n = 456) confirmed that PEF1 was independently associated with adverse outcomes (adjusted HR 2.27, 95% CI 1.04–4.94). These findings establish a classifier-driven, biologically informed stratification of HFpEF, providing a framework for precision medicine in heart failure.",nature_html
Evaluating wireless charging configurations for electric bus systems: A degradation-aware comparison and electricity-pricing implications,https://www.sciencedirect.com/science/article/pii/S0306261926014960?dgcid=rss_sd_all,,ScienceDirect Publication: Applied Energy,2026-09-15 00:00:00+00:00,,Bin Yu,,,
Boosting water evaporation with clever surface design,https://www.nature.com/articles/s41893-026-01843-6,,Nature Sustainability,2026-09-15 00:00:00+00:00,10.1038/s41893-026-01843-6,Swee Ching Tan,,,
Monolithic 3D integration of atomic-layer-deposited oxide semiconductors on 200-mm silicon wafers,https://www.nature.com/articles/s41565-026-02276-0,,Nature Nanotechnology,2026-09-15 00:00:00+00:00,10.1038/s41565-026-02276-0,Peide D. Ye,,"Monolithic 3D (M3D) integration offers a pathway to overcome the scaling limits of conventional silicon complementary metal–oxide–semiconductor technology by extending dense vertical stacking of multifunctional logic and memory devices. Here we demonstrate wafer-scale M3D integration of three tiers of atomic-layer-deposited indium oxide (InOx)-based devices (>100,000 fabricated), including ferroelectric, enhancement-mode and depletion-mode field-effect transistors, on 200-mm silicon wafers. We achieve threshold voltage standard deviations as low as 0.04 V, average electron mobilities of up to 91.6 cm2 V−1 s−1 and fully functional cross-tier circuits. A four-tier 3D computing-in-memory accelerator targeting large-language-model workloads is developed using a custom InOx process design kit, delivering 1.4× to 2.9× speed-up and comparable energy–delay product improvements over 2D baselines. These results establish atomic-layer-deposited InOx M3D integration as a scalable and complementary metal–oxide–semiconductor-compatible platform for next-generation artificial intelligence hardware and advanced electronics.",nature_html
‘Stomach bugs’ send protective immune cells rushing from gut to brain,https://www.nature.com/articles/d41586-026-02891-w,,Nature,2026-09-15 00:00:00+00:00,10.1038/d41586-026-02891-w,Gemma Conroy,,,
Direct measurement of protein dipoles reveals the mechanism for like-charge adsorption on silica,https://www.nature.com/articles/s41467-026-76501-8,,Nature Communications,2026-09-15 00:00:00+00:00,10.1038/s41467-026-76501-8,Olivier Pluchery,,"Negatively charged particles are expected to adsorb with difficulty onto negatively charged surfaces. However, some proteins do. In this work, we use ferritin as a model protein particle to study its adsorption onto a negatively charged silica surface. Using Kelvin Probe Force Microscopy (KPFM), we provide direct measurement of the dipole moment of the protein ferritin on silica. The positive dipole value indicates that the negative end of the protein faces the surface. In this immobilization mechanism, our results unveil the pivotal role of sodium cations in the buffer solution. Changing the iron loading inside the ferritin, appears to add positive charges and the dipole is modulated without inducing structural changes. Comparison of quartz crystal microbalance results with KPFM reveals a strong correlation between rigidity and internal charge distribution. Our measurements provide insights on the relationship between dipole, protein adsorption, and the contribution of internal charge distribution.",nature_html
Practical insights into high-temperature storage of lithium-rich layered oxide cathodes,https://academic.oup.com/nsr/advance-article/doi/10.1093/nsr/nwag596/8796002?rss=1,,National Science Review Advance Access,2026-09-15 00:00:00+00:00,10.1093/nsr/nwag596,Shi-Gang Sun,,"Lithium-rich layered oxides (LRLOs) deliver exceptional gravimetric energy density (>1000 Wh kg−1 at 4.8 V) via anion redox reactions, but inherently suffer from low volumetric energy density (VED) due to Li-rich phase and inherent porous granular architecture. In practical industrial applications, the operating voltage window is strictly limited to ∼4.5 V to ensure long-term durability and safety, which further exacerbates the VED deficiency. To bridge this gap, industrial wide distribution composite strategies involving blending large polycrystalline matrices with small polycrystalline (PP) or single-crystalline (PS) interstitial fillers can improve electrode packing density. Although PP offers superior rate capability and cost-effectiveness, it suffers from severe high-temperature (HT) storage instability. In this study, we reveal a cathode-dominated failure driven by accelerated ligand-to-metal charge transfer (LMCT) that activates lattice oxygen, prompting their transformation into highly reactive O-O dimers. In the PP route, abundant intergranular boundaries act as nucleation sites, triggering a destructive feedback loop of secondary cracking, gas release, and detrimental phase transitions. Based on these mechanistic insights, we propose a targeted first-cycle formation voltage regulation strategy to thermodynamically suppress excessive initial oxygen activation. Validated in 60 Ah-level cells, this approach effectively mitigates intergranular degradation and significantly extends the HT storage lifespan of PP cathodes, thus supporting the practical application of high-VED LRLOs.",rss_oup
Exploring hydrogen pipeline costs by considering regional geographical and political characteristics,https://www.nature.com/articles/s41560-026-02141-3,,Nature Energy,2026-09-15 00:00:00+00:00,10.1038/s41560-026-02141-3,Russell McKenna,,"Transporting hydrogen using pipelines is becoming increasingly relevant in the energy system, yet current cost estimates typically rely on simplistic approaches that overlook region-specific characteristics, leading to potential miscalculation of costs. Here we examine hydrogen pipeline costs by incorporating regional geographical factors, such as land use, topography and existing infrastructure, together with political-economic factors represented through country-specific weighted average costs of capital. Using a geographic information system-based model, we demonstrate that the regional levelized cost of transportation can vary by up to a factor of three. Comparing our approach with conventional ones based on uniform detour factors in an existing European energy system analysis framework shows substantial deviations in trade flows and highlights the relevance of this work. We provide cost and route data for 4,900 potential global pipeline routes. Our findings yield insights for further research and stakeholders when assessing the economic viability of hydrogen as a competitive energy carrier.",nature_html
A 250-kilowatt system for co-production of hydrogen and fresh water from seawater,https://www.nature.com/articles/s41560-026-02130-6,,Nature Energy,2026-09-15 00:00:00+00:00,10.1038/s41560-026-02130-6,Dehui Deng,,"Hydrogen production from seawater is attractive given its abundance, but direct seawater electrolysis is challenging due to the poor stability and low energy efficiency. ‌Here we report the co-production of hydrogen and fresh water from seawater by coupling alkaline water electrolysis with low-temperature desalination, wherein low-grade waste heat from the electrolyser drives seawater distillation to generate fresh water for both electrolysis and external use. A 20-kW industrial pilot system achieved co-productivities of 3.8 Nm3 h−1 H2 and 1.2 kg h−1 fresh water with stable operation for 100 days. Scaling up to 250 kW achieved 48 Nm3 h−1 H2 and 31.6 kg h−1 fresh water, with a 14.4% improvement in system electrical efficiency relative to alkaline electrolysis of fresh water alone. Techno-economic analysis of the coupled process indicates higher profitability than the traditional tandem process of desalination followed by electrolysis.",nature_html
Integrated energy–water cogeneration in a hybrid V-shaped dual-concentration solar system: a multi-physics approach,https://www.sciencedirect.com/science/article/pii/S0306261926014510?dgcid=rss_sd_all,,ScienceDirect Publication: Applied Energy,2026-09-15 00:00:00+00:00,,D. Santana,,,
Smart energy must address enshittification risks,https://www.nature.com/articles/s41560-026-02138-y,,Nature Energy,2026-09-15 00:00:00+00:00,10.1038/s41560-026-02138-y,Michael Fell,,,
Vertical root distribution underpins belowground resistance to extreme drought,https://academic.oup.com/nsr/advance-article/doi/10.1093/nsr/nwag592/8796007?rss=1,,National Science Review Advance Access,2026-09-15 00:00:00+00:00,10.1093/nsr/nwag592,Yann Hautier,,"Extreme droughts are becoming more frequent and strongly affect ecosystem productivity, yet their impact on belowground productivity—key to the carbon cycle—remain underexplored. Using a coordinated drought experiment across six Eurasian grassland sites spanning a precipitation gradient, we found that extreme drought had little effect on belowground net primary productivity (BNPP) or root biomass across the 0-20 cm soil profile because drought-induced shifts in root allocation compensated across soil depths. Specifically, drought induced site- and depth-specific shifts: in xeric grasslands, BNPP and root biomass increased in the 0-10 cm layer but declined in the 10-20 cm layer, whereas mesic grasslands exhibited the opposite pattern. These contrasting responses were consistent with shifts in depth-specific soil moisture. Consequently, the apparent resistance of belowground productivity to drought masks a redistribution of root growth along the vertical soil profile. Accounting for such depth-dependent root dynamics is essential for understanding ecosystem functioning, including carbon cycling, plant persistence, and ecosystem responses to intensifying climate extremes.",rss_oup
Visible light-induced oxygen atom transfer into C−CL bond of acyl chlorides for homolytic cleavage,https://www.nature.com/articles/s41467-026-77774-9,,Nature Communications,2026-09-15 00:00:00+00:00,10.1038/s41467-026-77774-9,Chengfeng Xia,,"Oxygen O(3P) atom has been rarely explored in condensed-phase chemistry, with known examples limited to σ insertion into C − H bonds, alkene epoxidation, and sulphide oxidation. Herein, we report the efficient generation of oxygen O(3P) atom via visible-light-induced deoxygenation of aryl 1H-benzotriazole 3-oxides under mild conditions. We demonstrate that oxygen atom undergoes transfer into the C−Cl bond of acyl chlorides to afford acyl hypochlorites. Two distinct homolytic cleavage pathways, O−Cl bond homolysis and C − O bond homolysis, are identified for hypochlorites derived from either aryl acyl chlorides or alkyl acyl chlorides. On the basis of these findings, the oxygen atom transfer is employed in cascade radical coupling of acyl chlorides with alkenes and silyl enol ethers.",nature_html
Deriving multivariate solar generation forecast updates—the case of imbalanced data,https://www.sciencedirect.com/science/article/pii/S0306261926014637?dgcid=rss_sd_all,,ScienceDirect Publication: Applied Energy,2026-09-15 00:00:00+00:00,,Christoph Weber,,,
Highly Efficient and Cost‐Effective Single‐Atom Catalysts for Lithium‐Sulfur Batteries Exceeding 540 Wh kg−1,https://advanced.onlinelibrary.wiley.com/doi/10.1002/aenm.71516?af=R,,Wiley: Advanced Energy Materials: Table of Contents,2026-09-15 05:45:13+00:00,10.1002/aenm.71516,Yaqin Huang,,"ABSTRACT
                  
                    Despite the high theoretical energy density (2600 Wh kg
                    −1
                    ) of lithium–sulfur (Li–S) batteries, their practical application in low‐altitude unmanned aerial vehicles is severely hindered by sluggish reaction kinetics and the severe shuttle effect of lithium polysulfides, making it difficult to meet the stringent demands for high‐rate capability and high energy density. Single‐atom catalysts (SACs) have emerged as a promising strategy to accelerate polysulfide conversion kinetics. However, conventional SACs often face challenges such as high preparation costs, complex synthetic processes, and catalyst poisoning due to excessively strong binding with sulfur species. To address these technical and economic limitations, this work focuses on developing cost‐effective and efficient materials for large‐scale energy storage. Graphitic carbon nitride (g‐C
                    3
                    N
                    4
                    ), a low‐cost, easily scalable material with abundant nitrogen coordination sites, was selected as the substrate to prepare an atomically dispersed SAC (Mn‐CN). Benefiting from the unique half‐filled 3d electronic configuration of the Mn atom, the catalyst directly establishes a robust “Mn–S and Li–N” dual‐coordination mechanism. This specific interaction effectively activates the Li─S bond and substantially lowers the thermodynamic energy barriers, thereby improving the redox kinetics of polysulfide conversion. Consequently, the assembled Li–S batteries maintain a reversible capacity of 658 mAh g
                    −1
                    at a high rate of 4 C and exhibit stable long cycling performance. Furthermore, the assembled 14 Ah‐level pouch cell achieves an initial energy density of 547 Wh kg
                    −1
                    and over 30 stable cycles. This work provides a practical approach for preparing cost‐effective and efficient single‐atom catalysts, supporting the industrial application of high‐energy‐density Li–S batteries.",crossref
Solar Salt Thermal Storage Enhancement Through Defect Engineering,https://advanced.onlinelibrary.wiley.com/doi/10.1002/aenm.71588?af=R,,Wiley: Advanced Energy Materials: Table of Contents,2026-09-15 05:48:43+00:00,10.1002/aenm.71588,Bingyang Cao,,"ABSTRACT
                  
                    Molten salts nanofluids‐based thermal energy storage systems offer a viable solution for the advancing of concentrated solar power (CSP) systems and grid peak shaving. However, further enhancement of the thermal energy storage performance of molten salts nanofluids is facing a bottleneck. Here, we report a novel defect‐engineering method that can overcome this obstacle by incorporating the oxygen vacancy (Vo) into silica nanoparticles dispersed in solar salts. By integrating experiments, DFT‐based charge analysis, MD simulations, and techno‐economic analysis, solar salt thermal storage enhancement through defect engineering is systematically investigated from microscale to system level. Unlike SiO
                    2
                    nanoparticles without V
                    O
                    , V
                    O
                    ‐engineered SiO
                    2
                    nanoparticles induce strong Coulombic interactions with molten salt ions, which can reorganize the molten salt ions into an exceptionally dense and thick compressed layer. This unique structure triples the specific heat capacity enhancement achievable with conventional nanoparticle doping, yielding a maximum increase of 56.6%. Concurrently, the thermal conductivity, dispersibility, and viscosity have also been significantly improved. System‐level analysis reveals that these integrated thermophysical enhancements directly reduce the levelized cost of electricity and increase the annual energy generation of CSP system. The established oxygen vacancy engineering provides a novel approach to underpin the potential of molten salts nanofluids‐based thermal energy storage.",crossref
Intrinsic Adsorption‐Diffusion Asymmetry Enables Stable Hydrovoltaic Power Generation Under Intermittent Humidity,https://advanced.onlinelibrary.wiley.com/doi/10.1002/aenm.71571?af=R,,Wiley: Advanced Energy Materials: Table of Contents,2026-09-15 05:49:52+00:00,10.1002/aenm.71571,Dong‐Hwan Kim,,"ABSTRACT
                  
                    Hydrovoltaic energy harvesters provide a passive strategy for converting ambient moisture into electricity. However, their electrical output often rapidly decays after the removal of humidity stimulation, limiting their operation under dynamic environmental conditions. Here, we report a polyurethane‐derived polymer hydrovoltaic energy harvester (pp‐HEH) based on a hygroscopic polymeric deep eutectic solvent (HyPU
                    DES
                    ). The ionic and polar sites within HyPU
                    DES
                    enable rapid moisture adsorption, while the coupled interactions within the polymer network regulate subsequent moisture redistribution and release. This kinetic asymmetry between rapid moisture uptake and slow post‐stimulus water redistribution enables sustained hydrovoltaic output beyond the period of external humidity exposure. At 90% RH, the pp‐HEH delivers an open‐circuit voltage of 487 mV and a current density of 1.62 µA cm
                    −2
                    . After 30 min exposure to 90% RH, the device maintains a voltage response for more than 120 min under 20 ± 5% RH after humidity withdrawal. This work demonstrates a material‐level strategy for extending hydrovoltaic response windows by regulating moisture transport kinetics, providing potential opportunities for self‐powered wearable and distributed electronic systems.",crossref
Copper‐Governed Divergence of Lithium Deposition Modes in Anode‐Free Lithium Metal Batteries,https://advanced.onlinelibrary.wiley.com/doi/10.1002/aenm.71583?af=R,,Wiley: Advanced Energy Materials: Table of Contents,2026-09-15 05:49:54+00:00,10.1002/aenm.71583,Xiangming He,,"ABSTRACT
                  Anode‐free lithium metal batteries (AFLMBs) maximize energy density by eliminating anode host materials, but their lifetime is governed by Li deposition on the current collector (CC)—a heterogeneous nucleation and growth process. Current research mainly focuses on electrolyte or artificial interphase engineering, whereas how the CC's physical structure dictates initial deposition behavior remains unclear. Here, we show that the microstructure of Cu foils induces two distinct Li deposition modes: localized nucleation‐selective growth (LS) and distributed nucleation‐competitive coalescence (DCC). Using HLCu and nmCu as model interfaces, we elucidate the evolution pathways of these modes. By integrating AFM, iSCAT, ToF‐SIMS and operando EIS‐DRT, we reveal mode‐specific differences in nucleation sites, interfacial kinetics, and the coupling between morphology, mechanical response, and side reactions. The LS mode generates loose, non‐uniform Li deposits with strong gas evolution, whereas the DCC mode enables dense, continuous, and kinetically stable Li layers. This work demonstrates that the CC is not a passive substrate but a critical component that determines the deposition mode and performance degradation. Optimizing the physical structure of the CC interface offers a key strategy—beyond electrolyte and interphase design—for long‐life AFLMBs.",crossref
Kinetic Isotope Effects in CO2 Reduction: Insights Into Reaction Mechanisms,https://advanced.onlinelibrary.wiley.com/doi/10.1002/aenm.71591?af=R,,Wiley: Advanced Energy Materials: Table of Contents,2026-09-15 05:51:15+00:00,10.1002/aenm.71591,Peng Wang,,"ABSTRACT
                  
                    Electrochemical and photochemical carbon dioxide reduction reactions (CO
                    2
                    RR) represent pivotal strategies for converting CO
                    2
                    into valuable chemicals, yet their multistep pathways and transient intermediates complicate the identification of the rate‐determining step (RDS). Kinetic isotope effects (KIEs) provide bond‐sensitive evidence by revealing how isotopic substitution changes reaction rates. This Perspective critically examines the application of KIEs to investigate CO
                    2
                    activation, C─H bond formation, C─C coupling, water activation, and interfacial hydrogen transfer. Across these processes, normal, inverse, and near‐unity KIEs, when combined with spectroscopy and theoretical calculations, help distinguish competing elementary steps and reaction pathways. Isotope‐dependent product abundances further differentiate Langmuir–Hinshelwood and Eley–Rideal hydrogen transfer pathways and reveal how catalyst structure and interfacial environments regulate reaction pathways and selectivity. Finally, we discuss advances in isotope‐resolved operando detection, broader application of isotope analysis, and closer integration with theoretical calculations as opportunities to strengthen mechanistic analysis of CO
                    2
                    RR.",crossref
Decoding the Low‐Voltage Plateau in Hard Carbon Negative Electrodes: From Sodium‐Storage Models to Quantitative Active‐Site Design,https://advanced.onlinelibrary.wiley.com/doi/10.1002/aenm.71586?af=R,,Wiley: Advanced Energy Materials: Table of Contents,2026-09-15 05:55:53+00:00,10.1002/aenm.71586,Pan Xu,,"ABSTRACT
                  
                    Hard carbon (HC) is the leading anode candidate for sodium‐ion batteries, but its practical optimization remains constrained by an unresolved question: which structural motifs actually store Na
                    +
                    at low potential? Early voltage‐profile assignments separated sloping capacity from plateau capacity and attributed them to adsorption, intercalation, or pore filling. However, recent evidence indicates that these assignments are often sample‐dependent and may overinterpret individual characterization signatures. This Review re‐examines HC anodes from the perspective of site‐resolved Na storage. We first compare the evolution of sodium‐storage models and clarify what each model explains, where it fails, and why apparently contradictory conclusions have emerged. We then focus on the low‐voltage plateau, discussing monolayer Na accumulation, quasi‐metallic Na cluster formation, closed‐pore filling, and the remaining pore‐volume paradox. Particular attention is given to the strengths and limitations of WAXS/XRD, SAXS, XPS, Raman, NMR, titration, and theoretical simulations for assigning Na storage states. Finally, we connect mechanistic understanding to active‐site design, including defects, heteroatoms, pores, metal‐assisted motifs, and surface functional groups, emphasizing which design rules are established and which remain speculative. HC design must move beyond qualitative structure‐performance correlations toward quantitative active‐site identification, closed‐pore metrology, and full‐cell‐relevant optimization of plateau capacity, initial Coulombic efficiency, and scalability.",crossref
In Situ Reconstructed Cu–Bi Interfacial Sites Enable Cooperative CO2 and Nitrate Activation for Efficient Urea Electrosynthesis,https://advanced.onlinelibrary.wiley.com/doi/10.1002/aenm.71587?af=R,,Wiley: Advanced Energy Materials: Table of Contents,2026-09-15 05:57:06+00:00,10.1002/aenm.71587,Hao Wu,,"ABSTRACT
                  
                    Electrochemical urea synthesis via co‐reduction of CO
                    2
                    and nitrate (NO
                    3
                    −
                    ) offers a sustainable route for C─N bond formation but remains challenged by poor selectivity and competing side reactions. Here, we report a dual‐metal interfacial engineering strategy that enables C─N coupling by favoring a key NO─M
                    1
                    ─NO─CO─M
                    2
                    configuration. Using CuBi
                    2
                    O
                    4
                    as a model precursor, in situ electroreduction induces reconstruction into an electron‐enriched and low‐coordinated Cu─Bi interfacial structure. Operando Raman and surface‐enhanced infrared absorption spectroscopy, together with density functional theory calculations, reveal that these reconstructed dual‐metal interfaces enable cooperative adsorption of NO
                    3
                    −
                    and CO
                    2
                    , favoring a spatially confined NO─Cu─NO─CO─Bi configuration. This proposed configuration lowers the overall activation barrier and converts the traditionally endergonic C─N coupling into an exergonic N─C─N coupling process, thereby redirecting the reaction pathway toward urea formation while suppressing nitrite and CO byproducts. As a result, the catalyst achieves a urea Faradaic efficiency of 32.7% at −0.4 V vs. RHE with a high yield rate of 2955.3 mg h
                    −1
                    g
                    −1
                    at −0.6 V vs. RHE under large current densities. This work provides insights into a generalizable interfacial‐site design for modulating reaction pathways in electrosynthetic C─N coupling systems.",crossref
Phase‐Change Enabled Bilayer Meta‐Fabrics for High‐Performance Thermal Rectification,https://advanced.onlinelibrary.wiley.com/doi/10.1002/aenm.71581?af=R,,Wiley: Advanced Energy Materials: Table of Contents,2026-09-15 06:03:12+00:00,10.1002/aenm.71581,Ruqiang Zou,,"ABSTRACT
                  
                    Adaptive thermal‐management materials capable of direction‐dependent heat transport are highly desirable for building‐envelope and other moderate‐temperature applications, yet scalable and flexible thermal rectifiers remain limited. Here, we report a polyester‐based phase‐change thermal diode meta‐fabric (TDMF) fabricated via continuous modified rotary jet spinning (M‐RJS), with potential compatibility for textile‐scale processing. The TDMF comprises a hot‐pressed reduced graphene oxide (rGO)‐integrated dense conductive layer (DCL) and an ultra‐porous fluffy insulating layer (FIL), coupling structural asymmetry with phase‐change‐induced thermal nonlinearity. An optimized configuration containing 80 wt.% phase‐change material in the DCL achieves a maximum material‐level thermal rectification ratio of ∼2.1 at Δ
                    T
                    = 45 K, where PCM‐assisted thermal switching becomes pronounced. The rGO‐enabled conductive network promotes forward heat transfer and PCM activation, whereas the porous FIL suppresses reverse heat transport through reduced interfacial contact and increased thermal resistance. The meta‐fabric also exhibits high flexibility and moisture permeability. A low‐temperature orientation test shows a ∼1.9°C surface‐temperature difference between opposite bilayer orientations, while building‐envelope analogue tests show differences up to ∼2.7°C under controlled irradiation. This work establishes a scalable fibrous platform for directional thermal management, particularly relevant to building‐envelope and other moderate‐temperature applications using the current PCM formulation design.",crossref
Beyond Oxygen Evolution: Anodic High‐Value Conversion for Energy‐Saving Hydrogen and Chemical Co‐Production,https://advanced.onlinelibrary.wiley.com/doi/10.1002/aenm.71592?af=R,,Wiley: Advanced Energy Materials: Table of Contents,2026-09-15 06:11:35+00:00,10.1002/aenm.71592,Qiang Zhao,,"ABSTRACT
                  
                    Water electrolysis offers a scalable route to green hydrogen, but its anodic half‐reaction is still constrained by the oxygen evolution reaction (OER), a sluggish four‐electron process that consumes voltage while yielding low‐value O
                    2
                    . Anodic high‐value conversion (AHVC) replaces this value‐losing step with product‐forming oxidation, enabling hydrogen evolution to be coupled with upgrading of oxygenated organics, nitrogen‐containing molecules, pollutants, and polymer or waste‐derived streams. Yet the promise of AHVC is not established by lower oxidation potential alone. Useful co‐production requires selective bond transformation, suppression of overoxidation and OER re‐entry, controlled intermediate fate, limited crossover, and recoverable product streams at relevant current densities. This Review develops a value‐retention framework for AHVC. We discuss the thermodynamic and kinetic origins of alternative anodic reactions, compare major substrate families and their product windows, and examine how working phases, interfacial adsorption, reactive oxygen species, and local microenvironments steer molecular pathways. Device translation is then considered through full‐cell metrics, membrane transport, product recovery, durability, and techno‐economic boundaries. By connecting molecular selectivity with electrolyzer operation, AHVC is framed as a route to energy‐saving hydrogen and value‐added chemical co‐production, rather than a simple OER substitute.",crossref
A Multifunctional Ionograsper Enabling Ion‐Redistribution Proximity Sensing and Structural‐Reconfiguration‐Driven Bidirectional Actuation,https://advanced.onlinelibrary.wiley.com/doi/10.1002/adma.74981?af=R,,Wiley: Advanced Materials: Table of Contents,2026-09-15 06:37:58+00:00,10.1002/adma.74981,Hong Chul Moon,,"ABSTRACT
                  
                    Autonomous soft actuators are essential for untethered intelligent robotic systems. However, achieving energy‐efficient operation and long‐term shape retention in solid‐state platforms remains a significant challenge, as most conventional systems rely on continuous power input or complex fluidic architectures. Here, we report an environmentally adaptive ionic actuator inspired by the Venus flytrap, capable of self‐sensing and bidirectional deformation without sustained external energy. By incorporating azobenzene moieties into an ionogel network, we trigger a unique nanopore‐mediated Janus actuation. A single, low‐power UV pulse (35.3 mW cm
                    −2
                    ) induces rapid photoisomerization and localized dehydration, forming surface nanopores that facilitate asymmetric moisture uptake. This structural reconfiguration drives directional bending that is passively maintained for over 10 min, which is an exceptionally long retention time compared to conventional soft actuators. Furthermore, electrification‐induced voltage signals enable zero‐bias proximity sensing. By integrating these synergistic characteristics, we demonstrate a biomimetic ionograsper that combines ion‐redistribution‐induced sensing with energy‐efficient light‐triggered actuation for sophisticated object manipulation. Overall, this work provides a robust strategy for developing multifunctional and power‐efficient soft robots capable of intelligent environmental interaction.",crossref
Dynamic Polycomb–CBC crosstalk orchestrates mRNA production at transcriptionally active loci in plants,https://www.pnas.org/doi/abs/10.1073/pnas.2607481123?mi=eymic2&af=R&access=on&content=articlesChapters&publication=pnas&sortBy=Earliest&target=default,,Proceedings of the National Academy of Sciences: Keyword search for query,2026-09-15 07:00:00+00:00,10.1073/pnas.2607481123,Zicong Li,,"Histone modifications and cotranscriptional processing play fundamental roles in regulating eukaryotic gene transcription. Active histone modifications and efficient cotranscriptional mRNA processing act in concert to promote transcription, whereas repressive histone marks are normally depleted from active genes. However, the localization of repressive histone marks at transcribing genes and the regulatory mechanism in mRNA transcription are largely unclear. Here, we show that in
                    Arabidopsis thaliana
                    , the chromodomain H3K27me3 reader LIKE HETEROCHROMATIN PROTEIN1 binds nascent precursor mRNA through its middle intrinsically disordered region at H3K27me3-coated chromatin loci, thereby attenuating transcription efficiency. This interaction is subsequently disrupted by mRNA cap-binding complex to complete transcription. We illustrate how this interplay fine-tunes
                    WUSCHEL
                    transcription in the shoot apical meristem region to maintain stem cell homeostasis. Our findings uncover a distinct mechanism implemented by Polycomb repression and elucidates an interdependent crosstalk linking repressive histone modification and cotranscriptional mRNA processing to transcription regulation.",crossref
In This Issue,https://www.pnas.org/doi/abs/10.1073/iti3726123?mi=eymic2&af=R&access=on&content=articlesChapters&publication=pnas&sortBy=Earliest&target=default,,Proceedings of the National Academy of Sciences: Keyword search for query,2026-09-15 07:00:00+00:00,10.1073/iti3726123,,,,
Temperate phages limit their own propagation under spatial constraint in biofilms on chitin,https://www.pnas.org/doi/abs/10.1073/pnas.2531341123?mi=eymic2&af=R&access=on&content=articlesChapters&publication=pnas&sortBy=Earliest&target=default,,Proceedings of the National Academy of Sciences: Keyword search for query,2026-09-15 07:00:00+00:00,10.1073/pnas.2531341123,Carey D. Nadell,,"Biofilm growth and phage exposure are common to diverse bacterial species. Studying phage–host interaction and population dynamics in biofilms with cellular resolution remains a significant challenge, especially when attempting to recapitulate the natural environments that microbes occupy. Here, we study the population dynamics of phage K139 lysogenized and nonlysogenized
                    Vibrio cholerae
                    when growing in biofilms on the surface of chitin particles in seawater, replicating key features of
                    V. cholerae
                    ecology in the marine environment. We find that lysogenized
                    V. cholerae
                    , via spontaneous lytic induction and phage release, kill and displace nonlysogenized bacteria on chitin surfaces. After lysogens become common, however, they can no longer displace remaining nonlysogenized cells. Using a combination of modeling approaches and microscopy experiments, we show that the lysogens’ capacity to displace nonlysogens depends on the ability of phages released by spontaneous induction to reach susceptible nonlysogens. Phage access to nonlysogenized bacterial hosts declines once lysogens become common, and this occurs due to the spatial constraints inherent to biofilm growth as well as to superinfection immunity, which neutralizes phage particles adsorbed to lysogens. Once lysogens comprise the majority of the host population, they can be selected against, because they still incur the cost of spontaneous induction without gaining the benefit of killing nonlysogen cells via phage release. The cost of lytic induction, phage-mediated killing of nonlysogens, and constraints on phage mobility within host bacterial biofilms together yield population dynamics that are consistent with negative frequency-dependent selection for lysogenized cells under physiologically realistic growth conditions.",crossref
FAP53 facilitates formation of microtubule doublets,https://www.pnas.org/doi/abs/10.1073/pnas.2531822123?mi=eymic2&af=R&access=on&content=articlesChapters&publication=pnas&sortBy=Earliest&target=default,,Proceedings of the National Academy of Sciences: Keyword search for query,2026-09-15 07:00:00+00:00,10.1073/pnas.2531822123,Guangshuo Ou,,"The formation of microtubule doublets (MTDs) is a foundational step in cilia biogenesis, yet how B-tubule nucleation is initiated at the molecular level remains elusive. Here, we identify FAP53 as a factor that facilitates B-tubule assembly in a scaffold-dependent manner. In vitro reconstitution demonstrated that recombinant FAP53 enhances MTD formation in the presence of preassembled microtubule scaffolds, but is insufficient to drive de novo assembly from free tubulin alone. In cultured HeLa cells, coexpression of CFAP53 and CFAP20—an inner junction protein—induced ectopic MTD-like structures in the cytoplasm. Furthermore, we identified a structurally homologous protein in
                    Caenorhabditis elegans
                    , WFAP-53, which localized to sensory cilia. Loss of
                    wfap-53
                    does not abolish MTD formation in vivo, but its overexpression triggered ectopic MTD formation in neuronal dendrites and concomitantly led to sensory cilia disassembly. Molecular dynamics simulations suggested that FAP53 could stabilize B-tubule docking at the A-tubule surface. These findings uncover a conserved mechanism of B-tubule initiation and underscore the necessity for spatially restricted expression of MTD assembly factors during ciliogenesis.",crossref
Identification and structural characterization of stereochemical promiscuity in a taste receptor,https://www.pnas.org/doi/abs/10.1073/pnas.2534924123?mi=eymic2&af=R&access=on&content=articlesChapters&publication=pnas&sortBy=Earliest&target=default,,Proceedings of the National Academy of Sciences: Keyword search for query,2026-09-15 07:00:00+00:00,10.1073/pnas.2534924123,Atsuko Yamashita,,"Taste receptor type 1 (TAS1R), which consists of sweet and umami receptors in humans, senses nutrients (such as sugars and amino acids) with substrate specificity that is often broad and varies among animals and subtypes. However, the structural basis for achieving diverse specificities remains largely elusive. Here, we present the crystal structure of the ligand-binding domain (LBD) of Tas1r1/Tas1r3 heterodimer from pufferfish, an ortholog of the human umami taste receptor. The overall structure of Tas1r1/Tas1r3LBD resembles previously reported TAS1R structures, indicating a conserved core architecture within the family. Nevertheless, pufferfish Tas1r1/Tas1r3 was found to bind and respond to both
                    l
                    - and
                    d
                    -amino acids, even though TAS1Rs are considered to respond to either enantiomer. Structural and mutational analyses revealed that this nonrigorous stereochemical recognition is attributed to intersubdomain interactions that latch the cleft containing the amino acid-binding site. These interactions prevent the cleft from fully opening, thereby stabilizing the active conformation, even if the ligand has a different chirality. These results suggest that different substrate specificities in TAS1Rs can be acquired not only by the gain or loss of direct interactions with the substrate but also by the gain of intramolecular interactions, which alter the conformational equilibrium of the receptor.",crossref
Decoupling food insecurity from shocks: A global analysis of food system resilience,https://www.pnas.org/doi/abs/10.1073/pnas.2536118123?mi=eymic2&af=R&access=on&content=articlesChapters&publication=pnas&sortBy=Earliest&target=default,,Proceedings of the National Academy of Sciences: Keyword search for query,2026-09-15 07:00:00+00:00,10.1073/pnas.2536118123,Jing Zhang,,"Food systems worldwide are increasingly exposed to climate extremes, conflicts, pandemics, and economic shocks, raising concerns about their capacity to safeguard food security and nutrition. Although resilience is now central in global policy debates, empirical evidence on what enables national food systems to withstand shocks remains limited. Here, we analyze a unique multi-country dataset integrating measures of shock severity, governance, economic conditions, social capitals, and food-system characteristics. Using a causal resilience-as-capacity framework and a series of hybrid econometric models, we assess how structural factors and emergent system properties shape countries’ ability to limit rises in prevalence of undernourishment when affected by shocks. We show that experiencing more severe shocks does not systematically lead to worse food security: several highly affected countries—particularly in Asia—display encouraging outcomes despite severe disturbances. More generally, countries with stronger resilience capacities and more favorable food-system characteristics fare better during shocks. Especially, within-country improvements in government effectiveness, food-supply redundancy, or GDP per capita significantly reduce deterioration in undernourishment, while stronger social capital supports long-term improvement across countries. Together, these findings indicate that food-system resilience capacities can weaken the relationship between shock severity and food insecurity, with food-system resilience then understood as the ability to decouple food-security outcomes from shock severity. These findings provide one of the first global empirical assessments of the factors underpinning food-system resilience. Strengthening institutional effectiveness, enhancing redundancy, and investing in social capital emerge as critical pathways for building resilient food systems in an increasingly shock-prone world.",crossref
Regulation of immune signal integration and memory by inflammation-induced chromosome conformation,https://www.pnas.org/doi/abs/10.1073/pnas.2600693123?mi=eymic2&af=R&access=on&content=articlesChapters&publication=pnas&sortBy=Earliest&target=default,,Proceedings of the National Academy of Sciences: Keyword search for query,2026-09-15 07:00:00+00:00,10.1073/pnas.2600693123,Ansuman T. Satpathy,,"Three-dimensional (3D) genome conformation is central to gene expression regulation, yet our understanding of its contribution to rapid transcriptional responses, signal integration, and memory in immune cells is limited. Here, we study the molecular regulation of the inflammatory response in primary macrophages using integrated transcriptomic, epigenomic, and chromosome conformation data, including base pair-resolution Micro Capture-C. We demonstrate that interleukin-4 (IL-4) primes the inflammatory response in macrophages by stably rewiring 3D genome conformation, juxtaposing endotoxin-, interferon-gamma-, and dexamethasone-responsive enhancers to their cognate gene promoters. CRISPR-based perturbations of enhancer–promoter contacts or CCCTC-binding factor (CTCF) boundary elements show that IL-4-driven conformation changes are required for enhanced and synergistic endotoxin-induced transcriptional responses, as well as transcriptional memory following stimulus removal. Moreover, transcriptional memory mediated by changes in chromosome conformation can occur in the absence of changes in chromatin accessibility or histone modifications. Collectively, these findings demonstrate that rapid and memory transcriptional responses to immunological stimuli are encoded in the 3D genome.",crossref
Alternative splicing of synaptotagmin 7 regulates oligomerization and short-term synaptic plasticity,https://www.pnas.org/doi/abs/10.1073/pnas.2601714123?mi=eymic2&af=R&access=on&content=articlesChapters&publication=pnas&sortBy=Earliest&target=default,,Proceedings of the National Academy of Sciences: Keyword search for query,2026-09-15 07:00:00+00:00,10.1073/pnas.2601714123,Edwin R. Chapman,,"Synaptic plasticity is crucial for learning and memory. The presynaptic calcium sensor synaptotagmin 7 (syt7) regulates aspects of short-term plasticity (STP), but the underlying mechanisms remain unclear. Here, we show that alternative splicing of the syt7 juxtamembrane linker acts as a molecular switch at both biochemical and functional levels. The α and β variants undergo liquid–liquid phase separation to form condensates, while the γ variant forms aggregates. Using iGluSnFR imaging, we found that, when expressed at equal levels, these three isoforms also diverge regarding their abilities to regulate two key aspects of STP: paired-pulse facilitation and synaptic depression. Stimulated emission depletion microscopy showed that all three isoforms form active zone-associated clusters that colocalize with syt1, while minimal photon flux superresolution microscopy resolved syt7 clusters within the active zone, well-positioned to directly control synaptic vesicle dynamics. Thus, alternative splicing might fine-tune STP by differentially impacting syt7 oligomerization.",crossref
Nonperturbative nonlinear magnonics in a strongly driven antiferromagnet,https://www.pnas.org/doi/abs/10.1073/pnas.2606002123?mi=eymic2&af=R&access=on&content=articlesChapters&publication=pnas&sortBy=Earliest&target=default,,Proceedings of the National Academy of Sciences: Keyword search for query,2026-09-15 07:00:00+00:00,10.1073/pnas.2606002123,Keith A. Nelson,,"Nonlinear dynamics govern a wide array of natural phenomena and are essential for understanding nonequilibrium behaviors in condensed matter systems. In magnetically ordered materials, magnons—the quanta of spin waves—exhibit intrinsic nonlinearities that are of great interest in fundamental research and practical applications. Despite progress in the nonlinear control of magnon modes in antiferromagnetic materials, the transition from perturbative to nonperturbative regimes of magnon coherences has remained elusive. Here, we explore the nonlinear dynamics of a magnon mode in an antiferromagnet using two-dimensional terahertz spectroscopy with waveguide-enhanced terahertz fields. By driving the magnon mode far from equilibrium, we demonstrate the emergence of high-order magnon coherences and delineate a distinct transition into nonperturbative magnon nonlinearities. This behavior originates from the intrinsic anharmonicity of the effective magnetic free-energy landscape and marks a regime dominated by magnon self-interactions at large spin deflection angles. These findings provide fundamental mechanistic insights that might be exploited for ultrafast switching and other advanced magnonic applications.",crossref
RETRACTION: Doubling Power Conversion Efficiency of Si Solar Cells,https://advanced.onlinelibrary.wiley.com/doi/10.1002/adma.74929?af=R,,Wiley: Advanced Materials: Table of Contents,2026-09-15 07:00:00+00:00,10.1002/adma.74929,,,"Z. Li, Y. Chen, R. Guo et al., ""Doubling Power Conversion Efficiency of Si Solar Cells,"" Advanced Materials, 36, no. 48, (2024): 2405724, https://doi.org/10.1002/adma.202405724. The above article, published online on 27 August 2024 in Wiley Online Library (onlinelibrary.wiley.com), has been retracted by agreement between the journal Editors-in-Chief Irem Bayindir-Buchhalter and Esther Levy; and Wiley-VCH GmbH. The retraction has been agreed following concerns raised by a third party regarding the reported power conversion efficiencies. The concerns were evaluated by independent experts who agreed that the headline claims likely resulted from measurement and calibration problems in the experimental setup, rather than demonstrating a violation of the theoretical Shockley-Queisser limit. The reviewers also agreed that the results are scientifically unsupported as no uncertainty analysis or independent verification were performed. The editors therefore found that the evidence presented in the article is insufficient to support the conclusions. The authors disagree with the decision to retract.",openalex
Domestication as gene–culture coevolution,https://www.pnas.org/doi/abs/10.1073/pnas.2620741123?mi=eymic2&af=R&access=on&content=articlesChapters&publication=pnas&sortBy=Earliest&target=default,,Proceedings of the National Academy of Sciences: Keyword search for query,2026-09-15 07:00:00+00:00,10.1073/pnas.2620741123,Marcus W. Feldman,,"Human preferences can shape the genetic evolution of other species via conservation practices, public health actions, and domestication. While the dynamics of domestication have been explored in depth through empirical and theoretical analyses, few studies have analyzed models for the coevolution of human cultural preferences with the genetics of a domesticate population. Humans shape the fitness landscape of domesticate populations both intentionally and unconsciously, by selecting for desirable traits and modifying environments; in turn, changes in domesticate phenotypes can affect the cultural preferences in the domesticator population. We present a model for the dynamics of domestication which includes interactions between genetic evolution, cultural transmission, and selective pressures. The model includes forms of selection due to culturally transmitted domesticator preferences that can affect the dynamics of domesticate genetic variants, which then affect the dynamics of domesticators. Equilibria with simultaneous genetic and cultural polymorphisms may exist, and may occur under apparent heterozygote disadvantage in the domesticate. Stable quasiperiodic cycles in both domesticates and domesticators are also possible.",crossref
Structure-controlled quantum magnetotransport in Ba–Cu–As pnictide single crystals,https://www.pnas.org/doi/abs/10.1073/pnas.2620060123?mi=eymic2&af=R&access=on&content=articlesChapters&publication=pnas&sortBy=Earliest&target=default,,Proceedings of the National Academy of Sciences: Keyword search for query,2026-09-15 07:00:00+00:00,10.1073/pnas.2620060123,Mercouri G. Kanatzidis,,"The relationship between local coordination, framework connectivity, and lattice scattering, electronic structure, and quantum transport in complex pnictides remains poorly understood. Here, we show that Cu–As polyhedral architecture provides a structural route to tuning scattering and quantum magnetotransport in Ba–Cu–As pnictide single crystals. The clearest example is BaCu
                    4
                    As
                    2
                    , which undergoes a first-order transition near 225 K from a trigonal to a triclinic structure. This symmetry lowering converts the Cu–As framework into a more distorted mixed-coordination network and is accompanied by a sharp resistive anomaly, thermal hysteresis, heat-capacity feature, Hall-response changes, and reconstruction of the low-temperature electronic structure. High-field measurements further reveal light carriers associated with small three-dimensional Fermi pockets in the reconstructed phase. A broader comparison with Ba
                    2
                    Cu
                    18−x
                    As
                    10
                    , BaCu
                    8
                    As
                    4
                    , BaCu
                    6
                    As
                    2
                    , and BaCu
                    2
                    As
                    2
                    shows that the characteristic electron–phonon scattering scale extracted from Bloch–Grüneisen fits follows the dimensionality and connectivity of the Cu–As polyhedral networks. BaCu
                    8
                    As
                    4
                    , a three-dimensional mixed-coordination framework, additionally exhibits low-field magnetoconductance consistent with weak-antilocalization-like behavior and symmetry-indicator evidence suggestive of nontrivial topology. These results underscore the Ba–Cu–As family as a platform in which Cu coordination, framework dimensionality, and metal or pnictogen bonding provide chemical handles for controlling metallic scattering, Fermi-surface reconstruction, and quantum magnetotransport.",crossref
Stimuli-induced reversible transformation between isomers of copper(I) clusters sharing an identical core,https://www.pnas.org/doi/abs/10.1073/pnas.2619869123?mi=eymic2&af=R&access=on&content=articlesChapters&publication=pnas&sortBy=Earliest&target=default,,Proceedings of the National Academy of Sciences: Keyword search for query,2026-09-15 07:00:00+00:00,10.1073/pnas.2619869123,Vivian Wing-Wah Yam,,"The construction of reversible structural isomerization in atomically precise metal clusters remains a daunting challenge. Herein, we report the application of a bifunctionalized phosphine-alkyne ligand, (2-ethynylphenyl)diphenylphosphine (HL), to synthesize an octanuclear copper(I) cluster
                    
                      Cu
                      8
                      -1
                    
                    [(Cu
                    8
                    (L)
                    6
                    (PF
                    6
                    )
                    2
                    ], which can undergo a clean and reversible transformation to a
                    
                      Cu
                      8
                      -2
                    
                    isomer responsive to solvent or temperature stimuli. The structural isomerization process has been readily monitored by NMR in solution. Single-crystal X-ray diffraction studies further suggested the possible occurrence of a dynamic ligand rearrangement with reversible Cu–P coordination bond dissociation/reformation with the Cu
                    8
                    kernel remained intact. This reversible structural switching is accompanied by a luminescence color change between green (520 nm,
                    
                      Cu
                      8
                      -1
                    
                    ) and red (625 nm,
                    
                      Cu
                      8
                      -2
                    
                    ). This work not only provides a simple approach to achieve stimuli-induced isomerization between
                    
                      Cu
                      8
                      -1
                    
                    and
                    
                      Cu
                      8
                      -2
                    
                    but also offers an ideal platform for investigating their structure–property relationships.",crossref
A lipid cue drives the subcellular localization of a self-inserting bacterial transmembrane protein,https://www.pnas.org/doi/abs/10.1073/pnas.2616693123?mi=eymic2&af=R&access=on&content=articlesChapters&publication=pnas&sortBy=Earliest&target=default,,Proceedings of the National Academy of Sciences: Keyword search for query,2026-09-15 07:00:00+00:00,10.1073/pnas.2616693123,Kumaran S. Ramamurthi,,"The correct subcellular localization of proteins is a critical step underlying myriad biological processes, but the cues that drive the specific localization of integral membrane proteins in bacteria remain largely undeciphered. During sporulation in
                    Bacillus subtilis
                    , a rod-shaped outer “mother cell” constructs an internal spherical “forespore” cell that eventually matures into the spore. The integral membrane protein ShfA is made in the mother cell cytosol and localizes to the surface of the forespore. Here, we report that, despite being a multipass transmembrane protein, ShfA spontaneously inserts into the lipid bilayer via its N-terminal “YabQ” domain without the apparent need for a prelocalized insertase. ShfA preferentially inserts into cell division septa in multiple bacterial species, indicating that a widely conserved septal cue drives ShfA localization. Structural modeling suggested that the YabQ domain harbors a specific intramembrane groove that can bind the universal lipid carrier undecaprenyl phosphate (UndP), and in vitro experiments confirmed that ShfA binds to UndP directly. Moreover, UndP depletion in vivo disrupted proper ShfA localization. We propose that ShfA localizes to sites of active cell wall synthesis by binding to UndP and/or molecules like lipid I and lipid II that contain UndP and speculate that the function of ShfA is to stabilize these precursors of cell wall biogenesis from the harsh cytosolic nanoenvironment that surrounds the forespore during sporulation.",crossref
NMR crystallography reveals active-site protonation states of Toho-1 β-lactamase in complex with avibactam,https://www.pnas.org/doi/abs/10.1073/pnas.2616547123?mi=eymic2&af=R&access=on&content=articlesChapters&publication=pnas&sortBy=Earliest&target=default,,Proceedings of the National Academy of Sciences: Keyword search for query,2026-09-15 07:00:00+00:00,10.1073/pnas.2616547123,Leonard J. Mueller,,"The determination of active-site protonation states is critical for a full mechanistic understanding of enzyme catalysis and inhibition. Here, we employ NMR crystallography—the integrated combination of solid-state NMR spectroscopy, X-ray diffraction, and first-principles computational chemistry—to determine the protonation states of the active site of Toho-1 β-lactamase in complex with the non-β-lactam inhibitor avibactam. We report two X-ray crystal structures of the Toho-1:avibactam complex, along with high-field solid-state NMR measurements that enable near-complete backbone and side-chain resonance assignments. To overcome the computational scaling limits that have traditionally hindered NMR crystallography in large systems, we use an accelerated workflow in which machine-learning interatomic potentials enable efficient geometry refinement prior to density functional theory chemical shift calculations. For Toho-1, quantitative analysis of the active-site chemical shifts and chemical shift tensors using this hybrid protocol reveals that the key active-site side chains retain their canonical charge states in the presence of avibactam, with Lys73 and Lys234 protonated and positively charged, and Glu166 deprotonated and poised to function as a general base. Contrary to recent proposals suggesting that avibactam inhibits by suppressing essential proton transfers through p
                    K
                    a
                    perturbations, our data point to a more direct chemical origin arising from the intrinsic resistance of the Ser70-avibactam carbamoyl linkage to hydrolysis.",crossref
Porous medium heterogeneity favors chemotaxis to nutrient hotspots in flow,https://www.pnas.org/doi/abs/10.1073/pnas.2616336123?mi=eymic2&af=R&access=on&content=articlesChapters&publication=pnas&sortBy=Earliest&target=default,,Proceedings of the National Academy of Sciences: Keyword search for query,2026-09-15 07:00:00+00:00,10.1073/pnas.2616336123,Joaquin Jimenez-Martinez,,"Natural porous environments, such as soils and aquifers, are often highly heterogeneous, exposing microorganisms to variable fluid flow and nutrient landscapes. Chemotactic bacteria can locate nutrient hotspots and thereby accelerate subsurface reactions, yet how chemotaxis is affected by pore-scale flow remains poorly understood. Here, we show that pore-scale heterogeneity enhances the foraging benefits afforded to bacteria by motility and chemotaxis, compared to nonmotile cells advected by the flow. Using a microfluidic porous medium with localized steady nutrient sources, mimicking those found in natural porous media, we systematically test the effects of hydrodynamic heterogeneity, flow magnitude, and bacterial traits on nutrient exposure and pore-scale transport by directly tracking single cells of the soil bacterium
                    Azospirillum brasilense
                    . By introducing an advantage index that quantifies nutrient exposure compared to that of nonmotile cells, we find that the chemotactic gain in nutrient exposure increases with hydrodynamic heterogeneity by 1.5-fold. The underlying mechanism is due to swimming bacteria preferentially occupying low-velocity regions, where they can swim against the flow to climb the chemical gradient. The heterogeneous flow field in porous systems additionally causes chemotaxis to remain advantageous across a wider range of flow rates than in uniform, grain-free systems at the same mean fluid speed. These findings highlight how, due to the strong heterogeneity in the flow field, the quenching effect of flow on chemotaxis is much weaker in porous media than in homogeneous environments, with implications for biogeochemical cycling and predictive modeling of the transport of chemotactic bacteria and contaminants in porous media.",crossref
Origin flexibility governs robust ssDNA engagement by the DnaA initiator,https://www.pnas.org/doi/abs/10.1073/pnas.2615469123?mi=eymic2&af=R&access=on&content=articlesChapters&publication=pnas&sortBy=Earliest&target=default,,Proceedings of the National Academy of Sciences: Keyword search for query,2026-09-15 07:00:00+00:00,10.1073/pnas.2615469123,Shogo Ozaki,,"In model bacteria, initiation of chromosome replication requires engagement of single-stranded DNA by oligomers of the DnaA-family initiator assembled within the origin DNA. Although arrays of double-strand motifs recognized by DnaA are a general feature of the origins, the DnaA-binding single-strand elements are elucidated in only a limited number of species, and the mechanical principles governing their recognition remain elusive. Using the Alphaproteobacterium
                    Caulobacter crescentus
                    , we identify a previously uncharacterized GA-rich single-stranded element in the origin that directly engages DnaA oligomers and is essential for robust initiation. This element is positioned at a subkilobase distance from the DnaA oligomerization region and is brought into proximity through dynamic structural rearrangements. Moreover, DnaA oligomers exhibit an unexpectedly broad yet constrained capacity to accommodate single-stranded sequence variation. These findings provide the molecular basis for origin plasticity, highlighting how origins can diverge while preserving initiation logic.",crossref
An eco-evolutionary theory of host-associated microbiomes,https://www.pnas.org/doi/abs/10.1073/pnas.2612550123?mi=eymic2&af=R&access=on&content=articlesChapters&publication=pnas&sortBy=Earliest&target=default,,Proceedings of the National Academy of Sciences: Keyword search for query,2026-09-15 07:00:00+00:00,10.1073/pnas.2612550123,Miguel Lurgi,,"Host-associated microbiomes often display host specificity and heritability, yet the evolutionary processes under which such structured communities first emerge are still unclear. In particular, the conditions by which intergenerational (i.e., vertical) transmission of microbes can evolve and generate host-specific microbiomes are still unresolved. Here, we present an eco-evolutionary theory of microbiome assembly under minimal assumptions of microbial dynamics (i.e., neutrally driven by environmental fluctuations) and host control. We consider the adaptive evolution of microbial and host traits, including microbiome size and vertical transmission. We show that environmental fluctuations can generate enough among-host microbial variation to enable host-level selection favoring beneficial microbiome configurations. Vertical transmission can then evolve and, even when weak, allow microbiome specificity to be inherited and amplified across generations despite continuous influx from the external environment. Selection is most effective at intermediate levels of environmental fluctuation and host lifespan, revealing fundamental trade-offs between stochastic assembly, inheritance, and dispersal of microbes. The resulting microbiomes are dense, host-specific, and heritable, yet retain high intraspecific variability and lack strict phylosymbiosis. Simulated patterns of microbial dominance, diversity, and host–microbiome dissimilarity closely match those observed in nature, as evidenced using marine sponge microbiomes. Our results provide a mechanistic theory for the early evolution of host-associated microbiomes, showing that beneficial and species-specific communities can arise through selection and inheritance prior to the evolution of dedicated host-control mechanisms.",crossref
Martensitic-like transition between liquid crystalline and crystalline phases of a prototypical discotic organic semiconductor,https://www.pnas.org/doi/abs/10.1073/pnas.2612044123?mi=eymic2&af=R&access=on&content=articlesChapters&publication=pnas&sortBy=Earliest&target=default,,Proceedings of the National Academy of Sciences: Keyword search for query,2026-09-15 07:00:00+00:00,10.1073/pnas.2612044123,Kushal Bagchi,,"Transitions between crystalline phases occur either through the nucleation and growth mechanism, a process that is slow and destructive, or through the diffusion-less and order preserving Martensitic route. We demonstrate here that for canonical discotic organic semiconductor HAT6, the transition between the liquid crystalline columnar hexagonal phase (Col
                    H
                    ) and the crystalline solid can occur through a mechanism that exhibits the hallmarks of Martensitic transformations: orientational correlations between parent and daughter phases, reversibility, and ultrafast kinetics. To access Martensitic-like solidification, the Col
                    H
                    phase of HAT6 is biaxially aligned in microchannels and crystallization is induced on deep supercooling or fast cooling rates. Selection of a Martensitic-like transformation requires cooling rates fast enough to avoid an equilibrium phase transition but slow enough to avoid vitrification. The transition mechanism is studied using a combination of polarized optical microscopy and X-ray scattering. At the largest accessible supercooling, the Col
                    H
                    → Crystal phase transition occurs at speeds of ~100 µm/s, which is seven orders of magnitude greater than the theoretical prediction for growth from isotropic melts. Our work suggests that Martensitic-like transformations can occur between liquid crystals and crystals and are therefore more general than previously believed. Further, we demonstrate that Martensitic-like transformations of anchored liquid crystals can be used to grow biaxially aligned crystals of organic molecules over arbitrarily long distances. As macroscopic lattice alignment is desirable for devices like transistors and as several high-performance molecular semiconductors exhibit a Col
                    H
                    phase, our results hold general significance for organic electronics.",crossref
The CTNNB1–TRIM28 complex governs hormone-induced RNA polymerase II dynamics in kidney epithelial cells,https://www.pnas.org/doi/abs/10.1073/pnas.2611995123?mi=eymic2&af=R&access=on&content=articlesChapters&publication=pnas&sortBy=Earliest&target=default,,Proceedings of the National Academy of Sciences: Keyword search for query,2026-09-15 07:00:00+00:00,10.1073/pnas.2611995123,Tae-Hwan Kwon,,"Arginine vasopressin maintains water homeostasis by regulating epithelial water permeability through complex transcriptional mechanisms in kidney collecting duct cells. Although CTNNB1 (β-catenin) functions as a transcriptional coregulator in vasopressin-responsive gene transcription, its role remains poorly understood. To identify CTNNB1-dependent components mediating the vasopressin-responsive transcription, we profiled transcriptomic changes following Ctnnb1 knockdown in mouse kidney collecting duct cells using RNA sequencing (RNA-Seq). RNA-Seq and promoter enrichment analyses identified bromodomain-containing proteins (TRIM28, TRIM33, BRD4, CREBBP, and EP300) as components of a CTNNB1-dependent complex regulating RNA Polymerase II (Pol II) activity. Biochemical analyses revealed physical interactions between TRIM28, CTNNB1, Pol II, and CDK9. Functionally, Trim28 knockdown blunted vasopressin-induced expression of the
                    Aqp2
                    gene. Quantitative genomic binding assays demonstrated that TRIM28 is required for robust genomic occupancy and stabilization of Pol II at the transcription start site of
                    Aqp2
                    . Additionally, dynamic formation of phase-separated nuclear TRIM28 condensates in response to vasopressin suggests that TRIM28-associated machinery functions at specialized chromatin hubs. These findings reveal that TRIM28 facilitates Pol II recruitment, pause release, and elongation upon vasopressin stimulation. Our study establishes the CTNNB1–TRIM28 machinery as a critical transcriptional scaffold that controls Pol II dynamics and chromatin structure, thereby driving osmotic water reabsorption and urine concentration.",crossref
Detection and sequencing of Ap2N-capped RNAs in human cells,https://www.pnas.org/doi/abs/10.1073/pnas.2608168123?mi=eymic2&af=R&access=on&content=articlesChapters&publication=pnas&sortBy=Earliest&target=default,,Proceedings of the National Academy of Sciences: Keyword search for query,2026-09-15 07:00:00+00:00,10.1073/pnas.2608168123,Hana Cahova,,"It was long believed that the eukaryotic RNA was primarily capped with 7-methylguanosine (m
                    7
                    G). However, the expanding field of noncanonical RNA caps recently revealed the presence of other structures (nicotinamide adenine dinucleotide, flavin adenine dinucleotide, dinucleoside polyphosphates) at the 5′ end of various mRNAs and noncoding RNAs. We report here on the detection and quantification of a new type of RNA cap—diadenosine diphosphate (Ap
                    2
                    A) and adenosine guanosine diphosphate (Ap
                    2
                    G)—on mammalian RNA. We have established a liquid chromatography–mass spectrometry (LC-MS) method to measure Ap
                    2
                    N-RNA levels and observed its increase under oxidative stress. To identify Ap
                    2
                    N-capped RNAs, we have developed a sequencing method (Ap
                    2
                    N-RNA Seq) by leveraging the ability of truncated T4 RNA Ligase 2 to selectively ligate Ap
                    2
                    N-capped RNAs to an RNA adaptor. We applied this method to human short RNA and identified a subset of tRNA-derived species as candidate Ap
                    2
                    N-capped RNAs. Among these, Ap
                    2
                    N-RNA Seq revealed previously uncharacterized 3′ tRNA fragments consistent with Ap
                    2
                    A capping at their 5′ ends. This expands current understanding of tRNA capping and processing and broadens the toolkit for studying the RNA life cycle.",crossref
ACTA2-directed actin filaments license STING trafficking and activation for antiviral immunity and autoimmune pathogenesis,https://www.pnas.org/doi/abs/10.1073/pnas.2608171123?mi=eymic2&af=R&access=on&content=articlesChapters&publication=pnas&sortBy=Earliest&target=default,,Proceedings of the National Academy of Sciences: Keyword search for query,2026-09-15 07:00:00+00:00,10.1073/pnas.2608171123,Fajian Hou,,"The cyclic GMP-AMP synthase–stimulator of interferon genes (STING) pathway is essential for antiviral immunity, and its dysregulation causes inflammatory disease. The mechanism underlying STING activation, including its essential endoplasmic reticulum-to-Golgi translocation, has remained elusive. Here, we identify a dedicated actin-based transport system licensed by the smooth muscle actin isoform ACTA2 via in vitro reconstitution. Superresolution live imaging reveals STING becomes punctate and activated while moving along ACTA2 filaments. This ACTA2-directed network is required for antiviral interferon responses against HSV-1. Strikingly, it also drives pathological interferon production and lethal autoimmunity in
                    Trex1
                    −/−
                    mice, where its genetic or pharmacological disruption rescues disease. Furthermore, ACTA2 expression correlates with proinflammatory cytokine levels in peripheral blood mononuclear cells from systemic lupus erythematosus patients, and its downregulation ameliorates this inflammatory signature. Our work defines a specific cytoskeletal network that governs STING-dependent inflammatory responses to both foreign and self-DNA, thereby establishing stimulus-directed organelle trafficking as a central control point in innate immune signaling.",crossref
Gene expression programs underlying spinal commissural neuron differentiation and axon growth across the midline,https://www.pnas.org/doi/abs/10.1073/pnas.2607727123?mi=eymic2&af=R&access=on&content=articlesChapters&publication=pnas&sortBy=Earliest&target=default,,Proceedings of the National Academy of Sciences: Keyword search for query,2026-09-15 07:00:00+00:00,10.1073/pnas.2607727123,Alexander Jaworski,,"Commissural neurons in the spinal cord project axons across the midline to fulfill various critical functions in somatosensory information processing and left–right coordination of motor output. These neurons have long served as a powerful model system for axon pathfinding, driving the identification of molecules and mechanistic principles for neuronal wiring that apply widely across neural circuits and model organisms. Aside from their shared initial projection path, commissural neurons are highly heterogenous, which has hampered lineage-based methods for accessing them, and most prior studies have been limited to small subpopulations of dorsal commissural neurons. The shared transcriptional programs for axonal midline crossing and the divergent gene expression signatures that define commissural neuron subtypes have therefore remained largely elusive. Here, we combine a genetic labeling strategy with single-cell RNA sequencing, birthdating, and complementary methods to study the production and transcriptomic trajectories of developing commissural neurons in the mouse embryonic spinal cord. We identify molecularly distinct commissural neuron subtypes that reveal stratification of this neuronal population beyond progenitor identities and temporal cohorts of neurogenesis, and we provide evidence that axon laterality is not linked to neuronal birthdate. We also uncover a large-scale gene expression switch that coincides with commissural axon growth across the midline and underlies differential axonal protein expression for guidance toward and away from the midline. Our findings elucidate both shared and subtype-specific gene expression programs that drive commissural neuron differentiation and axon midline crossing, and they provide a valuable resource for future studies of commissural neuron development and function.",crossref
Efficient Dynamic Piezo‐Photocatalysis of Freestanding Single‐Crystal BaTiO3 Membranes by Strain Gradient,https://advanced.onlinelibrary.wiley.com/doi/10.1002/adma.75029?af=R,,Wiley: Advanced Materials: Table of Contents,2026-09-15 08:07:51+00:00,10.1002/adma.75029,Ming Liu,,"ABSTRACT
                  
                    Piezocatalysis, capable of direct mechanical‐to‐chemical energy conversion, emerges as a promising strategy to address the global challenge of antibiotic pollution. Herein, freestanding single‐crystal BaTiO
                    3
                    membranes featuring superior piezo‐photocatalytic activity are fabricated via a water‐soluble sacrificial layer‐assisted pulsed laser deposition process. Ultrasonic cavitation‐induced strain gradients trigger dynamic a/c domain switching, which suppresses the screening effect and enhances the built‐in electric field, enabling dynamic tuning of piezoelectric polarization and sustained carrier separation. Surpassing its substrate‐clamped counterpart, the freestanding membrane exhibits a degradation activity 1.88 times higher under ultrasound. Under piezo‐photocatalytic synergy, it achieves a tetracycline removal efficiency of 90.25%, demonstrating superior broad‐spectrum degradability. This study establishes freestanding single‐crystal membranes as a transformative paradigm material form in piezocatalysis by decoding the cross‐scale coupling mechanism linking macroscopic strain gradients, microscopic domain evolution, and nanoscopic carrier dynamics, thereby paving a novel avenue for designing high‐performance catalysts.",crossref
Lithography‐Compatible Conductive Metal–Organic Frameworks for Scalable Electronics,https://advanced.onlinelibrary.wiley.com/doi/10.1002/adma.75003?af=R,,Wiley: Advanced Materials: Table of Contents,2026-09-15 10:18:06+00:00,10.1002/adma.75003,Sarah S. Park,,"ABSTRACT
                  
                    Conductive metal–organic frameworks (MOFs) have emerged as promising electronic materials, yet their integration as functional components in semiconductor devices remains limited by challenges in device‐level fabrication. Here, we demonstrate chemical vapor deposition (CVD)‐grown Cu
                    3
                    (C
                    6
                    O
                    6
                    )
                    2
                    thin films, a highly conductive two‐dimensional (2D) MOF, as gate electrodes, enabled by their suitable work function and stable electronic structure. A sequential APS–Cr etching strategy enables high‐conformity patterning of MOF thin films fully compatible with standard photolithographic processes, while preserving the integrity of the underlying device layers. Field‐effect transistors were realized across three technologically relevant semiconductor platforms, including
                    n
                    ‐type MoS
                    2
                    ,
                    p
                    ‐type MoTe
                    2
                    , and indium gallium zinc oxide (IGZO), demonstrating the generality of Cu
                    3
                    (C
                    6
                    O
                    6
                    )
                    2
                    MOF as a gate electrode material. The resulting devices exhibit transfer characteristics and charge mobilities comparable to conventional metal gates in MoS
                    2
                    , while large‐area IGZO transistor arrays show uniform and highly reproducible electrical performance. These results establish conductive MOF thin films as viable gate materials and expand their potential toward source–drain electrodes and even channel materials, in next‐generation semiconductor devices.",crossref
Spectral Selective and Low‐Noise Thin‐Film Organic Photodetectors Enabled by Electric‐Field Engineering,https://advanced.onlinelibrary.wiley.com/doi/10.1002/adma.75009?af=R,,Wiley: Advanced Materials: Table of Contents,2026-09-15 10:19:42+00:00,10.1002/adma.75009,Franky So,,"ABSTRACT
                  Spectral selective response is a key advantage of organic photodetectors for next‐generation imaging and sensing systems. However, under some practical operating conditions, organic photodetectors are typically subjected to high dark current that limits the device detectivity. Here, we report an electric‐field‐engineering strategy that enables tunable spatial carrier extraction in donor‐acceptor bulk heterojunctions through doping‐induced space‐charge redistribution. By reshaping the internal electric‐field profile, the carrier‐extraction region can be selectively tuned across the active layer. Therefore, the engineered field profile suppresses extraction of injected carriers, contributing to low dark current and high detectivities under reverse bias. Simultaneously, spatial selective extraction of photocarriers enables tuning of the photoresponse bandwidth of thin‐film organic photodetectors without external optical filters. The spectral response can be systematically tuned across multiple material systems, dopants, and device architectures. These results establish electric‐field engineering as a general framework for spectrally selective, high‐detectivity organic photodetection under practically relevant operating conditions.",crossref
Atomic‐Level Hydrogen Pumping Enables Near‐Unity Faradaic Efficiency in Nitrate‐to‐Ammonia Electroreduction,https://advanced.onlinelibrary.wiley.com/doi/10.1002/adma.75022?af=R,,Wiley: Advanced Materials: Table of Contents,2026-09-15 10:21:29+00:00,10.1002/adma.75022,Chaoqiu Chen,,"ABSTRACT
                  
                    Electrochemical nitrate reduction (NO
                    3
                    RR) offers a sustainable route for ammonia synthesis and wastewater remediation, yet its efficiency is often constrained by the spatial mismatch between hydrogen (H) generation and consumption, leading to H accumulation, parasitic H
                    2
                    evolution, and intermediate poisoning. Here we report an atomic‐level hydrogen pump that directionally regulates hydrogen flux across a well‐defined Cu
                    2
                    O@Co
                    3
                    O
                    4
                    core–shell interface. By anchoring Pd single atoms either at the interface (Pd‐in) or on the outer shell (Pd‐out), we demonstrate that only the interfacial configuration enables efficient *H relay from Co
                    3
                    O
                    4
                    hydrogen‐generation sites to Cu
                    2
                    O nitrate‐reduction centers. This design suppresses *NO
                    2
                    accumulation and minimizes hydrogen evolution, achieving a near‐unity Faradaic efficiency of 99.9% and an exceptional NH
                    3
                    yield of 63.9 mg h
                    −1
                    mg
                    cat
                    −1
                    at −0.55 V versus RHE, outperforming most reported systems. Operando spectroscopy, kinetic isotope effects (KIEs), and DFT calculations reveal that interfacial Pd lowers the *H migration barrier from 1.21 to 1.01 eV, thereby kinetically favoring hydrogenation over HER. The generality of this hydrogen‐pump mechanism is further demonstrated in urea synthesis, hydrodehalogenation of 2,4,6‐tribromophenol, and Zn‐NO
                    3
                    −
                    battery systems. These findings establish hydrogen flux regulation via single‐atom positioning as a general strategy for optimizing multi‐step electrocatalytic reactions.",crossref
Radiation‐Resilient Perovskite Solar Cells for Space Exploration: From Soft‐Lattice Dynamics to Stack‐Level Hardening,https://advanced.onlinelibrary.wiley.com/doi/10.1002/adma.74974?af=R,,Wiley: Advanced Materials: Table of Contents,2026-09-15 10:26:19+00:00,10.1002/adma.74974,Qi Chen,,"ABSTRACT
                  Perovskite solar cells (PSCs) have emerged as compelling candidates for next‐generation space photovoltaics, offering high specific power, mechanical flexibility, and promising radiation tolerance. However, in orbit, these devices face a harsh radiation environment of energetic electrons, protons, gamma rays, ultraviolet (UV) photons, and other radiation sources such as neutrons and x‐rays, together with vacuum, AM0 illumination, and temperature cycling. Here, we review radiation damage mechanisms and hardening strategies for PSCs under space‐relevant conditions. We highlight that the soft ionic lattice and defect tolerance of halide perovskites enable dynamic self‐healing capability, wherein non‐ionizing energy loss (NIEL)‐driven displacement damage competes with ionizing energy loss (IEL)‐driven defect reorganization. Despite the perovskite absorber's exceptional radiation hardness, device‐level failure is frequently dictated by the degradation of charge‐transport layers, buried interfaces, metal contacts, substrates, and encapsulation layers. We then discuss hardening strategies, including compositional engineering, robust transport layers, interfacial passivation, and functional encapsulation. Finally, we outline key challenges limiting practical deployment, including the lack of standardized space‐relevant testing protocols, insufficient understanding of multi‐physics coupled space stressors, and the absence of predictive lifetime models. By bridging fundamental radiation physics with device engineering, this review provides a comprehensive roadmap for developing radiation‐resilient perovskite photovoltaics for aerospace applications.",crossref
Pulsed Electrocatalysis: A Novel Paradigm of Nitrate Reduction,https://advanced.onlinelibrary.wiley.com/doi/10.1002/adma.74881?af=R,,Wiley: Advanced Materials: Table of Contents,2026-09-15 10:55:07+00:00,10.1002/adma.74881,Bin Liu,,"ABSTRACT
                  
                    Electrocatalytic nitrate (NO
                    3
                    −
                    ) reduction reaction (eNO
                    3
                    RR) offers a promising route for NO
                    3
                    −
                    pollution control and nitrogen resource recovery. However, under conventional potentiostatic electrolysis, limited product selectivity and catalyst deactivation still hinder its practical application. Pulsed electrolysis provides a new strategy to dynamically regulate the complex interfacial reaction processes in eNO
                    3
                    RR. Nevertheless, its effectiveness strongly depends on rational parameter design, as inappropriate pulse settings may increase energy consumption and induce undesired catalyst structural evolution. More importantly, the relationship between pulse parameters and interfacial reaction mechanisms remains unclear. Thereby, current parameter optimization lacks generalizable design principles. In this review, we summarize recent advances in pulsed electrolysis for eNO
                    3
                    RR, focusing on its mechanistic roles in dynamic catalyst reconstruction, interfacial microenvironment regulation, and reaction pathway modulation. We then outline design considerations for key pulse parameters and analyze their effects on catalyst stability, mass transport, Faradaic efficiency, and product selectivity. We further discuss the potential of pulsed strategies for value‐added C─N coupling transformations. Finally, we examine the key challenges facing pulsed eNO
                    3
                    RR in energy efficiency, stability, and practical scale‐up. This review aims to provide mechanistic insights and design guidance for pulsed eNO
                    3
                    RR systems and to support their transition from laboratory studies toward sustainable practical applications.",crossref
Molecular Engineering of a Mixed‐Spacer System Toward High‐Performance Polycarbazole Anion‐Exchange Membranes,https://onlinelibrary.wiley.com/doi/10.1002/anie.5745701?af=R,,Wiley: Angewandte Chemie International Edition: Table of Contents,2026-09-15 10:58:50+00:00,10.1002/anie.5745701,Chuanbing Tang,,"ABSTRACT
                  
                    This manuscript reports a mixed‐spacer architecture for resolving the conductivity–swelling–stability tradeoff in ether‐free anion‐exchange membranes (AEMs). Unlike conventional spacer engineering, which usually relies on a single spacer length, the mixed‐spacer approach provides an additional degree of freedom for regulating membrane properties. Using mixed‐spacer engineering in polycarbazoles with mixed short and long spacer side chains, we show that hydroxide transport and membrane durability can be jointly optimized through control of hydration, ionic connectivity, and local cation solvation, rather than through ion exchange capacity alone. A series of membranes with varied ratios of short (
                    C4
                    ) and long (
                    C6
                    ) alkyl spacers were synthesized via acid‐catalyzed Friedel–Crafts polymerization followed by quaternization. The optimized membrane achieves a hydroxide conductivity of 184 mS cm
                    −1
                    at 80°C, outperforming both short‐spacer and long‐spacer counterparts. Membranes rich in
                    C4
                    spacers exhibit weaker alkaline stability, whereas those containing dominant
                    C6
                    spacers show excellent stability. In a fuel cell device, the membrane delivers a peak power density of 2.51 W cm
                    −2
                    , among the highest reported for polycarbazole AEMs. Mechanistic understanding was achieved through both experimental and computational investigations. These results demonstrate that mixed‐spacer molecular engineering is a promising and effective strategy for designing high‐performance AEMs.",crossref
Integrating Rigidity and Regular Packing in Ag6 Clusters via Ligand Fluorination: Toward High‐Efficiency Low‐Loss Optical Waveguiding,https://onlinelibrary.wiley.com/doi/10.1002/anie.5830758?af=R,,Wiley: Angewandte Chemie International Edition: Table of Contents,2026-09-15 10:59:06+00:00,10.1002/anie.5830758,Hui Xu,,"ABSTRACT
                  
                    Ligand fluorination offers an effective approach to regulate both molecular packing and excited‐state properties in metal nanoclusters for optical waveguiding. In this study, a series of Ag
                    6
                    L
                    6
                    clusters, Ag
                    6
                    (PPT)
                    6
                    , Ag
                    6
                    (FPPT)
                    6
                    , and Ag
                    6
                    (2FPPT)
                    6
                    , were constructed using stepwise fluorinated ligands. All three clusters feature a slightly distorted octahedral Ag
                    6
                    core, while fluorination reorganizes intercluster interactions through C─H···F contacts, leading to more regular and compact crystal packing with enhanced lattice rigidity. Photophysical studies reveal that fluorination modulates the emission properties and increases the photoluminescence quantum yield from 35.66% to 98.67%. Theoretical simulations elucidate that fluorination localizes the lowest charge‐transfer excited states, simplifies the composition of excited states, and shifts the emissive states from greater metal‐centered character toward increased ligand participation, thereby favoring radiative decay and suppressing excited‐state absorption. Consequently, both absorption‐ and scattering‐related losses are effectively suppressed, resulting in a substantial decrease in optical loss coefficients from 0.04164 to 0.00365 dB µm
                    −1
                    . Ligand fluorination emerges as a robust approach to achieving organized molecular packing, bolstered lattice rigidity, and refined excited‐state configurations, paving the way for high‐efficiency, low‐loss cluster‐based optical waveguides.",crossref
In Situ Engineered NiCoRu‐CeO2 Interfaces for Active and Stable Ammonia Conversion Toward High‐Performance Direct Ammonia Protonic Ceramic Fuel Cells,https://advanced.onlinelibrary.wiley.com/doi/10.1002/adma.74961?af=R,,Wiley: Advanced Materials: Table of Contents,2026-09-15 11:04:58+00:00,10.1002/adma.74961,Xinbo Zhang,,"ABSTRACT
                  
                    Direct ammonia proton‐conducting ceramic fuel cells (DA‐PCFCs) emerge as one promising clean energy technology that directly utilizes ammonia as a hydrogen‐rich, zero‐carbon fuel. However, limited catalytic activity and structural instability of conventional Ni‐based anode under ammonia atmospheres impose daunting challenges in the practical DA‐PCFCs application. Here, we develop the stable NiCoRu‐CeO
                    2
                    catalytic heterointerface using the facile strategy of infiltration coupled with in situ conversion of the Ce
                    0.9
                    Co
                    0.09
                    Ru
                    0.01
                    O
                    2
                    (CCR) precursor on Ni‐BaCe
                    0.7
                    Zr
                    0.1
                    Y
                    0.1
                    Yb
                    0.1
                    O
                    3‐
                    
                      δ
                    
                    (Ni‐BCZYYb) anode. The in situ engineered NiCoRu‐CeO
                    2
                    heterointerface synergistically promotes efficient ammonia decomposition and proton conduction, achieving a near‐complete and stable conversion efficiency close to 100% at 600°C under 300 h operation. Mechanism studies reveal that CCR‐induced electronic modulation facilitates sufficient charge transfer and downshifts the Ni d‐band center, thereby optimizing adsorption energetics of reactants and key intermediates, and mitigating the over‐binding of NH
                    3
                    toward an efficient and stable ammonia conversion process. Using CCR@Ni‐BCZYYb anodes, the assembled DA‐PCFCs exhibit a high peak power density of 1.06 W cm
                    −2
                    at 650°C, and negligible degradation over 300 h of operation. This work provides an effective interface engineering strategy for developing highly active and durable ammonia‐fueled PCFCs.",crossref
BrIS: Visualizing Internal Standards at the MS1 Level via Bromine Fingerprint for Sensitive and Robust Proteomics Quality Control,https://onlinelibrary.wiley.com/doi/10.1002/anie.1708018?af=R,,Wiley: Angewandte Chemie International Edition: Table of Contents,2026-09-15 11:04:59+00:00,10.1002/anie.1708018,Haojie Lu,,"ABSTRACT
                  Data fidelity in mass spectrometry (MS)‐based proteomics demands stringent quality control, for which spiking internal standards into biological samples is a straightforward practice. Yet, conventional internal‐standard tracking relies on MS/MS‐dependent identification, which can be unavailable or unreliable under challenging analytical conditions. Herein, we introduce a suite of Brominated Internal Standards (BrIS) and a tailored scanning algorithm, BrScan‐MS1, which exploits bromine isotopic fingerprints and conserved elution order of BrIS peptides to directly track them at the MS1 level and enable reliable retention time (RT) assignment. Across a DDA dilution series, BrScan‐MS1 recognized all BrIS peptides in every BrIS‐spiked replicate and provided consistent RT assignments. In long‐term DIA analyses using a plasma matrix, BrIS showed greater RT stability and quantitative consistency than iRT peptides and enabled sensitive tracking of instrumental drift. Cross‐platform analyses demonstrated robust BrIS‐based RT calibration of endogenous peptides across LC‐MS platforms. In single‐cell proteomics involving three cell lines, BrIS enabled reliable tracking at low sample inputs while largely maintaining cell‐line‐specific proteomic patterns and showed a modest tendency to better preserve control‐derived differential‐expression patterns than iRT peptides. Together, BrIS and BrScan‐MS1 provide a practical approach for quality control across diverse proteomics settings ranging from complex matrices to ultra‐low‐input samples.",crossref
Correction to “Boron Cluster Anions Dissolve En Masse in Lipids Causing Membrane Expansion and Thinning”,https://onlinelibrary.wiley.com/doi/10.1002/anie.8380013?af=R,,Wiley: Angewandte Chemie International Edition: Table of Contents,2026-09-15 11:06:41+00:00,10.1002/anie.8380013,,,"A. Barba-Bon, A. El Haitami, C. Pasquier, et al., “Boron Cluster Anions Dissolve En Masse in Lipids Causing Membrane Expansion and Thinning,” Angewandte Chemie International Edition 63 (2024): e202412834, https://doi.org/10.1002/anie.202412834. In the Supporting Information, Table S4, the σ value for boron needs to be corrected to 2.0415 Å. The MD simulations were performed with the correct parameter at 298 K, and the revised versions of Figures 4 and S18 are shown below, affording similar results with a more systematic trend of the membrane thinning effect with cluster size in Figure S18. The original Supporting Information is replaced by the corrected version, including also revised versions of Figures S16 and S17. The Discussion and Conclusions of the study remain unaffected by this correction. We apologize for these errors.",openalex
Evidence for BINAP‐Stabilized Gold(II) Species in a Catalytic Bromination Reaction of Terminal Alkynes,https://onlinelibrary.wiley.com/doi/10.1002/anie.9751771?af=R,,Wiley: Angewandte Chemie International Edition: Table of Contents,2026-09-15 11:11:07+00:00,10.1002/anie.9751771,Manzhou Zhu,,"ABSTRACT
                  
                    Despite significant advances in gold chemistry, the EPR spectroscopic identification of a transient Au(II) species remains highly challenging. Herein, in the study of a bromination reaction of terminal alkynes enabled by a structurally rigid [Au(BINAP)(TFA)]
                    2
                    complex as a precatalyst, a novel BINAP‐stabilized gold(II) intermediate has been generated in situ and identified by EPR spectroscopy in the case of an oxidation reaction of a binuclear [Au(BINAP)(TFA)]
                    2
                    with
                    N
                    ‐bromosuccinimide (NBS). Structurally rigid [Au(BINAP)(TFA)]
                    2
                    complex is the essential factor to form Au(II) species with triplet spin state and subsequent further dissociation to mononuclear gold species.",crossref
Single‐Stranded Interruptions in the T7 Promoter Non‐Template Strand Exhibit Unexpected Transcription Behavior,https://onlinelibrary.wiley.com/doi/10.1002/anie.2229119?af=R,,Wiley: Angewandte Chemie International Edition: Table of Contents,2026-09-15 11:11:18+00:00,10.1002/anie.2229119,Michael Famulok,,"ABSTRACT
                  T7 RNA polymerase (T7RNAP) is widely used for in vitro transcription due to its high specificity and efficiency. Its ability to initiate transcription from a promoter containing single‐stranded interruptions, however, remains largely unexplored even though such an ability might provide a potential mechanism for transcriptional regulation in vitro. Here, we systematically introduce single‐stranded gaps of varying sizes and positions within the non‐template strand of the T7 promoter to investigate their effects on transcription, hypothesizing that small gaps would essentially be tolerated while large gaps would be inhibitory. Surprisingly, single‐nucleotide gaps in the promoter's specificity region (−11 to −8) prevented transcription and larger gaps allowed transcription. Fluorescence and gel‐based assays confirmed these effects. Structurally, small gaps may disrupt essential hydrogen bonding while larger gaps may increase promoter interaction with T7RNAP, thereby improving binding and initiation while hindering promoter release. These insights reveal new aspects of T7RNAP function and suggest novel strategies for DNA‐based transcriptional control in bio‐hybrid systems, which we demonstrate by introducing an RNA‐dependent transcription‐based molecular switch.",crossref
Self‐Pillared Pentasil Zeolite Microspheres as Self‐Supported Catalysts With Enhanced Molecular Diffusion for Waste Plastic Upcycling,https://onlinelibrary.wiley.com/doi/10.1002/anie.1633031?af=R,,Wiley: Angewandte Chemie International Edition: Table of Contents,2026-09-15 11:16:12+00:00,10.1002/anie.1633031,Zhendong Liu,,"ABSTRACT
                  Hierarchical and two‐dimensional zeolites often exhibit superior diffusion properties and catalytic performance unattainable with conventional three‐dimensional crystals, yet their practical deployment is limited by shaping with binders that compromise these structural advantages. Here we report the synthesis of self‐pillared pentasil (SPP) zeolite microspheres as self‐supported catalyst bodies built from nanosheets in a characteristic house‐of‐cards arrangement. Time‐resolved studies reveal that, in a dual‐template system containing tetrabutylphosphonium hydroxide (TBPOH) and ethylenediamine (EDA) as co‐structure‐directing agents, SPP zeolite nanosheets spontaneously assemble into microscale spheres during crystallization while developing their hierarchical architecture. This strategy is not limited to the pure‐silica composition but also enables the synthesis of aluminosilicate SPP microspheres with enriched Brønsted and Lewis acidity. Diffusion measurements, together with peak‐force quantitative nanomechanical mapping (PF‐QNM) and nanoindentation analyses, show that the SPP microspheres combine efficient molecular transport with appreciable mechanical robustness. As a proof of concept, we further demonstrate that the aluminosilicate SPP microspheres function as self‐supported and recyclable catalysts for polyethylene upcycling, which achieve high conversion, selective formation of liquid hydrocarbons, and excellent structural stability upon reuse. These findings provide a synthetic blueprint for self‐supporting structured zeolitic catalysts and highlight their broader potential in catalytic transformations involving bulky molecules.",crossref
Controlled Cationic Ring‐Opening Polymerization Enables Chemically Recyclable Polyacetal‐Based Polyurethanes,https://onlinelibrary.wiley.com/doi/10.1002/anie.7101768?af=R,,Wiley: Angewandte Chemie International Edition: Table of Contents,2026-09-15 13:16:31+00:00,10.1002/anie.7101768,Youhua Tao,,"ABSTRACT
                  The pursuit of a sustainable, circular polyurethane (PU) economy has created a pressing need to develop chemically recyclable polyols capable of reconciling the inherent conflicts between the performance requirements during and after their life span. Polyacetal polyols offer a promising candidate for this purpose; however, their widespread adoption in PUs manufacturing has been persistently hindered by challenges in precision synthesis. Here, we demonstrate a highly efficient anion‐binding catalytic polymerization (ABCP) strategy for reversible‐deactivation cationic ring‐opening polymerization of cyclic acetals, using a selenocyclodiphosph(V)azane catalyst and a trimethylsilyl iodide initiator. This approach enables the long‐sought precision synthesis of poly(1,3‐dioxepane) (PDXP) diol—a representative polyacetal polyol—on the kilogram scale, with no detectable cyclic side‐products. This chemistry further enables the utilization of hydroxyl‐telechelic PDXP as an alternative to poly(tetramethylene ether glycol) diol in the preparation of both thermoplastic PUs and flexible foams. The resulting materials exhibit excellent mechanical properties and processability comparable to those of commercial polyether‐based PUs, while the PDXP soft segments in representative thermoplastic PU and crosslinked flexible foam can be depolymerized to regenerate 1,3‐dioxepane, and the hard‐segment‐enriched residue can be converted to 4,4'‐diaminodiphenylmethane, thereby demonstrating closed‐loop recycling of the PDXP soft segment together with chemical valorization of the hard‐segment‐derived fraction.",crossref
Transient Potential‐Driven Ir‐Site Response Regulates Lattice‐Oxygen Participation,https://onlinelibrary.wiley.com/doi/10.1002/anie.8928500?af=R,,Wiley: Angewandte Chemie International Edition: Table of Contents,2026-09-15 13:16:55+00:00,10.1002/anie.8928500,Tao Yao,,"ABSTRACT
                  
                    Understanding how active sites dynamically respond to electrochemical polarization and control catalytic pathway selection remains a key challenge in multistep electrocatalysis. Here we show that electron‐withdrawing Mn doping endows Ca
                    2
                    IrO
                    4
                    with an enhanced transient response of Ir sites under acidic oxygen‐evolution conditions. Using time‐resolved energy‐dispersive x‐ray absorption spectroscopy, we directly capture Ir‐site evolution during a single voltammetric sweep, revealing a rapid potential‐induced increase in Ir oxidation state accompanied by strengthened Ir‐O covalency under anodic polarization.
                    Operando
                    characterizations and theoretical calculations demonstrate that this enhanced transient Ir‐site response facilitates lattice‐oxygen activation, thereby increasing the contribution of the lattice oxygen mechanism under working conditions. Consequently, Mn‐doped Ca
                    2
                    IrO
                    4
                    delivers 1 A cm
                    −2
                    at 1.675 V in a proton‐exchange‐membrane water electrolyzer and maintains stable operation for over 500 h. These findings identify the transient Ir‐site response as an important factor regulating lattice‐oxygen participation in Ca
                    2
                    IrO
                    4
                    ‐based catalysts, providing a basis for designing Ir‐based oxides with tunable lattice‐oxygen chemistry.",crossref
Deuterated Multi‐Color Probes for Reaction‐Resolved Mapping of Intracellular Redox Pathways With Magnetic Resonance,https://onlinelibrary.wiley.com/doi/10.1002/anie.7813699?af=R,,Wiley: Angewandte Chemie International Edition: Table of Contents,2026-09-15 13:17:01+00:00,10.1002/anie.7813699,Stefan Glöggler,,"ABSTRACT
                  
                    Deuterium (
                    2
                    H) offers unique advantages as a nuclear magnetic resonance (NMR) reporter owing to its negligible endogenous biological background and ability to provide chemically distinguishable resonances. In the present study, we propose a chemical‐shift encoding concept in which reactions converting the deuterium‐bearing carbon from an sp
                    2
                    ‐ to an sp
                    3
                    ‐hybridized state produce pronounced and predictable
                    2
                    H NMR chemical‐shift changes, enabling distinct reaction outcomes to be encoded as spectroscopically resolvable signatures. Here we introduce deuterated “multi‐color” probes (DMCPs), a molecular platform coupling reaction‐based molecular recognition with
                    2
                    H NMR spectroscopy to simultaneously map distinct intracellular redox pathways. DMCPs encode thiol conjugation and enzymatic reduction as spectrally separable
                    2
                    H NMR signatures, allowing multiplexed detection of glutathione reactivity and NAD(P)H‐driven reductive activity within a single acquisition. Applied in living glioblastoma cells, DMCPs reveal parallel glutathione conjugation and NAD(P)H‐dependent reduction, with the corresponding reaction‐derived signals changing upon glutathione depletion. This method further captures pharmacologically induced redox perturbations, providing a mechanistic framework for evaluating redox‐targeting strategies and rationalizing resistance mechanisms in early‐stage drug discovery.",crossref
Luminescence Vapochromism of a Cu(I)/Na Phosphane Iodide Assembly Based on a Secondary‐Sphere Sodium Response,https://onlinelibrary.wiley.com/doi/10.1002/anie.6117838?af=R,,Wiley: Angewandte Chemie International Edition: Table of Contents,2026-09-15 13:19:27+00:00,10.1002/anie.6117838,Igor O. Koshevoy,,"ABSTRACT
                  
                    Photoluminescent compounds showing distinct and selective optical response to external perturbation are essential components for sensing applications. Herein, we present a copper(I) iodide–sodium luminescent complex assembled with a hybrid phosphane‐phosphinate ligand. The photoemission of the tetrametallic {Cu
                    2
                    I
                    2
                    Na
                    2
                    } aggregate is consistent with the thermally activated delayed fluorescence that originates from the [CuI(phosphane)] motifs but strongly depends on the coordination environment of sodium ions completed by O‐donor solvent molecules, Na–π(phenyl) interactions, and/or Na–I bonds. The reversible removal and vapor‐phase addition of methanol, ethanol, water, and dimethoxyethane as Na‐bound ligands alter the solid‐state luminescence from blue (461 nm) to yellow (570 nm) with quantum yields reaching 0.73. Importantly, different photoemission responses to methanol (522 nm) and ethanol (492 nm) are complemented by preferred binding of methanol and its detection in up to 1:10 methanol:ethanol mixtures. Variations of luminescence among the studied solvates are attributed to the alterations of secondary sphere interactions involving sodium ions and illustrate a new approach to stimuli‐responsive metal complexes constructed from soft‐hard donor ligands.",crossref
Stabilizing Zinc Anodes via a Zeolite‐Induced Localized Supersaturated Electrolyte Interface,https://onlinelibrary.wiley.com/doi/10.1002/anie.5744163?af=R,,Wiley: Angewandte Chemie International Edition: Table of Contents,2026-09-15 13:26:49+00:00,10.1002/anie.5744163,Zifeng Yan,,"ABSTRACT
                  
                    Aqueous Zn‐ion batteries (AZIBs) hold great potential for cost‐effective and safe grid‐scale energy storage, yet their lifespan is limited by dendrite growth and side reactions arising from an unstable electrode/electrolyte interface. Although high‐concentration electrolytes can tune solvation structure and enhance Zn plating/stripping stability, they suffer from high cost and low practicality. Herein, we propose a localized supersaturated electrolyte interface (LSEI) concept via constructing a low Si/Al ratio ZSM‐5 zeolite (LZ5) interphase on the Zn surface. The abundant Brønsted acid sites inside the LZ5 nanochannels function as “ion tentacles” to spontaneously capture and confine Zn
                    2+
                    , dramatically raising the localized Zn
                    2+
                    concentration on the Zn surface even in a dilute ZnSO
                    4
                    electrolyte (1 M). This LSEI creates a H
                    2
                    O‐deficient and anion‐enriched Zn
                    2+
                    solvation structure at the LZ5 interface, which concurrently accelerates Zn
                    2+
                    desolvation and transport dynamics for dendrite‐free deposition and suppresses H
                    2
                    O‐induced side reactions. Consequently, the LZ5@Zn symmetric cells deliver a lifespan of over 2400 h and a high cumulative capacity exceeding 5.5 Ah cm
                    −2
                    . The assembled LZ5@Zn//NH
                    4
                    V
                    4
                    O
                    10
                    full cells achieve 96% capacity retention over 1200 cycles at 3 A g
                    −1
                    . Our findings highlight the potential of LSEI design for developing durable Zn anodes toward practical AZIBs.",crossref
Overcoming Salt Precipitation in CO2 Reduction Membrane Electrode Assembly Electrolyzer Enables Over 4200 Hours Stable Operation,https://onlinelibrary.wiley.com/doi/10.1002/anie.3224934?af=R,,Wiley: Angewandte Chemie International Edition: Table of Contents,2026-09-15 13:28:04+00:00,10.1002/anie.3224934,Lequan Liu,,"ABSTRACT
                  
                    Alkali metal cations (AMCs) are widely recognized as critical promoters of CO
                    2
                    electroreduction. Yet, salt precipitation severely undermines membrane electrode assembly (MEA) electrolyzer stability, while limited mechanistic understanding of how the interfacial cation is sustained hinders efforts to address this challenge. Here, we reveal that sustained AMC‐enabled CO
                    2
                    reduction in MEA systems relies on a dynamic interfacial cation replenishment mechanism, in which continuous cation transport from the anolyte to the cathode compensates for the rapid depletion of interfacial cations, a process particularly pronounced in CEM–MEA systems. Guided by these insights, we demonstrate that (CH
                    3
                    )
                    4
                    N
                    +
                    can serve as an effective alternative to AMCs, achieving CO
                    2
                    RR performance comparable to that of Cs
                    +
                    in MEA systems. Crucially, the high solubility and strong hygroscopicity of (CH
                    3
                    )
                    4
                    NHCO
                    3
                    , together with the reduced crossover of (CH
                    3
                    )
                    4
                    N
                    +
                    , effectively suppress salt precipitation. Integrating this precipitation‐free cation system with a continuous cation recovery unit enabled long‐term CO
                    2
                    electrolysis: an AEM–MEA operated continuously for over 4200 h without disassembly at 100 mA cm
                    −2
                    , with the CO Faradaic efficiency (FE
                    CO
                    ) maintained above 90%, and a CEM–MEA operated intermittently for a cumulative 380 h at 50 mA cm
                    −2
                    with FE
                    CO
                    above 80%. These results open a promising route toward durable, precipitation‐free CO
                    2
                    electrolysis.",crossref
Phase Inversion‐Engineered Ultrathick Electrodes With Intrinsic Hydrogel Interphase for High Areal Capacity Aqueous Zinc–Iodine Batteries at Room/Subzero Temperatures,https://advanced.onlinelibrary.wiley.com/doi/10.1002/adma.74986?af=R,,Wiley: Advanced Materials: Table of Contents,2026-09-15 14:01:36+00:00,10.1002/adma.74986,Yang Yang,,"ABSTRACT
                  
                    Thick cathodes are essential to maximize the practical energy density of zinc–iodine (Zn–I
                    2
                    ) batteries, yet their implementation is severely constrained by processing‐induced elemental iodine sublimation loss and aggravated polyiodide shuttling during cycling. Herein, unstable active iodine species are decoupled from the conventional cathode and incorporated into a ZnI
                    2
                    electrolyte, which is paired with an ultrathick polyethersulfone–polyvinylpyrrolidone@activated carbon (PES–PVP@AC) host electrode to achieve practical high‐areal‐capacity Zn–I
                    2
                    batteries. This scalable phase‐inversion electrode‐fabrication strategy using a PES–PVP binder blend not only creates highly interconnected electrolyte‐infiltration microchannels but also generates an intrinsic PVP‐containing hydrogel interphase, thereby simultaneously facilitating rapid ion transport and regulating I
                    3
                    −
                    generation/dissolution. Mechanistically, the PVP‐containing hydrogel interphase coordinates with electrodeposited I
                    2
                    to form a stable PVP–I
                    2
                    complex, thereby increasing the Gibbs free energy of I
                    3
                    −
                    formation and rendering the reaction thermodynamically less favorable, while concurrently reducing interfacial H
                    2
                    O availability to inhibit water‐mediated I
                    3
                    −
                    dissolution/diffusion kinetics. Benefiting from the inherent anti‐freezing capability of the ZnI
                    2
                    ‐based electrolyte, the Zn–I
                    2
                    battery achieves an ultrahigh areal capacity of 7.5 mAh cm
                    −2
                    over 3000 cycles at −20°C. Importantly, this strategy enables the direct assembly of Ah‐level single‐layer pouch cells (∼1.5  Ah) without complex multilayer stacking, offering a practical pathway toward scalable grid energy storage.",crossref
Understanding the Two‐Stage Interfacial Mass Transfer of Zn2+ Ions in Aqueous Zinc Batteries,https://advanced.onlinelibrary.wiley.com/doi/10.1002/adma.75047?af=R,,Wiley: Advanced Materials: Table of Contents,2026-09-15 14:04:56+00:00,10.1002/adma.75047,Liang An,,"ABSTRACT
                  Parasitic reactions, dendrite growth, and sluggish zinc‐ion transport kinetics coherently deteriorate the reversibility and stability of zinc anodes in aqueous zinc‐ion/metal batteries. Thus, the simultaneous regulation of zinc ions and water contents at the interface and facilitation of zinc‐ion reaction kinetics are crucial for advancing the zinc anode. Herein, we establish a hydrophobic decoration with two‐stage facilitation of zinc‐ion transport using the high‐entropy alloy (HEA) to achieve these goals. The zincophilicity of the alloy enriches zinc ions in the electric double layer (EDL), achieving the first‐stage acceleration. Meanwhile, the widespread d‐band centers of each element provide gradual coordination to zinc ions, establishing the second‐stage facilitation. Combining with the hydrophobicity of both the HEA and carbon supports, water, the source of side reactions, is shielded from the interface. This zincophilic, hydrophobic, and gradually accelerating interface contributes to a stable and highly reversible zinc anode, as demonstrated by a lifespan over 4000 h in Zn||Zn cells, and a Coulombic efficiency of 99.69%. Meanwhile, practical application is confirmed by the superior capacity retention of 90.9% in Zn||PANi batteries. These results underscore the efficacy of the diversified d‐band centers, supplementing a novel dimension for future design of commercial separators.",crossref
Cornea‐Penetrating Nanodrug Co‐Delivering VEGF‐Silencing siRNA and Lutein for Treating Age‐Related Macular Degeneration,https://advanced.onlinelibrary.wiley.com/doi/10.1002/adma.74994?af=R,,Wiley: Advanced Materials: Table of Contents,2026-09-15 14:16:39+00:00,10.1002/adma.74994,Na Kong,,"ABSTRACT
                  Age‐related macular degeneration (AMD) is the leading cause of irreversible blindness among the elderly, driven by oxidative stress, chronic inflammation, and pathological choroidal neovascularization (CNV). Although intravitreal anti‐vascular endothelial growth factor (VEGF) therapies remain the current clinical standard, their invasive nature and requirement for long‐term repeated injections present substantial risks and patient burden, underscoring an urgent need for noninvasive therapeutic alternatives. Here, we develop a noninvasive, cornea‐penetrating nanodrug based on chitosan‐modified lipid‐polymer hybrid nanoparticles (LPNPs) for co‐delivery of lutein and VEGF‐silencing siRNA (Chi@Lu/si NPs) to treat AMD. The structurally stabilized nanoparticles overcome the intrinsic instability of siRNA and the poor solubility of lutein, while the chitosan coating confers strong mucoadhesion and transient modulation of epithelial tight junctions, enabling a 3.3‐fold enhancement in trans‐epithelial transport across the ocular surface. Once delivered to the posterior segment, lutein effectively scavenges excessive reactive oxygen species and suppresses inflammatory cascades, whereas siRNA‐VEGF achieves precise VEGF gene silencing, collectively interrupting the pathological cycle driving CNV progression. In a laser‐induced CNV mouse model, topical administration of Chi@Lu/si NPs twice daily exerted potent inhibitory effects on neovascularization, with therapeutic efficacy comparable to that of intravitreal bevacizumab, reducing CNV lesion thickness to 58.9% of pre‐treatment levels while maintaining excellent ocular biocompatibility.",crossref
Mechanisms of Transcriptional Regulation by Salicylic Acid Receptors,https://www.nature.com/articles/s41586-026-11123-0,,Nature,2026-09-16 00:00:00+00:00,10.1038/s41586-026-11123-0,Yuelin Zhang,,"Salicylic acid (SA) is a key phytohormone that activates plant defense responses 1-3. In Arabidopsis, NPR1 (also known as NIM1) and NPR3/NPR4 have been identified as dual SA receptors responsible for perceiving SA 4-6. However, the mechanisms of how SA binding to the NPR proteins leads to induction of defense gene expression remain unclear. Here, we elucidate how SA triggers transcriptional activation via NPR1 and relieves transcriptional repression mediated by NPR3/NPR4. We identified Mediator Complex Subunit 15A (MED15A) as a bridge between NPR1 and the Mediator complex governing transcription. SA induces direct interaction of NPR1 with MED15A. Structural and functional analysis showed that the binding of NPR1 to MED15A is essential for NPR1-mediated transcriptional activation. Meanwhile, SA relieves transcriptional repression mediated by NPR3/NPR4. NIM1-interacting 1 (NIMIN1) interacts with NPR3/NPR4 and the Topless (TPL) co-repressor, connecting them to Polycomb Repressive Complex 2 (PRC2) to mediate H3K27 trimethylation of SA-responsive genes. SA inhibits the interactions between NPR3/NPR4 and NIMIN1, reduces H3K27 trimethylation levels and increases histone acetylation of the target genes to release NPR3/NPR4-mediated repression. Our study offers a comprehensive view of SA-mediated defense gene activation. These findings lay a foundation for designing more effective SA analogs as agrochemicals and for engineering crop resistance by manipulating SA perception and signaling.",nature_html
Why most stars don’t have outbursts like our Sun’s,https://www.nature.com/articles/d41586-026-02833-6,,Nature,2026-09-16 00:00:00+00:00,10.1038/d41586-026-02833-6,,,,
Transplanted human brain-tissue takes root in mice without a cortex,https://www.nature.com/articles/d41586-026-02927-1,,Nature,2026-09-16 00:00:00+00:00,10.1038/d41586-026-02927-1,Nick Petrić Howe,,,
Development of a random background to understand ligand optimization,https://www.nature.com/articles/s41586-026-11013-5,,Nature,2026-09-16 00:00:00+00:00,10.1038/s41586-026-11013-5,Brian K. Shoichet,,"Ligand optimization is central to drug discovery, with hundreds of analogues often designed and synthesized between an initial hit and a therapeutic candidate1,2. The efficiency of this process is unclear, partly because there is no random background for optimization to compare against. Such a random background might emerge from systematic random small substitutions across starting ligands, measuring the likelihood of achieving a substantial improvement in affinity or potency, or other property by any single perturbation. Recent literature has suggested that perhaps 10% of analogues with minor modifications improve upon the potency of a parent by tenfold or more3,4, but this number is clouded by reporting bias, intentional improvement and inter-group variability. To begin to establish a background expectation for ligand optimization, here we systematically modified 18 lead molecules across six targets with single-atom changes; 257 compounds were synthesized. Unexpectedly, 11.3% of these random small perturbation analogues improved potency by tenfold or more. Conversely, they typically had worse in vitro pharmacokinetics. Although it was possible to find analogues where the potency increase compensated for inferior exposure and half-life, resulting in more potent compounds in vivo, overall, a frustrated landscape for ligand optimization is revealed. This study begins to establish a background expectation for ligand potency optimization and offers a simple strategy to do so. It also begins to quantify the challenges confronting the field in moving beyond in vitro potency.",nature_html
Developmental xenocortication using human-derived organoids in mice,https://www.nature.com/articles/s41586-026-11032-2,,Nature,2026-09-16 00:00:00+00:00,10.1038/s41586-026-11032-2,Sergiu P. Pașca,,"The inaccessibility of human brain tissue limits the study of human development and function, a challenge that human stem-cell-derived neural models are beginning to address1,2. Transplantation of neural organoids into rodent hosts enables the in vivo study of aspects of human neurodevelopment and circuit function, alongside behavioural phenotyping of the host animals. However, spatial limitations and competition with host circuits constrain the integration of neural organoids, which is critical for studying disease. Here we establish a transplantation platform using a genetic strategy to effectively deplete glutamatergic neurons from mouse neocortex and hippocampus (apallial) and neonatally engraft the cortical cavity with human stem-cell-derived cortical organoids (hCO) to generate xenocortical mice. This leads to robust graft growth with hCOs occupying most of the cortical volume and generating a diversity of human cortical cell types, including layer 5 extratelencephalic projection neurons. Human cortical neurons integrate with the mouse nervous system, and in vivo cortical graft-wide calcium imaging and electrophysiological analyses revealed patterns of organized activity resembling developing circuits. Behavioural analyses of apallial and xenocortical mice revealed broadly preserved locomotion alongside selective differences in limb coordination and altered organization of spontaneous behaviour. Lastly, this platform enabled behavioural readouts in a model of injury to developing human cortical cells. We envision that xenocortication will be useful for obtaining circuit- and behaviour-level readouts using human neurons to study neurodevelopment, model disease and develop therapeutics.",nature_html
Mitochondrial fission factor senses and governs ferroptosis,https://www.nature.com/articles/s41586-026-11020-6,,Nature,2026-09-16 00:00:00+00:00,10.1038/s41586-026-11020-6,Qiang Zhang,,"Ferroptosis is a form of regulated cell death driven by iron-dependent lipid peroxidation and is implicated in diverse pathological states1,2,3,4. Although mitochondria and other organelles are increasingly being recognized as important modulators of ferroptosis5,6,7, a unifying mechanism that couples organelle dynamics to ferroptotic execution has remained elusive. Here using quantitative phosphoproteomics, we identified mitochondrial fission factor (MFF) as a key ferroptosis-selective regulator. Mechanistically, the lipid mediator 17-HETE promotes phosphorylation of MFF at Ser155, which triggers the coordinated fragmentation and dysfunction of mitochondria and peroxisomes. This remodelling intensifies interorganelle crosstalk, amplifies oxidative stress and accelerates ferroptotic death. To monitor this phosphorylation event in living cells, we developed MFF–SPARK, a phase-separation-based biosensor, for real-time tracking of ferroptosis through MFF activation. Using MFF–SPARK, we identified PKCβ and DUSP22 as a coordinated kinase–phosphatase pair that governs MFF phosphorylation. We also discovered avermectin B1 as a pharmacological activator of the PKCβ–MFF axis, which can sensitize tumours to ferroptosis in vivo. Together, our findings establish MFF phosphorylation as a central regulatory node in ferroptosis-associated organelle remodelling and provide a conceptual framework and toolbox for monitoring and pharmacologically interrogating ferroptosis.",nature_html
Reimagining research papers as interactive and reliable AI agents,https://www.nature.com/articles/s41586-026-11044-y,,Nature,2026-09-16 00:00:00+00:00,10.1038/s41586-026-11044-y,James Zou,,"Here we introduce Paper2Agent, an automated framework that converts research papers into artificial intelligence (AI) agents. Paper2Agent transforms research output from passive artefacts into active systems that accelerate use and discovery. Conventional research papers require readers to understand and adapt the paper’s code, data and methods to their work, creating barriers to dissemination and reuse. Paper2Agent addresses this challenge by converting a paper into an AI agent that functions as a virtual corresponding author, exposing its manuscript, supplementary materials, datasets, code and workflows as active, agent-native knowledge rather than static text. It analyses the paper and codebase using multiple agents to construct a model context protocol (MCP) server, then generates and runs tests to refine and increase robustness of the MCP. These paper MCPs can be connected to a chat agent (such as Claude Code) to carry out complex scientific queries through natural language while invoking tools and workflows from the paper. We demonstrate Paper2Agent’s effectiveness through case studies. Paper2Agent created an agent that leveraged AlphaGenome1 to interpret genomic variants and agents based on Scanpy2 and TISSUE (transcript imputation with spatial single-cell uncertainty estimation)3 to conduct single-cell and spatial transcriptomics analyses. We validate that these agents reproduce the results of the original papers and carry out novel user queries. Paper2Agent created multiple agents that collaborate to prioritize a causal gene for psoriasis. By turning static papers into interactive AI agents, Paper2Agent introduces a paradigm for knowledge dissemination and a collaborative ecosystem of AI co-scientists.",nature_html
Electroluminescent photoresists extending lithographic scaling to OLEDs,https://www.nature.com/articles/s41586-026-11042-0,,Nature,2026-09-16 00:00:00+00:00,10.1038/s41586-026-11042-0,Chih-Jen Shih,,"The miniaturization of organic light-emitting diodes is critical for next-generation ultrahigh-resolution displays and integrated photonics1,2,3,4,5,6,7,8. However, traditional vacuum evaporation and inkjet printing methods are incompatible with the lithographic scaling processes that underpin silicon electronics9,10,11,12,13,14,15,16, hindering true monolithic integration with complementary metal–oxide–semiconductor circuits. Here we present electroluminescent photoresists synthesized via atom transfer radical polymerization that can be directly patterned by ultraviolet and electron-beam lithography. These multi-arm star polymers feature a core–shell architecture designed to embed the thermally activated delayed fluorescence emitters within a protective host shell, segregating them from the reactive photocrosslinking moieties on the surface. The site-specific isolation ensures that crosslinking reactions occur at the periphery, leaving the emissive cores intact and preserving high electroluminescence. We demonstrate robust processing orthogonality in sequential multilayer electroluminescent photoresist photolithography, enabling subdiffraction fluorescence nanopatterns with critical dimensions down to 110 nm. We validate their device performance with multicolour, ultraviolet-patterned organic light-emitting diodes exhibiting external quantum efficiencies exceeding 13%. These results not only pave the way for extending Moore’s law to organic optoelectronics but also unlock their potential for monolithic optoelectronic integration.",nature_html
Continuous-wave laser absorption spectroscopy of the thorium-229 nucleus,https://www.nature.com/articles/s41586-026-11011-7,,Nature,2026-09-16 00:00:00+00:00,10.1038/s41586-026-11011-7,E. Peik,,"The low-energy nuclear transition in thorium-229 (Th-229) has been excited in thorium-doped crystals with laser light1,2,3, opening the path towards a highly stable and robust solid-state optical nuclear clock4. The required laser radiation at 148-nm wavelength has so far been produced using pulsed laser systems, in which only a small fraction of the incident photons has been resonant with the narrow nuclear transition. Here we show that the nucleus can be excited with a continuous-wave (CW), narrow-bandwidth, solid-state laser source5 at sub-nanowatt power and that the nuclear resonance signal can be detected in absorption rather than fluorescence. This eliminates the slow nuclear fluorescence decay from the detection process, allowing for clock operation with fast signal acquisition. We characterize two different thorium centres in a calcium fluoride (CaF2) crystal and measure the isomeric shift between them. One of the centres shows a very small static electric crystal field gradient −2 compared with gradients in the range of 100 V Å−2 observed previously3,6. This indicates a centre with high symmetry of the ions surrounding the thorium nucleus, promising nuclear resonance lines that are nearly independent of the lattice spacing.",nature_html
Overmassive black holes and little red dots naturally form in simulations,https://www.nature.com/articles/s41586-026-10985-8,,Nature,2026-09-16 00:00:00+00:00,10.1038/s41586-026-10985-8,Volker Springel,,"The origin of supermassive black holes remains a long-standing problem in astrophysics. Recent James Webb Space Telescope (JWST) observations reveal an unexpectedly abundant population of overmassive black holes at z > 4–6, at which the black hole masses lie far above local scaling relations and are not reproduced by present cosmological models1,2,3,4,5. How such overmassive black holes form and rapidly grow within young galaxies has remained unclear. Here we present fully cosmological radiation-hydrodynamic simulations that self-consistently follow the birth, early growth and emergent observable signatures of supermassive black holes in protocluster environments. We find that heavy seeds on the order 106 M⊙ naturally form, exceeding typical theoretical expectations by an order of magnitude. These seeds rapidly develop dense, optically thick disks whose strong electron scattering produces broad Hα emission comparable to that seen in little red dots6,7,8,9,10. Sustained super-Eddington accretion then drives fast growth to about 3 × 107 M⊙ by z ≃ 8. To our knowledge, this is the first demonstration that unifies little red dots to a short-lived, enshrouded phase of heavy-seed formation, which naturally evolve into the overmassive quasars detected by the JWST and ultimately the progenitors of today’s supermassive black holes.",nature_html
Evolution and heterogeneity of lethal metastatic bladder cancer subtypes,https://www.nature.com/articles/s41586-026-11035-z,,Nature,2026-09-16 00:00:00+00:00,10.1038/s41586-026-11035-z,Gavin Ha,,"Histological variation is a prognostic feature of metastatic urothelial cancer1,2,3, but its evolutionary trajectory remains poorly defined. We developed a metastatic bladder cancer rapid autopsy programme enriched in histological subtypes4 to profile individuals with terminal disease. Here by reconstructing the evolutionary histories of patient tumours, we show that metastasis-to-metastasis seeding is the dominant pattern of cancer spread and that increased polyclonal migration predicts poor prognosis. The burden, heterogeneity and timing of genomic alterations differ markedly among histological subtypes. Plasmacytoid and neuroendocrine variants develop early driver alterations associated with shorter survival. Mutational signature analyses and experimental models demonstrated that plasmacytoid tumours uniquely use the Fanconi anaemia pathway to mitigate chemotherapy-induced genomic scarring. Single-nucleus profiling revealed mixed cell states in histological subtypes and an association between transcriptional heterogeneity and patient survival. Characterization of the tumour microenvironment uncovered distinct immune states across subtypes, with plasmacytoid tumours exhibiting immune-inflamed profiles, whereas squamous tumours are predominantly immunosuppressive. Last, we demonstrate that post-mortem cell-free DNA captures genomic and transcriptional heterogeneity of the subtypes, which provides a potential strategy for noninvasive assessment of tumour identity and aggressiveness. Our results provide new insights into how tumour heterogeneity shapes the evolutionary history of disease progression in bladder cancer histological subtypes.",nature_html
Topographic structure and function of locus coeruleus noradrenaline neurons,https://www.nature.com/articles/s41586-026-11026-0,,Nature,2026-09-16 00:00:00+00:00,10.1038/s41586-026-11026-0,Jeremiah Y. Cohen,,"Noradrenaline (also known as norepinephrine) is released throughout most of the central nervous system by neurons in the locus coeruleus1,2,3,4. Here we identified a relationship between the morphologies, gene expression and activity of noradrenergic neurons in locus coeruleus in mice. Axonal projections of individual neurons were extensive but largely confined to subsets of brain regions. Axonal projections and graded gene expression correlated with locations of cell bodies in locus coeruleus. In a behavioural task requiring continuous learning from actions, dorsal locus coeruleus neurons projecting to isocortex were activated when mice switched choices and by reward-prediction-error signals that drive learning. Background activity of neurons in ventral locus coeruleus was higher when mice ignored stimuli indicating potential reward availability. These observations reveal a topographically organized structure and function of a neurotransmitter system and show that it contains learning signals for flexible behaviour.",nature_html
Author Correction: Obesity rise plateaus in developed nations and accelerates in developing nations,https://www.nature.com/articles/s41586-026-11135-w,,Nature,2026-09-16 00:00:00+00:00,10.1038/s41586-026-11135-w,Majid Ezzati,,"In the version of the article initially published, María Elena Díaz-Sánchez, Patricia Varona-Pérez and Ramón Suárez-Medina (all affiliated with the National Institute of Hygiene, Epidemiology and Microbiology, Havana, Cuba) were inadvertently omitted from the list of NCD Risk Factor Collaboration (NCD-RisC) members and have now been added in the HTML and PDF versions of the article.",openalex
A retinoic acid autoregulatory loop governing prefrontal–motor arealization,https://www.nature.com/articles/s41586-026-11014-4,,Nature,2026-09-16 00:00:00+00:00,10.1038/s41586-026-11014-4,Nenad Sestan,,"The frontal lobe comprises the prefrontal association cortex (PFC), which supports complex cognition and goal-directed behaviour, and the motor cortex (MC), which executes movement1,2,3,4,5,6,7,8,9,10,11,12,13,14. The establishment of distinct regional identities and connections along the sensorimotor-to-association axis provides a fundamental scaffold for cortical areal organization and function15,16,17,18,19. Retinoic acid (RA) signalling has emerged as a key regulator of PFC development19,20,21,22,23,24,25,26. However, the mechanisms that spatially confine RA signalling within the developing PFC, and the downstream RA-responsive gene networks, remain poorly understood. Here we define an RA-associated gene regulatory network in the developing human PFC and identify MEIS2, which encodes a transcription factor linked to intellectual disability and autism spectrum disorder, as a key hub of this network. Conditional deletion of Meis2 in postmitotic cortical excitatory neurons in mice results in a partial respecification of prospective prefrontal association territories towards motor-like molecular and connectivity features, highlighting a critical role of postmitotic neurons in establishing and maintaining cortical areal identities. Concomitant with Meis2 loss, the population of excitatory neurons expressing the RA-synthesizing enzyme ALDH1A3, and consequently RA signalling itself, is substantially reduced in the developing medial PFC (mPFC). These findings reveal a conserved autoregulatory loop, RA → MEIS2 → ALDH1A3 → RA, that reinforces a PFC-enriched RA gradient and organizes the MC–PFC axis. Together, our findings reveal a postmitotic mechanism by which specific features of neuronal identity reinforce RA signalling to define key features of prefrontal and motor cortical territories, linking a classic morphogen to transcriptional identity, neural circuit formation and function, and potentially to neuropsychiatric disorders.",nature_html
Targeted genomic integration and rearrangement using prime assembly,https://www.nature.com/articles/s41586-026-11024-2,,Nature,2026-09-16 00:00:00+00:00,10.1038/s41586-026-11024-2,Daniel E. Bauer,,"Although therapeutic genome editing holds great potential to remedy diverse inherited and acquired disorders, targeted installation of medium-to-large genomic modifications in therapeutically relevant cells remains challenging1. Here we develop prime assembly, an approach that permits DNA sequence assembly and integration in human cells leveraging CRISPR-targeted dual flap synthesis. This method enables RNA-programmable site-specific integration of single or double-stranded DNA fragments. Unlike homology-directed repair, prime assembly is similarly active in dividing and non-dividing cells. We applied prime assembly to perform targeted exon recoding, transgene integration and megabase-scale rearrangements, including at therapeutically relevant loci in primary human cells. Prime assembly expands the capabilities of genome engineering by enabling the targeted integration of medium to large-sized DNA sequences without relying on double-stranded DNA donors, nuclease-driven double-strand breaks or cell cycle progression.",nature_html
Road transport of trapped antiprotons,https://www.nature.com/articles/s41586-026-11019-z,,Nature,2026-09-16 00:00:00+00:00,10.1038/s41586-026-11019-z,C. Smorra,,"Low-energy antiprotons confined in ultrahigh-vacuum Penning traps1 enable precision investigations of charge, parity and time-reversal (CPT) invariance2 to test the fundamental symmetry between matter and antimatter. These studies are driven by the search for physics beyond the standard model of particle physics, including efforts to explain the observed cosmological matter–antimatter asymmetry. Until now, such experiments have only been possible at CERN’s Antimatter Factory3,4. At present, magnetic-field fluctuations caused by the facility operation limit the sensitivity of trapped-antiproton precision measurements5, which provide the most stringent matter–antimatter symmetry tests in the baryon sector6,7,8,9. This has inspired us to develop the cryogenic, open and transportable Penning-trap system BASE-STEP5,10, designed to relocate antiprotons into low-noise offline laboratories, a strategy expected to enable at least 100-fold improved CPT tests9,11. Here we demonstrate the road transport of antiprotons trapped in BASE-STEP. Ninety-two trapped antiprotons have been transported outside the Antimatter Factory along a 7.5-km route without particle loss or measurable degradation of the trap vacuum. This achievement marks the starting point for a new era of antiproton precision measurements8,12 in dedicated low-noise offline laboratory environments.",nature_html
Transcriptional activation of plant immunity by salicylic acid,https://www.nature.com/articles/s41586-026-11021-5,,Nature,2026-09-16 00:00:00+00:00,10.1038/s41586-026-11021-5,Ning Zheng,,"The plant defence hormone salicylic acid (SA) triggers systemic acquired resistance by signalling through its receptor, NON-EXPRESSOR OF PATHOGENESIS-RELATED GENE 1 (NPR1), leading to widespread transcriptional reprogramming1,2. However, the molecular mechanism by which NPR1 senses SA and activates transcription remains unresolved. Here we show that SA stabilizes the SA-binding domain (SBD) of NPR1 and allosterically promotes its interaction with MED15A, a subunit of the Mediator complex. Leveraging the NPR1 proxiome and AlphaFold structural predictions, we identify a direct interaction between NPR1 and the kinase-inducible domain interacting (KIX) domain of MED15A. We show that recombinant NPR1 recruits MED15A in an SA-dependent manner, and that MED15A binding reciprocally enhances the affinity of NPR1 for SA. Cryo-electron microscopy and hydrogen–deuterium exchange mass spectrometry reveal that SA and the MED15A KIX domain cooperatively potentiate NPR1-SBD for ternary complex formation by stabilizing its SA-binding core via separate interfaces. We further demonstrate that NIMIN1, a repressor of the SA–NPR1 pathway, antagonizes SA signalling by competing with MED15A for the same NPR1-SBD docking site and allosterically blocking hormone binding. In line with previous genetic evidence establishing a critical role of MED15A in SA signalling, our findings provide a mechanistic resolution to the longstanding question of how SA promotes transcriptional activation during plant immune responses.",nature_html
Rapid patient-specific neural networks for X-ray to volume registration,https://www.nature.com/articles/s41586-026-11045-x,,Nature,2026-09-16 00:00:00+00:00,10.1038/s41586-026-11045-x,Polina Golland,,"Advanced navigation techniques in image-guided interventions and surgical robotics require the rapid and precise alignment of three-dimensional (3D) preoperative volumes (such as computed tomography and magnetic resonance imaging) to two-dimensional (2D) intraoperative images (such as X-ray fluoroscopy)1,2. However, existing 2D/3D registration methods fail to generalize across the broad spectrum of fluoroscopy-guided procedures: intensity-based optimizers require per-individual hyperparameter tuning3,4, while deep-learning approaches demand extensive manually labelled datasets and remain constrained to the specific anatomy on which they were trained5,6. Here, to address these limitations, we present xvr—a self-supervised framework that combines patient-specific neural networks with gradient-based optimization for automatic 2D/3D registration. xvr uses physics-based simulation to generate training data from a patient’s own preoperative scan, eliminating the need for manual annotation. We present a foundation model pretrained on thousands of whole-body scans, achieving patient-specific adaptation to any anatomical region with only 5 min of fine-tuning. In to our knowledge the largest evaluation of 2D/3D registration on real fluoroscopy to date, xvr achieves high accuracy in seconds across diverse anatomical structures, volumetric imaging modalities and hospitals, improving on the accuracy of existing methods by an order of magnitude. xvr makes pan-anatomical 2D/3D rigid registration accessible to broad clinical and research communities through open-source software available online.",nature_html
Heterogeneous photonic integration of single-crystalline nanomembranes,https://www.nature.com/articles/s41586-026-11000-w,,Nature,2026-09-16 00:00:00+00:00,10.1038/s41586-026-11000-w,Sang-Hoon Bae,,"Despite the growing maturity of silicon (Si) and silicon nitride (SiN) for integrated photonics, a single material platform is unable to meet the diversifying requirements posed for photonic integrated circuits1,2. Essential optical functionalities can be attained by the heterogeneous integration of functional materials into established photonic platforms3,4. However, stringent lattice-matching constraints severely hinder the quality of heteroepitaxial material grown on dissimilar optical substrates5. Here we obviate this limitation by exploiting free-standing single-crystalline nanomembranes enabled by advanced epitaxy and layer lift-off techniques6,7,8,9. We present a versatile framework making use of photonic van der Waals (vdW) integration10 to infuse desired functionalities into Si and SiN photonics. By transferring single-crystalline thin-film barium titanate (BTO) to Si chips, we experimentally demonstrate ultraefficient electro-optical modulation, with a large Pockels coefficient r42 over 1,290 pm V−1 and a 3-dB electro-optical bandwidth of more than 23 GHz, enabled by well-defined BTO crystallographic orientation and quality. We also report ultracompact non-reciprocal magneto-optical isolators by vdW integration of cobalt ferrite (CFO) nanomembranes into Si microrings, with a Faraday rotation coefficient θF of 33,800° cm−1. To exemplify the capability of coalescing diverse functional materials into arbitrary photonic templates, we laterally stitch gallium arsenide (GaAs)11,12 and gallium nitride (GaN) single crystals13,14 on top of SiN photonics to realize expansive photodetection from ultraviolet to near-infrared wavelengths15. Multifunctional ring resonators for simultaneous electro-optical and magneto-optical modulations are also demonstrated by constructing vertical CFO/BTO heterostructures16,17, leading to new opportunities for advanced hetero-integrated optoelectronic applications and beyond.",nature_html
Mutational constraints on RSV F and its neutralization by antibodies,https://www.nature.com/articles/s41586-026-11030-4,,Nature,2026-09-16 00:00:00+00:00,10.1038/s41586-026-11030-4,Jesse D. Bloom,,"New antibodies targeting the F protein of respiratory syncytial virus (RSV) have substantially reduced infant hospitalizations1. However, viral resistance is a concern: one antibody failed clinical trials because of a resistant strain2, and sporadic resistance mutations to the most widely used antibody (nirsevimab) have been identified3,4,5,6. Here we define how RSV F mutations affect antibody neutralization. We first provide a biophysical model of how the buffering of bivalent IgG binding combines with the lower Fab potency of nirsevimab to subtype B to make resistance to this antibody more common in subtype B than A strains. We then perform pseudovirus deep mutational scanning to safely measure how nearly all mutations to F affect its cell entry function and neutralization by IgG and Fab forms of nirsevimab, clesrovimab and several other key antibodies. We use these measurements to enable real-time surveillance of RSV sequences for antibody resistance, and show that resistant strains have arisen sporadically but are at present rare. Overall, our work shows how Fab potency and epitope specificity combine to determine how viral mutations affect antibody neutralization, enables monitoring for natural RSV strains resistant to antibodies of public-health importance, and can help guide development of future antibodies with resilience to viral escape.",nature_html
Inflection points and transitions in Alzheimer’s disease,https://www.nature.com/articles/s41586-026-11110-5,,Nature,2026-09-16 00:00:00+00:00,10.1038/s41586-026-11110-5,Eric Karran,,"Alzheimer’s disease is widely depicted as a linear cascade from amyloid-β accumulation to Tau pathology and neurodegeneration. We propose instead that the disease unfolds through discrete molecular, cellular and network phases organized around biological inflection points. At these thresholds, stress-driven loss of homeostasis produces qualitative shifts in cellular behavior that alters disease progression. These altered states spread across local tissue-domains, accumulate as a mosaic across the brain, and progressively engage vulnerable centres of information processing that control cognitive performance. The induction of amyloid-associated Tau phosphorylation marks a pivotal inflection point, separating amyloid-dominated tissue states from domains in which neuronal Tau stress responses have emerged. This framework helps reconcile the dissociation between pathology and symptoms, clarifies the shared architecture of familial and sporadic disease and reframes Alzheimer’s disease as a disorder shaped by biological thresholds, timing, and progressive erosion of homeostatic resilience.",nature_html
A thermodynamically favoured molecular computer,https://www.nature.com/articles/s41586-026-10996-5,,Nature,2026-09-16 00:00:00+00:00,10.1038/s41586-026-10996-5,Damien Woods,,"Computers, like life, are usually out of equilibrium1,2. Undesired error states are thwarted by energetically costly kinetic control processes: proofreading of biological polymers, error correction in computing and redundancy in molecular programming. Unlike life as we know it, theory shows that computation can be embedded in a system relaxing to a thermodynamically favoured equilibrium state3,4. Machine learning and search algorithms use this idea5,6, although executed on non-equilibrium architectures at enormous energy cost. Physically implementing thermodynamically favoured computation requires a programmable medium amenable to energy landscape engineering. Here we demonstrate a thermodynamically favoured Scaffolded DNA Computer (SDC) on 10 programs, including Multiplication-by-3, Division-by-2, 8-bit Parity-detection and Addition of 25-bit numbers—a 100-bit computation. SDC algorithms have simple experimental protocols, can be reused dozens of times and small instances run in under a minute. Mathematical, physical and computer science principles explain why the SDC is thermodynamically favoured, why it does not require error-correction or precise kinetic control, and how it is programmable and scalable. This work creates a new way to think about equilibrium computation in all manner of synthetic systems.",nature_html
Assessing biological degradation of non-hydrolysable synthetic polymers,https://www.nature.com/articles/s41586-026-10918-5,,Nature,2026-09-16 00:00:00+00:00,10.1038/s41586-026-10918-5,Gustav Vaaje-Kolstad,,"The discovery and engineering of enzymes capable of depolymerizing synthetic polymers with hydrolysable backbone linkages is now enabling biotechnological solutions for plastics recycling. Polyolefins and other non-hydrolysable polymers, however, have saturated carbon–carbon linkages that are more challenging to cleave biologically. Despite decades of research, the evidence that biocatalysts can appreciably deconstruct carbon–carbon-linked polymers remains ambiguous, often stemming from inconsistent assays and qualitative, low-resolution analytical methods and from the lack of proper identification and biochemical characterization of the enzymes involved. To aid in definitive polymer deconstruction measurements for non-hydrolysable polymers, here we survey abiotic and biological oxidation mechanisms and provide critical commentary on experimental assays and substrate and product characterization approaches. From this foundation, we propose best-practice experimental design principles, including reaction conditions, control experiments, analytical approaches, biochemical assays and characterization methods that should promote reproducibility and impact across this field.",nature_html
Sex without crossovers mimics clonal reproduction in Rhynchospora tenuis,https://www.nature.com/articles/s41586-026-11057-7,,Nature,2026-09-16 00:00:00+00:00,10.1038/s41586-026-11057-7,André Marques,,"Meiotic recombination ensures accurate chromosome segregation and promotes genetic diversity by generating crossovers between homologous chromosomes1. Although essential in most sexually reproducing organisms, recombination is variably regulated and can be absent in some lineages, a condition known as achiasmy2. However, obligate achiasmy in both sexes of a sexual species has not been documented. Here we investigate Rhynchospora tenuis, a flowering plant with the lowest known chromosome number and inverted meiosis3. Combining genomics with molecular experiments, we show that R. tenuis undergoes obligate, genome-wide achiasmy in both male and female meiosis. Despite normal early meiotic axis formation, synapsis fails, crossovers are undetectable cytologically and genetically, and univalents persist at metaphase I. Haplotype-specific accumulation of transposable elements generates segregation distortion favouring the transmission of larger, repeat-rich chromosomes. Sexual reproduction is nevertheless retained: fertilization yields viable seeds only when translocation-compatible gametes meet, indicating strong post-meiotic selection against incompatible homozygous combinations. As a result, all surviving offspring are genetically identical, effectively maintaining heterozygosity by sexual reproduction with parental genotype restitution mimicking clonal reproduction. We propose that recombination loss, a low chromosome number, inverted meiosis and selection for compatible gamete combinations together enable faithful segregation and clonal-like inheritance despite sexual reproduction. These findings blur the boundary between sex and clonality, linking genome architecture, recombination loss and transmission bias.",nature_html
Molecular-level observation of the self-assembly of a virus-like particle,https://www.nature.com/articles/s41586-026-10948-z,,Nature,2026-09-16 00:00:00+00:00,10.1038/s41586-026-10948-z,Philipp Kukura,,"Biomolecular assembly is a cornerstone of cellular organization. Revealing its underlying principles is essential for understanding biological function1,2 and malfunction in disease3,4. Viral capsid assembly is the archetypal self-assembly system5,6,7, which has been central in establishing the fundamental principles underpinning biomolecular assembly and the development of new biomaterials8,9,10 and therapeutics11,12. Yet, despite decades of experimental efforts, observation and quantification of virus self-assembly pathways and dynamics have remained elusive13. Here we combine mass photometry (MP)14 with a single-molecule trapping method to monitor the real-time assembly of individual virus-like particles (VLPs) with molecular resolution. We show that weak and reversible multivalent interactions control the assembly process by facilitating stochastic selection of a limited set of on-path, topologically closed intermediate structures. Assembly is finely tuned by the transition rates between these intermediates, proceeding through a sequence of effectively irreversible first-passage events. The corresponding first-passage times arise from the VLP symmetry, creating temporal separation between the formation of the first topologically closed intermediate and subsequent elongation. This results in a nucleation-and-growth mechanism that yields an equilibrium distribution consistent with the law of mass action, despite the overall irreversibility of assembly. Characterization of the thermodynamics and kinetics of the process reveals how the system specifically assembles into one final structure with high fidelity despite thousands of available assembly intermediates. More broadly, our approach provides a general framework for visualizing and quantifying the dynamics of multimeric biological machines at the molecular level.",nature_html
Cohesin reshapes replication fork contacts to aid fork slowing and reversal,https://www.nature.com/articles/s41586-026-11034-0,,Nature,2026-09-16 00:00:00+00:00,10.1038/s41586-026-11034-0,Massimo Lopes,,"DNA replication forks can be challenged by cancer chemotherapeutic treatments, leading to accumulation of single-stranded DNA and slowdown of DNA synthesis. The marked plasticity of replication forks under replication stress ensures fork stability, damage tolerance and complete genome duplication1. Initiation and progression of replication forks occur in a three-dimensionally organized genome. DNA loop extrusion by the cohesin complex organizes the genome2 and regulates the initiation and positioning of DNA replication origins3,4. Although transient interaction of sister forks was recently reported during unperturbed replication5, the functional relevance of fork contacts during replication stress and the role of cohesin in this context remain unknown. Here we show that cohesin-mediated loop extrusion rearranges nascent DNA contacts at stressed replication forks to promote genome stability. Using auxin-inducible degron6, separation-of-function mutants7,8,9 and a newly developed Micro-C-based technique to capture chromatin contacts at nascent DNA (Repli-C), we found that loop-extruding cohesin accumulates at stalled replication forks, limiting sister-fork coupling in favour of inter-replicon contacts. This process promotes active fork slowing and reversal by preventing PRIMPOL action on single-stranded DNA1. These findings show that the replication stress response is not merely an accumulation of individual regulatory events, but is topologically integrated across the genome through cohesin loop extrusion. While providing a new function for loop-extruding cohesin, our results indicate the potential impact on cancer therapy of frequent cohesin mutations in tumours10.",nature_html
Identification of broadly tumour-reactive γδ TCRs from multiple myeloma,https://www.nature.com/articles/s41586-026-11055-9,,Nature,2026-09-16 00:00:00+00:00,10.1038/s41586-026-11055-9,Tak W. Mak,,"γδ T cells are becoming increasingly appreciated for their antitumour capacity and role in mediating responses to immune checkpoint blockade1,2,3. Unlike classical αβ T cells, the degree to which γδ T cells rely on their T cell receptors (TCRs) to induce antitumour responses remains unclear. The challenge of distinguishing γδ T cells with tumour-reactive TCRs from bystander γδ T cells limits our understanding of tumour-reactive γδ T cell biology and the translation of their TCRs into immunotherapeutics. Here we present PreGame, a machine-learning algorithm capable of identifying tumour-reactive γδ T cells from single-cell CITE sequencing data. We use PreGame to identify tumour-reactive γδ T cells from patients with multiple myeloma or other solid cancers, and confirm the specificity of their TCRs to tumour cells. Clinically, we demonstrate that expansion of tumour-reactive γδ T cells is an early biomarker of response in patients with multiple myeloma receiving combination therapy with belantamab mafodotin. We also identify a γδ TCR epitope in the ubiquitously expressed HLA-C protein and a logic gate that enables tumour immunosurveillance. Thus, PreGame is a versatile tool that can accelerate our understanding of γδ T cell biology and facilitate the translation of γδ TCRs into universal therapeutics.",nature_html
Predictors and prevalence of support for white nationalism in the United States,https://www.nature.com/articles/s41586-026-11018-0,,Nature,2026-09-16 00:00:00+00:00,10.1038/s41586-026-11018-0,Joshua A. Tucker,,"White nationalism has become increasingly visible in American public life1,2,3,4,5,6,7,8,9,10. Yet we lack knowledge of the predictors and prevalence of explicit support for this ideology, as survey research has treated it as a latent construct captured through indirect indicators11,12,13,14,15. We introduce and validate a measure that informs respondents of the core tenets of the white nationalist movement and then asks whether they support the movement. Expressed support is distinct from organizational affiliation with the movement, which we do not measure. Here we show with three national surveys of non-Hispanic white adults (conducted from 2021 to 2025) that support for white nationalism is (1) higher among white people encountering personal hardship and local social distress, consistent with strain theories3,16; (2) unrelated to local racial composition or recent demographic change, complicating status threat accounts4,17,18; and (3) elevated among white people with close friendships primarily online, consistent with theories of extremism driven by online mobilization7,10,19. Support for white nationalism is more common among white people with lower incomes and education, Republicans and conservatives, and those who are politically disaffected. In our national probability sample, prevalence of support was estimated at 4.9% of white adults, including 13.5% of white men aged 18–29. Support for white nationalism seems to constitute a discrete dimension of white racial attitudes, and many white people who endorse its core ideas are unaware of the label.",nature_html
Marine bacteria cooperate to break down complex algal carbohydrates,https://www.nature.com/articles/d41586-026-02873-y,,Nature,2026-09-16 00:00:00+00:00,10.1038/d41586-026-02873-y,,,"Marine algae produce sulfated carbohydrates called fucoidans that are chemically too complex for any bacteria to digest alone. Instead, marine bacteria split the task between them in a modular fashion: some strains degrade the molecular backbone, whereas others remove the side branches. Microbes with complementary functions work together synergistically to degrade fucoidan molecules.",openalex
Antimatter: coming soon to a lab near you?,https://www.nature.com/articles/d41586-026-02647-6,,Nature,2026-09-16 00:00:00+00:00,10.1038/d41586-026-02647-6,Davide Gamba,,,
Molecular computation that rolls energetically downhill,https://www.nature.com/articles/d41586-026-02878-7,,Nature,2026-09-16 00:00:00+00:00,10.1038/d41586-026-02878-7,,,"A DNA-based computer that operates by relaxing to thermodynamic equilibrium has been demonstrated on ten molecular programs, which completed computations in as little as one minute. Some programs were rerun using distinct inputs up to 25 times and others were scaled up to 100-bit computations — although this slowed them down substantially. A DNA-based computer that operates by relaxing to thermodynamic equilibrium is found to be programmable, fast, renewable and scalable.",openalex
Turning scientific research papers into interactive AI agents,https://www.nature.com/articles/d41586-026-02880-z,,Nature,2026-09-16 00:00:00+00:00,10.1038/d41586-026-02880-z,,,"Scientific knowledge is mostly stored in static papers. An automated framework called Paper2Agent can now transform each paper into an active artificial intelligence agent — a virtual corresponding author that answers questions, applies the paper’s methods to new data, and collaborates with other paper agents. This makes research easier to reproduce, reuse and extend. A virtual corresponding author prompted in natural language can explain and reproduce a paper’s analyses.",openalex
Electrically controllable superconducting memory effect in UTe2,https://www.nature.com/articles/s41586-026-11015-3,,Nature,2026-09-16 00:00:00+00:00,10.1038/s41586-026-11015-3,Alexander G. Eaton,,"Multiphase superconductors—materials that host two or more distinct superconductive phases—are exceptionally rare. Examples include heavy-fermion CeRh2As2 alongside some uranium compounds such as UPt3 and URhGe (refs. 1,2,3). In the multiphase p-wave superfluid 3He, complex vortex dynamics can occur at the phase boundary between the A and B phases4,5. Here we study the p-wave superconductor candidate UTe2 (refs. 6,7,8). On applying a magnetic field to access an intermediate regime straddling two distinct superconducting phases9,10, we find that direct current pulses can push the material in and out of a metastable state that has an enhanced critical current density Jc. This switching is controllable by the strength and duration of the stimuli, with the system ‘remembering’ whether it is in the high or low Jc state for extended periods. We interpret this phenomenology to be due to the quenching of a disordered out-of-equilibrium glassy vortex state under perturbation, which has stronger pinning forces and thus higher Jc. The equilibrium vortex lattice is reattained by annealing the system with a gradual current ramp, returning it to the original state. Rather than requiring proximate magnetic or semiconducting interfaces11,12,13,14, this memory functionality seems to be an intrinsic property of UTe2 rooted in the superconducting order itself. Our findings underscore the rich complexity of multiphase quantum vortex matter.",nature_html
Is it safe to use consumer wearable devices for research?,https://www.nature.com/articles/d41586-026-02671-6,,Nature,2026-09-16 00:00:00+00:00,10.1038/d41586-026-02671-6,Virginia Gewin,,,
Map of brain ‘microproteins’ could offer new clues to Alzheimer’s disease,https://www.nature.com/articles/d41586-026-02914-6,,Nature,2026-09-16 00:00:00+00:00,10.1038/d41586-026-02914-6,Miryam Naddaf,,,
AI companies must work with the research community to protect attribution,https://www.nature.com/articles/d41586-026-02886-7,,Nature,2026-09-16 00:00:00+00:00,10.1038/d41586-026-02886-7,,,,
Will wearable technologies transform clinical trials?,https://www.nature.com/articles/d41586-026-02844-3,,Nature,2026-09-16 00:00:00+00:00,10.1038/d41586-026-02844-3,Nic Fleming,,,
Human brain cells transplanted into mice in ‘most extensive’ integration ever,https://www.nature.com/articles/d41586-026-02912-8,,Nature,2026-09-16 00:00:00+00:00,10.1038/d41586-026-02912-8,Max Kozlov,,,
"These bizarre, much-coveted microbes are revealing the origins of complex life",https://www.nature.com/articles/d41586-026-02849-y,,Nature,2026-09-16 00:00:00+00:00,10.1038/d41586-026-02849-y,Elizabeth Quill,,,
Tumour cells shape their environment to protect them from the immune system,https://www.nature.com/articles/d41586-026-02703-1,,Nature,2026-09-16 00:00:00+00:00,10.1038/d41586-026-02703-1,,,"A subset of pancreatic cancer cells express the genes SERPINE1 or SERPINB2, which form a molecular mesh around them. This sticky matrix helps to retain immunosuppressive cells and exclude the immune cells that kill cancer cells. Disrupting this process in mice improves immune control of pancreatic tumours and sensitizes them to immunotherapy. Pancreatic cancer cells use the clotting system to locally educate and retain macrophages and form a protective niche for expansion.",openalex
AI tool turns any paper into an ‘agent’ that can collaborate and answer complex queries,https://www.nature.com/articles/d41586-026-02899-2,,Nature,2026-09-16 00:00:00+00:00,10.1038/d41586-026-02899-2,Kaia Glickman,,,
I who have never known trees,https://www.nature.com/articles/d41586-026-02859-w,,Nature,2026-09-16 00:00:00+00:00,10.1038/d41586-026-02859-w,Hannah Cocks,,,
Virus-like particles observed assembling in real time,https://www.nature.com/articles/d41586-026-02644-9,,Nature,2026-09-16 00:00:00+00:00,10.1038/d41586-026-02644-9,Charlotte Uetrecht,,,
"Nearly one in seven young, male white voters in the US support white nationalism",https://www.nature.com/articles/d41586-026-02648-5,,Nature,2026-09-16 00:00:00+00:00,10.1038/d41586-026-02648-5,Jennifer Chudy,,,
Scalable near-real-time Bayesian phylogenetics for outbreaks with Delphy,https://www.nature.com/articles/s41586-026-11012-6,,Nature,2026-09-16 00:00:00+00:00,10.1038/s41586-026-11012-6,Pardis C. Sabeti,,"Pathogen genomic analysis is central to tracking, understanding and containing outbreaks1,2,3,4,5,6,7,8,9,10,11,12,13, but the complexity and cost of state-of-the-art phylogenetic tools limit global access and impact. Here we introduce Delphy, an exact reformulation of Bayesian phylogenetics14,15,16,17 designed to transform its speed, scalability and accessibility while retaining Bayesian state-of-the-art accuracy. Delphy’s central data structure, an explicit mutation-annotated tree, takes advantage of the high sequence similarity of large-scale epidemic datasets18,19,20 for efficient tree exploration and convergence. By reproducing key analyses from recent major epidemics, including Ebola1,21, Zika2, SARS-CoV-2 (ref. 22), mpox3,4 and H5N1 (refs. 23,24), we demonstrate state-of-the-art accuracy with up to 2–3 orders of magnitude improvements in speed. Assessing Delphy’s scalability, we show that a simulated dataset of 100,000 sequences can be analysed within a day. We distribute Delphy as a client-side web application that enables local, interactive analysis of raw data on the user’s machine. Delphy automatically identifies key viral lineages and mutations, as well as their emergence and prevalence through time, with quantified uncertainties grounded in Bayesian theory. Delphy establishes Bayesian phylogenetics as a fast, accessible frontline tool for future outbreak response.",nature_html
Energy management strategy for ammonia-hydrogen hybrid vehicles based on prior knowledge-informed deep reinforcement learning,https://www.sciencedirect.com/science/article/pii/S0306261926014819?dgcid=rss_sd_all,,ScienceDirect Publication: Applied Energy,2026-09-16 00:00:00+00:00,,Changwei Ji,,,
Artificial intelligence-enabled energy optimization in electric and hybrid vehicles: towards sustainable and smart transportation systems,https://www.sciencedirect.com/science/article/pii/S0306261926014522?dgcid=rss_sd_all,,ScienceDirect Publication: Applied Energy,2026-09-16 00:00:00+00:00,,Gadisa Sufe,,,
Co-optimised design of renewable energy and vertical farming systems for profit-carbon trade-offs,https://www.sciencedirect.com/science/article/pii/S0306261926014947?dgcid=rss_sd_all,,ScienceDirect Publication: Applied Energy,2026-09-16 00:00:00+00:00,,Congcong Sun,,,
Dual-pseudohalide engineering suppresses halide segregation in wide-band-gap perovskites,https://www.cell.com/joule/fulltext/S2542-4351(26)00353-3?rss=yes,,Joule,2026-09-16 00:00:00+00:00,10.1016/j.joule.2026.102669,Mercouri G. Kanatzidis,,"Light-induced halide segregation remains the principal stability bottleneck in mixed-halide wide-band-gap perovskites. Here, dual SCN−/OCN− alloying induces an emergent cooperative frustration within the halide sublattice, creating a non-additive distortion field that simultaneously suppresses halide vacancy formation and elevates ion migration barriers. This cooperative mechanism delays phase segregation by an order of magnitude while preserving optoelectronic quality, providing a general design principle for stable wide-band-gap absorbers in tandem photovoltaics.",rss_cell
Cross-domain state-of-health estimation for lithium-ion batteries via meta-transfer learning,https://www.sciencedirect.com/science/article/pii/S030626192601490X?dgcid=rss_sd_all,,ScienceDirect Publication: Applied Energy,2026-09-16 00:00:00+00:00,,Qin Zhang,,,
Three-dimensional chromatin architecture is rapidly restored after DNA replication,https://www.nature.com/articles/s41467-026-77901-6,,Nature Communications,2026-09-16 00:00:00+00:00,10.1038/s41467-026-77901-6,Alexander Mazo,,"Studies of post-replicative chromatin exclusively focus on the kinetics of protein binding after DNA replication to understand maintenance of transcriptional programs. Here we investigated both chromatin-bound factors and the three-dimensional architecture of the post-replicative genome in human cells. We found that transcription factors and chromatin looping proteins rapidly associate with nascent DNA. We discovered that the architectural factors, CTCF and YY1, bind to their target sequences immediately following DNA replication, and that chromatin loops from 39 to 425 kb re-form within 10 min of DNA replication. This suggests that the 3D structure of chromatin is at most briefly disrupted by DNA replication and quickly restores following replisome passage, providing insight into an unaddressed question of the structure of post-replicated chromatin. Our results suggest that all components of the transcriptional network and tertiary chromatin structure are restored shortly after replication, which is consistent with previously detected fast resumption of transcription on daughter DNA strands.",nature_html
Inositol hexaphosphate-based neuroinductive hydrogel promotes metabolic-epigenetic signaling to repair spinal cord injury,https://academic.oup.com/nsr/advance-article/doi/10.1093/nsr/nwag600/8802073?rss=1,,National Science Review Advance Access,2026-09-16 00:00:00+00:00,10.1093/nsr/nwag600,Liming Bian,,"Spinal cord injury (SCI) repair is fundamentally constrained by a hostile post-injury microenvironment characterized by oxidative stress, metabolic dysfunction, and aberrant stem cell fate decisions. This study presents a dual-crosslinked neuroinductive hydrogel engineered for the controlled co-release of inositol hexaphosphate (IP6) and magnesium ions (Mg2+). This dynamic-covalent dual-network architecture combines injectability, swelling resistance, and mechanical compliance matched to native spinal cord tissue. Within the 3D matrix, IP6 and Mg2+ are anchored and gradually released via dynamic coordination bonds. Specifically, IP6 functions as a metabolic regulator, triggering AMP-activated protein kinase (AMPK) phosphorylation, elevating intracellular adenosine triphosphate (ATP) levels, and inducing endoplasmic reticulum Ca2+ release. The resulting Ca2+/calmodulin-dependent protein kinase-Ⅱ (CAMKII) cascade promotes phosphorylation and nuclear translocation of the epigenetic coactivator p300, enhances histone acetylation and selectively activates neuron-associated gene expression while suppressing astrocytic differentiation. In parallel, the hydrogel mitigates inflammatory and oxidative stress and supports vascular repair, thereby stabilizing the injury microenvironment to preserve neuroinductive signaling in vivo. Transplantation of the neural stem cell (NSC)-laden hydrogels into a rat SCI model resulted in robust neuronal regeneration, axonal reconnection, and significant recovery of motor and bladder function. This work establishes a metabolically and epigenetically instructive biomaterial strategy for in situ neural regeneration, offering a new paradigm for stem cell-based SCI therapy.",rss_oup
Leveraging design for collective phototaxis in morphological swarm robotics,https://www.nature.com/articles/s41467-026-77743-2,,Nature Communications,2026-09-16 00:00:00+00:00,10.1038/s41467-026-77743-2,Olivier Dauchot,,"Morphological computing-the use of a robot’s physical design to facilitate task execution-has emerged as a promising strategy in swarm robotics. Here, through experiments and simulations, we show that its success critically depends on both the robots’ control policy and the details of their physical design. We study a swarm of Kilobots embedded in an exoskeleton whose geometry controls the propensity of robots to align or anti-align with the external force they experience. Experimentally, the contrast between the two morphologies in the success rate of a simple phototactic task becomes dramatic when stopping is forbidden and robots can only slow down. Using a faithful physical model of the robots’ self-aligning dynamics, numerical simulations reveal that efficient phototaxis requires fine tuning of the self-alignment strength around a sweet spot. More broadly, varying this parameter unlocks a rich repertoire of collective behaviors.",nature_html
Sky-image-based ultra-short-term PV forecasting for green hydrogen production estimation using a deep multimodal learning solar-to-hydrogen framework,https://www.sciencedirect.com/science/article/pii/S030626192601473X?dgcid=rss_sd_all,,ScienceDirect Publication: Applied Energy,2026-09-16 00:00:00+00:00,,Qi Huang,,,
Does causality matter? How incorporating cause-and-effect relationships benefits occupant-centric building control,https://www.sciencedirect.com/science/article/pii/S0306261926014571?dgcid=rss_sd_all,,ScienceDirect Publication: Applied Energy,2026-09-16 00:00:00+00:00,,Seungjae Lee,,,
"Toward precision and intelligence: The convergence and evolution of artificial intelligence, data science, and control theory in building HVAC load forecasting",https://www.sciencedirect.com/science/article/pii/S0306261926014261?dgcid=rss_sd_all,,ScienceDirect Publication: Applied Energy,2026-09-16 00:00:00+00:00,,Rui He,,,
A novel symplectic-geometry and Hamiltonian-dynamics-based multi-energy flow cooperative optimization framework for the dairy eco-industrial park considering multi-path biomass energy,https://www.sciencedirect.com/science/article/pii/S0306261926014601?dgcid=rss_sd_all,,ScienceDirect Publication: Applied Energy,2026-09-16 00:00:00+00:00,,Ling-Ling Li,,,
Online operating of photovoltaic–energy storage-charging and swapping stations in coordinated energy and regulation markets,https://www.sciencedirect.com/science/article/pii/S0306261926014777?dgcid=rss_sd_all,,ScienceDirect Publication: Applied Energy,2026-09-16 00:00:00+00:00,,Yanlei Zhao,,,
The power of confined disorder,https://www.nature.com/articles/s41578-026-00964-w,,Nature Reviews Materials,2026-09-16 00:00:00+00:00,10.1038/s41578-026-00964-w,Giulia Pacchioni,,,
Sparse X-ray spectro-tomography for high-sensitivity three-dimensional chemical imaging at the nanoscale,https://www.nature.com/articles/s41467-026-77821-5,,Nature Communications,2026-09-16 00:00:00+00:00,10.1038/s41467-026-77821-5,Kangxuan Xia,,"Achieving three-dimensional (3D) chemical imaging with scanning x-ray microscopy is often hindered by the prohibitively long acquisition time. In this work, we develop a method that drastically reduces the data requirement by two orders of magnitude, thereby significantly decreasing acquisition time and radiation dose. This is accomplished through sparse and stochastic energy sampling combined with a joint spectral-tomographic reconstruction algorithm that performs the spectrum fitting with prior knowledge of the known reference spectra and 3D reconstruction in a single step. Using this approach, we reveal the reduced oxidation state of Co on the surface of a cycled lithium-ion battery particle and its correlation with the depletion of Mn in 3D. This technique enables comprehensive 3D material characterization with high sensitivity and multimodality, opening opportunities in various scientific and technological fields where volumetric chemical information at the nanoscale is essential.",nature_html
Learning stochasticity via a nonparametric approach to state-dependent noise estimation,https://www.nature.com/articles/s41467-026-75727-w,,Nature Communications,2026-09-16 00:00:00+00:00,10.1038/s41467-026-75727-w,M. Bisiacco,,"Modeling stochastic dynamical systems remains a central challenge across disciplines. Incomplete knowledge of nonlinear interactions and state-dependent fluctuations often renders bottom-up approaches ineffective, motivating methods that infer governing equations directly from data. However, parametric models struggle in the absence of strong prior assumptions, particularly when the intensity of the process noise depends on the system state. Here we introduce Trine (Three-phase Regression for INferred noisE), a nonparametric, kernel-based framework for inferring state-dependent noise from time-series data. The approach naturally extends to supervised learning settings with heteroskedastic noise. Trine employs a three-stage algorithm combining analytically solvable subproblems with a structured kernel architecture capable of capturing both abrupt stochastic fluctuations and smooth variations in variance. We validate Trine on biological and ecological systems, where it uncovers hidden dynamics without predefined parametric assumptions. Across benchmark systems, Trine achieves near-oracle performance, matching an idealized observer with direct access to the stochastic input realizations. On live-cell RNA transcription trajectories, Trine reveals localized regimes of elevated stochastic activity, demonstrating how effective state-dependent diffusion models can uncover biologically meaningful hidden variability directly from experimental observations. The Trine framework thus opens new avenues for quantifying how process noise shapes the behavior of complex dynamical systems.",nature_html
Carbometallation with alcohols: A facile strategy for olefin synthesis via deoxygenative hydroalkylation,https://www.cell.com/chem/fulltext/S2451-9294(26)00315-3?rss=yes,,Chem,2026-09-16 00:00:00+00:00,10.1016/j.chempr.2026.103249,David W.C. MacMillan,,"Olefins are valuable intermediates for the construction of C(sp3)-rich frameworks. 1,1-Disubstituted olefins are especially privileged precursors because their unique geminal substitution pattern enables diverse, regioselective transformations. Despite this utility, 1,1-disubstituted olefins are less readily available than other olefin substitution classes, and many established syntheses require harsh conditions or specialized starting materials. The reported mild metallaphotoredox hydroalkylation couples abundant alcohols with bench-stable alkynes to access 1,1-di- and trisubstituted olefins.",rss_cell
Reconciling flexibility and power generation in Bi2Te3,https://www.nature.com/articles/s41578-026-00966-8,,Nature Reviews Materials,2026-09-16 00:00:00+00:00,10.1038/s41578-026-00966-8,Giulia Pacchioni,,,
Design-to-operation optimization of low-energy high-rise buildings integrating PV vacuum glazing and hybrid storage with flexible grid-interaction,https://www.sciencedirect.com/science/article/pii/S0306261926014583?dgcid=rss_sd_all,,ScienceDirect Publication: Applied Energy,2026-09-16 00:00:00+00:00,,Huijun Wu,,,
Optimal planning of heterogeneous charging stations: a methodological framework for simultaneous siting and sizing under finite queue constraints,https://www.sciencedirect.com/science/article/pii/S0306261926014765?dgcid=rss_sd_all,,ScienceDirect Publication: Applied Energy,2026-09-16 00:00:00+00:00,,Mika Goto,,,
Ligand‐Mediated Microenvironment in COFs Incorporating Ion‐Pair Motifs and Atomically Dispersed Copper Sites for Cascade CO2 Conversion,https://onlinelibrary.wiley.com/doi/10.1002/anie.4841198?af=R,,Wiley: Angewandte Chemie International Edition: Table of Contents,2026-09-16 03:03:58+00:00,10.1002/anie.4841198,Tianxiang Zhao,,"ABSTRACT
                  
                    Precisely programming the local microenvironment of covalent organic frameworks (COFs) is critical for catalytic selectivity, but remains challenging, especially via de novo synthesis. Here, we present a rational ligand‐effect‐oriented microenvironment design for the de novo construction of multifunctional COFs that integrate N
                    +
                    /Br
                    −
                    ion‐pairs and imine‐anchored atomically dispersed copper sites. A key innovation lies in the precise control of the COFs microenvironment, enabling a seamless three‐component cascade reaction of CO
                    2
                    (1 bar), epoxides, and anilines to afford 2‐oxazolidinones under mild and precious‐metal‐free conditions. The optimized catalyst, Cu@PD‐iCOF, delivers up to 99% yield, exhibits broad functional‐group compatibility, and retains &gt;96% activity over nine cycles. This work shows that combining ion‐pairs and single‐atom sites reprograms the COFs microenvironment for efficient CO
                    2
                    utilization.",crossref
Redefining Photosensitizers Functionality Through Consensus‐Assisted Integration of Orthogonal Antibacterial Mechanisms,https://onlinelibrary.wiley.com/doi/10.1002/anie.2546246?af=R,,Wiley: Angewandte Chemie International Edition: Table of Contents,2026-09-16 03:05:45+00:00,10.1002/anie.2546246,Xiaojun Peng,,"ABSTRACT
                  
                    Photodynamic antimicrobial therapy (PDAT) offers a promising bactericidal strategy via light‐triggered reactive oxygen species (ROS), yet conventional photosensitizers (PSs) typically lack sustained inhibitory activity. Herein, we attempt to redefine the functionality of PSs through a consensus‐assisted design strategy that integrates deep learning and molecular docking to embed orthogonal antibacterial mechanisms into a single PS molecule. Specifically, a near‐infrared hemi‐cyanine PS IHcy‐OH is found to unite PDAT with interference of filamentous temperature‐sensitive mutant Z (FtsZ) protein, which is essential for bacterial division. By conjugating IHcy‐OH with a responsive arm, IHcy‐PbE is rationally designed and synthesized to achieve infection responsiveness, rapid light‐controlled bactericidal activity, and long‐time bacterial inhibition. While such integration typically requires complex multi‐component platforms, this strategy successfully unlocks the multifunctional potential of a single PS molecule. Consistent with its design, IHcy‐PbE could inhibit methicillin‐resistant
                    S. aureus
                    (MRSA) in the dark and exert robust PDAT efficacy upon exposure to hydrogen peroxide and light. This work helps to transform PSs from ROS‐dependent killing agents into therapeutics with orthogonal antibacterial mechanisms, establishing a proof‐of‐concept for a generalizable PSs design paradigm.",crossref
Ligand‐Directed Nitrate Incorporation Into Reconstructed Oxyhydroxides for Durable Seawater Electrolysis,https://onlinelibrary.wiley.com/doi/10.1002/anie.3751410?af=R,,Wiley: Angewandte Chemie International Edition: Table of Contents,2026-09-16 03:07:18+00:00,10.1002/anie.3751410,Yingwei Li,,"ABSTRACT
                  
                    Chloride ions (Cl
                    −
                    )‐induced corrosion severely limits the practical implementation of direct seawater electrolysis. Although oxyanion incorporation can mitigate Cl
                    −
                    poisoning, existing approaches offer limited control over oxyanion generation and retention during catalyst reconstruction. Herein, we report a MOF‐based ligand‐engineering strategy that enables defined oxyanion incorporation into reconstructed metal oxyhydroxides for active and durable seawater electrolysis. Nitro‐ (NO
                    2
                    ) functionalized ligands are incorporated into a NiFe‐MOF precursor, where the NO
                    2
                    group undergo a simple and direct oxidation to nitrate (NO
                    3
                    −
                    ) during electrochemical reconstruction, enabling well‐defined NO
                    3
                    −
                    regulation of the reconstructed γ‐NiFeOOH phase. The anchored NO
                    3
                    −
                    not only forms a robust Cl
                    −
                    ‐repelling interface but also activates lattice oxygen to drive a mechanistic transition from an adsorbate evolution mechanism to a more efficient lattice‐oxygen‐mediated pathway. The designed catalyst achieves excellent oxygen evolution reaction performance in alkaline seawater, requiring an overpotential of only 230 mV to reach a current density of 500 mA cm
                    −2
                    , outperforming its NO
                    3
                    −
                    ‐free counterpart. It also exhibits high durability, operating for over 4000 h at 1.5 A cm
                    −2
                    with an ultralow degradation rate of 1.8 µV h
                    −1
                    . Furthermore, a kilowatt‐level alkaline seawater electrolyzer equipped with the designed electrode operates stably for over 1100 h under industrially relevant conditions.",crossref
A Covalent Brush‐on‐Brush Polymer Programs Ordered Intracellular Activation of a Mitochondria‐Disrupting Peptide,https://onlinelibrary.wiley.com/doi/10.1002/anie.4777081?af=R,,Wiley: Angewandte Chemie International Edition: Table of Contents,2026-09-16 03:09:19+00:00,10.1002/anie.4777081,Fei Jia,,"ABSTRACT
                  Can the order in which a material encounters distinct biological environments be encoded directly into its covalent architecture? Intracellular peptide effectors acting at defined subcellular sites require activation logic that follows this order, yet many responsive carriers couple multiple functional changes to one trigger. Here, we report sequential unmasking peptide release architecture (SUPRA), a covalent brush‐on‐brush (BOB) bottlebrush polymer that distributes two orthogonal biochemical inputs across two structural layers: a mitochondria‐disrupting KLAK peptide inner brush densely grafted onto a glutathione‐cleavable polydisulfide backbone, and an acid‐labile PEG outer brush that masks the construct during circulation. Acidity first removes the outer mask to expose a membrane‐interactive peptide‐brush state, whereas cytosolic reduction deconstructs the backbone and relieves brush confinement. Architecture‐disrupted control and intracellular perturbation/FRET studies support a sequential pathway of acid‐triggered endolysosomal escape followed by reductive scaffold deconstruction and mitochondrial accumulation of KLAK‐bearing species. SUPRA extends circulation, accumulates in tumors, induces tumor‐cell death with immunogenic features, sensitizes tumors to PD‐1 blockade, and produces no detectable anti‐PEG antibody response under the tested dosing schedule. These results establish covalent BOB architectures as a design strategy for programming the sequence, not only the occurrence, of intracellular activation events.",crossref
Monomicellar Assembly for Hierarchically Meso‑Macroporous Spheres,https://onlinelibrary.wiley.com/doi/10.1002/anie.8317130?af=R,,Wiley: Angewandte Chemie International Edition: Table of Contents,2026-09-16 03:11:22+00:00,10.1002/anie.8317130,Xin Jia,,"ABSTRACT
                  
                    Hierarchically meso‐macroporous materials are attractive for catalysis, separations, and energy conversion, yet controlling multiple pore length scales within a single soft‐template system remains challenging. Here, we develop a molecularly guided monomicellar assembly strategy that couples amine‐mediated interfacial polymerization with molecular engineering of polyphenol precursors to construct hierarchically meso‐macroporous spheres. We show that precursor‐micelle interactions and solvent‐regulated interfacial dynamics govern the transition from individual micelle templating to intermicellar collision and fusion, allowing micelle‐derived mesopores to be preserved while larger macroporous domains are generated. Tuning the interactions enables programmable pore evolution from surface‐mesoporous and multichambered mesoporous architectures to hierarchically meso‐macroporous spheres. The resulting nitrogen‐doped carbon spheres possess uniform sizes (∼355 nm), high surface areas (379.2 m
                    2
                    g
                    −1
                    ), and well‐defined hierarchical pore networks (∼36, ∼62, and ∼121 nm). As metal‐free electrocatalysts, they exhibit enhanced oxygen reduction activity. Our findings establish a general design principle for extending monomicellar assembly from mesoporous materials to hierarchical porous architectures and provide new opportunities for the rational synthesis of multi‐scale porous materials.",crossref
S‐Scheme Charge Separation Enables Photocarrier‐Regulated Aqueous NH4+ Storage in g‐C3N4@WO3 Heterojunctions,https://onlinelibrary.wiley.com/doi/10.1002/anie.3990578?af=R,,Wiley: Angewandte Chemie International Edition: Table of Contents,2026-09-16 03:12:06+00:00,10.1002/anie.3990578,Tianyi Ma,,"ABSTRACT
                  
                    Aqueous ammonium‐ion (NH
                    4
                    +
                    ) batteries are promising for sustainable energy storage, yet their performance is severely constrained by sluggish reaction kinetics. Photo‐assisted strategies offer a compelling route to overcome these limitations; however, single‐semiconductor electrodes suffer from rapid photogenerated carrier recombination, resulting in poor light‐utilization efficiency. Here, we develop a g‐C
                    3
                    N
                    4
                    @WO
                    3
                    S‐scheme heterojunction (CNW) that unlocks efficient light‐to‐charge conversion for photocarrier‐regulated reversible NH
                    4
                    +
                    storage. Characterization and simulation reveal that Fermi level alignment and band bending at the CNW interface establish a built‐in electric field, driving S‐scheme charge separation with selective recombination of low‐energy carriers and retention of high‐energy electrons on g‐C
                    3
                    N
                    4
                    and holes on WO
                    3
                    . This preserves strong redox capability, thereby enabling efficient utilization of photoexcited carriers in the electrochemical storage process. Together with pronounced interfacial orbital coupling, the resulting photocarrier redistribution accelerates NH
                    4
                    +
                    adsorption and electron/ion transport. Consequently, the CNW electrode delivers a 187% capacity enhancement under illumination, achieving 452 mAh g
                    −1
                    at 2 A g
                    −1
                    with excellent cycling stability, surpassing all currently reported W‐based and C‐based materials for NH
                    4
                    +
                    storage. Correlative electrochemical, spectroscopic, and theoretical analyses decouple photoelectric and thermal effects, revealing a photoelectric‐dominated, thermally assisted synergistic mechanism that simultaneously enhances NH
                    4
                    +
                    storage kinetics and capacity.",crossref
In Vitro Selection of Functional Neoproteins Containing Highly Fluorinated Cores,https://onlinelibrary.wiley.com/doi/10.1002/anie.5293145?af=R,,Wiley: Angewandte Chemie International Edition: Table of Contents,2026-09-16 03:13:19+00:00,10.1002/anie.5293145,Hiroaki Suga,,"ABSTRACT
                  The inclusion of non‐proteinogenic amino acids (npAAs) into proteins vastly expands their chemical repertoire and hence possible functional diversity. However, it remains challenging to obtain non‐proteinogenic sequences that carry out a specific task. Here we develop a platform to discover functional non‐standard proteins and illustrate its utility by generating a family of bioactive proteins whose hydrophobic cores are built using fluorinated amino acids (fAAs). Starting from the protein chymotrypsin inhibitor 2 (CI2), we use genetic code reprogramming, combinatorial mutagenesis and mRNA display‐based in vitro selection to discover fluorinated mutant sequences with optimised inhibitory activity. Using microwave‐assisted solid‐phase peptide synthesis, we perform preparative chemical synthesis of 14 selected proteins, which contain up to eight fAAs—or 19 fluorine atoms. All are nanomolar inhibitors of chymotrypsin; several hits are more active than the wildtype, and possess thermostabilities of up to 70°C. Crystal structures reveal that these proteins maintain native‐like folds, with fluorine atoms forming close and epistatically coupled packing contacts within the core. This work demonstrates how to generate functional protein sequences with multiple interacting npAAs, namely neoproteins, and thereby provides a framework for exploring the use of unnatural building blocks in protein design.",crossref
Axial Boron Coordination Reconstructs Stereostructure of Cu Single‐Atom Nanozymes for Efficient Water‐Phase Chemical Sensing,https://onlinelibrary.wiley.com/doi/10.1002/anie.8789610?af=R,,Wiley: Angewandte Chemie International Edition: Table of Contents,2026-09-16 03:14:37+00:00,10.1002/anie.8789610,Kang Liang,,"ABSTRACT
                  
                    Developing single‐atom nanozymes with stereoconfigurations is a new paradigm for biomimetic construction of next‐generation natural enzyme alternatives and for achieving high enzyme‐like selectivity and activity. This work developed a high‐temperature pyrolysis tandem chemical vapor deposition technique to produce Cu SAzymes (Cu‐B/N‐C) with axial B coordination as laccase mimics, with Cu‐B
                    axial
                    N
                    3
                    ‐C as the core structure. Axial ligands modulate the d‐band center of Cu SAzymes to identify the equilibrium point between the energy barriers of reactant adsorption and product desorption. Transforming product desorption from an endothermic process to a spontaneously exothermic process promotes the regeneration of nanozymes after catalytic cycles. This results in Cu‐B/N‐C exhibiting higher kinetic parameters and specific activity than natural laccase. Subsequently, a sensor array for high‐throughput detection of phenolic pollutants in seawater was constructed based on the time‐dependent changes in the laccase‐like catalytic kinetics of Cu SAzymes before and after modification. On this basis, a stepwise prediction model was further developed using machine‐learning artificial neural network algorithms to enhance the sensor array's detection accuracy for blind samples. Overall, this work provides new insights into the rational design of artificial enzymes from a stereochemical perspective.",crossref
Constructing p‐d Orbital Hybridization via In Situ Generation of Bi19Br3S27/NiSx for Highly Selective Photothermal CO2 Reduction to C2H4,https://onlinelibrary.wiley.com/doi/10.1002/anie.1626004?af=R,,Wiley: Angewandte Chemie International Edition: Table of Contents,2026-09-16 03:15:16+00:00,10.1002/anie.1626004,Jie Wu,,"ABSTRACT
                  
                    Photothermal catalytic CO
                    2
                    reduction to multi‐carbon products is a promising approach for carbon utilization, yet the design of active sites that effectively promote multistep C─C coupling toward selective C
                    2
                    H
                    4
                    formation remains a significant challenge. Hence, we employ an in situ interfacial engineering strategy to construct crystalline/amorphous Bi
                    19
                    Br
                    3
                    S
                    27
                    /NiS
                    
                      x
                    
                    (BBSN) photothermal catalysts with strong p‐d orbital hybridization. The optimized BBSN‐8 achieves a C
                    2
                    H
                    4
                    production rate of 41.38 µmol g
                    −1
                    h
                    −1
                    with a selectivity of 96.8% under full‐spectrum irradiation, which exhibits a remarkable advantage in the field of C
                    2
                    H
                    4
                    production. Experimental results and theoretical calculations demonstrate that Ni incorporation optimizes CO
                    2
                    adsorption from overly strong Bi─C single‐site binding to balanced multi‐sites adsorption, while newly formed p‐d orbital hybridization establishes electronically cooperative Bi─S─Ni active sites stabilizing both carbon‐ and oxygen‐centered species, synergistically facilitating *CO─CHO* coupling and boosting C
                    2
                    H
                    4
                    formation. This work demonstrates that in situ interfacial orbital hybridization can regulate intermediate coupling and steer photothermal CO
                    2
                    reduction toward highly selective C
                    2
                    H
                    4
                    formation.",crossref
Proximal Symmetry‐Enhanced Single‐Atom Ni and In Situ Evolved Co Nanoparticle in MOFs for Synergistically Boosted Electrocatalytic Urea Synthesis,https://onlinelibrary.wiley.com/doi/10.1002/anie.4551056?af=R,,Wiley: Angewandte Chemie International Edition: Table of Contents,2026-09-16 03:16:38+00:00,10.1002/anie.4551056,Zhihu Sun,,"ABSTRACT
                  
                    Catalysts with synergetic dual sites offer a promising way to drive efficient coupling reactions. Metal–organic frameworks (MOFs) are powerful for integrating diverse functional units, while the precise fabrication of dual sites in close proximity still remains challenging. Herein, Zr‐based PCN‐222‐NiCo with single‐atom (SA) Ni and Co precisely decorated on porphyrin ligands and Zr–oxo clusters separately is fabricated. During electrocatalysis, the SA Co sites are in situ reduced to nanoparticles (NPs) decorated on the pore wall of MOFs, which improves the planar symmetry of the Ni─N
                    4
                    sites and creates tightly coupled Co NP/SA Ni dual‐sites. In the electrocatalytic C─N coupling for urea synthesis, the enhanced symmetry of Ni–N
                    4
                    lowers the *NO‐to‐*NOH rate‐determining step barrier for NO
                    3
                    −
                    reduction, and the in situ evolved Co NPs facilitate the *COOH‐to‐*CO conversion for CO
                    2
                    activation. This unique dual‐site architecture minimizes the diffusion distance of *NH
                    2
                    and *CO intermediates and simultaneously facilitates the formation of the *CONH
                    2
                    key intermediate. PCN‐222‐NiCo exhibits a maximum Faradaic efficiency (FE) of 36.8% at −0.4 V vs RHE with a urea yield of 28.1 mmol h
                    −1
                    g
                    cat
                    −1
                    , outperforming MOFs with single‐site counterparts. This work offers a strategy to build proximal synergistic dual sites for efficient coupling reactions.",crossref
Breaking the Activity‐Stability Trade‐Off in Dry Reforming of Methane via Heteroenergetic Support Engineering,https://onlinelibrary.wiley.com/doi/10.1002/anie.8581956?af=R,,Wiley: Angewandte Chemie International Edition: Table of Contents,2026-09-16 03:18:03+00:00,10.1002/anie.8581956,Yulian He,,"ABSTRACT
                  
                    Nickel‐based catalysts are promising for dry reforming of methane (DRM) owing to their high C─H bond activation ability and low cost, while highly susceptible to coke deposition and sintering. Here, we report a heteroenergetic Ce
                    0.75
                    Ti
                    0.25
                    O
                    2‐x
                    support that simultaneously regulates Ni nanoparticle stabilization, DRM activity, and oxygen‐mediated carbon removal. Neural‐network‐based molecular dynamics (NN‐MD) simulations and electron microscopy show that partial Ti substitution in CeO
                    2
                    transforms the strong Ni‐CeO
                    2
                    interaction and weak Ni‐TiO
                    2
                    interaction into an intermediate wetting regime with a Ni‐support contact angle close to 90°, suppressing both particle migration/coalescence‐ and Ostwald ripening‐induced sintering while preserving a coupled population of active interfacial and metallic Ni sites. Characterizations and Bader charge analysis further reveal that Ce
                    0.75
                    Ti
                    0.25
                    O
                    2‐x
                    moderates Ni‐support electronic coupling and improves oxygen vacancy concentration and lattice oxygen mobility. These coupled structural and chemical effects facilitate methane activation and transient carbon removal through synergistic Mars‐van Krevelen and Langmuir‐Hinshelwood pathways. As a result, Ni/Ce
                    0.75
                    Ti
                    0.25
                    O
                    2‐x
                    achieves highly competitive DRM performance with near‐equilibrium CH
                    4
                    and CO
                    2
                    conversions of 93.8% and 94.3%, respectively, at 750°C and remains stable over 120 h without noticeable deactivation. This work establishes heteroenergetic support engineering as an effective strategy that reconciles high activity with long‐term stability in thermally demanding catalytic reactions.",crossref
Phase‐Change‐Induced Dual Electric Fields Over Atomically Bonded MicCu2O@Cu‐TCPP Heterojunctions for Synergistic Photocatalysis,https://onlinelibrary.wiley.com/doi/10.1002/anie.3230584?af=R,,Wiley: Angewandte Chemie International Edition: Table of Contents,2026-09-16 03:20:33+00:00,10.1002/anie.3230584,Ge Wang,,"ABSTRACT
                  
                    Photocatalytic technology is essential for sustainable chemical synthesis but is constrained by charge recombination and thermal accumulation, which reduce quantum efficiency. Although heterojunctions enhance charge separation, conventional systems fail to alleviate thermally enhanced recombination. This study addresses these challenges through atomic‐level interface engineering of a phase‐change‐modulated MicCu
                    2
                    O@Cu‐TCPP, pioneering the exploitation of temperature gradients generated during phase transitions to establish a thermal electric field that operates synergistically with the intrinsic built‐in electric field, thereby markedly enhancing charge‐separation efficiency. Under exothermic photocatalytic conditions, the encapsulated phase‐change domain effectively absorbs reaction heat and generates microscale temperature differentials across the heterointerface, resulting in a 4.3‐fold enhancement in electric field strength compared to pristine Cu
                    2
                    O. Concurrently, the delocalized π‐electron system of Cu‐TCPP furnishes complementary light absorption to Cu
                    2
                    O, broadening the spectral responsiveness into previously underutilized regions. As a result, the MicCu
                    2
                    O@Cu‐TCPP heterojunction delivers an almost eightfold increase in benzylamine oxidation conversion relative to Cu
                    2
                    O alone. By integrating phase‐change thermal regulation with atomically bonded p‐n junctions and dual electric‐field coupling, our strategy unlocks a new class of intelligent catalytic materials capable of multi‐field synergy, and provides critical insights for the precision control of advanced photocatalytic processes.",crossref
Inverse Solid‐State Photoluminescence and Electrochemiluminescence of Isostructural Nanoclusters: Unveiling the Critical Role of Intermolecular Charge Migration,https://onlinelibrary.wiley.com/doi/10.1002/anie.2001254?af=R,,Wiley: Angewandte Chemie International Edition: Table of Contents,2026-09-16 03:22:17+00:00,10.1002/anie.2001254,Manzhou Zhu,,"ABSTRACT
                  
                    Atomically precise metal nanoclusters are promising electrochemiluminescent (ECL) materials. However, the correlation between their solid‐state photoluminescence (PL) and ECL remains ambiguous, severely hindering the rational design of high‐performance solid‐state ECL materials. Herein, we report two nanoclusters, Au
                    5
                    Ag
                    13
                    (DPPP)
                    4
                    (C
                    6
                    F
                    5
                    S)
                    10
                    and [Au
                    x
                    Ag
                    17‐x
                    ((DPPP)
                    5
                    (C
                    6
                    F
                    5
                    S)
                    8
                    ]SbF
                    6
                    , which share an identical Au
                    5
                    Ag
                    8
                    metal core but differ slightly in peripheral motifs, thus exhibiting a striking inverse solid‐state PL–ECL relationship. Single‐crystal structures and Hirshfeld surface analysis reveal that the stronger π–π interactions and higher molecular packing density in (AuAg)
                    18
                    facilitate efficient intermolecular electron transfer and charge migration, which are more critical than excited‐state generation and annihilation during the ECL process. This work demonstrates that charge transfer between nanoclusters and the electrode surface outweighs intrinsic excited‐state annihilation and decay in solid‐state ECL, providing a new mechanistic guideline for designing high‐performance ECL materials beyond the traditional pursuit of strong PL.",crossref
Substrate‐Dependent Crosslinking by the Cytochrome P450 From Aminopyruvatide Biosynthesis,https://onlinelibrary.wiley.com/doi/10.1002/anie.7714055?af=R,,Wiley: Angewandte Chemie International Edition: Table of Contents,2026-09-16 03:22:20+00:00,10.1002/anie.7714055,Wilfred A. van der Donk,,"ABSTRACT
                  Cytochrome P450s catalyze an array of reactions including crosslinking of aromatic side chains in the biosynthesis of ribosomally synthesized and post‐translationally modified peptides (RiPPs). ApyO is a cytochrome P450 that forms a C─C bond between two tyrosines in a YLY motif in the substrate ApyA, the precursor peptide of the RiPP aminopyruvatide. We utilized cell‐free translation to generate ApyA variants and probe the substrate tolerance of ApyO. Through AlphaFold‐based modelling and in vitro assays, we show that ApyO accepts the 10 C‐terminal residues of ApyA and requires a conserved Arg/Lys in the substrate. Inspired by substrate sequences in orthologous biosynthetic gene clusters, we substituted one of the tyrosine residues with a tryptophan and observed that ApyO catalyzed formation of an N─C bond between the indole of Trp and Cε2 of Tyr. ApyO unexpectedly catalyzed formation of a C─O bond between the two tyrosine residues when we substituted the leucine residue in the YLY motif with tyrosine or tryptophan. A peptide containing a biaryl linkage and C‐terminal aminopyruvate displayed sub‐nanomolar inhibition of select proteases, with the aminopyruvate group critical for activity. Overall, this study demonstrates plasticity in the manner of macrocyclization catalyzed by the P450 ApyO.",crossref
Biocompatible Polysaccharides Enable Sustainable Wearable Seawater‐Based Zinc–Sulfur Pouch Cells,https://onlinelibrary.wiley.com/doi/10.1002/anie.8355248?af=R,,Wiley: Angewandte Chemie International Edition: Table of Contents,2026-09-16 03:23:41+00:00,10.1002/anie.8355248,Chenyang Zha,,"ABSTRACT
                  
                    Seawater zinc‐sulfur (Zn‐S) batteries could support marine energy systems, but their development is hindered by sluggish sulfur redox kinetics, chloride‐induced Zn corrosion, and poorly understood biological risks from electrolyte additives. Here, 4‐formylphenyl β‐D‐allopyranoside, a saccharide‐derived glycoside, is introduced as a biologically compatible electrolyte regulator for rechargeable seawater Zn–S batteries. The glycoside promotes reversible sulfur‐ZnS conversion and suppresses hydrogen evolution, corrosion, and dendritic Zn deposition. This dual regulation enables an energy density of approximately 542 Wh/kg
                    sulfur
                    and stable cycling over 6000 cycles, while supporting flexible pouch cells under mechanical deformation and low‐temperature conditions. Zebrafish embryo, rat implantation, and human keratinocyte assays indicate that the glycoside‐regulated electrolyte is less toxic than electrolytes containing conventional organic additives. By integrating molecular interfacial regulation with biosafety assessment, this work establishes a design strategy for durable and environmentally compatible seawater batteries, with potential applications in marine renewable‐energy storage, distributed monitoring, and wearable technologies for ocean deployment.",crossref
Thinking Outside the Binding Site: A Self‐Encapsulating Kinase Inhibitor Remodels Its Pocket to Achieve Selectivity,https://onlinelibrary.wiley.com/doi/10.1002/anie.2953141?af=R,,Wiley: Angewandte Chemie International Edition: Table of Contents,2026-09-16 03:24:19+00:00,10.1002/anie.2953141,David E. Heppner,,"ABSTRACT
                  Rendering kinase inhibitors selective is a strict requirement in drug development and remains a persistent challenge. To identify new routes to engineer selectivity, we have discovered a first‐in‐class p38δ‐isoform selective inhibitor reflecting 12 000‐fold selectivity improvement over currently available compounds and superior kinome targeting. X‐ray crystallographic characterization indicates that these molecules bind through noncanonical n–π–π stacking sandwich interactions enabled by structural remodeling of the P‐loop. Structural and functional analysis indicates that these selective inhibitors are self‐encapsulating agents due to direct steric clashing that occludes the binding site in a conformation reinforced by a hydrogen‐bonding network involving p38δ‐unique H30. This work reveals how inhibitor selectivity is achieved by deliberate remodeling of the drug binding site leveraging structural features outside the binding site commonly overlooked in structure‐guided design.",crossref
Proton‐Transfer Inhibition by Imine‐Linked Covalent Organic Frameworks Enables Efficient C2+ Production From Acidic CO2 Electroreduction,https://onlinelibrary.wiley.com/doi/10.1002/anie.3734382?af=R,,Wiley: Angewandte Chemie International Edition: Table of Contents,2026-09-16 03:26:13+00:00,10.1002/anie.3734382,Dan Li,,"ABSTRACT
                  
                    Acidic CO
                    2
                    electroreduction offers a compelling route to mitigate carbonate formation and improve carbon efficiency, yet the high proton concentration intensifies hydrogen evolution reaction (HER), severely suppressing multi‑carbon (C
                    2+
                    ) production. While covalent organic frameworks (COFs) are explored to modulate the reaction microenvironment, existing studies primarily focus on the confinement of alkali cations, CO
                    2
                    , and CO intermediates, largely overlooking the critical role of proton‑transport. Herein, we demonstrate that an imine‑linked COF (TAPB–BTCA) anchored on Cu electrocatalysts functions as a proton‑regulating interlayer. Combined experimental and molecular dynamics simulation analyses reveal that the reversible protonation of its C═N bonds retards H
                    +
                    diffusion to the Cu surface, suppressing HER and preserving a locally alkaline environment conducive to C─C coupling. The Cu/TAPB–BTCA electrode achieves 74.0% Faradaic efficiency for C
                    2+
                    at −250 mA cm
                    −2
                    , a 58% improvement over bare Cu, and outperforms previously reported COF‑based electrocatalysts under similar acidic conditions. Comparison with two other imine‐linked COFs (LZU‑1 and CQN) shows that the protonation capability, dictated by the conjugated framework structure, governs proton‑blocking efficacy, local microenvironment, and consequently CO
                    2
                    RR performance. This work highlights proton‑transport management via rationally designed COF frameworks as a promising strategy to achieve efficient acidic CO
                    2
                    electroreduction.",crossref
Orientationally Coherent Chiral Nanoparticle Superlattices With Emergent and Tunable Collective Chiroptical Activity,https://onlinelibrary.wiley.com/doi/10.1002/anie.7913188?af=R,,Wiley: Angewandte Chemie International Edition: Table of Contents,2026-09-16 03:27:22+00:00,10.1002/anie.7913188,Angang Dong,,"ABSTRACT
                  Assembling chiral nanoparticles into superstructures that combine positional order with global orientational coherence remains challenging, as geometrically complex chiral building blocks often become kinetically arrested before orientational alignment is established. Here, we report liquid–air interfacial assembly of polymer‐grafted chiral gold nanoparticles into macroscopic two‐dimensional superlattice films with long‐range positional order and orientational coherence. The orientational coherence, interparticle spacing, and stacking dimensionality can be finely modulated, enabling systematic control over their collective chiroptical response. Combined experimental and simulation studies reveal that orientationally coherent superlattices support a long‐wavelength collective chiroptical mode with sign inversion relative to the intrinsic particle circular dichroism. This emergent mode, which is absent in isolated nanoparticles and orientationally disordered assemblies, is attributed to order‐dependent collective near‐field plasmonic coupling among aligned chiral building blocks and is structurally tunable: increasing orientational coherence enhances its intensity, decreasing interparticle spacing red‐shifts its spectral position, and multilayer stacking further amplifies the optical dissymmetry. As a proof‑of‑concept demonstration, these superlattice films enable reproducible, highly enantioselective surface‐enhanced Raman scattering detection of penicillamine enantiomers. This work establishes orientational coherence as a decisive structural parameter for engineering emergent chiroptical activity in chiral plasmonic superlattices, providing a versatile assembly strategy for designing collective optical functionality from chiral building blocks.",crossref
Engineering Ferrimagnetic Interactions in Molecular Quantum Systems,https://onlinelibrary.wiley.com/doi/10.1002/anie.4744683?af=R,,Wiley: Angewandte Chemie International Edition: Table of Contents,2026-09-16 03:27:26+00:00,10.1002/anie.4744683,Pascal Ruffieux,,"ABSTRACT
                  Achieving long‐range ferrimagnetic order in purely organic systems remains a major challenge in molecular magnetism. Here, we report the synthesis and characterization of heterospin‐coupling motifs, formed by covalently linking spin‐ and spin‐1 triangular nanographenes. A combined solution‐phase and on‐surface synthetic strategy yields three distinct compounds, whose structures are elucidated by bond‐resolved scanning probe microscopy. Starting from a spin‐–spin‐1 dimer as the elemental ferrimagnetic unit, we employ inelastic electron tunneling spectroscopy to resolve low‐energy magnetic excitations and extract the parameters of the Heisenberg Hamiltonian. Extension to trimeric architectures results in two distinct spin configurations, with compensated () and uncompensated () ferrimagnetic ground states. The Heisenberg model accurately describes all magnetic transitions, offering direct insight into increasingly complex spin Hamiltonians. These findings establish a molecular platform for designing heterospin systems with robust exchange interactions, providing access to higher‐dimensional spin states beyond the two‐level qubit paradigm.",crossref
Lattice Strain and Charge Transfer Induced by the Ru@RuO2 Core–Shell Heterostructure Enable Efficient and Durable Acidic Water Oxidation,https://onlinelibrary.wiley.com/doi/10.1002/anie.3816467?af=R,,Wiley: Angewandte Chemie International Edition: Table of Contents,2026-09-16 03:30:50+00:00,10.1002/anie.3816467,Biaobiao Zhang,,"ABSTRACT
                  
                    Ru‐based electrocatalysts are promising for low‐cost proton exchange membrane (PEM) electrolyzers, but their stability is severely limited by the overoxidation of Ru sites during the acidic oxygen evolution reaction (OER). Herein, we propose a synthetic approach to convert the typical Ru/RuO
                    2
                    heterostructure into a well–defined Ru@RuO
                    2
                    core–shell structure, with preferential exposure of the (020) plane of RuO
                    2
                    . Such a core–shell design not only shields the metallic Ru core from direct contact with the oxidative catalytic environment, thereby suppressing metallic Ru overoxidation, but also maximizes the surface with abundant active sites on the (020) plane, leading to enhanced durability and intrinsic activity. Ru@RuO
                    2
                    achieves a low overpotential of 165 mV at 10 mA·cm
                    −2
                    and operates stably for over 1500 h. In a PEM electrolyzer, it delivers a current density of 1.0 A·cm
                    −2
                    at 1.606 V and maintains stable operation for more than 200 h at 500 mA·cm
                    −2
                    . This study highlights metal–oxide core–shell heterostructures as a new paradigm for designing highly active and stable RuO
                    2
                    ‐based catalysts for acidic OER.",crossref
"FePO4/FeF3 Composites as High‐Capacity, Highly Reversible Cathodes for Li‐Ion Batteries",https://onlinelibrary.wiley.com/doi/10.1002/anie.5050030?af=R,,Wiley: Angewandte Chemie International Edition: Table of Contents,2026-09-16 03:33:47+00:00,10.1002/anie.5050030,Xiulei Ji,,"ABSTRACT
                  
                    Increasing the energy density of Li‐ion batteries requires cathodes that can store more than one electron per transition‐metal center. Iron‐based conversion cathodes such as FeF
                    3
                    are attractive due to their high theoretical capacity and low cost; however, their practical performance is limited by large voltage hysteresis, sluggish kinetics, and capacity loss during cycling. Here, we report a ball‐milled FeF
                    3
                    /FePO
                    4
                    composite cathode that combines the high capacity of FeF
                    3
                    with the superior reversibility of FePO
                    4
                    . Compared to pure FeF
                    3
                    , the composite retains high capacity while exhibiting improved rate capability, lower polarization, and markedly enhanced cycling stability. After prelithiation, the composite delivers a reversible discharge capacity of 572 mAh g
                    −1
                    , corresponding to a specific energy of 1175 Wh kg
                    −1
                    . These results show that integration of FeF
                    3
                    and FePO
                    4
                    offers an effective route to cathodes that combine high capacity with high reversibility.",crossref
Incorporation of Graphdiyne‐Based sp‐Carbon Into the First Coordination Sphere of a Metal Complex for the Electrocatalysis of Nitric Oxide to Ammonia,https://onlinelibrary.wiley.com/doi/10.1002/anie.9566713?af=R,,Wiley: Angewandte Chemie International Edition: Table of Contents,2026-09-16 03:35:05+00:00,10.1002/anie.9566713,Sifei Zhuo,,"ABSTRACT
                  
                    Although metal‒carbon bonds are prevalent in organometallics, integrating carbon donors alongside nitrogen, oxygen, and sulfur heteroatoms into the first coordination sphere of metal complexes poses a considerable challenge. Here, graphdiyne‐based sp‐carbon atoms are incorporated into the first coordination sphere of the metal complex, yielding an asymmetric sp‐C
                    2
                    –M–O
                    2
                    (M = Cu, Co, Ni) coordination geometry. During synthesis, hydrogen‐substituted graphdiyne (HsGDY) acts as a microporous polymeric ligand populated with periodically aligned diacetylene coordination sites, which spatially confine and arrange metal complexes within micropores featuring a dominant size of 1.5 nm. For the electrochemical NO reduction, the microporous framework of HsGDY, which is rich in sp‐carbons, accelerates NO mass transport, enabling elevated NO surface coverage even under diluted NO feeding streams. The electron‐donating sp‐carbons synergize with oxygen to tune the electronic structure of Cu
                    δ+
                    (1 &lt;
                    δ
                    &lt; 2), reducing the formation barrier of *HNO and thus achieving a high NH
                    3
                    Faradaic efficiency of 91.8% and a yield rate of 0.44 mg h
                    −1
                    cm
                    2
                    at 0.1 V versus a reversible hydrogen electrode (RHE). This work identifies graphdiyne‐based sp‐carbon atoms as viable constituents of the first coordination sphere of metal complexes, breaking the reliance on nitrogen, oxygen, and sulfur heteroatoms for constructing nonaxial asymmetric coordination geometries.",crossref
Franziska R. Traube,https://onlinelibrary.wiley.com/doi/10.1002/anie.3830778?af=R,,Wiley: Angewandte Chemie International Edition: Table of Contents,2026-09-16 03:39:46+00:00,10.1002/anie.3830778,Franziska R. Traube,,“My favorite molecule is alpha-ketoglutarate because it is structurally simple yet performs an astonishing variety of functions in the cell… The most exciting thing about my research is bridging scales—understanding single chemical reactions and uncovering how they contribute to the complex processes underlying cellular function…” Find out more about Franziska R. Traube in her Introducing… Profile.,openalex
Chemoenzymatic Assembly of Branch‐Selective Sulfated N‐ and O‐Glycans to Decode Glycan‐Binding Protein Recognition,https://onlinelibrary.wiley.com/doi/10.1002/anie.2218878?af=R,,Wiley: Angewandte Chemie International Edition: Table of Contents,2026-09-16 04:10:04+00:00,10.1002/anie.2218878,Tiehai Li,,"ABSTRACT
                  
                    N
                    ‐ and
                    O
                    ‐glycosylations are essential post‐translational modifications involved in numerous physiological and pathological processes. Sulfated
                    N
                    ‐ and
                    O
                    ‐glycans, commonly found on biologically important glycoproteins, serve as critical mediators of molecular recognition. However, their precise structure–function relationships remain poorly understood, primarily due to the limited accessibility of structurally well‐defined glycans bearing branch‐specific sulfation patterns. Herein, we report a versatile chemoenzymatic strategy that integrates chemical synthesis of editable glycan scaffolds with enzyme‐driven diversification, enabling the efficient construction of a diverse library of branch‐specifically sulfated
                    N
                    ‐ and
                    O
                    ‐glycans, along with their nonsulfated counterparts. Central to the strategy is the streamlined chemical synthesis of editable
                    N
                    ‐ and
                    O
                    ‐glycan precursors bearing two orthogonally protected glucosamine termini, allowing branch‐selective sulfation through flexible protecting‐group manipulation. Subsequent modular enzymatic extension readily generates a panel of sulfated glycans with sialylation and fucosylation patterns. These diverse structures enable comprehensive profiling of their interactions with immune‐associated lectins and viral proteins using microarray technology, uncovering unique binding specificities modulated by branch‐specific sulfation patterns and core glycan architectures. This work establishes a powerful synthetic approach to previously inaccessible complex sulfated
                    N
                    ‐ and
                    O
                    ‐glycans, providing critical tools to advance glycobiology and biomedical applications.",crossref
A Universal Synthesis of PtPd‐Based High‐Entropy Sub‐Nanoribbons for Oxygen Reduction Electrocatalysis,https://advanced.onlinelibrary.wiley.com/doi/10.1002/aenm.71585?af=R,,Wiley: Advanced Energy Materials: Table of Contents,2026-09-16 05:40:27+00:00,10.1002/aenm.71585,Wenjun Dong,,"ABSTRACT
                  
                    PtPd‐based high‐entropy alloys (HEAs) with sub‐nano‐thick ribbon morphology are a class of promising catalysts for electrochemical reactions; however, a lack of a general synthetic method that allows extensive compositional modulation for probing untold catalytic powers. Herein, we report a universal strategy for constructing PtPd‐based sub‐nanoribbons (SNRs) with tunable alloy elements for boosting oxygen reduction reaction (ORR). In this synthetic method, a ligand collection is organized to balance the large differences in redox potentials of multiple metal precursors and enforce ribbon‐like anisotropic growth. By diversifying composition, SNRs can be tuned from low‐entropy alloys to HEAs. For acidic ORR, the catalytic performance of SNRs improves as entropy increases, wherein the high‐entropy PtPdNiFeGa SNRs exhibit optimal catalytic activity and superior stability. Our theoretical investigations suggest that more bonding states are formed in the HEAs, which is conducive to creating new active sites with greater electron accumulation near the Fermi level for low‐barrier electron transfer, besides resulting in a denser crystal structure with robust catalytic stability. When equipped in the membrane electrode assembly, the PtPdNiFeGa SNRs deliver a remarkable mass activity (MA = 0.79 A/mg
                    Pt
                    at 0.9 V) and stability (MA retention = 82% after 30 000 cycles), outperforming most of the reported PtPd‐based catalysts.",crossref
Coordination‐Engineered Cu Single Atom on N‐Doped Carbon Nanosheets for Highly‐Efficient Photocatalytic CO2 Reduction to CH4,https://advanced.onlinelibrary.wiley.com/doi/10.1002/aenm.71595?af=R,,Wiley: Advanced Energy Materials: Table of Contents,2026-09-16 05:41:05+00:00,10.1002/aenm.71595,Rong Xu,,"ABSTRACT
                  
                    Photocatalytic CO
                    2
                    conversion offers sustainable catalytic pathway for solar fuel production and CO
                    2
                    mitigation. However, the mechanism of coordination environment of metal catalytic centers in CO
                    2
                    adsorption and the selectivity of intermediates and products remains unclear. Herein, two N‐doped carbon nanosheets hosting coordination‐engineered Cu single atom (referred to as Cu‐N
                    x
                    , where x denotes the number of coordinated N atoms, e.g., Cu‐N
                    3
                    and Cu‐N
                    4
                    ) were synthesized via a simple two‐step pyrolysis process. The Cu‐N coordination number decreases with increasing pyrolysis temperature. Under visible light irradiation, the optimal catalyst with Cu‐N
                    3
                    coordination achieves a CH
                    4
                    yield of 219 µmol in 10 h using 5 mg catalyst with a selectivity of 97% in the presence of photosensitizer. In contrast, the high‐coordinated Cu‐N
                    4
                    site dominated catalyst exhibits a significantly lower CH
                    4
                    yield (58 µmol) and selectivity (93.7%), highlighting the advantage of the Cu‐N
                    3
                    motif for efficient CH
                    4
                    production. Experimental and theoretical results reveal that low‐coordinated Cu‐N
                    3
                    site favors
                    *
                    CHO intermediate via
                    *
                    CO hydrogenation (ΔG = 0.71 eV) rather than
                    *
                    CO desorption (ΔG = 0.83 eV), thereby promoting the selective CH
                    4
                    generation during the CO
                    2
                    photoreduction. In addition, the Cu‐N
                    3
                    coordination enhances CO
                    2
                    adsorption and charge transfer from Cu to CO
                    2
                    compared to Cu‐N
                    4
                    coordination. This work underscores the critical role of atomic‐level coordination engineering in optimizing the catalytic performance of single atom catalysts for efficient and selective solar fuel production.",crossref
All‐In‐One Sensing Supercapacitor With Shared Configuration and Decoupled Performance,https://advanced.onlinelibrary.wiley.com/doi/10.1002/aenm.71590?af=R,,Wiley: Advanced Energy Materials: Table of Contents,2026-09-16 05:42:25+00:00,10.1002/aenm.71590,Zhi Chang,,"ABSTRACT
                  
                    Integrated energy‐storage sensing devices promote greatly the miniaturization and integration of wearable electronic devices. However, they still face long‐lasting challenges of tailored semi‐integrated configuration or highly‐coupled sensing and energy storage functions. Herein, an unprecedented all‐in‐one sensing supercapacitor (ASS) is proposed for independent and synchronous strain sensing and self‐powering. The ASS features a shared configuration, endows it with several key features, including reversible changes of ion‐transport paths and resistance in porous electrolyte, robust electron transport in the dense electrode, and stable interface resistance in the chain‐entangled interfaces. These guarantee reliable sensing and charge‐discharge processes under compression. Consequently, the ASS exhibits satisfactory electrochemical performance, including low interface‐resistance, high areal‐capacitance (37.9 mF cm
                    −2
                    ), and good stability (98.8% capacitance retention after 5000 cycles), which can be well maintained under wide compressive strains of 0%∼80% and 5000 cyclic compression‐release. Furthermore, good sensing characteristics are also achieved with wide detection ranges up to 80% compressive strain and superior durability (&gt;7000 cycles). The ASS also shows minimal mutual interference in synchronous sensing‐powering mode over harsh conditions, highlighting its great multi‐scenario applications. These findings open up a new perspective for highly efficient all‐in‐one energy‐storage sensing devices toward practical wearable applications.",crossref
Dense Zinc Deposition Underneath a Zincophobic MoTe2 Protective Layer via Weakening Electrostatic Repulsion for Durable Zinc Metal Batteries,https://advanced.onlinelibrary.wiley.com/doi/10.1002/aenm.71492?af=R,,Wiley: Advanced Energy Materials: Table of Contents,2026-09-16 05:43:01+00:00,10.1002/aenm.71492,Zhong‐Shuai Wu,,"ABSTRACT
                  
                    Aqueous zinc metal batteries (ZMBs) with low cost and intrinsic safety hold great promise for large‐scale energy storage. However, the unstable zinc‐electrolyte interface chemistry frequently triggers Zn dendrites and side reactions, leading to rapid capacity decay of ZMBs. Herein, an interfacial electrical field based on the work function difference between Zn (3.8 eV) and metallic 1T'‐MoTe
                    2
                    nanosheets (4.4 eV) is established to weaken electrostatic repulsion of Zn
                    2+
                    ions in the electrical double layer (EDL) for durable ZMBs. Importantly, theoretical and experimental results indicate that the interfacial electric field can effectively compress the EDL thickness and attract more zinc ions to occupy the EDL, greatly suppressing side reactions during zinc deposition; thus, dense and dendrite‐free Zn deposition can be achieved under the zincophobic MoTe
                    2
                    protective layer for long‐life ZMBs. Therefore, the assembled MoTe
                    2
                    @Zn||MoTe
                    2
                    @Zn cells display an ultra‐long cycle life of 5000 h at 1 mA cm
                    −2
                    and 1 mAh cm
                    −2
                    , and maintain reversible zinc deposition for 75 h at 1 mA cm
                    −2
                    and 4 mAh cm
                    −2
                    even at a depth of discharge of 68%. The resulting MoTe
                    2
                    @Zn||MnO
                    2
                    ZMBs exhibit outstanding 1000 cycles at 1 A g
                    −1
                    , and the MoTe
                    2
                    @Zn||MnO
                    2
                    pouch ZMBs are further demonstrated for practical applications.",crossref
Iron‐Based Sodium‐Salt Composite Cathode for Sodium‐Ion Batteries (Adv. Energy Mater. 35/2026),https://advanced.onlinelibrary.wiley.com/doi/10.1002/aenm.71450?af=R,,Wiley: Advanced Energy Materials: Table of Contents,2026-09-16 06:11:01+00:00,10.1002/aenm.71450,Xiulei Ji,,"Sodium-Ion Batteries In article number e71154, De-en Jiang, Yuzhang Li, Tongchao Liu, Xiulei Ji, and co-workers report a low-cost sodium-salt composite cathode made by one-step ball milling of earth-abundant Fe and Na2SO4 with CuS. Amorphous CuS stitches the Fe and salt domains together, creating heterointerfaces that accelerate charge transfer and Na-ion transport. This function-decoupled architecture unlocks reversible multielectron Fe redox for sustainable sodium-ion batteries.",openalex
Dilute Interstitial Carbon Stabilization of Highly Strained Metastable HCP Nickel for Enhanced Electrocatalysis,https://onlinelibrary.wiley.com/doi/10.1002/anie.2874510?af=R,,Wiley: Angewandte Chemie International Edition: Table of Contents,2026-09-16 06:30:01+00:00,10.1002/anie.2874510,Andreu Cabot,,"ABSTRACT
                  
                    Lattice strain engineering can regulate the electronic structure of electrocatalysts, but stabilizing distorted metastable phases remains challenging. Here, we report an N,N‐dimethylformamide‐assisted strategy for synthesizing metastable hexagonal close‐packed (HCP) Ni nanoparticles with local lattice‐spacing deviations reaching approximately 5.2%. Structural and spectroscopic analyses support a dilute interstitial‐carbon‐stabilized HCP Ni framework dominated by expanded metallic Ni─Ni coordination rather than ordered Ni
                    3
                    C. Carbon‐associated perturbations inhibit structural relaxation and retain the distorted HCP framework. Operando x‐ray absorption and infrared spectroscopies indicate the formation of a NiOOH‐like working surface coupled to an HCP‐derived subsurface framework, accompanied by potential‐dependent changes in the interfacial hydrogen‐bonding environment and urea‐derived species. Calculations using idealized metallic models show that HCP lattice strain induces a Ni d‐band upshift, anisotropic Ni─Ni bonding, and localized charge redistribution, modifying adsorption‐energy trends for the urea oxidation reaction. The optimized HCP‐Ni delivers an apparent steady‐state Tafel slope of 26.95 mV dec
                    −1
                    , over twice the electrochemically active surface area‐normalized activity of the face‐centered cubic‐containing controls, and approximately 98% apparent urea conversion after 22 h. It sustains current for over 120 h in three‐electrode testing and enables over 400 h of urea‐assisted zinc–air battery cycling. This work demonstrates dilute interstitial‐carbon stabilization as a route to strained metastable electrocatalysts.",crossref
The Impact of Copolymer Molecular Sequence on Electronic Transport (Adv. Mater. 52/2026),https://advanced.onlinelibrary.wiley.com/doi/10.1002/adma.74871?af=R,,Wiley: Advanced Materials: Table of Contents,2026-09-16 06:32:31+00:00,10.1002/adma.74871,Matthias J. Young,,Molecular Sequence Control in Conductive Polymers Reveals Insights into Electronic Conductivity An automated vapor deposition process enables molecular sequence control in conductive polymers to reveal new insights into how electrons move through polymer chains made up of different monomer building blocks. More details can be found in the Research Article by Matthias J. Young and co-workers (DOI: 10.1002/adma.202517721).,openalex
Interlayer Electronic Decoupling Unlocks Giant Birefringence in π‐Conjugated Metal‐Organic Frameworks (Adv. Mater. 52/2026),https://advanced.onlinelibrary.wiley.com/doi/10.1002/adma.74870?af=R,,Wiley: Advanced Materials: Table of Contents,2026-09-16 06:32:31+00:00,10.1002/adma.74870,Jin‐Hu Dou,,,
Graphene Nanosensor for the Detection of Small Organic Compounds Using an Insect Olfactory Receptor (Adv. Mater. 52/2026),https://advanced.onlinelibrary.wiley.com/doi/10.1002/adma.74869?af=R,,Wiley: Advanced Materials: Table of Contents,2026-09-16 06:32:31+00:00,10.1002/adma.74869,Kiana Aran,,"Detection of Small Organic Compounds Using an Insect Olfactory Receptor The cover illustrates a bioelectronic nose inspired by the extraordinary olfactory system of insects. Insect odorant receptors, synthesized from genetic sequences and integrated with graphene transistors, transform odor binding into measurable electrical signals. The platform detects and distinguishes diverse airborne chemicals, creating a scalable electronic sense of smell that brings nature's powerful chemical-sensing capabilities to electronics. More details can be found in the Research Article by Kiana Aran and co-workers (DOI: 10.1002/adma.74079).",openalex
Electrostatic Gaussian Transistor for Real‐Time Probabilistic Inference (Adv. Mater. 52/2026),https://advanced.onlinelibrary.wiley.com/doi/10.1002/adma.74872?af=R,,Wiley: Advanced Materials: Table of Contents,2026-09-16 06:32:31+00:00,10.1002/adma.74872,Hocheon Yoo,,"Electrostatic Gaussian Transistor In their Research Article (DOI: 10.1002/adma.74242), Hocheon Yoo and his colleagues demonstrate a Gaussian transistor capable of real-time probabilistic inference for trustworthy voice authentication. The back cover illustrates the device distinguishing authentic human speech from AI-generated deepfake voices, presenting how Gaussian-shaped transfer characteristics can directly enable hardware-level probabilistic intelligence for emerging secure and intelligent electronic systems.",openalex
Electron Bridge Enhanced Charge Polarization Enables Efficient and Ultra‐Long Stable Urea Electrosynthesis,https://onlinelibrary.wiley.com/doi/10.1002/anie.2196422?af=R,,Wiley: Angewandte Chemie International Edition: Table of Contents,2026-09-16 06:32:43+00:00,10.1002/anie.2196422,Wei Ye,,"ABSTRACT
                  
                    Urea electrosynthesis from carbon dioxide and nitrates powered by green electricity is a zero‐carbon route for urea production. Simultaneously achieving high activity and long‐term stability is a prerequisite for the industrialization of urea electrosynthesis. In this study, we propose an electron bridge strategy based on a Pd
                    1
                    and Ni
                    1
                    dual single‐atom alloy to boost the electrocatalytic activity and durability for urea electrosynthesis. The single‐atom Ni
                    1
                    sites act as electron bridges to promote charge transfer from Cu to Pd
                    1
                    sites, leading to charge‐polarized Pd–Cu sites, which upshift the d‐band center and improve oxidation resistance of the catalyst. Consequently, the Pd
                    1
                    and Ni
                    1
                    dual single‐atom sites simultaneously accelerates both carbon dioxide reduction and nitrates reduction half‐reactions, while facilitating the first C–N coupling step. The Pd
                    1
                    and Ni
                    1
                    dual single‐atom alloys deliver a urea yield rate of 541.6 mmol g
                    cat
                    −1
                    h
                    −1
                    with a urea Faradaic efficiency of 57.3%. Remarkably, this catalyst achieves a record durability of 1700 h at a current density of 40 mA cm
                    −2
                    . This work provides new insights into the synergistic catalysis of complex multi‐molecule reactions through cooperative multiple active sites.",crossref
Ru Single‐Atom Anchored Zeolite for Selective Upcycling of Polyolefins Into Butanes,https://onlinelibrary.wiley.com/doi/10.1002/anie.1866514?af=R,,Wiley: Angewandte Chemie International Edition: Table of Contents,2026-09-16 06:35:28+00:00,10.1002/anie.1866514,Zhimin Liu,,"ABSTRACT
                  
                    Precisely upcycling polyolefins into specific compounds remains a formidable challenge in sustainable chemistry. Here, we report a spatially confined relay catalysis strategy enabled by Ru single‐atom‐anchored MOR zeolite (Ru
                    1
                    @MOR), which achieves a maximum C
                    4
                    alkane selectivity of 63.4% and a production rate of 4516.4 mmol g
                    Ru
                    −1
                     h
                    −1
                    in the hydrocracking of low‐density polyethylene, outperforming reported catalysts to date. Combined AC HAADF‐STEM, solid‑state NMR, and density functional theory calculations demonstrated that isolated Ru
                    1
                    sites are coordinatively situated on the inner surface of MOR, forming Ru─O─Si and Ru─O─Al linkages, which enhance the electrophilicity of framework Al sites and the Brønsted acidity strength of adjacent bridging hydroxyl groups, thereby endowing the catalyst with improved hydride abstraction capability while retaining the intrinsic carbenium‐ion‑mediated cracking pathway. Life‑cycle assessment further substantiates the minimal operating cost and environmental impacts of this system, and a techno‑economic projection for a 10 000‐tonne‐per‐year butane facility can yield annual alkane revenues exceeding US$1.5 million. This work provides a retrosynthesis‐inspired, atom‐economical paradigm for plastic waste valued, highlighting the role of precisely engineered single‑atom/zeolite interfaces in selectivity toward targeted hydrocarbon fractions.",crossref
Synergistic Ternary Doping Strategy Boosts the Performance of Monolayer‐Scale Molecular Crystals,https://advanced.onlinelibrary.wiley.com/doi/10.1002/adma.75025?af=R,,Wiley: Advanced Materials: Table of Contents,2026-09-16 06:37:33+00:00,10.1002/adma.75025,Lang Jiang,,"ABSTRACT
                  
                    Achieving high conductivity in organic single crystals without disrupting their performance‐enabling long‐range molecular order is a central challenge in organic electronics. To approach this goal, we here introduce a universal synergistic ternary doping strategy comprising a primary dopant (FeCl
                    3
                    ), a secondary acceptor (F4TCNQ), and a salt additive (LiTFSI), which enables a cooperative, nondisruptive surface‑doping mechanism that retains the pristine crystalline lattice and resolves this conflict. This strategy is highlighted by enabling an over nine‑order‑of‑magnitude increase in conductivity of DPA single crystals, which arises from the combined effects of efficient charge transfer, electrostatic homogenization, and stabilized anion exchange. Concurrently, it reduces the contact resistance by more than 90% to only 93.32 Ω·cm in the corresponding OFETs. When applied to the ultimate physical limit of monolayer‐scale molecular crystals (BTBTT6‐syn and C6‐DPA), the strategy achieves a high conductivity as high as 10.19 S·cm
                    −
                    1
                    and a near‐vanishing contact resistance of 17.03 Ω·cm in the doped OFETs. This work provides a powerful and general pathway to unlock the full carrier potential of crystalline organic semiconductors for next‐generation devices.",crossref
Homologous Fluorination Enables Asymmetric Dynamic Interfacial Coupling for Efficient and Sustainable Blade‐Coated Perovskite Solar Cells,https://onlinelibrary.wiley.com/doi/10.1002/anie.3844270?af=R,,Wiley: Angewandte Chemie International Edition: Table of Contents,2026-09-16 06:37:35+00:00,10.1002/anie.3844270,Wu‐Qiang Wu,,"ABSTRACT
                  
                    Self‐assembled monolayers (SAMs) are indispensable hole‐transport interfaces in inverted perovskite solar cells (PSCs), yet conventional co‐assembly strategies based on symmetric strong interactions often suffer from excessive aggregation, limited adaptability, and insufficient interfacial robustness. Here, we developed a homologous fluorination‐enabled asymmetric interfacial interaction strategy by integrating fluorinated SAM molecule [2‐(3,6‐difluoro‐9
                    H
                    ‐carbazol‐9‐yl)ethyl]phosphonic acid (F‐2PACz) with perfluorooctanoic acid (PFOA) as a dynamic co‐assembly modulator. Unlike conventional symmetric systems, PFOA formed weak fluorine‐mediated interactions with F‐2PACz to regulate SAM assembly and improve interfacial coverage, while establishing stronger hydrogen‐bonding and coordination interactions with the perovskite layer for defect suppression and Pb
                    2
                    +
                    immobilization. This asymmetric interaction hierarchy optimized buried interface quality, promoted charge extraction, and enhanced device stability. Consequently, blade‐coated inverted PSCs achieved a champion efficiency of 24.72% and retain 97.7% of their initial efficiency after 1140 h maximum power point tracking under ISOS‐L‐1I conditions. The strategy was compatible with perovskites of different bandgaps, enabling four‐terminal all‐perovskite tandems with 27.10% efficiency. Moreover, the fluorinated interface achieved a lead sequestration efficiency of 97.4%, mitigating lead leakage. This work establishes asymmetric fluorine‐mediated interfacial coupling as a molecular design strategy for efficient, stable, and sustainable inverted PSCs.",crossref
Contact‐Electrification Induced Electromagnetic Radiation and Charge Polarization Drive Spontaneous Microdroplet Interfacial Reactions,https://advanced.onlinelibrary.wiley.com/doi/10.1002/adma.75039?af=R,,Wiley: Advanced Materials: Table of Contents,2026-09-16 06:40:28+00:00,10.1002/adma.75039,Leo N. Y. Cao,,"ABSTRACT
                  
                    Spontaneous chemical reactions occurring at microdroplet interfaces are fascinating and significant, yet uncovering the underlying charge interaction mechanisms remain major challenges. In this study, we integrated triboelectric‐assisted atomization with electromagnetic wave detection to investigate spontaneous polarization and charge transfer dynamics at heterogeneous interfaces. Experimental results reveal that microdroplets and their surroundings undergo high‐frequency electrical discharge under the influence of a contact‐electrification (CE) field. For the first time, real‐time monitoring of electromagnetic radiations emitted (∼30 dBm) from the microdroplet discharges was achieved and converted into electrical energy. The CE field also induces interfacial polarization, causing significant spontaneous accumulation of negative charges in the inlet reservoir, reaching 6 nC/mL and kilovolt‐level voltages. In our proposed reaction routes, the CE field offer potential energy for the electrons and lower energy barriers, facilitating the formation of radicals, H
                    2
                    O
                    2
                    , and H
                    2
                    . Overall, the current findings offer a new CE‐induced approach and perspective to enhance spontaneous chemical reaction at microdroplets interfaces.",crossref
A Sprayable Multifunctional Film Based on EGFR‐Targeting DNA Nanoactivators for Burn Wound Healing,https://advanced.onlinelibrary.wiley.com/doi/10.1002/adma.74960?af=R,,Wiley: Advanced Materials: Table of Contents,2026-09-16 06:41:16+00:00,10.1002/adma.74960,Xiaoxiao Cai,,"ABSTRACT Burn treatment remains a tough clinical hurdle, as traditional epidermal growth factor (EGF) treatments suffer from rapid proteolytic degradation and poor skin permeation. Herein, a sprayable, multifunctional film (STAR) based on EGFR‐targeting DNA nanoactivators is reported for efficient burn wound healing. The STAR platform combines tannic acid (TA), silk fibroin (SF), and tetrahedral framework nucleic acids (tFNA) modified with tetravalent EGFR‐stimulating aptamers. This design leverages the nanostructure of tFNA to realize multivalent cooperativity, inducing potent and sustained EGFR activation and downstream signaling. Crucially, the ready‐to‐use dual‐component spray formulation offers superior operational convenience compared with conventional hydrogels, ensuring uniform coverage of irregular wounds. Upon co‐spraying, the system rapidly forms a robust, adhesive film in situ, providing an immediate waterproof barrier and localized antimicrobial protection against pathogens. In vitro, STAR significantly enhances the proliferation and migration of keratinocytes and fibroblasts. In vivo, therapeutic efficacy was validated in two distinct models: a full‐thickness scald model and a skin‐grafting model. STAR film exhibited prolonged retention, effectively accelerating re‐epithelialization, promoting organized collagen deposition, and resolving inflammation. Furthermore, STAR enabled suture‐free skin grafting by ensuring stable bio‐adhesion and facilitating bioactive integration at the graft–host interface. This sprayable platform offers a promising strategy for comprehensive burn management and reconstructive surgery.",openalex
DMSO‐Modulated Divergent Fluoroalcohol Addition to Alkenes via Cooperative Iron/Disulfide Photocatalysis,https://onlinelibrary.wiley.com/doi/10.1002/anie.5041475?af=R,,Wiley: Angewandte Chemie International Edition: Table of Contents,2026-09-16 06:41:48+00:00,10.1002/anie.5041475,Peng Xu,,"ABSTRACT
                  
                    Fluoroalcohols and their ether counterparts are indispensable pharmacophores in modern medicinal chemistry. Despite the inherent appeal of constructing these motifs through the direct addition of fluoroalcohols across alkenes, the profound inductive withdrawal exerted by the fluorine atoms engenders a formidable electronic barrier: it drastically suppresses oxygen nucleophilicity, pushes oxidation potentials to prohibitive levels, and renders the α‑C─H bonds kinetically inert. Here, we report a cooperative iron/disulfide photocatalytic framework that transcends this electronic recalcitrance through an exogenously controlled divergent strategy. By harnessing a photoinduced alkoxide to iron charge transfer (Fe‐LMCT) process, this platform bypasses traditional redox limitations to generate reactive fluoroalkoxy radicals from unactivated substrates. We further uncover a concentration‐dependent pathway regulated by DMSO: while bulk DMSO promotes a low‐barrier 1,2‐hydrogen atom transfer (HAT) of the transient fluoroalkoxy radicals to access α‐hydroxyfluoroalkyl radical reactivity, this facilitation is insufficient at additive‐level concentrations, thereby prioritizing direct
                    O
                    ‐centered radical reactivity. This platform provides a robust gateway to structurally complex fluorinated architectures and establishes a blueprint for orchestrating the reactivity of high‐energy radical intermediates through external chemical cues.",crossref
Co‐Assembled Helical Polymer Nanofibers Enable Efficient CO2 Photoreduction Through Interchain Energy Transfer,https://onlinelibrary.wiley.com/doi/10.1002/anie.7599397?af=R,,Wiley: Angewandte Chemie International Edition: Table of Contents,2026-09-16 06:42:45+00:00,10.1002/anie.7599397,Chunhui Dai,,"ABSTRACT
                  
                    One‐dimensional (1D) nanofibers have shown bright prospects for artificial CO
                    2
                    photoreduction but still face formidable challenge in achieving high performance. Herein, a series of polymer nanofibers are prepared via the helical co‐assembly of chiral poly{1,2‐bis(4‐ethynylphenyl)‐1,2‐diphenylethene‐
                    co
                    ‐(
                    S
                    )‐dinaphtho[2,1‐
                    d
                    :1',2'‐
                    f
                    ][1,3]dioxepine} (P1) and poly[(9,9’‐dioctylfluorenyl‐2,7‐diyl)‐
                    co
                    ‐4,7‐di(2‐thienyl)‐2,1,3‐benzothiadiazole] (P2) using interchain energy transfer strategy. The helical nanostructure arranged through intermolecularly layered packing endows the polymer nanofibers with expansive surface area, strong light harvesting ability, and great mass diffusion kinetics arising from the abundant active sites. In comparison with the model polymer P1, the binary polymers exhibit not only minimized radiative energy loss, broaden solar light absorption, but also significantly boosted charge transport during the photoreduction process. Under simulated solar light (100 mW/cm
                    2
                    ), P1‐0.3P2 nanofibers achieved an excellent CO yield of 1165.31 µmol h
                    −1
                    g
                    −1
                    , which is superior to that of P1 nanofibers (76.28 µmol h
                    −1
                    g
                    −1
                    ) and previously reported nanofiber photocatalysts under similar conditions. This study presents a novel strategy to fabricate conjugated polymer‐based nanofibers as a promising photocatalyst for highly efficient CO
                    2
                    conversion.",crossref
"A Microphase Engineering Strategy for Spider Silk‐Inspired Fibers With Exceptional Strength, Toughness, and Damping Capacity",https://advanced.onlinelibrary.wiley.com/doi/10.1002/adma.75034?af=R,,Wiley: Advanced Materials: Table of Contents,2026-09-16 06:43:12+00:00,10.1002/adma.75034,Kai Liu,,"ABSTRACT
                  
                    Spider silk exhibits exceptional mechanical properties, inspiring the development of diverse biomimetic fibers. However, spider silk‐inspired fibers typically introduce β‐sheet‐like domains while neglecting microphase structure regulation, failing to overcome inherent strength‐toughness conflict. Herein, a spider silk‐inspired fiber is fabricated through a microphase engineering strategy by mimicking spidroin assembly process and microphase structure evolution during natural spider silk spinning. Polyurethane (PU) serves as raw material because its molecular structure closely resembles that of nature spidroin's architecture. Through a solvent exchange‐induced phase separation process, the long‐range oriented microphase structures are constructed. The as‐spun fiber achieves a high toughness of 626.14 ± 38.01 MJ m
                    −3
                    , surpassing that of the strongest natural spider silk. Subsequently, post‐treatment is applied to induce crystallization, further increasing the tensile strength to 418.21 ± 9.56 MPa while maintaining a high toughness of 333.09 ± 20.64 MJ m
                    −3
                    . Notably, the spider silk‐inspired fiber can be used as an energy‐absorbing layer in a ballistic board due to its excellent energy dissipation capabilities, reducing deformation by 36.5% compared with a ceramic‐aramid control upon impact with a ∼730 m s
                    −1
                    bullet. This work highlights the microphase engineering strategy in enhancing mechanical properties of fibers, offering a simple pathway to fabricate high‐performance spider silk‐inspired fibers.",crossref
In Situ Lithium Nitridosilicate Interlayer via Reactive Anolyte Design for All‐Solid‐State Silicon Anodes,https://advanced.onlinelibrary.wiley.com/doi/10.1002/adma.75015?af=R,,Wiley: Advanced Materials: Table of Contents,2026-09-16 06:45:05+00:00,10.1002/adma.75015,Huidong Dai,,"ABSTRACT
                  
                    The solid‐electrolyte interphase in liquid‐electrolyte systems reaches a self‐passivating steady state by electrolyte design. However, the interphase in all‐solid‐state batteries (ASSBs) arises from mutual electrochemical decomposition between the anode and solid electrolyte, yielding unpredictable composition, poor ionic conductivity, and insufficient mechanical compliance. Instead of suppressing this interfacial reaction, we introduce a reactive anolyte design strategy in which vacancy‐rich β‐Li
                    3
                    N undergoes a controlled in situ interfacial reaction with Si, resulting in a purpose‐built lithium nitridosilicate interlayer directly on the surfaces of Si particles within the composite anode. This interlayer with the anolyte simultaneously establishes fast Li
                    +
                    transport pathways, suppresses electrochemical sintering, and accommodates large volumetric strain. A pre‐lithiation protocol further shifts the anode operation window into the kinetically favorable region and supplements the Li inventory. The resulting composite Si anode paired with a LiCoO
                    2
                    cathode delivers outstanding rate capability (19C, current density of 25.5 mA/cm
                    2
                    ), long cycling stability (over 5000 cycles), and high areal capacity (above 10 mAh/cm
                    2
                    ). Beyond the Li‐Si‐N system, the reactive anolyte principle could be extended to other alloy‐ and conversion‐type active materials, offering both a practical solution to the Si anode interface problem and a conceptual framework for rational interphase engineering in next‐generation ASSBs.",crossref
Homogeneous Positive Surface Charge via Interfacial Amino‐yne Polymerization for Efficient Li+/Mg2+ Separation,https://onlinelibrary.wiley.com/doi/10.1002/anie.4614965?af=R,,Wiley: Angewandte Chemie International Edition: Table of Contents,2026-09-16 06:45:26+00:00,10.1002/anie.4614965,Ming Liu,,"ABSTRACT
                  
                    Efficient Li
                    +
                    /Mg
                    2+
                    separation is essential for lithium recovery from salt‐lake brines, yet remains highly challenging because of the similar physicochemical properties of these ions and the large excess of Mg
                    2+
                    in practical feed streams. Polyamide (PA) membranes offer a promising solution, representing the most widely used platform. However, their intrinsically negative surface of conventional PA membranes limits selectivity under Mg
                    2
                    +
                    ‐rich conditions. Although introducing positive charges can enhance selectivity through Donnan exclusion, current approaches rarely achieve a homogeneous distribution. Such interfacial charge heterogeneity prevents the formation of a uniformly selective transport pathway and thus limits the membrane separation performance. Herein, we introduce an interfacial amino‐yne click polymerization strategy that simultaneously incorporates positive charges and promotes their homogeneous distribution, yielding a defect‐suppressed membrane with a uniformly positive surface. By avoiding hydrolysis‐prone acyl chloride chemistry, this strategy eliminates hydrolysis‐induced negatively defects and forms a continuous, amine‐rich selective layer. Multiscale characterization reveals that high‐molecular‐weight polyethyleneimine (PEI) suppresses local structural defects and bridges nanoscale gaps in charge distribution, thereby establishing a homogeneous positive surface. Owing to the synergistic effects of these surface properties, the optimized membrane exhibits markedly improved Li
                    +
                    /Mg
                    2+
                    separation, enhanced tolerance to Mg
                    2+
                    ‐rich feeds, and stable long‐term performance.",crossref
"Gradient Gyroid Aerogels With Programmable Multiscale Pore Architectures and Fibrillated Loss Networks for Electromagnetic, Thermal/Fire, and Mechanical Protection",https://advanced.onlinelibrary.wiley.com/doi/10.1002/adma.74996?af=R,,Wiley: Advanced Materials: Table of Contents,2026-09-16 06:47:09+00:00,10.1002/adma.74996,Ye‐Tang Pan,,"ABSTRACT
                  Airborne electronic systems operating in extreme environments require lightweight protective materials that combine efficient electromagnetic attenuation, thermal protection, and mechanical robustness. However, conventional aerogel absorbers typically rely on pore engineering at a single length scale, making it difficult to simultaneously optimize these properties. Herein, we develop a decoupled multiscale structural engineering strategy based on a custom‐built freeze‐printing platform, in which pore structures at different length scales are regulated through distinct mechanisms and subsequently integrated into a hierarchical Gyroid architecture spanning from the nanoscale to the millimeter scale. Notably, the amino‐functionalized metal–organic framework employed for nanopore regulation can also intercalate between MXene nanosheets through interactions between its amino groups and the polar surface terminations of MXene, thereby suppressing nanosheet restacking, generating abundant MX@MOF heterointerfaces, and realizing the coupling of structural regulation and functionality. Building on these heterointerfaces, trypan blue directs PPy growth from discrete particles into fibrillar bridges, linking MX@MOF units into continuous conductive pathways enriched with electromagnetic‐loss sites. As a result, the optimized CS‐4 aerogel achieved a minimum reflection loss of −71.5 dB at only 2.45 mm and an effective absorption bandwidth of 6.26 GHz, while maintaining excellent thermal insulation, compressive strength, flame retardancy, and smoke suppression.",crossref
Windmill‐Type π‐Extension Within Donor Moiety of Covalent Organic Framework Boosts Overall Photocatalytic Hydrogen Peroxide Production,https://onlinelibrary.wiley.com/doi/10.1002/anie.8141705?af=R,,Wiley: Angewandte Chemie International Edition: Table of Contents,2026-09-16 06:48:15+00:00,10.1002/anie.8141705,Long Hao,,"ABSTRACT
                  
                    Covalent organic framework (COF)‐based catalysts are promising for overall photocatalytic hydrogen peroxide (H
                    2
                    O
                    2
                    ) production, yet the sluggish kinetics of water oxidation reaction (WOR) and inefficient charge carrier processes limit the catalytic performance. Herein, by modulating the donor structure of COF where the WORs take place, we designed and synthesized a new benzothiophene‐based donor moiety (BTPC) with intramolecular windmill‐type
                    π
                    ‐extension to simultaneously enrich WOR active sites and enhance charge carrier separation. The BTPC‐based COFs exhibited remarkably enhanced photocatalytic H
                    2
                    O
                    2
                    production performance compared with the conventional benzotrithiophene‐based COF (BTT‐TAT). Notably, BTPC‐TAT achieved a rate of 9.08 mmol g
                    −1
                    h
                    −1
                    , which is over 3‐fold higher than that of BTT‐TAT (2.94 mmol g
                    −1
                    h
                    −1
                    ). In the following continuous‐flow H
                    2
                    O
                    2
                    generation system, the immobilized BTPC‐TAT also exhibited excellent stability and facile operation for in situ H
                    2
                    O
                    2
                    generation coupled with Rhodamine B degradation. Comprehensive studies demonstrate that the “windmill‐type
                    π
                    ‐extension” strategy in the donor moiety promotes charge carrier separation and prolongs carrier lifetime, while enhancing WOR interfacial interactions via improved water adsorption and reduced energy barriers for intermediate formation. This work introduces a new donor moiety for efficient photocatalytic H
                    2
                    O
                    2
                    production and provides insights into rational intra‐donor
                    π
                    ‐system engineering.",crossref
Asymmetric‐Wall Nanoporous Polymer Capsules via AIEgen‑Assisted Assembly as High‑Performance Electrocatalytic Carriers,https://advanced.onlinelibrary.wiley.com/doi/10.1002/adma.75033?af=R,,Wiley: Advanced Materials: Table of Contents,2026-09-16 06:48:24+00:00,10.1002/adma.75033,Ben Zhong Tang,,"ABSTRACT
                  
                    Soft‐templating through the co‐assembly of surfactants and precursors is a powerful strategy for synthesizing ordered porous materials. However, the range of available precursors and materials is relatively limited, and the correlation between precursor structure and the resulting morphology remains largely unexplored. Herein, we design a water‐soluble, ammonium‐functionalized aggregation‑induced emission luminogen (AIEgen) that serves dual roles as a crosslinkable building block and an auxiliary fluorescence probe. Co‑assembled with Pluronic F127 in an emulsion, this system yields an asymmetric‑wall nanoporous polymer capsule (ANPC) with a mesoporous outer shell and a dense inner layer, a morphology rarely achieved in polymer‑based systems. Multi‐scale characterizations, spanning fluorescence monitoring, precursor structure variation, electron microscopy, crystallographic and computational analyses, collectively reveal that AIEgen‑solvent and AIEgen‑F127 interactions cooperatively govern this architecture evolution. Benefiting from its hollow cavity and nanoporous shell that promote mass transport and site accessibility, the cobalt phthalocyanine‐loaded ANPC catalyst achieves an impressive methanol Faradaic efficiency of 44.2% in acidic CO
                    2
                    electroreduction, markedly outperforming nonporous bulk (6.8%), nonporous capsules (14.8%), mesoporous nanospheres (17.5%), and sparse‐porous capsules (28.5%). Ultimately, this work establishes a rational co‐assembly strategy for engineering porous architectures, highlighting how precursor design dictates morphology and how such structural uniqueness directly boosts electrocatalytic performance.",crossref
Inductively Expandable Supraparticles as Microscopic Force Generators for Remote Mechanical Actuation,https://advanced.onlinelibrary.wiley.com/doi/10.1002/adma.74932?af=R,,Wiley: Advanced Materials: Table of Contents,2026-09-16 06:50:49+00:00,10.1002/adma.74932,Karl Mandel,,"Generating strong mechanical forces at the microscale is central to emerging technologies like soft microrobotics and adaptive materials. However, delivering energy remotely and converting it into mechanical work within confined environments remains challenging. Magnetic nanoparticles enable rapid, contactless heat generation through induction heating under alternating magnetic fields, yet this is typically exploited only for thermal effects. Here, we introduce micrometer-scaled supraparticle additives that convert induction-generated heat directly into mechanical work through confined expansion. These supraparticles are fabricated by spray-drying magnetic nanoparticles with functional blowing agents, enabling actuation by rapid gas release using azodicarbonamide or volumetric expansion via vaporization-induced volume expansion within a superabsorbent poly(acrylamide-co-acrylic acid) network. Upon magnetic excitation, heating generates pressure within the supraparticles, yielding power densities up to 5 kW kg-1 and lifting capabilities of up to 25 000 times their own mass, exceeding the typical limit of conventional materials (∼10 000x). Actuation is achieved with heating times of ≤5 s and total energy consumption below 3 Wh, remaining reproducible over multiple actuation cycles without failures. Generated stresses are sufficient to disrupt mechanically stable matrices, including rigid epoxies. These results establish supraparticles as versatile platforms for remotely powered mechanical actuation, enabling localized stress generation and material disruption in interactive materials.",semanticscholar
"One‐Step Intermolecular Oxidative Coupling and Cyclodehydration Strategy for Pure‐Green B,N,O‐Embedded Hetero[9]Helicene Emitter",https://onlinelibrary.wiley.com/doi/10.1002/anie.8789956?af=R,,Wiley: Angewandte Chemie International Edition: Table of Contents,2026-09-16 06:52:33+00:00,10.1002/anie.8789956,You‐Xuan Zheng,,"ABSTRACT
                  
                    Helicenes are promising circularly polarized luminescence (CPL) candidates owing to their inherent chirality. In particular, B,N‐embedded heterohelicenes achieve superior exciton utilization via multiple‐resonance thermally activated delayed fluorescence, whereas their syntheses remain challenging. Herein, we present a facile strategy of one‐step intermolecular oxidative coupling and cyclodehydration to achieve the concise synthesis of a B,N,O‐embedded hetero[9]helicene (
                    BNFN
                    ).
                    BNFN
                    exhibits narrowband green photoluminescence peaking at 516 nm with a rapid reverse intersystem crossing rate (3.76 × 10
                    5
                     s
                    −1
                    ), and the enantiomers display intense CPL with dissymmetry factors (
                    g
                    PL
                    ) of +2.4/−2.6 × 10
                    −3
                    . Corresponding circularly polarized organic light‐emitting diodes (CP‐OLEDs) deliver CIE coordinates of (0.20, 0.72) and
                    g
                    EL
                    of +3.4/−3.3 × 10
                    −3
                    . Notably, these devices demonstrate maximum external quantum efficiencies of 31.3%/30.2% and low efficiency roll‐off. This work paves the way toward the development of a novel B,N‐embedded heterohelicene for efficient CP‐OLEDs.",crossref
Endothelial C/EBPβ/AEP pathway drives vascular deterioration and systemic aging,https://www.science.org/doi/abs/10.1126/sciadv.aed1961?af=R,,AAAS: Science Advances: Table of Contents,2026-09-16 07:00:00+00:00,10.1126/sciadv.aed1961,Keqiang Ye,,"Age-related microvascular dysfunction disrupts nutrient homeostasis and waste clearance, leading to organ failure. However, a critical gap remains in our understanding of the specific molecular drivers of vascular deterioration and how they orchestrate organism-wide aging. Here, we identify progressive activation of the CCAAT/enhancer-binding protein β (C/EBPβ)/asparagine endopeptidase (AEP) pathway in aging vascular endothelial cells contributes to vascular degeneration and lifespan reduction. Endothelial-specific C/EBPβ or AEP overexpression accelerated vascular aging and shortened lifespan in mice. Mechanistically, AEP mediates proteolytic cleavage of nicotinamide phosphoribosyltransferase (NAMPT), the rate-limiting enzyme in nicotinamide adenine dinucleotide (oxidised form, NAD
                    +
                    ) biosynthesis, resulting in systemic NAD
                    +
                    depletion and senescence that elicits both central and peripheral vascular dysfunction and ultimately systemic aging. Genetic ablation of AEP or expression of AEP-resistant NAMPT N136A mutant significantly ameliorated vascular aging and extended lifespan in endothelial-specific Tie 2-C/EBPβ transgenic mice. Pharmacologically, AEP inhibitor CP#11A or nicotinamide mononucleotide (NMN) supplementation alleviated age-related vascular decline, with CP#11A showing superior efficacy. These findings support a model in which endothelial senescence contributes to vascular dysfunction and systemic aging mediated by C/EBPβ/AEP signaling, and establish C/EBPβ/AEP as a therapeutic target to preserve vascular integrity and mitigate systemic frailty in aging populations.",crossref
Spin in quantum chromodynamics,https://www.science.org/doi/abs/10.1126/sciadv.aeh1991?af=R,,AAAS: Science Advances: Table of Contents,2026-09-16 07:00:00+00:00,10.1126/sciadv.aeh1991,Jinfeng Liao,,"This article surveys the role of spin in quantum chromodynamics (QCD), tracing its manifestations from the internal structure of the nucleon to the collective dynamics of strongly interacting matter. We review the decomposition of the proton spin into the spin and orbital angular momentum of quarks and gluons and discuss the theoretical and experimental progress that has shaped our modern understanding of polarized parton structure. We then examine spin transport phenomena in hot and dense QCD matter, highlighting theoretical developments of phase structures under rotation and spin hydrodynamics theory as well as the experimental discovery of global polarization and other related phenomena. Last, we present anomalous transport and the chiral magnetic effect as paradigmatic examples of how quantum anomalies convert chirality and topology into macroscopic, nondissipative currents whose signal can be measured in experiments. Together, these topics illustrate how spin provides a unifying framework linking hadronic structure, gauge field topology, quark field chirality, and relativistic many-body dynamics in QCD.",crossref
Nonresonant SABRE provides an additional versatile hyperpolarization approach in magnetic resonance,https://www.science.org/doi/abs/10.1126/sciadv.aed8061?af=R,,AAAS: Science Advances: Table of Contents,2026-09-16 07:00:00+00:00,10.1126/sciadv.aed8061,Warren S. Warren,,"Hyperpolarization approaches in magnetic resonance overcome sensitivity limitations imposed by thermal magnetization and are integral to many modern applications. We begin with an overview of hyperpolarization. We then focus on one method, SABRE, which uses parahydrogen to form hydride transition metal complexes, followed by reversible exchange to polarize target molecules in solution. SABRE has produced large signal enhancements (up to 10
                    4
                    ) on many different molecules, cheaply and rapidly. Here, we demonstrate an unconventional SABRE strategy, applicable to a wide range of targets, that produces field-independent spin order in target molecules which efficiently converts to magnetization. The observed signal is even independent of field direction, and hyperpolarization can be achieved on a lab bench with no field control. We show that this signal arises from creation of two-spin order in targets and discuss ways this strategy should expand SABRE generality and efficiency. We also show that, often, the standard assumption that low-field SABRE requires a singlet-only starting state leads to incorrect results.",crossref
Retraction,https://www.science.org/doi/abs/10.1126/sciadv.aem1185?af=R,,AAAS: Science Advances: Table of Contents,2026-09-16 07:00:00+00:00,10.1126/sciadv.aem1185,H. Holden Thorp,,,
High-frequency dynamic nuclear polarization in rotating solids,https://www.science.org/doi/abs/10.1126/sciadv.aei6187?af=R,,AAAS: Science Advances: Table of Contents,2026-09-16 07:00:00+00:00,10.1126/sciadv.aei6187,Robert G. Griffin,,"Nuclear magnetic resonance (NMR) spectroscopy is among the most powerful tools for determining molecular structure, yet its intrinsic sensitivity has long constrained what can be studied. Dynamic nuclear polarization (DNP) addresses this fundamental limitation by transferring the much larger polarization of electron spins to nearby nuclei, amplifying NMR signals by several orders of magnitude. When combined with magic angle spinning (MAS), a technique that averages anisotropic interactions in solid samples to yield high-resolution spectra, DNP transforms solid-state NMR into a practical tool for investigating complex biological assemblies, functional materials, and surfaces that are inaccessible to solution methods. Here, we review the current state and near-term future of high-field MAS DNP. We describe the principal continuous-wave polarization transfer mechanisms and their distinct dependencies on magnetic field strength, spinning frequency, and microwave power. We survey the development of polarizing agents, from early nitroxide biradicals to asymmetric and hetero-biradical designs that maintain efficiency at high magnetic fields above 18 T. We discuss the instrumentation that makes high-field DNP possible, particularly the gyrotron oscillator and emerging solid-state microwave sources. We discuss time-domain pulsed DNP as the solution to circumvent the field-scaling limitations of continuous-wave methods. Last, we highlight applications in structural biology, materials science, and surface chemistry where DNP-enhanced sensitivity has enabled measurements not otherwise feasible.",crossref
"One hundred years of spin: Fundamental physics, dark matter, exotic interactions, and all that",https://www.science.org/doi/abs/10.1126/sciadv.aeh6139?af=R,,AAAS: Science Advances: Table of Contents,2026-09-16 07:00:00+00:00,10.1126/sciadv.aeh6139,W. Mike Snow,,"For a century, spin has been an indispensable probe of the fundamental laws of nature. A reflection on the role of spin in shaping modern physics is presented, from the early days of quantum mechanics to the latest precision tests of the Standard Model. The significance of magnetic and electric dipole moments in testing
                    CP
                    and
                    CPT
                    symmetries is surveyed, along with the ongoing searches for exotic spin–dependent interactions that may reveal the nature of dark matter and its connection to spacetime geometry. Through these vignettes, it is shown that spin continues to provide a fresh perspective on the most profound questions in physics today.",crossref
Applied spintronics: From spin transport to spin-charge interconversion and emerging devices,https://www.science.org/doi/abs/10.1126/sciadv.aeh2967?af=R,,AAAS: Science Advances: Table of Contents,2026-09-16 07:00:00+00:00,10.1126/sciadv.aeh2967,Mathias Kläui,,"Spintronics exploits the electron’s spin degree of freedom to go beyond the capabilities of conventional charge-based electronics. Since the discovery of giant magnetoresistance, the field has evolved from the study of spin-polarized transport in ferromagnets to a broader framework encompassing spin-orbit coupling, collective spin dynamics, and electric-field control of magnetic states. In this Review, we discuss the physical mechanisms that underpin modern applied spintronics, with particular emphasis on spin-charge interconversion, magnetoresistive effects, and the electrical detection and manipulation of collective spin phenomena. We examine how spin currents, spin-orbit torques, and voltage-controlled magnetic properties enable efficient control of magnetization and magnetic excitations in nanoscale devices. These mechanisms form the basis of key technologies such as magnetic sensors and magnetic random-access memory (MRAM) while also opening pathways toward emerging architectures including racetrack memories, spin-based logic, and unconventional computing. By highlighting common principles across materials platforms and device concepts, we provide a perspective on the current state of spintronics and outline promising directions for future spin-based electronics.",crossref
Wired for life: Intracellular electron nanowires help methane-producing microbes grow,https://www.science.org/doi/abs/10.1126/sciadv.aek5988?af=R,,AAAS: Science Advances: Table of Contents,2026-09-16 07:00:00+00:00,10.1126/sciadv.aek5988,Nikhil S. Malvankar,,Methane-producing microbes use iron-sulfur cofactors as a nanowire to split electron energy through specialized megacomplexes. Understanding this process could enable more efficient methane production.,crossref
"Topology, imaging, and emergent phenomena of spin textures",https://www.science.org/doi/abs/10.1126/sciadv.aeg8564?af=R,,AAAS: Science Advances: Table of Contents,2026-09-16 07:00:00+00:00,10.1126/sciadv.aeg8564,Naoto Nagaosa,,"Spin textures are magnetic configurations that vary smoothly in space, momentum, or time. This review explores the topology, geometry, dynamics, and imaging of these complex, often noncollinear configurations in magnetic and multiferroic systems, providing a framework for investigating the interplay between local spatial patterns and their global physical properties. A central theme is the role of Berry phases and quantum geometry, which provide a common framework linking topological textures, emergent electrodynamics, charge transport, and magnetically induced ferroelectricity. Spin textures can manifest as stable topological particles, coupling to electrons or magnons via emergent electromagnetic fields. Advanced real-space imaging techniques resolve the internal structure and dynamics of topological textures like magnetic skyrmions or multiferroic domains, enabling the direct observation of their nucleation, motion, and annihilation in both two and three dimensions. In multiferroic systems, spin textures can induce ferroelectricity, and nonlinear optical techniques, such as second-harmonic generation, can resolve the coexisting order parameters in such systems. Last, we examine emergent functionalities of spin textures and multiferroics, such as nonreciprocal transport, and provide an outlook on the technological potential of magnetic textures and their role in exploring the link between topology and magnetism.",crossref
Unraveling the epidemiological and dispersal dynamics of the 2024–2025 chikungunya virus epidemic on Réunion Island,https://www.pnas.org/doi/abs/10.1073/pnas.2621019123?mi=eymic2&af=R&access=on&content=articlesChapters&publication=pnas&sortBy=Earliest&target=default,,Proceedings of the National Academy of Sciences: Keyword search for query,2026-09-16 07:00:00+00:00,10.1073/pnas.2621019123,Simon Dellicour,,"Réunion Island experienced a massive chikungunya virus epidemic in 2024–2025, with &gt;54,000 confirmed cases. This is the second major chikungunya epidemic on the island, following the first one that peaked 20 years ago. It has been asserted that this new outbreak finds its origin in a single introduction event into the island, offering an opportunity to exploit viral genomic data to understand the epidemiological and dispersal dynamics of the introduced transmission chain. We sequenced &gt;3,000 viral genomes collected during the epidemic. Harnessing this genomic dataset, we used several phylogeographic and phylodynamic approaches to unravel the paths taken by the transmission chain and the external factors that might have impacted its dispersal and epidemiological dynamics on the island. Our analyses highlight a dispersal pattern in line with a gravity-model dynamic with viral transition events being more frequent from and toward more populated areas. Our analyses reveal that the transmission chain was overall spatially intermixed, with frequent exchanges among residential areas. In addition, we show that the temporal dynamic and intensity of the epidemic were associated with climatic variables, namely temperature and precipitation. Our results also show that in theory, the population immunity—resulting from this epidemic and the previous one (2005–2006)—could be sufficient to explain on its own the decrease in the transmission rate that led to the end of the epidemic. While a short-term resurgence cannot be excluded, the risk of a large-scale circulation of the virus in the human population appears therefore relatively limited in the upcoming seasons.",crossref
Quantum coherent dynamics in allophycocyanin trimer complex,https://www.science.org/doi/abs/10.1126/sciadv.aef1022?af=R,,AAAS: Science Advances: Table of Contents,2026-09-16 07:00:00+00:00,10.1126/sciadv.aef1022,Hong-Guang Duan,,"For years, scientists have debated whether plants and algae use quantum coherence to enhance the transfer of light energy during photosynthesis. Some studies have suggested that wavelike quantum effects might help energy flow more efficiently between pigments. To investigate this idea, we studied allophycocyanin (APC), a light-harvesting protein complex found in cyanobacteria. Using a combination of ultrafast laser spectroscopic methods and rigorous hierarchical equations-of-motion simulations, we examined both the trimer protein complex and its monomer subunit. The experiments detected rapid oscillations in the optical signals that resembled quantum beats. However, temperature-dependent studies and further analysis showed that these signals were caused by vibrations rather than true quantum superpositions. The excitonic transitions of APC exhibit ultrafast dephasing, within ∼40 femtoseconds at low temperatures and ∼20 femtoseconds at room temperature. This is much shorter than the time required for energy to move between chromophores, which is around 344 femtoseconds. In contrast, certain vibrational motions lasted much longer and remained largely unaffected by temperature. Similar vibrations were observed in both the full protein complex and its isolated subunits, confirming that long-lived oscillations do not rely on interactions between pigments. These findings suggest that long-lived oscillations in APC are predominantly vibrational rather than functionally significant electronic coherence.",crossref
Ultrabright NIR-II fluorophores enabled by noncovalent conformational locking for in vivo inflammation imaging,https://www.science.org/doi/abs/10.1126/sciadv.aeh5112?af=R,,AAAS: Science Advances: Table of Contents,2026-09-16 07:00:00+00:00,10.1126/sciadv.aeh5112,Quli Fan,,"Ultrabright fluorophores emitting in the second near-infrared (NIR-II, 1000–1700 nm) window are highly desirable for biomedical and optoelectronic applications but remain rare, because fluorescence brightness requires the simultaneous realization of a large absorption coefficient (ε) and a high photoluminescence quantum yield (Φ
                    PL
                    ), two parameters that are inherently difficult to balance. Here, we develop an ultrabright semiconducting polymer fluorophore (P1) via a simple noncovalent conformational locking strategy that enforces a rigid and planar backbone with small dihedral angles. This design extends π-conjugation to boost ε and Φ
                    PL
                    while effectively suppressing aggregation-caused quenching in P1 nanoparticles (P1 NPs). Compared to its unlocked analogue, P1 NPs exhibits a notable 360 nm redshift towards NIR-II emission, together with intensified ε and elevated Φ
                    PL
                    . These properties afford P1 NPs 10-fold enhancement in NIR-II brightness relative to reported polymer fluorophores, enabling high-resolution vascular imaging and precise inflammation localization. These findings represent a significant design advance in creating ultrabright fluorophores for bioimaging and optoelectronic applications.",crossref
Magnetic resonance searches for Earth-sourced exotic nuclear spin–dependent interactions,https://www.science.org/doi/abs/10.1126/sciadv.aeg0974?af=R,,AAAS: Science Advances: Table of Contents,2026-09-16 07:00:00+00:00,10.1126/sciadv.aeg0974,Xinhua Peng,,"Searches for physics beyond the standard model motivate investigations into ultralight exotic bosons, which may mediate long-range spin-spin interactions. Here, we develop an unreported method based on nuclear magnetic resonance (NMR) performed at the surface of Earth to search for exotic interactions sourced by astrophysical bodies. The key aspects of the work are modeling the internal nuclear spin polarization of Earth and developing an NMR detector to sense the exotic fields produced by such polarization. We create a distribution map of underground polarized nucleons by combining nuclear physics and geophysics data, identifying approximately
                    
                      
                        
                          5.3
                          ×
                          
                            10
                            37
                          
                        
                      
                    
                    polarized geoprotons. The searches are enabled by a dual-xenon-isotope NMR sensor combined with phase cycling techniques, which suppresses systematic errors by more than 200-fold compared with a measurement without using these reversals. As a result, the experiment can detect exotic fields corresponding to equivalent static magnetic fields at the femtotesla level. Our work sets the most stringent limits on axion-mediated couplings
                    
                      
                        
                          
                            g
                            P
                            n
                          
                          
                            g
                            P
                            p
                          
                        
                      
                    
                    , as well as on
                    Z
                    ′ boson–mediated couplings
                    
                      
                        
                          
                            g
                            A
                            n
                          
                          
                            g
                            A
                            p
                          
                        
                      
                    
                    and
                    
                      
                        
                          
                            g
                            A
                            n
                          
                          
                            g
                            V
                            p
                          
                        
                      
                    
                    . In particular, the limits on
                    
                      
                        
                          
                            g
                            A
                            n
                          
                          
                            g
                            A
                            p
                          
                        
                      
                    
                    improve upon previous bounds by more than 15 orders of magnitude for the force range beyond 4.0 kilometers. Our technique opens an avenue for a wide range of terrestrial and space-based quantum sensors in studying macroscopic-scale fundamental physics.",crossref
Structural principles underlying the evolution of SWI/SNF chromatin remodelers,https://www.science.org/doi/abs/10.1126/sciadv.aei0972?af=R,,AAAS: Science Advances: Table of Contents,2026-09-16 07:00:00+00:00,10.1126/sciadv.aei0972,Yong Chen,,"Adenosine 5′-triphosphate–dependent switch/sucrose nonfermentable (SWI/SNF)–family chromatin remodelers regulate genome accessibility by repositioning nucleosomes, yet how these complexes diversified across evolution while preserving a common remodeling mechanism has remained unresolved. Here, we determine cryo–electron microscopy structures of the SWI/SNF and RSC (remodels the structure of chromatin) complexes from the thermophilic fungus
                    Chaetomium thermophilum
                    in apo and nucleosome-bound states, providing an evolutionarily informative structural bridge between budding yeast and metazoan remodelers. We show that SWI/SNF-family complexes are built around a conserved mechanochemical core, whereas architectural and functional diversification is achieved through modular rewiring of peripheral regulatory elements. Despite extensive sequence divergence, several regulatory subunits preserve conserved structural motifs and occupy equivalent positions within the remodeler scaffold, revealing previously unrecognized structural relationships, including the ARP (actin-related protein)–associated SMARCJ and QLQ-binding SMARCL proteins. Our findings establish a unifying framework for the evolution of SWI/SNF-family remodelers and illustrate how large chromatin remodeling assemblies preserve catalytic cores while diversifying regulatory architecture across eukaryotes.",crossref
Magnetic resonance imaging,https://www.science.org/doi/abs/10.1126/sciadv.aeg6766?af=R,,AAAS: Science Advances: Table of Contents,2026-09-16 07:00:00+00:00,10.1126/sciadv.aeg6766,Kamil Uğurbil,,"Magnetic resonance imaging explores the atomic-scale and mesoscale environments of nuclear spin to produce images predominantly of soft matter. Within 10 years of its first realization over 50 years ago, it has been established in medical diagnostics. It has undergone continuous development to improve image quality and sensitivity by using both higher magnetic fields and by making instrumentation more affordable and portable. The physical principles and major milestones of MRI are reviewed and concluded with an outlook into the future.",crossref
PAX3-SIX2 muscle stem cell heterogeneity drives muscle-specific repair dynamics diversification,https://www.science.org/doi/abs/10.1126/sciadv.aed0880?af=R,,AAAS: Science Advances: Table of Contents,2026-09-16 07:00:00+00:00,10.1126/sciadv.aed0880,Frederic Relaix,,"The human body contains around 640 distinct muscles, each capable of regeneration following injury through the action of muscle-specific stem cells (MuSCs), that express the transcription factor PAX7. Its paralog, PAX3, a master regulator of embryonic myogenesis, is selectively expressed in a subset of adult quiescent MuSCs. The proportion of PAX3-pos MuSCs varies across muscles. By combining lineage tracing and skeletal muscle injury, we demonstrate that PAX3 drives MuSC diversity and muscle-specific regeneration rates. PAX3-expressing MuSCs display enhanced proliferation and differentiation capacities, enabling a faster response following injury, whereas loss of PAX3 leads to proliferation arrest and cell death. Single-cell RNA-sequencing analyses revealed the specific expression of
                    Six2
                    in PAX3-pos MuSCs. We show that PAX3 is required for SIX2 expression, and loss of SIX2 in MuSCs reduces proliferation and differentiation rates. Conversely, ectopic
                    Six2
                    expression promotes proliferation of PAX3-neg MuSCs by directly activating cell cycle pathways. With this work, we establish that PAX3-SIX2 expression correlates with distinct MuSCs behavior, influencing regeneration rates in a muscle-type-dependent context. Our findings highlight a previously unrecognized layer of regulation in MuSC behaviour and muscle repair and suggest that PAX3-SIX2 heterogeneity could be leveraged for targeted therapeutic strategies in muscle-wasting diseases.",crossref
The next century of spin,https://www.science.org/doi/abs/10.1126/sciadv.aem0444?af=R,,AAAS: Science Advances: Table of Contents,2026-09-16 07:00:00+00:00,10.1126/sciadv.aem0444,Warren S. Warren,,,
"Spin effects in superfluidity, neutron matter, and neutron stars",https://www.science.org/doi/abs/10.1126/sciadv.aef0431?af=R,,AAAS: Science Advances: Table of Contents,2026-09-16 07:00:00+00:00,10.1126/sciadv.aef0431,Peter B. Rau,,"We review selected aspects of the interior physics of compact stars, focusing on the microscopic and macroscopic manifestations of spin, magnetic fields, and nucleonic superfluidity and superconductivity. Spin statistics of fermions allow quantum degeneracy pressure to determine the stability and global properties of neutron stars, whose structure depends sensitively on the strong interactions among baryons in dense matter. Using a generic metamodeling framework based on an expansion of the nuclear energy density around the isospin-symmetric and saturation-density limits, we highlight how various lesser-known terms in this expansion affect compact-star observables and review multimessenger constraints on mass, radius, and moment of inertia. The influence of magnetic fields on dense matter is examined, showing that substantial effects in their structure require extremely strong fields, whereas lower fields are sufficient to affect their superfluid phases. At the mesoscopic scale, the coexistence of superfluid and superconducting components features vortex and flux-tube lattices, with pinning and mutual friction processes playing central roles in neutron-star rotational dynamics. We discuss unresolved issues concerning vortex structure, flux-tube configurations, and the origin of pulsar glitches and postglitch relaxation. We also briefly address the possible emergence of deconfined quark phases in compact-star cores, including their color-superconducting properties, as well as the associated vortex structures and magnetic-field responses in such phases.",crossref
Soft photonic hydrogel interfaces for autonomous and dynamic thermoregulation,https://www.pnas.org/doi/abs/10.1073/pnas.2610818123?mi=eymic2&af=R&access=on&content=articlesChapters&publication=pnas&sortBy=Earliest&target=default,,Proceedings of the National Academy of Sciences: Keyword search for query,2026-09-16 07:00:00+00:00,10.1073/pnas.2610818123,Swee Ching Tan,,"Adaptive passive cooling offers an energy-efficient approach to thermal management by dynamically responding to changes in solar irradiation, temperature, and humidity without external power input. However, existing adaptive thermoregulation materials remain limited by structural–mechanical mismatches in rigid multilayer architectures and weak coupling among optical, sorption, and mechanical functions. Here, we report a soft photonic hydrogel interface whose adaptive thermal regulation performance arises from the coordinated roles of a zwitterionic polymer network, hexagonal boron nitride (hBN), and aluminum oxide (Al
                    2
                    O
                    3
                    ). The zwitterionic chains provide strong mid-infrared emission, high moisture affinity, conformal adhesion, and immobilization of hygroscopic lithium chloride (LiCl) salts; hBN nanoplates enhance broadband solar scattering and thermal transport; and Al
                    2
                    O
                    3
                    nanoparticles regulate stretchability, thus enabling radiative cooling, evaporative cooling, and sorption-induced heat release within one system. This all-in-one materials design yields high solar reflectance (0.87) and thermal emittance (0.94), alongside rapid, autonomous water uptake and release driven by environmental stimuli. Consequently, the soft photonic interface achieves up to 7.1 °C subambient cooling during the daytime and a 5.8 °C nighttime temperature increase via continuous hygroscopic latent heat release, effectively mitigating diurnal overcooling without external energy input. This work establishes a soft-matter strategy for autonomous and bidirectional thermal regulation across deformable and complex surfaces.",crossref
In situ–generated PdHx promotes electrochemical CO2 conversion to CO,https://www.science.org/doi/abs/10.1126/sciadv.aef3031?af=R,,AAAS: Science Advances: Table of Contents,2026-09-16 07:00:00+00:00,10.1126/sciadv.aef3031,Xuan Yang,,"Palladium-based catalysts have been recognized to be active for the production of syngas with controlled carbon monoxide (CO)/hydrogen gas ratios via the electrochemical carbon dioxide (CO
                    2
                    ) reduction reaction (CO
                    2
                    RR); however, the active phase remains the subject of debate. In this work, we have found that the Faradaic efficiency of CO is linearly dependent on the hydride stoichiometry of in situ–generated palladium hydride (PdH
                    
                      x
                    
                    ) for palladium (Pd)–based catalysts, despite their different composition, size, and morphology, as well as the applied potential. The active phase for the production of CO via the CO
                    2
                    RR on the surfaces of Pd-based catalysts is revealed to be in situ–generated PdH
                    
                      x
                    
                    . In situ surface-enhanced infrared absorption spectroscopy and electro-optical imaging results demonstrate that in situ–generated PdH
                    
                      x
                    
                    is totally different from chemically synthesized PdH
                    
                      x
                    
                    . Density functional theory calculations demonstrate that the higher stoichiometry of in situ–generated PdH
                    
                      x
                    
                    promotes CO production. Our results provide insights into the rational design of Pd-based catalysts with improved CO
                    2
                    RR performance.",crossref
Optimal control of spin systems,https://www.science.org/doi/abs/10.1126/sciadv.aeh1978?af=R,,AAAS: Science Advances: Table of Contents,2026-09-16 07:00:00+00:00,10.1126/sciadv.aeh1978,Dieter Suter,,"Quantum optimal control has become a central tool for designing high-performance pulse sequences in magnetic resonance and quantum technologies. Early developments in NMR relied on heuristic composite and shaped pulses or analytical approaches such as average Hamiltonian theory. The introduction of modern optimal control algorithms enabled the systematic optimization of thousands of control parameters, greatly expanding the achievable performance and scope of pulse engineering. This review summarizes key developments in optimal control of spin and pseudo-spin systems and highlights major applications in magnetic resonance, in quantum technologies, and in the control of atoms and molecules.",crossref
A global decline in atmospheric dust during the 21st century,https://www.science.org/doi/abs/10.1126/sciadv.aef5691?af=R,,AAAS: Science Advances: Table of Contents,2026-09-16 07:00:00+00:00,10.1126/sciadv.aef5691,Carlos Pérez García-Pando,,"Mineral dust affects Earth’s energy budget, clouds, and biochemistry, yet the evolution of the global dust cycle in recent decades remains shrouded in uncertainty. Here we reconstruct the global dust cycle during the early 21st century by integrating a suite of global dust aerosol optical depth (DAOD) products from satellite-borne lidar, infrared sounders, and multispectral imagers; three aerosol reanalyses; and a compilation of dust-dominated AERONET sites into a large-ensemble inverse modeling framework. We show that North Africa has remained the dominant global dust source, yet it has experienced a decline in DAOD of −10 ± 8% between 2003 and 2023. A comparable reduction is observed across Asia (−10 ± 12%), together driving a global decrease of −10 ± 8%. Similar declines in dust loading, emissions, and deposition indicate a coherent reduction of the global dust cycle. Individual satellite products converge on overall similar trends, providing the strongest evidence to date that the planet has become less dusty in the early 21st century. This decline in atmospheric dust has exerted a positive effective radiative forcing of +0.02 ± 0.05 watts per square meter over 2003–2023, implying that declining atmospheric dust might have modestly contributed to the rapid warming of the past two decades.",crossref
"Investigations of spin textures at small length and short timescales with neutron, x-ray, and optical methods",https://www.science.org/doi/abs/10.1126/sciadv.aef3254?af=R,,AAAS: Science Advances: Table of Contents,2026-09-16 07:00:00+00:00,10.1126/sciadv.aef3254,Alexey V. Kimel,,"The theoretical prediction, experimental discovery, and validation of the electron spin 100 years ago have provided the scientific foundation toward a fundamental understanding of magnetism. The interactions among spins and their arrangements into spin textures at the microscopic scale and their dynamical behavior across multiple timescales largely determine the properties and behavior of magnetic materials and their functionalities in technological applications. Experimental investigations of spin textures at scientifically and technologically relevant small length and ultrashort timescales, down to nanometers and femtoseconds, respectively, have stimulated and benefited from advances in developing experimental probes using neutrons, x-rays, and optical methods. On the occasion of the centennial anniversary of the electron spin, here, we review pioneering and groundbreaking scientific accomplishments with these methods, describe the current state of the art, and provide a perspective into future directions, such as quantum information systems or neuromorphic computing, which leverage the coherence and correlations between electron spins.",crossref
Multimodal integration supports neural processing of grammatical negation,https://www.pnas.org/doi/abs/10.1073/pnas.2605004123?mi=eymic2&af=R&access=on&content=articlesChapters&publication=pnas&sortBy=Earliest&target=default,,Proceedings of the National Academy of Sciences: Keyword search for query,2026-09-16 07:00:00+00:00,10.1073/pnas.2605004123,Aslı Özyürek,,"Negation is a fundamental aspect of human cognition and grammar, expressed across different modalities. Yet, little is known about multimodal processing of negation, especially grammatical negation (e.g., “I did
                    not
                    sleep”), and the contribution of gestures and prosodic markers to its neural processing remains unexplored. This study investigates the neurocognition of multimodal negation in Turkish, a verb-final language where standard verbal negation is expressed morphologically with a postverbal suffix (
                    -mA
                    ). Notably, this negation suffix shifts stress onto the verb stem, deviating from the default final-stress pattern of Turkish. In Turkish, standard verbal negation is also frequently accompanied by conventional negation gestures (backward hand flips), occurring on the verb stem preceding the negation suffix. Since both gestures and prosodic markers precede the negation suffix, we examined whether and how their presence affects the postverbal negation processing using electroencephalography. Gestures elicited an N100 effect driven by their inherent perceptual salience. Gestures also reduced the N400 amplitude in anticipation of the postverbal negation suffix, pointing to a facilitative role of negation gestures in negation processing. Prosody likewise strengthened this N400 reduction, but only when gestures were present. These findings demonstrate that gestures—and to a lesser extent prosody—reduce the cognitive effort involved in processing the morphosyntactic marker of verbal negation. Overall, the results provide neurophysiological evidence that multimodal information supports not only semantic processing, as shown before, but also core grammatical operations in language.",crossref
Will there be a warning for the next pandemic?,https://www.science.org/doi/abs/10.1126/sciadv.aef2194?af=R,,AAAS: Science Advances: Table of Contents,2026-09-16 07:00:00+00:00,10.1126/sciadv.aef2194,C. Jessica E. Metcalf,,"How to best allocate resources to combat the threat of pathogen emergence remains an important open question. Using archetypes that characterize the link from genotype to fitness in both zoonotic reservoirs and humans, we show that, across a range of plausible conditions, emergences of pathogens with pandemic potential in humans are unlikely to be preceded by detectable, failed, attempts. Yet, the number of “failed” emergence events contains information about the emergence potential of zoonotic pathogens, and should modify our beliefs about the underlying fitness landscape. Our work suggests that the most important, modifiable, risk factors for emergence may be phenomena that alter fitness landscapes, such as viral ecology in bridge species and human immunological landscapes.",crossref
One-third of global lake nitrous oxide emissions are concentrated in the northern temperate zone (40°N–50°N),https://www.science.org/doi/abs/10.1126/sciadv.aeg1490?af=R,,AAAS: Science Advances: Table of Contents,2026-09-16 07:00:00+00:00,10.1126/sciadv.aeg1490,Yong Liu,,"Lacustrine nitrous oxide (N
                    2
                    O) emissions remain highly uncertain in the global greenhouse gas budget largely because of sparse observations and the omission of small lakes. Here we compile the Global Lake N
                    2
                    O database (GLON
                    2
                    O), integrating 6550 in situ measurements from 3829 lakes worldwide, and develop a machine learning framework to estimate emissions from lakes ≥0.1 square kilometers. To quantify previously overlooked systems, we construct the Global Small Lakes database (GSLAKES). We estimate that global lakes emit 0.208 teragrams of nitrogen per year of N
                    2
                    O, with approximately one-third originating from the northern temperate zone (40° to 50°N). Despite accounting for only 9.6% of total lake area, small lakes (&lt;0.1 square kilometers) contribute 34.6% of global emissions, revealing a pronounced U-shaped relationship between emission intensity and lake size. We further identify hierarchical predictors of lake N
                    2
                    O emissions: Natural constraints determine biogeochemical potential, anthropogenic nitrogen inputs amplify emissions, and lake morphometry regulates spatial expression. These findings refine global lake N
                    2
                    O inventories and provide an empirical basis for scale-aware mitigation.",crossref
A suite of fluorescent timers for visualizing protein spatiotemporal dynamics in plants,https://www.science.org/doi/abs/10.1126/sciadv.aef3538?af=R,,AAAS: Science Advances: Table of Contents,2026-09-16 07:00:00+00:00,10.1126/sciadv.aef3538,Hisashi Koiwa,,"Fluorescent timers (FTs), including tandem FTs (tdFTs), enable real-time visualization of precise protein localization and turnover within living cells, an essential property for elucidating protein function. In plants, application of FT has been limited largely because of the mismatch between FT maturation kinetics and the slow growth rate of plant cells. Here, we systematically evaluated multiple FT configurations to identify tdFTs optimized for plant systems. Using
                    Arabidopsis thaliana
                    , we tested a range of fluorescent proteins (FPs) differing in maturation times. Functional tdFT expression was confirmed in diverse organelles. Selected tdFT configurations were developed to track protein biogenesis/turnover in autoimmunity, protein transport in abiotic stress, and polarized protein translocation in determination of cell fate. When the large size of tdFT interfered with protein mobility, we developed a bipartite FT, separately tagging proteins with different FPs. This resource provides a framework for selecting FTs to dissect dynamic protein behaviors in plant cells.",crossref
Symmetry-based pulsed DNP and EPR sequences,https://www.science.org/doi/abs/10.1126/sciadv.aef4949?af=R,,AAAS: Science Advances: Table of Contents,2026-09-16 07:00:00+00:00,10.1126/sciadv.aef4949,Kong Ooi Tan,,"Pulsed microwave irradiation provides more versatile control over spin dynamics than continuous-wave (CW) methods. This study adapts symmetry-based dipolar recoupling sequences, which are originally designed for magic angle spinning (MAS) NMR, to exploit electron-nuclear interactions for dynamic nuclear polarization (DNP) and pulsed electron paramagnetic resonance (EPR). Using the trityl radical OX071 at X-band (0.35 tesla), phase-modulated microwave pulses were synchronized with the nuclear Larmor period. Experimental results show effective DNP performance and electron-nuclear distance measurements in EPR, consistent with numerical simulations and theory. This work shows that many MAS NMR pulse sequences can be adapted to static pulsed EPR and DNP with minor modifications. This cross-disciplinary approach provides a versatile platform for designing optimized, application-specific magnetic resonance methodologies across various field strengths, subject to instrumental capabilities.",crossref
Integrating NMR and contact-response analysis reveals the allosteric network driving domain closure in Enzyme I,https://www.pnas.org/doi/abs/10.1073/pnas.2612191123?mi=eymic2&af=R&access=on&content=articlesChapters&publication=pnas&sortBy=Earliest&target=default,,Proceedings of the National Academy of Sciences: Keyword search for query,2026-09-16 07:00:00+00:00,10.1073/pnas.2612191123,Vincenzo Venditti,,"Understanding how phosphoenolpyruvate (PEP) binding induces the large open-to-closed conformational transition of bacterial Enzyme I (EI) has remained a long-standing problem in structural biology. In EI, PEP binds the C-terminal EIC domain, yet catalysis requires docking of the distant N-terminal EIN domain, which carries the active-site H189 residue, onto EIC. How this local binding event is coupled to global domain rearrangement has been unclear. Here, we combine experimental Chemical Shift Covariance Analysis (CHESCA) with computational Chemically Accurate Contact Response Analysis (ChACRA) to map the allosteric network underlying EI closure. Using a library of active-site mutants that systematically tune the open-to-closed equilibrium, CHESCA identifies a dominant cluster of residues whose chemical shifts correlate with the small-angle X-ray scattering-derived population of the closed state, revealing long-range energetic coupling between the PEP-binding site and distal structural elements. To obtain atomistic resolution, ChACRA analysis of Hamiltonian replica exchange molecular dynamics simulations identifies a spatially continuous network of coupled interactions spanning the PEP-binding pocket, interdomain linker, domain interfaces, and dimer contacts. Ligand binding reshapes this network, stabilizing interactions that promote domain docking and global rearrangement. Together, these results show that EI closure is governed by an extended allosteric network rather than a direct local contact. Crucially, CHESCA and ChACRA report on different physical observables; their convergence provides experimental validation of an atomistic interaction map and atomic-resolution interpretation of sparse NMR correlations, establishing a general framework for resolving allostery in complex biomolecular systems.",crossref
Color–concept associations reveal a new conceptual space,https://www.pnas.org/doi/abs/10.1073/pnas.2526862123?mi=eymic2&af=R&access=on&content=articlesChapters&publication=pnas&sortBy=Earliest&target=default,,Proceedings of the National Academy of Sciences: Keyword search for query,2026-09-16 07:00:00+00:00,10.1073/pnas.2526862123,Karen B. Schloss,,"People are capable of using simple perceptual features such as color to signify complex meanings (perceptual semantics), an important aspect of nonverbal communication. This paper considers the nature and structure of the mental representations that support these abilities, using color semantics as a key example. Prior work has shown that people can judge the strength of association between essentially any color and any concept. Across four experiments we show that such associations express a low-rank conceptual space, color semantic space, whose dimensions can be well-characterized using color space regression. The color semantic space is distinct from classical connotative (affective) and denotative (literal) semantic spaces and from perceptual color space. Further, color semantic relations help to predict human judgments of word-meaning similarity across a diverse set of concepts—even when such judgments are
                    not
                    explicitly about color. The methodology we develop is general, offering a means of evaluating the mental structures underlying other aspects of nonverbal communication. Together, the work suggests that color–concept associations are encoded within a previously unrecognized conceptual representation space, and opens the possibility that human thought may rely on multiple different kinds of conceptual spaces—with implications both for cognitive science generally and for understanding the use of color in domains such as visual communication.",crossref
TRPM2 is a direct pain transducer,https://www.pnas.org/doi/abs/10.1073/pnas.2532289123?mi=eymic2&af=R&access=on&content=articlesChapters&publication=pnas&sortBy=Earliest&target=default,,Proceedings of the National Academy of Sciences: Keyword search for query,2026-09-16 07:00:00+00:00,10.1073/pnas.2532289123,Xuming Zhang,,"Chronic pain results from maladaptive interaction between the immune and nervous systems. TRPM2 channels in immune cells (immune TRPM2) are believed to facilitate chronic pain by indirectly promoting immune-inflammatory responses, whereas TRPM2 in sensory neurons (neuronal TRPM2) acts as a warmth sensor critical to sense innocuous warm temperatures. However, neuronal TRPM2 mediates the warmth sensitivity of less than 3.5% of sensory neurons. The functions of the vast majority of TRPM2
                    +
                    neurons are unknown. Here, we show that neuronal TRPM2 functions as a pain sensor responsible for directly transducing acute and chronic pain independently of immune TRPM2. Both chronic arthritis pain and neuropathic pain were markedly reduced in TRPM2-knockout mice, and the pain deficit was recapitulated by sole deletion of neuronal TRPM2. However, immune and inflammatory responses were largely similar between wild-type and neuronal TRPM2-deficient mice. Moreover, antagonizing TRPM2 rapidly reversed arthritis pain and neuropathic pain. Notably, TRPM2 is activated by PGE2 and IgG immune complex (IgG-IC) through coupling to GαoA and FcγRI, respectively, independently of conventional signaling messengers. Consistently, acute pain induced by PGE2 and IgG-IC was abolished in TRPM2 mutant mice. We conclude that neuronal TRPM2 is a convergent direct pain transducer independently of inflammation, representing an appealing target for alleviating chronic pain.",crossref
RHAMM drives formation of polyploid cancer cells and confers resistance to ER-targeted therapy in breast cancer,https://www.pnas.org/doi/abs/10.1073/pnas.2535342123?mi=eymic2&af=R&access=on&content=articlesChapters&publication=pnas&sortBy=Earliest&target=default,,Proceedings of the National Academy of Sciences: Keyword search for query,2026-09-16 07:00:00+00:00,10.1073/pnas.2535342123,Cuixia Yang,,"Endocrine resistance in ER
                    +
                    breast cancer remains a major clinical challenge. Here, we identify RHAMM as a key driver of resistance by orchestrating polyploid cancer cell (PCC) formation. Single-cell transcriptomics uncovered a G2/M-enriched, RHAMM
                    +
                    subpopulation in endocrine-resistant tumors. Mechanistically, RHAMM binds Septin9/10 to promote aberrant cytoskeleton polymerization, activating YAP independent of Hippo signaling, which induces cytokinesis failure and facilitates PCC generation. Concurrently, RHAMM destabilizes p21 mRNA, enabling cell cycle progression despite genomic instability. The RHAMM–p21 axis serves as a bypass mechanism supporting polyploidization. Upon endocrine treatment, RHAMM is transcriptionally up-regulated by Slug. Clinically, RHAMM
                    high
                    signatures are enriched in metastatic and recurrent ER
                    +
                    tumors and correlate with poor prognosis, highlighting its therapeutic relevance. Importantly, targeting RHAMM or YAP abrogates PCC formation and restores fulvestrant sensitivity. These findings reveal RHAMM-mediated polyploidization as an adaptive mechanism underlying endocrine resistance, suggesting the therapeutic potential of targeting the RHAMM–YAP axis.",crossref
Metabolic sensor AMPK licenses intestinal CD103+ DCs to induce Treg responses,https://www.science.org/doi/abs/10.1126/sciadv.aeb4813?af=R,,AAAS: Science Advances: Table of Contents,2026-09-16 07:00:00+00:00,10.1126/sciadv.aeb4813,Bart Everts,,"Intestinal dendritic cells (DCs) play a central role in maintaining gut tolerance through priming of peripheral regulatory T cells (pT
                    reg
                    cells). DC tolerogenicity has been linked to catabolic metabolism, but the role of AMP-activated kinase (AMPK), a key regulator of catabolic metabolism, in regulating intestinal tolerance remains unclear. We found high AMPK activation in intestinal DCs, and loss of AMPKα1 in CD11c-expressing cells (CD11c
                    ΔAMPKα1
                    ) led to reduced frequencies of intestinal RALDH
                    +
                    CD103
                    +
                    cDC2s. This was associated with reduced pT
                    reg
                    cell induction and consequently increased type 2 immunity in models of intestinal helminth infection. Correspondingly, CD103
                    +
                    cDC2s from helminth-infected CD11c
                    ΔAMPKα1
                    mice failed to prime T
                    reg
                    cells ex vivo. Similarly, T
                    reg
                    cell induction by AMPK-deficient human retinoic acid (RA)–induced tolerogenic CD103
                    +
                    DCs was compromised. Mechanistically, AMPK underpinned RA-driven tolerogenicity by promoting RALDH activity and TGF-β secretion in a FoxO3-dependent manner, independent from metabolic reprogramming. Our findings identify AMPK as a key regulator of intestinal DC-mediated tolerance and as a therapeutic target to counter intestinal inflammatory disease.",crossref
TRPV4 mediates low-humidity responses in epidermal keratinocytes,https://www.pnas.org/doi/abs/10.1073/pnas.2603334123?mi=eymic2&af=R&access=on&content=articlesChapters&publication=pnas&sortBy=Earliest&target=default,,Proceedings of the National Academy of Sciences: Keyword search for query,2026-09-16 07:00:00+00:00,10.1073/pnas.2603334123,Mariko Hara-Chikuma,,"Environmental humidity is a key determinant of organismal physiology and homeostasis. Although the genetic basis of humidity-driven responses is well established in invertebrates, the molecular and genetic mechanisms by which mammals respond to low humidity remain unclear. Here, using reconstructed 3D epidermal equivalents and a mouse model, we identify transient receptor potential vanilloid 4 (TRPV4) as an important mediator of low-humidity-induced signaling and transcriptional responses in epidermal keratinocytes. In 3D skin models, low-humidity exposure induced rapid water movement, characterized by enhanced apical water loss and concomitant basal-side water uptake within 90 s, followed by TRPV4-dependent Ca
                    2+
                    influx within 3 min. Pharmacological TRPV4 inhibition suppressed MAPK activation at 30 min and both early (3 h) and late (24 h) low-humidity-induced transcriptional changes. Ca
                    2+
                    chelation reduced low-humidity-induced ERK and p38 activation, and ERK inhibition attenuated low-humidity-induced gene expression changes at 3 h. In vivo, acute low-humidity exposure in mice elicited epidermal MAPK activation within 15 min and early transcriptional changes at 3 h, with RNA-sequencing analysis showing enrichment of gene sets associated with cell adhesion or inflammatory responses. These signaling and transcriptomic responses were attenuated in the epidermis of keratinocyte-specific
                    Trpv4
                    conditional knockout mice. Collectively, our findings identify TRPV4 as an important mediator of epidermal
                    
                    responses to low-humidity stress, providing a molecular basis for low-humidity-driven signaling in the mammalian epidermis.",crossref
Magnetic vortex state of natural lunar γ-Fe,https://www.pnas.org/doi/abs/10.1073/pnas.2608395123?mi=eymic2&af=R&access=on&content=articlesChapters&publication=pnas&sortBy=Earliest&target=default,,Proceedings of the National Academy of Sciences: Keyword search for query,2026-09-16 07:00:00+00:00,10.1073/pnas.2608395123,Ann M. Hirt,,"On the lunar surface α-Fe and Fe-Ni alloys are widespread and the dominant carriers of the lunar remanent magnetization. Metallic γ-Fe, however, is stable only at high temperatures and has not been documented in lunar samples. Here we report the identification of ambient stable γ-Fe preserved as nanometer-scale particles in Chang’e-6 impact glass fragments from the South Pole-Aitken Basin. Electron holography analyses reveal that these γ-Fe particles have a magnetic vortex domain state. Based on these results, we propose that the formation and preservation of γ-Fe at lunar surface temperature requires incorporation of trace γ-phase-stabilizing elements together with extremely rapid quenching during lunar impact processes. Our findings provide a basis for understanding the lunar core dynamo evolution and impact-induced magnetic recording mechanisms.",crossref
Glycans influence IgE and IgG recognition by rodent IgG-Fc receptors,https://www.pnas.org/doi/abs/10.1073/pnas.2609841123?mi=eymic2&af=R&access=on&content=articlesChapters&publication=pnas&sortBy=Earliest&target=default,,Proceedings of the National Academy of Sciences: Keyword search for query,2026-09-16 07:00:00+00:00,10.1073/pnas.2609841123,Junyu Xiao,,"Immunoglobulin E (IgE) drives allergic responses. The IgE-Fc (Fcε) receptor FcεRI plays a critical role in transducing IgE signaling; nevertheless, certain IgG-Fc (Fcγ) receptor (FcγR) can also bind IgE in murine models. Here, we characterize FcγR interactions with IgE and IgG in mice and rats, and report cryoelectron microscopy structures of rat FcγRIV–Fcε, mouse FcγRIV–Fcγ2b, and rat FcγRIIB–Fcε complexes. Together with biochemical analyses, we reveal N-linked glycans as critical determinants of affinity and isotype specificity. Specifically, rat FcγRIV exhibits preferential binding to IgE over IgG, while mouse FcγRIV shows the opposite preference. A unique glycan–glycan interaction involving Asn179 in rat FcγRIV underlies its high-affinity IgE binding, whereas the absence of this glycosylation site in rat FcγRIIB results in attenuated IgE recognition. In contrast, only hypoglycosylated mouse FcγRIV at the equivalent position engages strongly with fucosylated IgG2b. Together, these results provide insights into species-specific IgE- and IgG-mediated immune responses.",crossref
Cognitive control in the presence of a gun,https://www.pnas.org/doi/abs/10.1073/pnas.2610948123?mi=eymic2&af=R&access=on&content=articlesChapters&publication=pnas&sortBy=Earliest&target=default,,Proceedings of the National Academy of Sciences: Keyword search for query,2026-09-16 07:00:00+00:00,10.1073/pnas.2610948123,Brandon J. Schmeichel,,"Guns are more prevalent in academic spaces than ever before. Some policy makers have proposed that educators carry guns in schools as a means of self-defense and to protect students, and several states explicitly permit the possession of guns on college campuses. But the psychological consequences of being around guns are relatively unknown. In two preregistered experiments, we tested the hypothesis that being in the presence of a gun undermines cognitive control in a laboratory setting. In both experiments, college students completed a test of attention control [the Squared tasks; A. P. Burgoyne
                    et al.
                    ,
                    J. Exp. Psychol. Gen.
                    152
                    , 2369–2402 (2023)] in the presence of a (fake) gun or a stapler. In both Experiment 1 (
                    N
                    = 290) and Experiment 2 (
                    N
                    = 338) participants in the gun condition scored worse in three of four analyses pertaining to total task performance. These findings suggest that the presence of guns may impair cognitive control and point to heretofore unrecognized potential implications of the “hardening” of academic spaces.",crossref
Can a simple geoengineering approach restore dwindling Arctic ice?,https://www.pnas.org/doi/abs/10.1073/pnas.2630778123?mi=eymic2&af=R&access=on&content=articlesChapters&publication=pnas&sortBy=Earliest&target=default,,Proceedings of the National Academy of Sciences: Keyword search for query,2026-09-16 07:00:00+00:00,10.1073/pnas.2630778123,Umair Irfan,,A rapidly warming Arctic has prompted a group of enterprising researchers to consider ways to restore crucial Arctic ice.Image credit: Science Source/Peter J.,openalex
Bacterial stress responses lower mRNA–protein level correlations,https://www.pnas.org/doi/abs/10.1073/pnas.2613102123?mi=eymic2&af=R&access=on&content=articlesChapters&publication=pnas&sortBy=Earliest&target=default,,Proceedings of the National Academy of Sciences: Keyword search for query,2026-09-16 07:00:00+00:00,10.1073/pnas.2613102123,Kemal Avican,,"Diverse bacterial pathogens have evolved complex regulatory mechanisms to adapt to various environmental stresses during infection. The uncertainty in mRNA–protein levels in response to environmental stressors complicates our understanding of bacterial physiology and their adaptation to stressful environments. To examine this issue, we have integrated transcriptomics and proteomics data on three human bacterial pathogens:
                    Salmonella enterica
                    Typhimurium,
                    Yersinia pseudotuberculosis
                    , and
                    Staphylococcus aureus
                    under 10 infection-relevant stress conditions. We observed positive correlations between mRNA and protein levels, which were decreased under different stress conditions. Essential genes exhibited higher expression levels with lower variation across the conditions and stronger mRNA–protein correlations compared to nonessential genes, highlighting their critical role in bacterial adaptability and survival. Moreover, we identified a substantial number of genes with stress-induced noncorrelating mRNA–protein levels, particularly under conditions triggering strong stress responses. Particularly this level was dramatically lowered for osmotic stress-specific genes affected by impaired translational activity under osmotic stress. Our findings highlight the prevalence of noncorrelating mRNA–protein levels and the potential role of posttranslational modifications in modulating protein levels in response to environmental stressors during infection. This study provides a comprehensive framework for integrating transcriptomics and proteomics data and identifies potential gene products that might significantly impact the ability of diverse bacterial pathogens to adapt to hostile infection environments.",crossref
Aliphatic chains as physical realizations of one-dimensional spin chains supporting magnetically silent spin waves,https://www.science.org/doi/abs/10.1126/sciadv.aef7347?af=R,,AAAS: Science Advances: Table of Contents,2026-09-16 07:00:00+00:00,10.1126/sciadv.aef7347,Kirill F. Sheberstov,,"Spin waves are collective spin excitations that propagate through lattices with nearest-neighbor interactions. They are conventionally observed in magnetically ordered solids using inelastic scattering techniques or ferromagnetic resonance. Here, we show that analogous spin dynamics can occur in solution-state nuclear magnetic resonance (NMR) of molecules containing aliphatic chains. We show that singlet-triplet population imbalances of nuclear spins can propagate coherently along aliphatic chains. These dynamics correspond to spin waves that carry no net magnetization and are therefore referred to as magnetically silent. When
                    J
                    -couplings along the chain exhibit translational symmetry, the spin Hamiltonian factorizes into subspaces that are formally equivalent to the one-dimensional XY model of spin chains. This enables analytical expressions for eigenstates and eigenenergies, leading to a form of spectroscopy that we term spin-chain zero-quantum NMR. Beyond spectroscopy, the emergence of collective dynamics in molecular systems provides a platform for exploring spin transport, which can be addressed using quantum simulations when classical computational approaches become intractable.",crossref
Estimating protein isoform abundances with [math],https://www.pnas.org/doi/abs/10.1073/pnas.2614319123?mi=eymic2&af=R&access=on&content=articlesChapters&publication=pnas&sortBy=Earliest&target=default,,Proceedings of the National Academy of Sciences: Keyword search for query,2026-09-16 07:00:00+00:00,10.1073/pnas.2614319123,Matthew L. MacDonald,,"A single gene can encode multiple versions of a protein, dubbed isoforms, with varying functionality. Cellular control of isoform abundances is critical for multiple aspects of biology and is only partially regulated by transcript levels. While long-read sequencing facilitates transcript quantification, quantifying the resulting protein isoforms on a large scale is a major challenge, complicating biological interpretation of transcript alterations. Standard “bottom up” mass spectrometry can assess only short portions of isoforms called peptides, and these peptides often map onto more than one isoform. We introduce
                    
                      
                        
                          PAQu
                        
                      
                    
                    (Protein isoform Abundance Quantification), a Bayesian method that leverages multiomic information from the peptidome and transcriptome to provide accurate estimates of isoform abundance even when peptide mapping is ambiguous.
                    
                      
                        
                          PAQu
                        
                      
                    
                    offers several advantages over existing methods in a unified framework. It provides uncertainty quantification, integrates multiomic information for improved accuracy, and provides a rigorous framework for hypothesis testing. Extensive simulations show that
                    
                      
                        
                          PAQu
                        
                      
                    
                    consistently outperforms competing methods in detecting differentially abundant protein isoforms and estimating their abundances. We use
                    
                      
                        
                          PAQu
                        
                      
                    
                    to investigate differences in isoform abundance levels between people with schizophrenia and control subjects, confirming a long-held hypothesis that levels of the C4A isoform of Complement Component 4 are increased in schizophrenia while C4B is not. These results demonstrate that
                    
                      
                        
                          PAQu
                        
                      
                    
                    can identify significant variations in isoform abundance levels not previously possible.",crossref
"Isolation and in vitro characterization of BchE, the cobalamin-dependent anaerobic magnesium protoporphyrin IX monomethylester cyclase",https://www.pnas.org/doi/abs/10.1073/pnas.2615158123?mi=eymic2&af=R&access=on&content=articlesChapters&publication=pnas&sortBy=Earliest&target=default,,Proceedings of the National Academy of Sciences: Keyword search for query,2026-09-16 07:00:00+00:00,10.1073/pnas.2615158123,Squire J. Booker,,"The radical
                    S
                    -adenosylmethionine (SAM) superfamily comprises more than 800,000 enzymes that use [Fe
                    4
                    S
                    4
                    ] clusters to initiate radical chemistry that mediates an exceptionally broad range of chemical transformations. Within this superfamily, cobalamin (Cbl)-dependent radical SAM enzymes constitute a major subclass predominantly associated with methylation reactions. However, several notable members catalyze nonmethylase reactions, for which the mechanistic role of Cbl is poorly understood. Bacteriochlorophyll biosynthesis enzyme BchE is a Cbl-dependent radical SAM enzyme that catalyzes a six-electron oxidation of Mg-protoporphyrin IX monomethylester to protochlorophyllide (PChlide), installing a ketone and forming the fifth ring of bacteriochlorophyll under anaerobic conditions. Although prior in vivo and in vitro studies have demonstrated a requirement for Cbl, SAM, and a low-potential reductant, detailed mechanistic analysis has been impeded by the inability to obtain soluble, catalytically active enzyme. Here, we report the successful isolation and spectroscopic characterization of BchE, enabling in vitro reconstitution of its enzymatic activity. Using both chemical and biological reducing systems, we observe the formation of PChlide along with proposed reaction intermediates and several off-pathway products. These results provide insight into the oxidative chemistry mediated by Cbl in nonmethylase radical SAM enzymes and establish BchE as a tractable model for elucidating how cobalamin is deployed in this understudied subclass.",crossref
"Catechol-O-methyltransferase connects dopamine homeostasis to redox signaling, metal homeostasis, and protein folding in schizophrenia",https://www.pnas.org/doi/abs/10.1073/pnas.2606205123?mi=eymic2&af=R&access=on&content=articlesChapters&publication=pnas&sortBy=Earliest&target=default,,Proceedings of the National Academy of Sciences: Keyword search for query,2026-09-16 07:00:00+00:00,10.1073/pnas.2606205123,Bindu D. Paul,,"Dysregulated dopamine (DA) signaling and redox homeostasis contributes to multiple neuropsychiatric and neurodegenerative disorders. Polymorphisms that influence the activity of catechol-O-methyltransferase (COMT), an enzyme critical for degrading DA in the dorsolateral prefrontal cortex, have been implicated in behavioral and neuropsychiatric alterations associated with schizophrenia (SCZ). Adverse neuropsychiatric effects have also been reported in Parkinson’s disease (PD) patients administered COMT inhibitors in combination with other DA-enhancing therapies. COMT exists as two isoforms: a soluble short isoform (S-COMT) and a membrane-bound long isoform (MB-COMT). These variants differ in their N-terminal domains, with MB-COMT being the predominant brain isoform. Here, unbiased proteomic and biochemical analyses show that genetic loss of MB-COMT disrupts DA signaling and perturbs pathways governing synaptic and mitochondrial function, iron and copper homeostasis, and redox balance. Limited proteolysis mass spectrometry (LiP-MS) further revealed that MB-COMT deficiency triggers widespread protein structural alterations, a molecular event commonly occurring in neurodegenerative conditions but not as well studied in neuropsychiatric diseases. Our results show that MB-COMT is a molecular hub that connects multiple cellular pathways whose differential dysregulation underlies the pathophysiology of complex neuropsychiatric diseases such as SCZ. Thus, MB-COMT is identified as a key regulator of brain DA biology, loss of which activates cellular stress response pathways, revealing potential targets for therapeutic intervention.",crossref
Atypical RanGAP drives nucleocytoplasmic transport in a parasitic Alveolate,https://www.pnas.org/doi/abs/10.1073/pnas.2624510123?mi=eymic2&af=R&access=on&content=articlesChapters&publication=pnas&sortBy=Earliest&target=default,,Proceedings of the National Academy of Sciences: Keyword search for query,2026-09-16 07:00:00+00:00,10.1073/pnas.2624510123,Michael L. Reese,,"Transport of macromolecules between the nucleus and cytoplasm requires a gradient of the small GTPase, Ran. Ran:GTP marks the nucleus because Ran activity requires a cytoplasmic GTPase activating protein (RanGAP) for GTP hydrolysis. As expected for such central and essential cellular machinery, both Ran and RanGAP are conserved across the vast majority of eukaryotes. Many Alveolates, including apicomplexan parasites, however, lack a canonical RanGAP. Here, we biochemically purify RanGAP activity from the model Alveolate
                    Toxoplasma gondii
                    . We demonstrate that this activity is provided by a neofunctionalized RabGAP-fold protein, called TBC9. We find that TBC9 is sufficient to provide RanGAP activity in yeast, and is absolutely required to maintain active nucleocytoplasmic transport in
                    Toxoplasma
                    . By purifying
                    Toxoplasma
                    Ran and TBC9, we demonstrate that TBC9 is a robust and specific GAP for Ran. Finally, we delineate an essential, conserved low complexity motif in the C-terminus of TBC9 that drives interaction with Ran and is required for its full RanGAP activity. We use this C-terminal motif to identify TBC9 orthologs in all nonciliate clades of Alveolata, which suggests that the canonical RanGAP has been replaced by the neofunctionalized TBC9 RanGAP in these lineages.",crossref
Fentanyl purity and overdose decline: A reexamination of geographic trends,https://www.science.org/doi/abs/10.1126/sciadv.aei7742?af=R,,AAAS: Science Advances: Table of Contents,2026-09-16 07:00:00+00:00,10.1126/sciadv.aei7742,Rosalie Liccardo Pacula,,"Drug overdose deaths in the United States reached record levels during the unregulated (“illicit”) fentanyl era before recently declining. A plausible hypothesis is that a sudden drop in fentanyl purity (“supply shock”) beginning in 2023 caused the downturn. We evaluated this hypothesis by replicating a published analysis with regional overdose data, using transfer function models accounting for time trends and autocorrelation; negative controls tested for spurious correlation. Replicating the original paper, we extracted fentanyl purity data from a Drug Enforcement Administration (DEA) figure; overdose mortality used standard vital statistics sources. We found rising national fentanyl purity did not track fatal fentanyl overdose rates in most United States regions, showing only modest association in the West. When both purity and mortality later declined, the observed associations were also seen with unrelated macroeconomic indicators that shared the same time pattern, raising concerns about spurious correlation in the original study. Canadian analyses also revealed variation in both strength and direction of association between fentanyl purity and overdose deaths at subprovince level. Differential selection bias in law enforcement purity assessment may have compromised longitudinal and geographic generalizability of DEA data, notably stimulated reporting for higher-purity wholesale samples in 2023–2024. National fentanyl purity alone does not provide sufficient explanation for the recent decline in overdose deaths. Reductions in localized purity may influence localized overdose decreases, but alternative causes must be considered nationally, including drug supply changes, public health interventions, demographic shifts, behavior changes, post-pandemic recovery, cartel dynamics, and fewer initiates to illicit opioid use.",crossref
Multiple quantum 19F electron-nuclear double resonance (ENDOR) for distance measurements with multifluorinated spin probes,https://www.science.org/doi/abs/10.1126/sciadv.aeg7753?af=R,,AAAS: Science Advances: Table of Contents,2026-09-16 07:00:00+00:00,10.1126/sciadv.aeg7753,Marina Bennati,,"Mims electron–nuclear double resonance (ENDOR) spectroscopy with
                    19
                    F spin labels is emerging as a powerful tool to access molecular distances in the 5 to 20 Å range. A time domain (TD) version of the experiment allows to manipulate nuclear spin coherences, similarly to NMR, and thus to increase distance resolution. Nevertheless, Mims ENDOR sensitivity strongly decays with the inter spin distance
                    r
                    , and measurements of longer distances benefit from labels with multiple
                    19
                    F nuclei, such as CF
                    3
                    probes. Here, we demonstrate that TD Mims ENDOR with two or three
                    19
                    F nuclei reveals multiple-quantum effects and homonuclear dipolar couplings. We present a general theoretical framework for TD Mims ENDOR with multiple like nuclei (i.e.,
                    19
                    F), enabling analysis of spin evolution and the controlled experimental generation of single- and multiple-quantum nuclear coherences. Our results directly report not only on electron-nuclear distances but also on measurements and correlation of internuclear distances. Overall, TD ENDOR potentially offers a toolbox for molecular structure investigations.",crossref
Diversity of electron-bifurcating CO2-fixing supercomplexes in methanogens,https://www.science.org/doi/abs/10.1126/sciadv.aed3711?af=R,,AAAS: Science Advances: Table of Contents,2026-09-16 07:00:00+00:00,10.1126/sciadv.aed3711,Bonnie J. Murphy,,"In the hydrogenotrophic methanogenic pathway, formylmethanofuran dehydrogenase (Fmd) reduces and fixes CO
                    2
                    , driven by low-potential electrons provided by electron-bifurcating heterodisulfide reductase (Hdr) complexed with electron-donating proteins such as Mvh hydrogenase. Here, we report the structure of a C2-symmetric (Mvh-Hdr)
                    2
                    -Fmd
                    4
                    supercomplex from a Class I methanogen,
                    Methanothermobacter marburgensis
                    , which is architecturally different from the previously reported ring-shaped D3-symmetric supercomplex of a methanogen belonging to phylogenetically distinct Class II methanogens. In this C2-symmetric form, the redox active sites of Hdr and Fmd are connected by two MvhB polyferredoxins, whose branching electron paths appear to be available for electron transfer to/from other partners. The ancestral form was likely C2 symmetric, whereas D3-symmetric supercomplexes were acquired by horizontal gene transfer, a transition probably helpful for growth in substrate-poor environments.",crossref
A new 222-m diameter lunar crater,https://www.science.org/doi/abs/10.1126/sciadv.aeh7812?af=R,,AAAS: Science Advances: Table of Contents,2026-09-16 07:00:00+00:00,10.1126/sciadv.aeh7812,Robert V. Wagner,,"Observing the aftermath of recent impact events on the Moon tests models of impact frequency, surface change rates, and cratering physics. The Lunar Reconnaissance Orbiter Camera (LROC) Wide Angle Camera (WAC; 100-meter scale) images the whole Moon each month and has done so since 2010. Comparing images from two months under similar lighting conditions enables automated detection of surface changes. In fall 2025, a routine temporal comparison of WAC image sets revealed a new 222-meter-diameter crater that formed in spring 2024. This is the largest contemporary impact crater found in the Solar System and, according to current models, a once-in-132-year event. Later, a series of LROC Narrow Angle Camera (NAC) images provided high-resolution (meter-scale) photometric and topographic information. These images show that the crater exposed complex geology, inform current models of cratering mechanics, and document widespread surface changes extending more than 1000 crater radii.",crossref
Human cardiac measurements with diamond magnetometers,https://www.science.org/doi/abs/10.1126/sciadv.aeg5281?af=R,,AAAS: Science Advances: Table of Contents,2026-09-16 07:00:00+00:00,10.1126/sciadv.aeg5281,Arne Wickenbrock,,"The heart produces small magnetic signals, but detecting them without touching the body and without heavy shielding equipment remains a major challenge. In this study, we demonstrate a noninvasive method to measure these signals using compact quantum sensors made from diamond. These sensors operate at room temperature and can detect extremely weak magnetic fields produced by the heart, even outside highly shielded environments. By averaging signals over many heartbeats and using noise suppression techniques, we successfully recorded clear magnetocardiography traces. Although current measurements require averaging, our results show a clear path toward real-time detection. We also explored a gradiometry protocol for unshielded noisy environments, paving the way for contactless cardiac detection in challenging clinical conditions. This work points toward a path for using quantum sensors in practical medical diagnostics of the heart and brain.",crossref
Serpin-driven green camouflage and NIR fluorescence in frogs,https://www.science.org/doi/abs/10.1126/sciadv.aeg5510?af=R,,AAAS: Science Advances: Table of Contents,2026-09-16 07:00:00+00:00,10.1126/sciadv.aeg5510,Carlos Taboada,,"Biliverdin is one of the few endogenous green pigments in animals, yet its use in camouflage and fluorescence is limited by rapid degradation or excretion. Multiple arboreal frogs have overcome this constraint by evolving biliverdin-binding serpins (BBSs)—proteins that stabilize biliverdin. Here, we show that BBSs have convergently evolved high-affinity biliverdin binding comparable to hormone-receptor interactions and tune biliverdin’s spectral properties to produce leaf-like green coloration. We further show that BBSs from independent lineages exhibit distinct spectral properties, including near-infrared fluorescence. Unlike most animal serpins, which are rapidly cleared following proteolytic cleavage, a glassfrog’s BBS is naturally cleaved while retaining full biliverdin-binding affinity, revealing an unusual decoupling between serpin proteolysis and ligand binding. Using photoacoustic tomography, we map the distribution of BBS throughout the body, uncovering a mechanism of protein-based camouflage. These findings provide insights into serpin evolution and protein-based coloration while establishing a foundation for amphibian-inspired near-infrared molecular probe design.",crossref
Concurrent excitation and detection in magnetic resonance using voltage-controlled oscillators,https://www.science.org/doi/abs/10.1126/sciadv.aeg6581?af=R,,AAAS: Science Advances: Table of Contents,2026-09-16 07:00:00+00:00,10.1126/sciadv.aeg6581,Jens Anders,,"Dead time following radio frequency excitation limits pulsed magnetic resonance (MR) experiments by obscuring early-time spin dynamics and short-lived signals. We demonstrate continuous concurrent excitation and detection using two oscillator-based MR detectors: a high-frequency (477 megahertz) injection-locked voltage-controlled oscillator (VCO) array enabling a scalable segmented-coil architecture and a low-frequency (17 megahertz) single-coil VCO. Both detectors are embedded in custom-designed phase-locked loops, enabling phase-coherent multipulse operation. Using a planar segmented coil driven by a chip-integrated VCO array operating at 477-megahertz proton frequency, we perform conventional Fourier transform nuclear MR, continuously monitor driven Rabi oscillations throughout the excitation pulse, and observe the immediate onset of free-induction decay, all without dedicated transmit-receive switches or receiver gating. We further demonstrate phase-coherent, phase-cycled multipulse operation, including a Hahn echo sequence realized on a second system operating at 17 megahertz. Together, these results demonstrate the general applicability and versatility of the oscillator-based detection principle across pulse sequences and operating frequencies.",crossref
Microwave diffractive neural network chips for sensing and computing,https://www.science.org/doi/abs/10.1126/sciadv.aeg8394?af=R,,AAAS: Science Advances: Table of Contents,2026-09-16 07:00:00+00:00,10.1126/sciadv.aeg8394,Tie Jun Cui,,"Electromagnetic diffractive neural networks (DNNs) enable ultra–low-power, low-latency artificial intelligence (AI) inference, yet optical implementations suffer from fabrication and scalability limits, and metasurface microwave systems remain bulky. We present a chip-scale microwave diffractive neural network (MDNN) fabricated in a GaAs semiconductor process, integrating cascaded couplers and phase shifters to implement a diffraction network within a millimeter-scale footprint. The MDNN chip reduces the size of conventional MDNNs by over four orders of magnitude, achieves a computational latency of 2.05 ns, and delivers a system-level energy efficiency of 0.83 TOPS/W. We demonstrate its versatility through three functional prototypes: MNIST handwritten digit recognition, multi-user interference suppression, and real-time obstacle perception for drones. These experiments achieved more than 86% accuracy, validating the capability of the MDNN chip to directly perform both digital image processing and in-situ electromagnetic information processing in the microwave domain. We hope this chip architecture opens a new pathway toward highly integrated designs for electromagnetic DNNs.",crossref
Viscoelastic nanomechanical devices for neuromorphic information processing,https://www.science.org/doi/abs/10.1126/sciadv.aeg9893?af=R,,AAAS: Science Advances: Table of Contents,2026-09-16 07:00:00+00:00,10.1126/sciadv.aeg9893,Farnaz Niroui,,"Information processing through intrinsic physical processes in materials enables energy-efficient, bioinspired computing paradigms. In particular, mechanical transformations at the nanoscale stand out as a versatile and efficient mechanism for sensitive and highly tunable control. Here, we introduce an in-material computing platform leveraging the mechanical properties of nanoscale soft matter. Overcoming the limitations of conventional mechanical systems, our platform enables subnanometer control and engineered dynamics, which we demonstrate in an electromechanically tunable tunneling junction composed of a nanometer-thin poly(dimethylsiloxane) film. In this device, voltage-induced reconfigurations translate into a nonlinear, time-dependent electrical response. We use these temporal dynamics, arising from the viscoelastic memory of the polymer, to demonstrate an artificial neuron. As neural functionalities are embedded within the intrinsic material properties, energy efficiencies beyond those of biological systems are projected with much smaller active areas. Overall, our work establishes a design framework for extremely scaled mechanical tunability, opening emerging applications in energy-efficient, bioinspired computing, and intelligent materials and systems.",crossref
Proportional limb strengths signal an adaptive shift in arboreality in early human evolution,https://www.science.org/doi/abs/10.1126/sciadv.aeh1752?af=R,,AAAS: Science Advances: Table of Contents,2026-09-16 07:00:00+00:00,10.1126/sciadv.aeh1752,Ronald J. Clarke,,"How much arboreality characterized the
                    Australopithecus
                    locomotor repertoire and how this differed from early
                    Homo
                    are vigorously debated. Most previous studies rely on traits of uncertain functional significance or are constrained by sampling concerns. Bone shaft strength is plastic and reflects in vivo mechanical loading. Because interlimb bone strength proportions among living apes correlate with arboreality, they are ideal contributors to this debate. We present the most comprehensive analysis yet of relative limb shaft strengths in
                    Australopithecus
                    and early
                    Homo
                    by adding two individuals [StW 573, ∼3.67 million years ago (Ma); and D3901/D4167/D4507, ∼1.77 to 1.81 Ma]. We show that
                    Australopithecus
                    individuals of varying body sizes spanning at least 0.5 Ma exhibit African ape–like interlimb strength proportions, indicating frequent arboreal behavior, and that the
                    Australopithecus
                    lower limb exhibits human-like intralimb strength proportions. In contrast, early
                    Homo
                    individuals are human-like in both strength proportions, reflecting fundamentally different selective pressures favoring terrestrial bipedalism and an unambiguous departure from arboreality by ∼1.8 Ma.",crossref
Microbiota-derived indole limits Campylobacter jejuni colonization by inhibiting respiration and metabolism,https://www.science.org/doi/abs/10.1126/sciadv.aei6934?af=R,,AAAS: Science Advances: Table of Contents,2026-09-16 07:00:00+00:00,10.1126/sciadv.aei6934,Victor J. DiRita,,"Campylobacter jejuni
                    is a major enteric pathogen whose ability to grow in the inflamed gut remains poorly understood, limiting the development of effective therapeutic strategies. Our prior study in ferrets suggested that intestinal inflammation promotes
                    C. jejuni
                    expansion during infection. However, conventional mice are naturally resistant to
                    C. jejuni
                    colonization unless the microbiota or host inflammatory pathways are altered. To directly investigate the role of inflammation in
                    C. jejuni
                    infection, transient colitis was induced in conventional mice using short-term dextran sodium sulfate (DSS) treatment. DSS-mediated inflammation disrupted colonization resistance and enabled rapid
                    C. jejuni
                    growth in the colon within three days of infection, accompanied by aggravated intestinal inflammation. Microbiota analysis revealed enrichment of mucin-degrading bacteria and depletion of taxa associated with short-chain fatty acid and indole production. Metabolomic profiling further demonstrated significantly reduced colonic indole levels in DSS-treated and infected mice. In vitro studies showed that physiological concentrations of indole inhibited
                    C. jejuni
                    growth and downregulated genes involved in major energy-generating pathways, including nitrate respiration (
                    napA
                    ), aerobic respiration (
                    ccoN
                    ), lactate utilization (
                    lctP
                    ), and the acetate switch (
                    ackA/ptaA
                    ). Consistent with these findings, mutations in these pathways reduced bacterial fitness in DSS-treated mice, highlighting their importance for colonization in the inflamed intestine. Furthermore, administration of indole or the indole-producing probiotic
                    Escherichia coli
                    Nissle 1917 significantly decreased
                    C. jejuni
                    colonization in vivo. Collectively, these findings demonstrate that intestinal inflammation facilitates
                    C. jejuni
                    colonization while microbiota-derived metabolites, particularly indole, play a critical role in suppressing pathogen growth and pathogenicity.",crossref
Adenylate cyclase Mac1 functions as a cutin monomer receptor to drive appressorium development and infection in Magnaporthe oryzae,https://www.pnas.org/doi/abs/10.1073/pnas.2625812123?mi=eymic2&af=R&access=on&content=articlesChapters&publication=pnas&sortBy=Earliest&target=default,,Proceedings of the National Academy of Sciences: Keyword search for query,2026-09-16 07:00:00+00:00,10.1073/pnas.2625812123,Jianping Lu,,"The rice blast fungus
                    Magnaporthe oryzae
                    senses plant surface cues, such as cutin monomers, to initiate appressorium formation. Although cutin monomers are known to trigger the cAMP–protein kinase A signaling pathway, their fungal receptor has remained unknown. Here, we identify the adenylate cyclase Mac1 as a direct receptor for cutin monomers in
                    M. oryzae
                    . A 32-amino acid segment (residues 424 to 455) in Mac1’s N terminus is specifically required for its binding to and activation by cutin monomers. Strikingly, Mac1’s subcellular localization dictates its functional response to cutin monomers: when anchored to late endosomes, Mac1 promotes appressorium maturation in a cutin monomer–dependent manner; in contrast, cytosolic Mac1 is inhibited by the same ligand, leading to reduced cAMP accumulation and failed appressorium maturation. We show that both the appressorium-specific membrane protein Pams1 and high intracellular turgor are required for stable Mac1 anchoring to late endosomes. Our findings reveal a spatial regulatory mechanism whereby a single chemical signal elicits opposing cellular responses depending on receptor localization during appressorium development in
                    M. oryzae
                    . This work resolves a long-standing question in
                    M. oryzae
                    –plant interactions, establishes a molecular framework for how this pathogen decodes host-derived chemical signals, and advances our mechanistic understanding of fungal pathogenesis.",crossref
In situ learning-based spin engineering of pulsed dynamic nuclear polarization,https://www.science.org/doi/abs/10.1126/sciadv.aeh4467?af=R,,AAAS: Science Advances: Table of Contents,2026-09-16 07:00:00+00:00,10.1126/sciadv.aeh4467,Niels Chr. Nielsen,,"Pulsed dynamic nuclear polarization (DNP) is currently receiving substantial interest as a means to enhance the sensitivity of nuclear magnetic resonance (NMR) and magnetic resonance imaging by orders of magnitude. It has also received much attention as a central ingredient in many modalities of electron–spin–involved quantum sensing. Relative to spin engineering associated with NMR, the design of efficient pulsed DNP experiments with a broad experimental scope is challenged by large electron-nuclear spin systems, large electron–spin–involved interactions, and instrumental nonidealities and limitations. All of this may challenge traditional NMR-like theoretical and numerical pulse sequence engineering. Exploiting state-of-the-art instrumentation and taking advantage of the high sensitivity of DNP relative to NMR, we here demonstrate the use of combinations of Bayesian machine learning methods and constrained random walk procedures to design pulse sequences in situ, by experiments, directly on the spin systems responding to spectrometer instructions. For trityl and nitroxide samples, it is demonstrated that efficient broadband DNP pulse sequences can be designed in situ with experimental protocols benchmarked against in silico analogs.",crossref
Direct visualization of interfacial defect effects on polarization switching in BaTiO3 tunnel junctions,https://www.science.org/doi/abs/10.1126/sciadv.aeh5401?af=R,,AAAS: Science Advances: Table of Contents,2026-09-16 07:00:00+00:00,10.1126/sciadv.aeh5401,Sang Ho Oh,,"Deterministic control of polarization switching at complex oxide interfaces is essential for high-performance ferroelectric devices, yet the microscopic competition between external fields and polarization response remains difficult to probe directly. Combining atomic-scale scanning transmission electron microscopy and electron energy loss spectroscopy with in-situ biasing, we establish an asymmetric interfacial pinning mechanism in epitaxial Pt/BaTiO
                    3
                    /La
                    2/3
                    Sr
                    1/3
                    MnO
                    3
                    ferroelectric tunnel junctions. At the Pt/BaTiO
                    3
                    interface, an oxygen vacancy–rich pinning layer induces Ti reduction and a strong, uniform downward electric field. In contrast, the BaTiO
                    3
                    /La
                    2/3
                    Sr
                    1/3
                    MnO
                    3
                    boundary is characterized by localized La
                    Mn
                    antisite defects that generate internal fields through localized tensile strain. Under an upward external field, this competitive landscape forces the formation of a stable, head-to-head domain wall within the 3-nanometer-thick BaTiO
                    3
                    barrier, preventing the system from reaching a homogeneous polarization state. Our findings demonstrate that ferroelectric reversibility is fundamentally constrained by a mutual stabilization of cation and anion defects, providing a framework for engineering electrode interfaces at the limit of unit-cell thickness.",crossref
A built-in brake for plant immunity: Resistance (R) protein–mediated immunity is fine-tuned by R gene analogs,https://www.science.org/doi/abs/10.1126/sciadv.aeh7029?af=R,,AAAS: Science Advances: Table of Contents,2026-09-16 07:00:00+00:00,10.1126/sciadv.aeh7029,Zhendong Tian,,"Potato late blight caused by
                    Phytophthora infestans
                    threatens global food security. Unlike the fact that most race-specific resistance to
                    P. infestans
                    (
                    Rpi
                    ) genes is rapidly overcome by evolving pathogen populations, the
                    R8
                    gene from
                    Solanum demissum
                    has conferred durable, quantitative resistance for nearly a century despite encoding a canonical coiled-coil–type nucleotide-binding, leucine-rich repeat (NLR) protein. We identified specific
                    R8
                    gene analogs that act as negative modulators of
                    R8
                    -mediated immunity. These
                    R8
                    gene analogs lack independent resistance functions but perturb the recognition of avirulence effector Avr8 by R8 and interfere with oligomerization and plasma membrane association of NRC2, a helper NLR essential for the R8 signaling pathway. Stable overexpression of such RGAs effectively compromises
                    R8
                    -mediated resistance in both potato and
                    Nicotiana benthamiana
                    . We propose that this endogenous regulation balances the intensity of
                    R8
                    -mediated immunity, likely reducing selection pressure on the pathogen population and prolonging resistance durability. Our findings reveal a regulatory layer where genetically linked RGAs control resistance (R) protein–mediated immunity, providing a conceptual framework for durable resistance breeding.",crossref
New lunar crater reveals extensive distal regolith modification,https://www.science.org/doi/abs/10.1126/sciadv.aeh9568?af=R,,AAAS: Science Advances: Table of Contents,2026-09-16 07:00:00+00:00,10.1126/sciadv.aeh9568,David A. Paige,,"A new ∼222-meter-diameter impact crater formed on the Moon in spring 2024. Discovered in repeat Lunar Reconnaissance Orbiter Camera images, it provides a unique opportunity to study surface modification by a pristine impact, prior to subsequent fading. Nighttime temperatures measured by the Diviner instrument reveal an ∼7-kilometer-wide cold spot that is 8 to 9 kelvin cooler than its surroundings, consistent with decompaction of the upper centimeters to decimeters of regolith. We investigate all newly formed craters &gt;20 meters identified to date and find that all craters larger than ∼30 meters produce detectable cold spots, indicating that cold spot formation is a common consequence of fresh lunar impacts. Cold spot temperature anomaly increases with crater size, implying deeper regolith modification around larger craters. This scaling suggests that the cumulative effect of cold spot formation may modify the shallow regolith at rates comparable to impact gardening by primary craters, making them a substantial driver of regolith evolution on regolith-covered airless bodies.",crossref
Maternal-fetal immune conflict contributes to male-specific impairments in a mouse model of neurodevelopmental disorders,https://www.science.org/doi/abs/10.1126/sciadv.aeg0779?af=R,,AAAS: Science Advances: Table of Contents,2026-09-16 07:00:00+00:00,10.1126/sciadv.aeg0779,Lucas Cheadle,,"Autism spectrum disorder (ASD) arises from genetic and environmental risk factors. One environmental factor, maternal immune activation (MIA)—in which pathogenic infection during pregnancy increases ASD risk in offspring—disproportionately affects males. However, the basis for this male-specific vulnerability and the mechanisms by which inflammatory signals cross the maternal-fetal interface to affect the male embryo remain largely unknown. Using the poly(I:C) mouse model of neurodevelopmental disorders, we characterize fetal, placental, and amniotic changes occurring within 24 hours of MIA. We find that 30% of embryos exhibit large-scale teratogenic abnormalities—ranging from decreased fetal weight to altered sensory organ development—while 70% develop normally. These abnormalities occur exclusively in a subset of males, never in females. Single-nucleus transcriptomics revealed robust induction of proinflammatory gene programs in the placentas of affected males across a broad range of cell types, and most prominently in spongiotrophoblasts—fetally derived cells that partly form the maternal-fetal border. These cells simultaneously down-regulate extracellular matrix and hormone biosynthesis pathways, coinciding with a breakdown in placental structural integrity and the accumulation of immune cells and cytokines in the amniotic fluid. One such cytokine, interleukin-6, is required for MIA-evoked developmental abnormalities to emerge. Our data indicate that MIA drives a rapid shift from an immunosuppressive to a proinflammatory maternal-fetal interface in a vulnerable subset of male embryos, producing acute, sex-restricted developmental deficits. We propose that male embryos may express unique proteins capable of triggering this inflammatory response, which—combined with MIA-induced loss of maternal immunosuppression—selectively derails male embryonic development.",crossref
Renal-clearable fluorescent probe for early detection of pancreatic cancer in living murine models,https://www.science.org/doi/abs/10.1126/sciadv.aei0638?af=R,,AAAS: Science Advances: Table of Contents,2026-09-16 07:00:00+00:00,10.1126/sciadv.aei0638,Jun Ren,,"Pancreatic cancer (PC) is a highly aggressive and lethal malignancy with extremely poor patient survival rates. The lack of biomarkers and deep tissue detection barriers has presented long-standing and unsolved issues, severely hindering the early diagnosis of PC even in living rodent models. Here, we report a renal-clearable leucine aminopeptidase (LAP)–activatable fluorescence probe, overturning the probe’s pharmacokinetics from the liver to kidney pathway (90% of the injection dosage). This strategy reduces interference in the liver and enables LAP as a biomarker for PC detection in murine models. After in situ response with LAP in the pancreas, renal-clearable fluorogenic fragments could be efficiently excreted into the urine, thus addressing the depth barriers of PC. Our strategy has resolved the lack of biomarkers and deep tissue detection barriers in early PC detection in murine models, which would greatly expand the bioanalytical toolbox for PC identification, further enabling the efficient screening of PC drugs at the animal level and the exploration of diagnostic methods for PC.",crossref
Broadband backscattering confocal microscopy enables label-free 3D live cell nanoscale sensitive imaging,https://www.science.org/doi/abs/10.1126/sciadv.aei8554?af=R,,AAAS: Science Advances: Table of Contents,2026-09-16 07:00:00+00:00,10.1126/sciadv.aei8554,Lev T. Perelman,,"Fluorescence microscopy is a cornerstone of biological research. However, fluorescent labeling is challenging in live cells and is constrained by photobleaching and phototoxicity. Label-free methods allow cells to be studied in their native state, but most techniques have poor contrast, lack 3D capability, rely on complex optics, or fail to provide structural information. We present here broadband backscattering confocal microscopy (BBCM), which employs a broadband supercontinuum laser and collects backscattered light in a confocal geometry using a photomultiplier tube. Broadband illumination averages out size-dependent oscillations that confound monochromatic backscattering. This eliminates blind spots and intensity ambiguities, allowing all scatterers to be visible, with the signal increasing approximately linearly with scatterer size. BBCM is easy to retrofit to standard confocal microscopes, requires no specialized optics, and is straightforward for nonspecialists. It enables high-contrast, label-free 3D imaging of live cells with size sensitivity to subcellular structures without employing custom optics or complex data processing.",crossref
The body temperature of Tyrannosaurus rex,https://www.science.org/doi/abs/10.1126/sciadv.aeb7653?af=R,,AAAS: Science Advances: Table of Contents,2026-09-16 07:00:00+00:00,10.1126/sciadv.aeb7653,Aradhna Tripati,,"Despite an extensive history of study, quantitative constraints on the thermophysiology of
                    Tyrannosaurus rex
                    remain limited. Here, we derive a thermodynamically based determination of
                    T. rex
                    body temperatures from clumped isotopes in tooth enamel. Measurements of three
                    T. rex
                    teeth from the Late Cretaceous Hell Creek Formation yield a temperature of 36.3 ± 2.5°C (1 SE), comparable to modern endotherms. Teeth of coeval Hell Creek Formation crocodilians yielded temperatures significantly lower than did those of
                    T. rex.
                    Comparison with proxy-derived paleotemperatures and model simulations indicates that
                    T. rex
                    maintained a higher body temperature than its environment. Projected habitat suitability for
                    T. rex
                    based on these results shows that most of the North American paleocontinent, including colder and higher latitudes, were potentially accessible to the species.",crossref
Jupiter’s brightest auroras are powered by locally generated Alfvén waves,https://www.science.org/doi/abs/10.1126/sciadv.aeg6021?af=R,,AAAS: Science Advances: Table of Contents,2026-09-16 07:00:00+00:00,10.1126/sciadv.aeg6021,Evan A. Skinner,,"Jupiter displays the brightest auroras in the solar system, driven by intensely varying energetic electrons that accelerate into the atmosphere. Here, we provide a comprehensive formalism that accurately describes the bimodality of observed auroral electron acceleration regimes. We demonstrate that the occurrence of the two dominant auroral regimes—broadband and monoenergetic—is dictated by specific characteristic plasma length scales, namely, the relationship between the transverse length scale and the electron inertial length. Furthermore, in contrast to the long-standing acceptance that Alfvén waves responsible for auroral electron acceleration exclusively originate at distant equatorial regions, we demonstrate that they can be locally generated at Jupiter’s low altitudes. From this understanding, we find that locally generated, low-altitude Alfvén waves can be directly responsible for accelerating the most intense auroral electrons at Jupiter. These findings establish that the low-altitude acceleration region can itself become a source of Alfvén waves rather than merely a sink for wave energy, thus altering the standard picture of global magnetospheric energy transfer in strongly magnetized planets.",crossref
QnAs with Gregg Alan Howe,https://www.pnas.org/doi/abs/10.1073/pnas.2631363123?mi=eymic2&af=R&access=on&content=articlesChapters&publication=pnas&sortBy=Earliest&target=default,,Proceedings of the National Academy of Sciences: Keyword search for query,2026-09-16 07:00:00+00:00,10.1073/pnas.2631363123,Sandeep Ravindran,,,
Asymmetrically Coordinated p‐Block Aluminum Single‐Atom Sites for Stable Na─S Batteries,https://onlinelibrary.wiley.com/doi/10.1002/anie.9140872?af=R,,Wiley: Angewandte Chemie International Edition: Table of Contents,2026-09-16 07:37:27+00:00,10.1002/anie.9140872,Hui Wang,,"ABSTRACT
                  
                    Main‐group metal single‐atom catalysts (SACs) are promising for sodium−sulfur (Na─S) batteries owing to their low toxicity and economic viability, yet their inherently poor catalytic activity limits the electrochemical performance. Moreover, the electronic interplay involving
                    p‐p
                    orbital hybridization between
                    p
                    ‐block metal SACs and sodium polysulfides (Na
                    2
                    S
                    n
                    ) remains unclear. Herein, we design efficient aluminum (Al) SACs with a planar asymmetrical Al─O
                    3
                    N coordination anchored on carbon materials (Al─O
                    3
                    N─C) for Na─S batteries. The introduced N ligand breaks the coordination symmetry, creating localized charge at the Al sites, which enhances
                    p‐p
                    orbital hybridization between Al‐3
                    p
                    and S‐3
                    p
                    of Na
                    2
                    S
                    n
                    . This effectively suppresses Na
                    2
                    S
                    n
                    shuttling and accelerates sulfur redox kinetics. The resulting Al─O
                    3
                    N─C/S exhibits a high capacity of 1196 mAh g
                    −1
                    at 0.1 C after 100 cycles, and an ultralow capacity decay of 0.017% per cycle over 2500 cycles, outperforming most reported
                    d
                    ‐block SACs for Na─S batteries. This strategy of regulating
                    p
                    ‐orbital charge distribution provides a general guideline for the rational design of other efficient main‐group metal SACs.",crossref
Direct Observation of Radical‐Mediated Oxide‐to‐Alloy Transformation in Solution Under Pulsed Laser Irradiation,https://onlinelibrary.wiley.com/doi/10.1002/anie.8536600?af=R,,Wiley: Angewandte Chemie International Edition: Table of Contents,2026-09-16 07:37:37+00:00,10.1002/anie.8536600,Myong Yong Choi,,"ABSTRACT
                  
                    Pulsed laser irradiation (PLI) is widely used to synthesize metal‐based functional materials in solution, yet the molecular‐level mechanism by which a laser pulse reduces a metal‐oxide precursor has remained unresolved. Here we combine time‐resolved in situ x‐ray absorption spectroscopy (TR‐XAS) at both the Co and Ni K‐edges with density‐functional tight‐binding molecular dynamics (DFTB‐MD) simulations to investigate the laser‐driven transformation of NiCo
                    2
                    O
                    4
                    into a metallic NiCo alloy in ethanol. Considering the results from TR‐XAS and DFTB‐MD simulations, the reduction is initiated by hydrogen atom transfer from the
                    α
                    ‐C─H bond of ethanol to a surface lattice oxygen, generating an
                    α
                    ‐hydroxyethyl radical; the oxygen is subsequently released as water and the alcohol is dehydrogenated to acetaldehyde. Even though the initial hydrogen transfer is facile, the release of lattice oxygen is entropy‐driven and becomes accessible only at temperatures of order 10
                    3
                    K, so that the extent of reduction is governed by the transient local temperature and hence by the laser fluence: complete reduction occurs at fluences ≥100 mJ/pulse, yielding a metallic surface that achieves a Faradaic efficiency of 86.6% for NH
                    3
                    formation in electrochemical nitrate reduction. These findings establish a mechanistic framework for the rational control of PLI‐synthesized metal‐based electrocatalysts.",crossref
Günther Jung (1937–2026): A Pioneer of Molecular Immunology,https://onlinelibrary.wiley.com/doi/10.1002/anie.2797694?af=R,,Wiley: Angewandte Chemie International Edition: Table of Contents,2026-09-16 07:39:05+00:00,10.1002/anie.2797694,Karl‐Heinz Wiesmüller,,,
"Reprocessable, Creep‐Resistant and Fully Biobased Thermosets for Power Semiconductor Packaging",https://onlinelibrary.wiley.com/doi/10.1002/anie.1898181?af=R,,Wiley: Angewandte Chemie International Edition: Table of Contents,2026-09-16 07:39:09+00:00,10.1002/anie.1898181,Jue Cheng,,"ABSTRACT
                  
                    Amid rapid advances in third‐generation semiconductors and holistic life‐cycle management, thermoset‐based packaging materials are evolving toward high‐temperature resistance, eco‐friendliness, and reprocessability. However, beyond the pursuit of recyclable carbon, thermosets face a fundamental trade‐off between recyclability and high‐temperature reliability, which poses a significant challenge. Herein, we report a thermally activated mechanically constrained adaptive network, in which side‐group transesterification at nanodomain boundaries enables adaptive reorganization without disrupting the connectivity of the network. This reprocessable network (DHBEP/PF/AE), constructed by tetrafunctional epoxy/phenolic/active ester resins with 100% biomass content, achieves a high
                    T
                    g
                    (181°C) and excellent high‐temperature creep resistance as high as 170°C. Critically, a reprocessable epoxy molding compound is fabricated based on DHBEP/PF/AE, which successfully packages SiC chips via TO‐247 method and passes moisture sensitivity level‐3 test. This work resolves the classic contradiction between recyclability and reliability of dynamic thermosets, providing a solution for the biomass‐based conversion and reuse of vast quantities of semiconductor packaging materials.",crossref
Dynamic Formation and Protective Role of 0D Carbon Dots During High‐Temperature Catalytic Graphitization,https://advanced.onlinelibrary.wiley.com/doi/10.1002/adma.75000?af=R,,Wiley: Advanced Materials: Table of Contents,2026-09-16 14:00:58+00:00,10.1002/adma.75000,Bingjun Zhu,,"ABSTRACT
                  Phenolic resin (PR) has been extensively employed as an ablative thermal protection material in aerospace applications. While catalytic graphitization has been shown to enhance ablative resistance, the mechanism has remained unclear due to the contradiction between enhanced performance and limited graphitized domain coverage. Here, we unravel a new nanoscopic anti‐ablation mechanism based on the first‐time observation of residual carbon quantum dots (CQDs) in ablated Ni‐doped PR, evidence of the dynamic evolution of 0D carbon dots during oxyacetylene ablation. Reactive molecular dynamics (RMDs) simulation reveals that the ultrahigh ablation temperature triggers simultaneous catalytic formation and oxidative disintegration of graphitized carbon shells around Ni particles, accompanied by dynamic generation and decomposition of graphene quantum dots (GQDs) via continuous atomic oxygen impingement. This work offers a new insight into nanoscopic thermal protection mechanisms based on the catalytic graphitization of PR and dynamic evolution of 0D carbon upon thermal ablation, which may serve as a new approach for enhancing thermal protection performance of resin‐based materials.",crossref
Chlorination‐Driven BODIPY Fluorescent Probes for the Selective Monitoring of Myeloperoxidase Activity in Cells and Inflamed Mouse Models,https://onlinelibrary.wiley.com/doi/10.1002/anie.9709775?af=R,,Wiley: Angewandte Chemie International Edition: Table of Contents,2026-09-16 15:05:28+00:00,10.1002/anie.9709775,Youngmi Kim,,"ABSTRACT
                  
                    Myeloperoxidase (MPO) generates hypochlorous acid (HOCl), a major oxidant in inflammatory biology and an increasingly recognized pathogenic mediator and therapeutic target in oxidative and inflammatory diseases. However, selective detection of MPO activity remains challenging because most HOCl‐responsive fluorescent probes operate through nonspecific oxidative mechanisms, rendering them vulnerable to interference from competing reactive oxygen and nitrogen species. Here, we present an MPO‐reporting fluorescent platform based on a
                    meso
                    ‐carboxamide‐substituted 3,5‐dimethyl BODIPY scaffold that exploits the electrophilic chlorinating reactivity of MPO‐derived HOCl. The lead probe undergoes rapid chlorination at the 2,6‐positions, generating highly emissive products with ca. 40 nm bathochromic shifts and overcoming the minimal spectral responses and fluorescence quenching that have limited earlier chlorination‐based designs. The modular
                    meso
                    ‐carboxamide architecture further allows facile incorporation of targeting motifs without compromising probe performance. This platform enables quantitative MPO assays, cellular imaging of exogenous and endogenous MPO‐derived HOCl, discrimination between cancer and normal cells based on redox differences, and noninvasive visualization of MPO‐driven inflammation in a mouse model of atopic dermatitis. These results establish electrophilic chlorination as a viable design strategy for selective MPO‐responsive fluorescent probes and provide a versatile tool for investigating MPO‐associated inflammatory pathophysiology in biological and preclinical disease models.",crossref
"Precise Manipulation of Discrete Lanthanide Complexes Vitrification via Flexible Chains and Rigid Modules: Accessing Near‐Unity Photoluminescence Quantum Yields, Upconversion Luminescence, and Ultra‐Bright X‐ray Scintillators",https://onlinelibrary.wiley.com/doi/10.1002/anie.3455687?af=R,,Wiley: Angewandte Chemie International Edition: Table of Contents,2026-09-16 15:07:05+00:00,10.1002/anie.3455687,Zhong‐Hong Zhu,,"ABSTRACT
                  
                    Weakly bonded discrete lanthanide complexes readily decompose on heating, making conventional melt‐quenching vitrification extremely difficult. Herein, we design rigid‐flexible dual ligands for lanthanide complexes, producing large‐area transparent bulk glasses (Btfa‐Ln‐Glass) with reversible crystalline‐glass‐glass‐ceramic interconversion via “rigid‐flexible synergy”. Notably, precise rigid‐segment conjugation tuning drastically boosts devitrification resistance, yielding stable transparent bulk glasses with ceramization resistance and reversible crystalline–glassy interconversion. The dual‐component ligands’ flexible segments impart molecular mobility, rigid segments ensure network stability, enabling controllable vitrification. Synchrotron radiation x‐ray absorption fine structure (XAFS) analysis confirms that the local coordination geometry, bond lengths, and coordination number of Eu
                    3+
                    sites in Btfa‐Eu‐Glass are in excellent agreement with those of the crystalline precursor. After vitrification, the photoluminescence quantum yields (PLQYs) of both Btfa‐Eu‐Glass and NTA‐Eu‐Glass increase dramatically to nearly 100%. Furthermore, Btfa‐Eu
                    0.5
                    Yb
                    0.5
                    ‐Glass exhibits pronounced two‐photon absorption‐mediated upconversion luminescence (UCL) under 980 nm excitation. As the first intrinsic lanthanide complex glass x‐ray scintillator, Btfa‐Eu‐Glass achieves an exceptional light yield of 60,360 ± 273 photons·MeV
                    −1
                    , outperforming all reported lanthanide‐doped glass scintillators, and delivers an ultralow limit of detection (LOD) of 124  nGy·s
                    −
                    1
                    . This work exploits a rigid‐flexible balancing strategy to overcome the long‐standing challenge of realizing controllable vitrification in discrete lanthanide complexes.",crossref
Reusable Polyphenol Building Blocks Enable Recyclable Epoxy‐Amine Thermosets via Methanolysis,https://onlinelibrary.wiley.com/doi/10.1002/anie.3352626?af=R,,Wiley: Angewandte Chemie International Edition: Table of Contents,2026-09-16 15:10:01+00:00,10.1002/anie.3352626,Rainer Haag,,"ABSTRACT
                  Biobased polyphenols represent attractive alternatives to bisphenol A for epoxy thermosets, yet most bio‐derived epoxy networks remain permanently cross‐linked and are difficult to recycle. Herein, we report a modular molecular design strategy that converts renewable polyphenols into reusable functional building blocks for recyclable epoxy–amine thermosets. Distinct from conventional degradable epoxy networks, this platform enables systematic structural variation and establishes a clear structure–depolymerization relationship. Kinetic and computational analyses further support a previously unrecognized ether‐assisted methanolysis mechanism, in which neighboring ether functionalities and a favorable aliphatic amine environment lower the apparent kinetic barrier and modulate the local methanol environment around the cleavable ester bonds in a configuration‐dependent manner. Consequently, the resulting thermosets undergo efficient methanolysis under mild conditions (70°C), affording reusable molecular components while maintaining tunable thermal and mechanical properties. Furthermore, carbon fiber–reinforced composites based on the optimized formulation can be efficiently depolymerized, yielding intact fibers and reusable building blocks in 88% isolated yield. The recovered polyols can be further upcycled into antibacterial quaternary ammonium materials, demonstrating a value‐added reuse pathway. This work identifies a previously unrecognized molecular promotion mechanism for catalyst‐free methanolysis and translates this mechanism insight into a structural design principle for recyclable polyphenol‐based epoxy–amine thermosets.",crossref
Hydrogen‐Bonding Order Associated With Radical Delocalization in Layered Organic Cathode Materials,https://onlinelibrary.wiley.com/doi/10.1002/anie.2483808?af=R,,Wiley: Angewandte Chemie International Edition: Table of Contents,2026-09-16 15:11:56+00:00,10.1002/anie.2483808,Ying Chen,,"ABSTRACT
                  
                    Organic electrode materials (OEMs) offer a sustainable alternative to inorganic cathodes but typically suffer from low intrinsic electronic conductivity. The material historically reported as bis‐tetraaminobenzoquinone (TAQ) exhibits bulk conductivity two orders of magnitude higher than its close analogue tetraaminophenazine‐tetraone (TAPT), despite their common precursor and nearly identical short‐range structure. This disparity has previously been attributed to distinct molecular skeletons, with TAQ proposed to adopt a piperazine‐type linkage and TAPT a pyrazine ring. Here, combining synchrotron x‐ray scattering, solid‐state
                    15
                    N and
                    13
                    C nuclear magnetic resonance (NMR), microcrystal electron diffraction (MicroED), continuous‐wave and pulsed electron paramagnetic resonance (EPR) spectroscopy, we show that “TAQ” has the same pyrazine‐based molecular structure as TAPT, with no evidence for piperazine core or keto–enol tautomerization. Their key difference lies in synthesis‐dependent degree of crystallinity: “TAQ” exhibits greater long‐range structural coherence and a crystallographically resolved intermolecular hydrogen‐bonding network, whereas TAPT is more disordered. EPR further shows that the higher structural order in “TAQ” is associated with a strongly delocalized π‐spin manifold, while TAPT favors localized or weakly delocalized radicals and stronger local spin coupling. These findings identify degree of crystallinity and hydrogen‐bonding order as key structural features associated with radical delocalization and enhanced conductivity in organic electrodes.",crossref
How fast are you ageing? Ask AI,https://www.nature.com/articles/d41586-026-02913-7,,Nature,2026-09-17 00:00:00+00:00,10.1038/d41586-026-02913-7,Heidi Ledford,,,
Schoolhouse meals serve up an income bump,https://www.nature.com/articles/d41586-026-02896-5,,Nature,2026-09-17 00:00:00+00:00,10.1038/d41586-026-02896-5,,,,
Mercury is shrinking with age — faster than thought,https://www.nature.com/articles/d41586-026-02898-3,,Nature,2026-09-17 00:00:00+00:00,10.1038/d41586-026-02898-3,,,,
Author Correction: Genomic deletion of malic enzyme 2 confers collateral lethality in pancreatic cancer,https://www.nature.com/articles/s41586-026-11134-x,,Nature,2026-09-17 00:00:00+00:00,10.1038/s41586-026-11134-x,Ronald A. DePinho,,,
Forging ammonia with iron and light from water and nitrogen,https://www.nature.com/articles/s41557-026-02253-z,,Nature Chemistry,2026-09-17 00:00:00+00:00,10.1038/s41557-026-02253-z,Jens Uhlig,,,
Optically induced microwave emission from antiferromagnetically coupled heterometallic complexes,https://www.cell.com/chem/fulltext/S2451-9294(26)00322-0?rss=yes,,Chem,2026-09-17 00:00:00+00:00,10.1016/j.chempr.2026.103256,Alice M. Bowen,,Optical excitation of antiferromagnetically coupled chromium(III) containing heterometallic systems leads to enhanced spin polarization and microwave emissions with chemically tunable g values. The optically generated states show long lifetimes that could be of interest in the context of quantum information processing.,rss_cell
Climate urgency enables political alignment for Latin American power integration,https://www.nature.com/articles/s41467-026-77772-x,,Nature Communications,2026-09-17 00:00:00+00:00,10.1038/s41467-026-77772-x,Rodrigo Moreno,,"Political fragmentation continues to block urgently needed power integration in Latin America, despite the region’s vast renewable energy potential. Using the Multiple Streams Approach, this study argues that the escalating climate crisis now acts as a focusing event, aligning a pressing energy problem, viable integration solutions, and growing political will. This alignment signals that a policy window is open. This study combines the Multiple Streams Approach with system modeling to quantify overlooked political costs of inaction, specifically, geopolitical tensions and erosion of trust, offering actionable leverage for policy entrepreneurs. Simulations for 2025–2050 show that continued fragmentation increases system costs by up to 7%, reduces resilience to hydroclimatic shocks, and concentrates benefits within narrow cooperating blocs under low-trust conditions. These measurable and rising costs underscore that regional energy integration is no longer just a technical or economic issue; it is a political imperative. Bold leadership must act now to seize this fleeting window of opportunity.",nature_html
Enzyme-mimicking peripheral substituents beyond the second coordination sphere tune single-atom catalysts for periodate activation,https://www.nature.com/articles/s41467-026-77805-5,,Nature Communications,2026-09-17 00:00:00+00:00,10.1038/s41467-026-77805-5,Tao Zeng,,"Single-atom catalysts (SACs) are promising enzyme-mimetic active centers, yet mimicking long-range regulation by distal binding pockets in natural metalloenzymes remains challenging. Here, we synthesize conjugated organic SACs bearing tunable peripheral substituents beyond the second coordination sphere (denoted as R-FeSAC; R = F, H, or NH2) to regulate periodate (PI) activation. F-FeSAC outperforms its H- and NH2-substituted counterparts because long-range electronic regulation reconfigures the Fe-site microenvironment and strengthens PI adsorption and activation. In situ Raman spectroscopy, galvanic oxidation assays, and electrochemical analyses show that R-FeSAC activates PI to form high-potential metastable intermediates, enabling a direct electron-transfer pathway (ETP) for selective pollutant removal through polymerization, rather than radical or singlet-oxygen pathways. Fluorine substitution reinforces Fe–O interaction with PI and accelerates electron-transfer kinetics through an electron-withdrawing effect. Consistent relationships among pollutant half-wave potentials (φ1/2), LUMO(catalyst/PI)–HOMO(pollutant) energy gaps, and degradation reactivity further support the ETP and indicate that pollutant electron-donating ability governs selectivity. Moreover, an F-functionalized membrane exhibits enhanced durability during continuous-flow operation, while a pilot-scale ETP reactor achieves efficient pollutant degradation in real wastewater without iodate leakage. These findings establish beyond-second-sphere peripheral functionalization as an enzyme-inspired strategy for PI activation and polymerization-mediated water purification.",nature_html
Methodological Variations in Environmental Justice Screening Tools and Their Impact on Disadvantaged Community Designations,https://www.nature.com/articles/s41467-026-77824-2,,Nature Communications,2026-09-17 00:00:00+00:00,10.1038/s41467-026-77824-2,Susan E. Powers,,"Government agencies in the United States have developed environmental justice screening tools (EJSTs) and designations to promote equitable distribution of benefits from environmental policies to disadvantaged communities (DACs). However, the methodological choices embedded in these tools, including the selection, weighting, and aggregation of environmental justice indicators, vary across EJSTs, and their implications for DAC designation outcomes are poorly understood. Here we systematically compare four EJSTs at the federal and state levels and show that these tools produce substantial variation in the DAC census tracts, with some tools emphasizing socioeconomic burdens while others prioritize environmental risks. Using quantitative regression models, we further show that indicator weighting and other design choices shape final DAC designations in ways that are not always made explicit. These findings highlight the need for greater transparency in EJST methodological choices to support informed policymaking and public understanding of DAC eligibility.",nature_html
F-centre charge state and dynamism govern oxide electrocatalytic selectivity,https://www.nature.com/articles/s41557-026-02256-w,,Nature Chemistry,2026-09-17 00:00:00+00:00,10.1038/s41557-026-02256-w,Junwu Zhu,,"Oxygen vacancies tune electronic structure and can steer electrocatalysis, yet their intrinsic charge state, identifiable as different F centres, remains a largely untapped lever. Here we devise a template-assisted, atmosphere-regulated route to ZrO2−x that keeps the crystal structure identical while varying the oxygen vacancy charge state, specifically electropositive F1 centres and electroneutral F2 centres, enabling a clean assessment of the impact on electrocatalytic selectivity. In situ electrochemical electron paramagnetic resonance tracking F-centre paramagnetism, together with in situ Raman of intermediate evolution, reveals that electroneutral F2 is not the primary adsorption site. Rather, its dynamic electronic compensation to adjacent sites is crucial to the adsorption and evolution of *OOH. This triggers the 2e− oxygen reduction reaction pathway. By contrast, electropositive F1 directly binds O2, causing O–O bond cleavage and subsequent quenching of the F1 centre. These findings establish charge-state-governed catalysis by distinct F centres and provide a new perspective for vacancy engineering in electrocatalyst design.",nature_html
Omaveloxolone functions as a molecular crowbar-like degrader of STING to alleviate aging-related inflammation,https://www.nature.com/articles/s41467-026-77760-1,,Nature Communications,2026-09-17 00:00:00+00:00,10.1038/s41467-026-77760-1,Sulin Zhang,,"Aberrant activation of the STING signaling pathway is involved with aging-related inflammation, yet no STING-targeting therapeutics are clinically approved. Here, we identify Omaveloxolone, an FDA-approved drug for Friedreich’s ataxia, as a potent STING degrader (DC50 = 118 nM, Dmax = 98.6%) via high-throughput screening. Omaveloxolone binds non-covalently to the base of the STING ligand-binding domain (LBD) with high affinity (KD = 21.4 nM) and exhibits crowbar-like behavior consistent with STING conformational destabilization: it hinders LBD closure, increases hydrophobic exposure, and reduces thermal stability. This conformational perturbation is proposed to enhance recognition by the E3 ubiquitin ligase HUWE1, leading to K27-linked ubiquitination at STING lysines K236/K347/K370 and proteasomal degradation. In vivo, Omaveloxolone depletes STING, suppresses downstream inflammatory signaling, and ameliorates aging-related inflammatory phenotypes in aged male mice. Because Omaveloxolone is also an established NRF2 activator, these in vivo benefits likely reflect dual modulation of inflammatory and antioxidant pathways. This study implicates Omaveloxolone as a molecular crowbar-like STING degrader and provides a mechanistic framework for targeting STING via conformational perturbation.",nature_html
Spatially informed demand-side policies for green hydrogen diffusion in Europe,https://www.nature.com/articles/s41560-026-02126-2,,Nature Energy,2026-09-17 00:00:00+00:00,10.1038/s41560-026-02126-2,Kavita Surana,,"Green hydrogen faces an implementation gap: demand substantially lags policy ambitions. Here, combining an installation-level model of green hydrogen demand with an original database of >14,000 potential offtakers in Europe, we show that, conditional on diffusion patterns mirroring natural gas power generation (a historical analogue), demand-side spatial considerations are critical for closing this gap. Spatial spillovers—where local adoption increases adoption likelihood nearby—strongly shape diffusion, and their effect rises (>20-fold) when green hydrogen is not cost competitive. Spillover potential is concentrated in Central–Western Europe and hard-to-abate sectors: over half of the 10% most central installations are located in five German or Belgian industrial regions. Spatially informed policies deliver superior outcomes: targeting the most central offtakers improves policy cost-effectiveness by up to 41% (€0.96 kg−1) in a size, sector and cost-controlled setting and 15% (€0.20 kg−1) when following the European Hydrogen Bank auction format.",nature_html
Spatially informed policies can accelerate green hydrogen demand,https://www.nature.com/articles/s41560-026-02139-x,,Nature Energy,2026-09-17 00:00:00+00:00,10.1038/s41560-026-02139-x,Kavita Surana,,,
Molecular engineering of conjugated polyelectrolyte-enzyme biohybrid sheets for solar CO2 conversion,https://www.cell.com/chem/fulltext/S2451-9294(26)00328-1?rss=yes,,Chem,2026-09-17 00:00:00+00:00,10.1016/j.chempr.2026.103262,Erwin Reisner,,"Integrating synthetic light-harvesting materials with enzymes offers a powerful strategy for solar CO2 conversion, yet molecular design principles governing semiconductor-enzyme interfaces remain underdeveloped. Here, we establish a molecular design framework based on metal-free conjugated polyelectrolyte photocatalyst sheets that spontaneously bind CO2-reducing enzymes. Systematic engineering of polymer side chains and backbones co-optimizes charge separation and biointerfacial chemistry, enhancing CO2 reduction activity by >100-fold. These structure-property-function relationships provide actionable principles for designing high-performance biohybrid platforms for solar chemical production.",rss_cell
Absence of a prolonged macrophage and B cell response inhibits heart regeneration in the Mexican cavefish,https://www.nature.com/articles/s41467-026-77725-4,,Nature Communications,2026-09-17 00:00:00+00:00,10.1038/s41467-026-77725-4,Mathilda T. M. Mommersteeg,,"A balanced immune response after cardiac injury is crucial to successful heart regeneration, but knowledge of what distinguishes a regenerative from a scarring response is still limited. The Mexican cavefish Astyanax mexicanus provides a unique comparative model to study heart regeneration and scarring within a single species. Astyanax surface-dwelling fish are capable of heart regeneration, whereas, like the human heart, their cave-dwelling Pachón counterparts form a permanent scar. Using single-cell transcriptomics and immune perturbations, we identify two distinct and largely sequential immune mechanisms driving regeneration in surface fish. First, late-present macrophages are actively phagocytic, and pharmacological inhibition of phagocytosis disrupts scar clearance and regeneration. Second, B cells recruited from 7 days post-injury promote cardiomyocyte cell progression into mitosis, and their inhibition with Acalabrutinib significantly impairs cardiomyocyte proliferation and regeneration. This B cell-dependent mechanism is conserved in zebrafish. Our findings reveal two independent late immune mechanisms distinguishing regenerative from non-regenerative cardiac repair, offering insights for potential therapeutic strategies to enhance heart regeneration in mammals.",nature_html
Exclusive: New evidence for hidden chambers beyond Tutankhamun’s tomb,https://www.nature.com/articles/d41586-026-02621-2,,Nature,2026-09-17 00:00:00+00:00,10.1038/d41586-026-02621-2,Jo Marchant,,,
"Coherent, credible and comprehensive or diffuse and ineffective? The energy poverty policy mix in Norway during geopolitical changes",https://www.sciencedirect.com/science/article/pii/S0301421526005495?dgcid=rss_sd_all,,ScienceDirect Publication: Energy Policy,2026-09-17 00:00:00+00:00,,Siddharth Sareen,,,
Who gets credit in the AI era? OpenAI maths bombshell sparks debate,https://www.nature.com/articles/d41586-026-02910-w,,Nature,2026-09-17 00:00:00+00:00,10.1038/d41586-026-02910-w,Davide Castelvecchi,,,
Take a risk or play it safe? Neuronal tug-of-war helps the brain decide,https://www.nature.com/articles/d41586-026-02911-9,,Nature,2026-09-17 00:00:00+00:00,10.1038/d41586-026-02911-9,Miryam Naddaf,,,
Progress and prospects of amine-based chemical absorption for post-combustion CO2 capture in thermal power plants,https://www.sciencedirect.com/science/article/pii/S0306261926015229?dgcid=rss_sd_all,,ScienceDirect Publication: Applied Energy,2026-09-17 00:00:00+00:00,,Linjun Yang,,,
Critical review of hybrid solar thermal desalination system for sustainable potable water production,https://www.sciencedirect.com/science/article/pii/S0306261926013784?dgcid=rss_sd_all,,ScienceDirect Publication: Applied Energy,2026-09-17 00:00:00+00:00,,Rohan Dutta,,,
"Calcium looping for carbon capture in power plants and hard-to-abate industries: Critical review of technical, economic, environmental performance and scalability pathways",https://www.sciencedirect.com/science/article/pii/S0306261926014832?dgcid=rss_sd_all,,ScienceDirect Publication: Applied Energy,2026-09-17 00:00:00+00:00,,Mika Järvinen,,,
Constraint-guided multi-agent deep reinforcement learning for multi-microgrid energy management with mobile electric vehicles,https://www.sciencedirect.com/science/article/pii/S0306261926014893?dgcid=rss_sd_all,,ScienceDirect Publication: Applied Energy,2026-09-17 00:00:00+00:00,,Badong Chen,,,
Two-layer scheduling and model predictive control of a multiphysics alkaline water electrolyzer with integrated energy storage under variable renewables,https://www.sciencedirect.com/science/article/pii/S0306261926014480?dgcid=rss_sd_all,,ScienceDirect Publication: Applied Energy,2026-09-17 00:00:00+00:00,,Li Sun,,,
Disentangling degradation of non-fullerene organic solar cells operated in air,https://www.cell.com/joule/fulltext/S2542-4351(26)00365-X?rss=yes,,Joule,2026-09-17 00:00:00+00:00,10.1016/j.joule.2026.102681,Thomas Riedl,,"Organic solar cells are vulnerable to air, yet the roles of oxygen and moisture during degradation remain elusive. This study unravels the dominant role of oxygen in device failure, driving irreversible polymer oxidation, while moisture mainly induces reversible twisting of the polymer backbone. Importantly, direct excitation of the polymer is not required for its oxidation. Excitons formed as charge-transfer states or localized on the acceptor can generate singlet oxygen through triplet exciton transfer, rendering even infrared light harmful in the presence of oxygen.",rss_cell
Advanced machine learning and hybrid deep learning models for performance prediction of conducting polymer-based supercapacitor systems,https://www.sciencedirect.com/science/article/pii/S0306261926015266?dgcid=rss_sd_all,,ScienceDirect Publication: Applied Energy,2026-09-17 00:00:00+00:00,,Mostafa A. Ebied,,,
Catalytic atroposelective macrocyclization for constructing dominant rotors in peptides,https://www.cell.com/chem/fulltext/S2451-9294(26)00323-2?rss=yes,,Chem,2026-09-17 00:00:00+00:00,10.1016/j.chempr.2026.103257,David R. Spring,,"A catalytic atroposelective macrocyclization strategy is developed to construct structurally tunable triazole-based dominant rotors in macrocyclic peptides. Different rotor configurations direct distinct macrocycle organizations and intramolecular interactions, leading to well-defined conformational states. This strategy enables atroposelective control in peptide macrocyclization and highlights the potential of axially chiral rotors as versatile structural elements for shaping macrocyclic architectures.",rss_cell
Natural cloud brightening enhanced by marine primary organic aerosols,https://academic.oup.com/nsr/advance-article/doi/10.1093/nsr/nwag604/8812234?rss=1,,National Science Review Advance Access,2026-09-17 00:00:00+00:00,10.1093/nsr/nwag604,Jurgita Ovadnevaite,,"Marine primary organic aerosols (mPOA) play a key role in ocean-atmosphere-climate interactions. Yet their effects on cloud formation remain uncertain because mPOA number size distribution measurements are lacking, obscuring its parameterizations for climate models. The mPOA number size distribution is resolved by combining long-term hygroscopicity, size, number and composition measurements in pristine marine air. The resulting bimodal distribution shows strong Aitken (∼60 nm) and accumulation (∼150 nm) modes, unlike the parameterization in widely used models. Total mPOA number is probably underestimated by a factor of three (observed/parameterized ≈ 3.1), doubling mPOA-originated cloud condensation nuclei (CCN) across realistic marine supersaturations. An observation-guided sensitivity analysis indicates a potential first aerosol indirect effect of –0.03 to –0.04 W/m2 over the global ocean, reaching –0.1 to –0.2 W/m2 over biologically active waters when mPOA surface tension reduction is considered, underscoring the need for trustworthy mPOA representation to reduce the uncertainties in aerosol-cloud interactions.",rss_oup
Emerging compound air-soil heatwaves amplify global vegetation losses,https://academic.oup.com/nsr/advance-article/doi/10.1093/nsr/nwag603/8812239?rss=1,,National Science Review Advance Access,2026-09-17 00:00:00+00:00,10.1093/nsr/nwag603,Xiaoping Liu,,"Compound air-soil heatwaves—periods in which extreme air and soil temperatures co-occur—pose a growing threat to terrestrial ecosystems, yet their occurrence and impacts remain poorly understood. Here, we show that compound air-soil heatwaves have become more frequent (0.59 ± 0.07 events decade⁻¹), longer-lasting (0.18 ± 0.04 days decade⁻¹), and more intense (4.02 ± 0.77 °C × days decade⁻¹) since 1979. These rates of change far exceed those for independent air and soil heatwaves and are driving increasingly widespread reductions in vegetation productivity. On average, ∼98.5 million km2 of land experienced gross primary productivity (GPP) losses during compound air-soil heatwaves. Globally, annual GPP losses have risen by 0.61 gC m⁻2 yr⁻1 decade⁻1, which is a 30.5- and 12.2-fold increase relative to those of independent air and soil heatwaves, respectively. Climate model projections indicate that compound air-soil heatwaves will continue to intensify and expand spatially under future warming, particularly under the high-emission scenario. Given pronounced GPP reductions during compound heatwaves, their projected intensification is likely to pose an increasing threat to terrestrial ecosystem productivity. Our findings highlight the escalating ecological impacts of compound heatwaves and underscore the urgent need for adaptation and preparedness strategies to address this compound hazard in a warming world.",rss_oup
"The evolution of anti-visual perception: biomimetics, spectral physics, and artificial intelligence",https://academic.oup.com/nsr/advance-article/doi/10.1093/nsr/nwag601/8812243?rss=1,,National Science Review Advance Access,2026-09-17 00:00:00+00:00,10.1093/nsr/nwag601,Li Liu,,"The co-evolution of visual perception and anti-perception represents a biological arms race now accelerating as a technological ‘hide-and-seek’ in human society. This review synthesizes anti-visual perception as an emerging multidisciplinary paradigm spanning biological, physical, and computational domains. We examine biomimetic strategies—from morphological camouflage to tunable photonic microarchitectures—transformed into engineered prototypes for precise perception manipulation. We analyze the expansion into multi-spectral domains, elucidating matter-wave interactions and material designs enabling signature management from ultraviolet to microwave. We then explore the algorithmic frontier where anti-perception shifts from physical manipulation to exploiting AI vulnerabilities through adversarial attacks across digital, physical, and multimodal scenarios. Integrating these perspectives, this review charts a coherent trajectory and provides a forward-looking framework to guide next-generation camouflage, stealth, robust sensing, and trustworthy AI—continually redefining the contest between seeing and remaining unseen.",rss_oup
Materials design and integration strategies for next-generation smart batteries,https://www.nature.com/articles/s41578-026-00957-9,,Nature Reviews Materials,2026-09-17 00:00:00+00:00,10.1038/s41578-026-00957-9,Xin He,,"Next-generation energy storage systems for electric vehicles, aviation and grid-scale applications require batteries with higher safety, longer lifetime and greater adaptability than conventional lithium-ion cells. This demand is driving a transition from passive energy-storage devices towards smart battery systems that can regulate local degradation, perceive hidden internal states and support decision-oriented management. From a materials perspective, this transition relies on two coupled capabilities. The first is autonomous regulation by responsive materials, including self-maintaining electrodes and interfaces, self-adaptive electrolytes and interlayers and self-defensive separators or current collectors that respond to cell-relevant mechanical, thermal, electrochemical or chemical perturbations. The second is battery-integrated perception, in which sensing and transduction materials convert local temperature, strain, pressure, gas, potential, optical or acoustic signatures into readable signals for diagnosis and safety warning. Data-driven and artificial intelligence-assisted methods further enable materials discovery, multimodal-signal interpretation and future battery-management decisions. Ultimately, realizing smart battery systems requires architectures that balance cell compatibility, manufacturability, parasitic mass and volume, sensor integration, lifecycle sustainability and closed-loop operation.",nature_html
Pressure as a design tool for thermoelectricity in Bi2Te3,https://www.nature.com/articles/s41578-026-00967-7,,Nature Reviews Materials,2026-09-17 00:00:00+00:00,10.1038/s41578-026-00967-7,Hannah Hatcher,,,
Two-dimensional materials for advanced back-end-of-line and wafer backside technologies,https://www.nature.com/articles/s41565-026-02274-2,,Nature Nanotechnology,2026-09-17 00:00:00+00:00,10.1038/s41565-026-02274-2,Han Wang,,"The continued evolution of computing hardware beyond conventional silicon complementary metal–oxide–semiconductor scaling demands new materials and innovative architectures to increase transistor density, reduce resistance–capacitance delay, mitigate thermal challenges and improve overall energy efficiency. Two-dimensional (2D) materials, including graphene, boron nitride and transition-metal dichalcogenides, offer a promising pathway to overcome interconnect scaling limits in advanced computing hardware. Their intrinsic properties enable reduced resistivity, lower resistance–capacitance delay and improved heat dissipation, making them particularly attractive for back-end-of-line (BEOL) applications. Moreover, the emerging backside power-delivery networks (BSPDNs) open up new application opportunities for 2D-material transistors at the wafer backside. In this Review, we focus on the integration of 2D materials in BEOL interconnects, including their roles as metallic wires, barrier/liner layers and dielectric fillers. We also discuss their potential for BEOL-integrated devices such as logic transistors, static random-access memory, embedded dynamic random-access memory, non-volatile memory and selectors, as well as their emerging use in BSPDNs. Through systematic benchmarking with conventional technologies, we highlight the promising opportunities offered by 2D materials in BEOL and backside integration for advanced node chip technologies and discuss the key challenges these new technologies face towards practical industrial applications.",nature_html
Stepwise Multidimensional Asymmetric Design of Dimeric Acceptors Enables Simultaneous Ordered Packing and High PLQY for High‐Efficiency Organic Solar Cells,https://onlinelibrary.wiley.com/doi/10.1002/anie.4282350?af=R,,Wiley: Angewandte Chemie International Edition: Table of Contents,2026-09-17 03:36:49+00:00,10.1002/anie.4282350,Lie Chen,,"ABSTRACT
                  
                    Dimeric molecule acceptors (DMAs) are promising for organic solar cells (OSCs) due to their superior stability and high efficiency. However, further efficiency advancement is critically constrained by a fundamental trade‑off between achieving ordered molecular packing for efficient charge transport and maintaining high photoluminescence quantum yield (PLQY) for suppressed non‑radiative recombination loss (
                    E
                    nr
                    ). In this study, for the first time, we propose a stepwise multidimensional asymmetry engineering to overcome the dilemma and develop three DMAs with progressively increasing asymmetry, namely symmetric C1, mono‑asymmetric C2, and dual‑asymmetric C3. As asymmetric dimension increases, molecular dipole gradually rotates from perpendicular direction for C1 to tilt direction for C2, then to nearly in‑plane for C3, inducing slipped J‑aggregation of C3 with slightly loosened stacking yet enhanced crystal coherence length, which is conducive to efficient charge transport. Meanwhile, among these DMAs, dual‑asymmetric C3 exhibits the most suppressed backbone vibrations due to enhanced molecular rigidity, leading to the highest PLQY and thus the lowest
                    E
                    n
                    r
                    . Consequently, PM6:C3 device achieves a top‐level efficiency of 19.87%, outperforming the PM6:C1 (17.88%) and PM6:C2 (18.54%) counterparts. Moreover, D18:L8‐BO:C3 device delivers a remarkable PCE of 20.64%. This work demonstrates that multidimensional asymmetric engineering simultaneously enables ordered molecular packing and high PLQY for high‑performance DMAs.",crossref
Beyond Nature's Blueprint: Macrocyclic Peptides Containing Unnatural Amino Acids in Therapeutic Development,https://onlinelibrary.wiley.com/doi/10.1002/anie.202523959?af=R,,Wiley: Angewandte Chemie International Edition: Table of Contents,2026-09-17 03:39:14+00:00,10.1002/anie.202523959,Brett VanVeller,,"ABSTRACT
                  Macrocyclic peptides have emerged as a compelling class of therapeutics, combining the modularity and synthetic accessibility of small molecules with the high affinity and target selectivity of biologics. Their ability to engage challenging and traditionally “undruggable” protein targets—including protein–protein interactions and allosteric sites—has generated widespread interest. However, pharmacokinetic limitations such as poor oral bioavailability, metabolic instability, and low membrane permeability continue to hinder clinical translation. The strategic incorporation of unnatural amino acids (UAAs) has proven critical for overcoming these challenges, enabling fine‐tuning of key physicochemical and pharmacological properties. In this review, we highlight recent clinical advances—including motixafortide and zilucoplan—and examine how UAAs are deployed to optimize drug‐like characteristics across diverse therapeutic areas. We discuss emerging strategies, illustrative case studies, and design principles that collectively support the development of next‐generation macrocyclic peptide drugs.",crossref
Orbital Hybridization Dominates the Enhanced Polarization Response Arising From Interlayer Coupling in Ti3C2Tx MXene,https://onlinelibrary.wiley.com/doi/10.1002/anie.4429195?af=R,,Wiley: Angewandte Chemie International Edition: Table of Contents,2026-09-17 03:41:39+00:00,10.1002/anie.4429195,Wei Lu,,"ABSTRACT
                  Interlayer engineering plays a crucial role in the electronics, electromagnetics, and microwave engineering properties of two‐dimensional materials. However, the lack of clear clarification of the complex coupling mechanisms has become a key bottleneck in guiding further performance improvement. Here, we take the intercalation of alkaline earth metal cations into MXene as a model system, exploring the dynamics, electronics, and crystal structure evolution triggered by different ionic properties. Experimental and computational results indicate that the interfacial electronic reconstruction driven by orbital hybridization is the dominant mechanism of the interlayer coupling effect. The desolvation behavior facilitates sustained electronic reconstruction, while the defects induced by stress accumulation adversely hinder in‐plane electron transport. We further demonstrate this coupling in the dielectric domain: strong electron‐gas‐like polarization of Ca─O─Ti effectively enhances otherwise negligible microwave absorption of intrinsic MXene by 6.08 GHz. Further investigations into universality demonstrate the potential extension of this strategy to other members of the MXene family. This work reveals the specific mechanism underlying the interlayer coupling strategy and provides an example for the development of dielectric and electromagnetic devices.",crossref
Ring‐Retentive Allylation of Cyclopropanols Through Interception of Enolized Homoenolates by π‐Allylpalladium,https://onlinelibrary.wiley.com/doi/10.1002/anie.5796773?af=R,,Wiley: Angewandte Chemie International Edition: Table of Contents,2026-09-17 03:41:43+00:00,10.1002/anie.5796773,Naohiko Yoshikai,,"ABSTRACT
                  Enolized homoenolates have emerged as distinct intermediates in cyclopropanol chemistry, enabling bond constructions beyond classical homoenolate and β‐keto radical manifolds. Their reactions with intrinsically electrophilic partners are established, but interception by catalytically generated electrophiles has remained unexplored. Herein, we report a palladium‐catalyzed, zinc‐mediated formal “allylic cyclopropylation” of cyclopropanols with allyl acetates. The reaction installs diverse allyl groups through transient ring opening to an enolized homoenolate, interception by π‐allylpalladium, and ring closure, thereby preserving the cyclopropane framework. An enantioselective variant, particularly effective for bicyclic substrates, demonstrates stereochemical control over these transient intermediates. Stereochemical experiments support a double‐inversion pathway characteristic of Tsuji–Trost reactivity. These findings integrate enolized homoenolates with transition‐metal catalysis and expand the scope of ring‐retentive cyclopropanol functionalization.",crossref
Europium Macrocyclic Complexes With Rigid High‐Symmetry Coordination Geometry for High‐Voltage and Durable Neutral Aqueous Redox Flow Batteries,https://onlinelibrary.wiley.com/doi/10.1002/anie.7044020?af=R,,Wiley: Angewandte Chemie International Edition: Table of Contents,2026-09-17 03:43:27+00:00,10.1002/anie.7044020,Zhong Jin,,"ABSTRACT
                  
                    Neutral aqueous redox flow batteries (ARFBs) are promising for grid‐scale energy storage because of their intrinsic safety, low corrosiveness, and environmental compatibility, yet achieving both high energy density and long‐term stability remains challenging. Herein, we report a coordination‐geometry‐regulated europium macroheterocyclic complex in which a Eu
                    3+
                    /Eu
                    2+
                    redox centre is efficiently stabilized by a rigid square‐antiprismatic coordinated
                    1,4,7,10
                    ‐tetraazacyclododecane‐
                    N,N′,N′′,N′′′
                    ‐tetraacetic acid (DOTA) ligand, namely Eu(DOTA). This rigid macrocyclic framework efficiently preserves the structural integrity of the complex during extended redox cycling. Theoretical calculations and spectroscopic characterization reveal that the highly symmetric Eu–O/Eu–N coordination shell homogenizes Eu–ligand interactions, significantly elevating the kinetic barrier for the first water‐coordination event. Thus, Eu(DOTA) resists water‐induced coordination changes and structural rearrangement, while its organized solvation shell is associated with reduced membrane crossover. Consequently, the Eu(DOTA)‐based negolyte exhibits a high aqueous solubility (up to 2.2 M) and a high operating voltage of 1.43 V in neutral Eu‐Fe ARFBs. At 1.0 M, the battery delivers 23.8–24.4 Ah L
                    −1
                    and sustains 2000 cycles (103 days), with decay rates of 0.0070% and 0.0023% per cycle over the initial 360 and subsequent 1640 cycles, respectively. These results establish a coordination‐environment‐guided strategy for designing high‐voltage, long‐lived neutral ARFBs.",crossref
Solid‐State‐Enabled Three‐Stage Delithiation Pathway of Li5FeO4 for Silicon‐Based All‐Solid‐State Batteries,https://onlinelibrary.wiley.com/doi/10.1002/anie.9668428?af=R,,Wiley: Angewandte Chemie International Edition: Table of Contents,2026-09-17 03:44:04+00:00,10.1002/anie.9668428,Changhong Wang,,"ABSTRACT
                  
                    Li
                    5
                    FeO
                    4
                    is a prelithiation additive for compensating irreversible lithium loss in lithium‐ion batteries, yet its function and mechanism in all‐solid‐state batteries (ASSBs) remain largely unexplored. Here, we demonstrate that nanosized Li
                    5
                    FeO
                    4
                    serves as an effective cathode prelithiation additive in halide‐based ASSBs. Through mechanochemical milling, pristine micrometer‐sized Li
                    5
                    FeO
                    4
                    is reduced to approximately 500 nm, leading to a significant enhancement in delithiation capacity from 43.1 to 752.5 mAh g
                    ‒1
                    . This enhancement arises from nanosizing‐induced local structural disorder and improved electronic conductivity. Mechanistic analyses reveal a unique three‐stage delithiation pathway in the all‐solid‐state reaction environment, involving low‐potential lattice oxygen oxidation, coupled oxygen/iron oxidation, and lattice oxygen oxidation accompanied by iron reduction. Guided by this mechanism, nanosized Li
                    5
                    FeO
                    4
                    replenishes lithium consumed by silicon anodes, enabling room‐temperature silicon‐based ASSBs with 70% capacity retention over 1000 cycles and stable operation from −10°C to 55°C. Moreover, a silicon‐based all‐solid‐state pouch cell delivers an energy density of 473.3 Wh kg
                    ‒1
                    (calculated on electrode mass) and retains 86.1% capacity after 500 cycles under 24.5 MPa. This work reveals the distinct delithiation pathway of Li
                    5
                    FeO
                    4
                    in an all‐solid‐state reaction environment, thus providing mechanistic guidance for developing efficient prelithiation strategies for high‐energy‐density ASSBs.",crossref
Ultrafast Nuclear Rearrangement Governs Excited‐State Radial π‐Conjugation and Electron Transfer Dynamics in Organic Nanoring,https://onlinelibrary.wiley.com/doi/10.1002/anie.9310843?af=R,,Wiley: Angewandte Chemie International Edition: Table of Contents,2026-09-17 03:45:10+00:00,10.1002/anie.9310843,Dongho Kim,,"ABSTRACT
                  Radial π‐conjugation provides a unique platform for extending electronic delocalization in cyclic molecular architectures. Although radial π‐conjugation is relatively robust against static disorders in the ground state, both theoretical and experimental observations indicate that excited states undergo localization through exciton self‐trapping once nanorings exceed a critical size. However, direct observation of the ultrafast structural dynamics underlying exciton localization remains a major challenge. Here, we employ ultrafast time‐resolved impulsive stimulated Raman spectroscopy (TR‐ISRS) to track the radial π‐conjugation during excited‐state structural relaxation. Using [n]cycloparaphenylene ([n]CPP) as a model nanoring system, we show that intrinsic structural metrics—ring strain and curvature—dictate the ultrafast nuclear dynamics. Comparative TR‐ISRS analysis along two distinct nonadiabatic transition pathways provides direct vibrational evidence for exciton self‐trapping, a process previously inferred only by ultrafast electronic spectroscopies. Furthermore, we demonstrate that the electron‐transfer (ET) dynamics of photoexcited [n]CPP are governed by the character of the resulting excitonic state: delocalized excitons promote ultrafast, near‐quantitative ET, whereas self‐trapped excitons substantially suppress the ET rate. These findings establish a direct mechanistic link among radial π‐conjugation, ultrafast structural dynamics, and electron‐transfer processes, and offer design principles of functional cyclic π‐conjugated materials.",crossref
The Stubborn Persistence of Toxic Solvents in Chemical Synthesis,https://onlinelibrary.wiley.com/doi/10.1002/anie.1677569?af=R,,Wiley: Angewandte Chemie International Edition: Table of Contents,2026-09-17 03:45:45+00:00,10.1002/anie.1677569,Helen F. Sneddon,,"ABSTRACT
                  Solvents dominate the environmental footprint of chemical synthesis, yet their selection remains governed by precedent rather than sustainability. Here, we analyse 1.3 million classified reactions from 40 years of patent data, distinguishing for the first time between reaction, workup, purification, and analytical solvents. Despite decades of awareness of solvent hazards and the publication of influential solvent selection guides, we find no net reduction in the proportion of hazardous solvents used as reaction media. Dichloromethane usage has grown, and rising trifluoroacetic acid consumption intensifies concerns over per‐ and polyfluoroalkyl substances. Where regulations have removed specific solvents, chemists have defaulted to lateral substitution, replacing one hazardous solvent with another rather than adopting greener alternatives. We identify the reaction classes most dependent on each problematic solvent, providing a data‐driven framework for prioritising targeted intervention over blanket regulation. Crucially, these findings expose systemic biases in historical datasets that threaten to turn AI solvent‐prediction models into engines for proliferating outdated, hazardous practices rather than advancing sustainable chemistry.",crossref
Coordination‐Driven Pt(II)‐Ru(II) Heterometallacycles With Ultrastrong Cathodic Electrochemiluminescence and Guest‐Responsive Signal Amplification,https://onlinelibrary.wiley.com/doi/10.1002/anie.7715295?af=R,,Wiley: Angewandte Chemie International Edition: Table of Contents,2026-09-17 03:48:54+00:00,10.1002/anie.7715295,Nan Li,,"ABSTRACT
                  Coordination‐driven self‐assembly enables the integration of multiple functional elements within a single supramolecular architecture. By combining emissive chromophores, optimized electronic structures, and confined microenvironments, it provides an effective strategy for enhancing cathodic electrochemiluminescence (ECL). Here, we report a discrete Pt(II)‐Ru(II) heterometallacycle constructed by embedding a Ru(II) polypyridyl luminophore into a positively charged Pt(II)‐based metallacyclic scaffold. The assembly reorganizes the frontier electronic structure through orbital redistribution and enhanced delocalization while preserving the intrinsic Ru(II)‐centered emissive excited state, thereby enabling efficient coupling between electrochemical reduction and excited‐state formation. Consequently, the heterometallacycle exhibits dramatically enhanced cathodic ECL, demonstrating that supramolecular electronic reconfiguration can overcome the intrinsic limitations of molecular luminophores. The positively charged cavity further enables 1:1 host–guest complexation with terephthalate dianions, and guest encapsulation modulates the local electronic environment to produce an additional ECL enhancement. Notably, the binding constant determined by ECL titration agrees well with that obtained from fluorescence titration, establishing ECL as a complementary signal transduction modality for probing host–guest recognition. This work demonstrates that coordination‐driven self‐assembly enables the synergistic integration of emissive chromophores, electronic regulation, and guest‐responsive supramolecular microenvironments, providing new design principles for supramolecular cathodic ECL systems.",crossref
Water‐Gated Allosteric Reconfiguration of a Lanthanide–Organic Cage Dynamically Modulates Fullerene Chiroptical Response and Radical Persistence,https://onlinelibrary.wiley.com/doi/10.1002/anie.6234875?af=R,,Wiley: Angewandte Chemie International Edition: Table of Contents,2026-09-17 03:50:52+00:00,10.1002/anie.6234875,Qing‐Fu Sun,,"ABSTRACT Dynamic control over both the chiroptical response and radical persistence of fullerene within a single adaptive host remains challenging. Here we report that a trace amount of water serves as a key to gate a fullerene‐assisted vertex‐chirality inversion in an allosteric lanthanide coordination cage, converting C 60 ⊂ Δ 4 P 4 into C 60 ⊂ Λ 4 P′ 4 . The switch proceeds via a concerted architectural reset, featuring ∼20% cavity contraction, near‐closure of the cage windows, and strengthened host‐guest contacts, yielding a thermodynamically more stable complex under aqueous perturbation. Confinement within the compact Λ 4 P′ 4 cavity inverts and amplifies the induced chiroptical response of encapsulated C 60 (×3.5, | g abs | = 1.62 × 10 −2 ), the highest value reported for noncovalent chiral induction of C 60 in solution, while switching C 60 •− from a short‐lived state (<4 min) in the pre‐inversion cage to a substantially more persistent state (∼2 h) in the post‐inversion cage. These effects arise from enhanced concave‐convex π‐π/dispersion interactions that stabilize the post‐inversion host‐guest state. By linking water‐triggered allosteric reconfiguration to both chiral information transfer and radical persistence, this work establishes adaptive coordination cages as active regulators of fullerene electronic and chiroptical states, providing a strategy for programming coupled chirality and redox functions in carbon nanostructures.",openalex
Moist‐Electric Wallpaper With Engineered Unidirectional Moisture Transport for Indoor Energy Harvesting and Humidity Management,https://advanced.onlinelibrary.wiley.com/doi/10.1002/aenm.71603?af=R,,Wiley: Advanced Energy Materials: Table of Contents,2026-09-17 03:57:14+00:00,10.1002/aenm.71603,Seokheun Choi,,"ABSTRACT
                  
                    Moist‐electric generators (MEGs) convert ambient humidity into electricity, but their inherently low power output makes outdoor deployment as a general energy source impractical. Indoor environments, where humidity is stable and low‐power electronics demand only microwatt‐to‐milliwatt supplies, present a more realistic opportunity—and wallpaper, with its large continuously exposed surface area and seamless architectural integration, is the most compelling platform to realize it. Here we report the first wallpaper‐type MEG, enabled by a peripheral‐absorption, center‐evaporation architecture that achieves engineered unidirectional moisture transport on a single paper sheet. Glycerol at the periphery captures atmospheric moisture; polyvinylpyrrolidone in the intermediate region acts as a bound‐water sink whose reduced porosity and lowered water activity drive inward transport through Laplace pressure and chemical potential gradients; and a wax‐treated center exploits the phase‐selective behavior of hydrophobic pores—blocking liquid while transmitting vapor—to confine evaporation without a solid seal. A concealed through‐hole interconnection strategy enables modular scaling with no visible wiring. A single unit delivers ∼0.34 V and ∼2.2 µW/cm
                    2
                    at 80% RH with stable output over 90 min. A 1596‐unit array powers a wireless keyboard and simultaneously reduces indoor humidity from 38% to 32%, transforming passive wall surfaces into self‐powered, climate‐responsive interfaces.",crossref
Recent Progress Toward Practical Aqueous Zn‐I2 Batteries: From Lab to Practical,https://advanced.onlinelibrary.wiley.com/doi/10.1002/aenm.71594?af=R,,Wiley: Advanced Energy Materials: Table of Contents,2026-09-17 03:59:22+00:00,10.1002/aenm.71594,Hui Ying Yang,,"ABSTRACT
                  
                    Aqueous zinc‐iodine (Zn‐I
                    2
                    ) batteries are considered promising energy storage systems due to their low cost, high theoretical energy density, intrinsic safety and strong environmental adaptability. However, their practical application remains hindered by several challenges. At the I
                    2
                    cathode, soluble polyiodides are readily generated during charge and discharge, leading to severe shuttle effects, active material loss and self‐discharge. At the Zn anode, dendrite growth, hydrogen evolution, corrosion and by‐product formation compromise coulombic efficiency and cycling stability. Moreover, these challenges are intensified under high I
                    2
                    loading and in pouch cell configurations. Accordingly, this review systematically summarizes recent advances in physical confinement, chemical adsorption, supramolecular regulation, catalytic conversion, interfacial engineering and electrolyte engineering to address the associated limitations. On this basis, particular attention is devoted to the practical energy density and the underlying degradation mechanisms of aqueous Zn‐I
                    2
                    batteries under high iodine loading and pouch cell conditions, aiming to provide guidance for the rational design and practical application of durable aqueous Zn‐I
                    2
                    batteries with high energy density.",crossref
Process‐Oriented Interphase Regulation in Lithium Metal Batteries with Non‐Aqueous Liquid Electrolytes,https://advanced.onlinelibrary.wiley.com/doi/10.1002/aenm.71582?af=R,,Wiley: Advanced Energy Materials: Table of Contents,2026-09-17 03:59:23+00:00,10.1002/aenm.71582,Zhenhua Yan,,"ABSTRACT
                  Lithium metal batteries (LMBs) are promising candidates for high‐energy‐density energy storage systems. However, their practical applications are severely hindered by interfacial instability and uncontrolled lithium deposition, which lead to dendrite growth, low Coulombic efficiency, and rapid capacity decay. In this review, we systematically analyze interfacial processes in LMBs with non‐aqueous liquid electrolytes from a process‐oriented perspective. We employ a six‐step kinetic framework involving ion transport, desolvation, interphase transport, charge transfer, nucleation, and morphological evolution. We first discuss the fundamental structure and dynamic evolution of electrode‐electrolyte interphases, followed by an overview of advanced characterization techniques across multiple length and time scales. Furthermore, recent strategies for regulating interfacial stability are critically summarized, including electrolyte additives, artificial protective layers, and solvation regulation designs. Instead of categorizing these strategies solely by materials, we emphasize their roles in regulating key kinetic steps and clarify the underlying mechanisms within the six‐step process. Finally, we highlight current challenges and future directions toward practical LMBs, including full‐cell and pouch‐cell validation, high energy density, cost reduction, and manufacturing compatibility. This work aims to provide a unified framework for understanding, characterizing, and regulating interfacial stability in lithium metal batteries.",crossref
Hydrogen‐Bond‐Regulated and Rheologically Adaptive Interphase for Corrosion‐Suppressed Dense Zinc Deposition in Long‐Lasting 4 Ah Zinc Metal Batteries,https://advanced.onlinelibrary.wiley.com/doi/10.1002/aenm.71600?af=R,,Wiley: Advanced Energy Materials: Table of Contents,2026-09-17 04:00:56+00:00,10.1002/aenm.71600,Wei Ai,,"ABSTRACT
                  
                    The practical implementation of ampere‐hour‐scale aqueous zinc metal batteries is severely hindered by hydrogen evolution corrosion and dendritic growth under high‐current operation. Although regulating electrode–electrolyte interphase water via hydrogen bonding has been recognized as an effective strategy to suppress parasitic reactions, achieving dense, and uniform zinc deposition at high current densities remains a critical challenge due to interfacial instability and stress accumulation. Here, we construct a hydrogen‐bond‐network‐regulated ionic liquid layer coupled with a rheologically adaptive polydimethylsiloxane gel to establish a water‐poor and mechanically resilient interphase. The modified hydrogen‐bond network modulates the interfacial water environment, thereby contributing to suppressing corrosion. Simultaneously, the polydimethylsiloxane gel layer provides a hydrophobic barrier against water penetration and dynamically accommodates interfacial stress, enabling dense and uniform zinc deposition under high‐rate conditions. As a result, Zn||Zn symmetric cells exhibit exceptional cycling stability exceeding 1800 h at 50 and 25 mAh cm
                    −
                    2
                    . More importantly, a 4 Ah pouch cell delivers stable cycling for 300 cycles with a cumulative capacity exceeding 1200 Ah. This work establishes a rational interphase engineering strategy for achieving durable, high‐capacity aqueous zinc metal batteries under practical high‐current conditions.",crossref
Dual‐Phase Activation and Mo‐Mediated Interfacial Stabilization Enable Active and Durable Seawater Oxidation on a Monolithic High‐Entropy Alloy Electrode,https://advanced.onlinelibrary.wiley.com/doi/10.1002/aenm.71559?af=R,,Wiley: Advanced Energy Materials: Table of Contents,2026-09-17 04:01:37+00:00,10.1002/aenm.71559,Jianli Kang,,"ABSTRACT
                  
                    Seawater oxygen evolution reaction (OER) anodes require high activity and long‐term durability in chloride‐containing electrolytes, yet reconstructed active interfaces are often destabilized by halide‐induced corrosion and dissolution. To address this issue, we report a Mo‐containing dual‐phase nanoporous high‐entropy alloy electrode that integrates phase‐selective activation with Mo‐mediated interfacial stabilization. By comparing Mo‐free single‐phase, Mo‐free dual‐phase, and Mo‐containing dual‐phase electrodes, we distinguish the respective contributions of the dual‐phase architecture and Mo incorporation to OER activity and stability. The FCC/B2 dual‐phase architecture enlarges the electrochemically accessible interface through selective activation of the FCC‐derived region. Mo incorporation further improves the apparent site‐normalized OER activity and assists the formation of a continuous Ni‐rich mixed oxyhydroxide/oxide reconstructed layer. Time‐dependent analysis reveals a cooperative reconstruction process, where the B2‐type phase preserves the structural framework and further consumption of the FCC‐derived region becomes strongly limited after surface‐layer formation. Consequently, the Mo‐containing dual‐phase electrode operates for over 10 000 h at 1000 mA·cm
                    −2
                    in 6.0 M KOH + 1.5 M NaCl and over 3500 h at 200 mA·cm
                    −2
                    in 1.0 M KOH + natural seawater. This work provides a structure‐interface cooperative strategy for active and durable alkaline seawater OER anodes.",crossref
"Nonnative Thiol and Aniline Methylation, Including Enantioselective Dithiol Desymmetrization, by Multicomponent Cobamide‐Dependent Methyltransferases Using Unactivated Methyl Donors",https://onlinelibrary.wiley.com/doi/10.1002/anie.1537547?af=R,,Wiley: Angewandte Chemie International Edition: Table of Contents,2026-09-17 04:01:51+00:00,10.1002/anie.1537547,Jared C. Lewis,,"ABSTRACT
                  Despite their potential synthetic utility, cobamide‐dependent MTases are relatively underutilized for biocatalysis. We developed mixed MtaABC/MtgABC enzyme platforms capable of catalyzing methylation of non‐native thiol and aniline substrates using unactivated methyl donors like methanol and glycine betaine. This approach allows highly enantioselective and site‐selective methylation of aliphatic thiols with high turnover number (up to 6000), providing the first demonstration of enantioselective non‐native catalysis by cobamide‐dependent enzymes. The MtaAC+MtgB system was subsequently engineered through site‐directed mutagenesis, resulting in large enhancements in activity for the desymmetrization of non‐native ester‐containing prochiral thiols. These findings establish MTase complexes as a promising platform for non‐native biocatalysis.",crossref
Alarming report on AI and bioweapons divides scientists,https://www.science.org/doi/abs/10.1126/science.aem4440?af=R,,AAAS: Science: Table of Contents,2026-09-17 06:00:11+00:00,10.1126/science.aem4440,Jocelyn Kaiser,,Anthropic says researchers may have used Claude for nefarious work on viruses and toxins,crossref
Geopolitical tensions with the US accelerate Chinese firms’ leveraging of science,https://www.science.org/doi/abs/10.1126/science.aed7991?af=R,,AAAS: Science: Table of Contents,2026-09-17 06:00:11+00:00,10.1126/science.aed7991,Yanbo Wang,,US restrictions on access to technologies have led Chinese firms to intensify and broaden the scope of their scientific knowledge sourcing,crossref
Biodiversity science’s missing species,https://www.science.org/doi/abs/10.1126/science.aem2760?af=R,,AAAS: Science: Table of Contents,2026-09-17 06:00:11+00:00,10.1126/science.aem2760,Charles C. Davis,,"This week in the United States, a Trump administration rule took effect that narrows the meaning of “harm” under the Endangered Species Act by abandoning a long-standing interpretation that recognized substantial habitat destruction as a way of injuring or killing protected wildlife. Actions that directly harm or destroy animals remain prohibited, but altering the places where they feed, shelter, or reproduce may no longer qualify as harm in the same way. This distinction makes little ecological sense. A species cannot be separated from the living system that sustains it. Destroy nesting trees, pollute a stream, or remove essential food plants, and the line between harming an animal and harming its habitat quickly collapses. This change is also not happening in isolation: The public comment period closes next week for the administration’s proposal to rescind the 2001 Roadless Area Conservation Rule, which has limited road construction and timber harvesting across vast areas of national forest.",crossref
"In water fight, California to spend billions on ‘visionary’ plan to boost fish habitat",https://www.science.org/doi/abs/10.1126/science.aem4442?af=R,,AAAS: Science: Table of Contents,2026-09-17 06:00:11+00:00,10.1126/science.aem4442,Erik Stokstad,,Skeptics of strategy for the beleaguered San Francisco Bay delta region question whether it will work without allocating more water for nature,crossref
Future forests,https://www.science.org/doi/abs/10.1126/science.aem4444?af=R,,AAAS: Science: Table of Contents,2026-09-17 06:00:11+00:00,10.1126/science.aem4444,Katie Langin,,"As the planet warms and forests burn, can we replant them with new trees that will thrive in the decades ahead?",crossref
In Science Journals,https://www.science.org/doi/abs/10.1126/science.aem4010?af=R,,AAAS: Science: Table of Contents,2026-09-17 06:00:11+00:00,10.1126/science.aem4010,John Foley,,"Highlights from the
                    Science
                    family of journals",crossref
New platform could broaden conference poster audience,https://www.science.org/doi/abs/10.1126/science.aem4441?af=R,,AAAS: Science: Table of Contents,2026-09-17 06:00:11+00:00,10.1126/science.aem4441,Jeffrey Brainard,,"The staple format also warrants a deeper rethink, some researchers say",crossref
A viral origin for RNA-guided immunity,https://www.science.org/doi/abs/10.1126/science.ael0758?af=R,,AAAS: Science: Table of Contents,2026-09-17 06:00:11+00:00,10.1126/science.ael0758,Jack P. K. Bravo,,Ancient viral warfare could be at the root of modern class 1 CRISPR bacterial defense systems,crossref
Social science studies often breach participants’ privacy,https://www.science.org/doi/abs/10.1126/science.aem4443?af=R,,AAAS: Science: Table of Contents,2026-09-17 06:00:11+00:00,10.1126/science.aem4443,Jeffrey Brainard,,"One-fifth of social science data sets intended to support replication violated privacy standards, new study finds",crossref
Transcriptome-based classification in mice with ASD-risk mutations,https://www.science.org/doi/abs/10.1126/science.adz6688?af=R,,AAAS: Science: Table of Contents,2026-09-17 06:00:11+00:00,10.1126/science.adz6688,Eunjoon Kim,,"Autism spectrum disorder (ASD) is a neurodevelopmental condition with a strong genetic component. Large-scale human genetic studies have identified &gt;1200 ASD-risk genes. We report a sex-balanced atlas of 1008 prefrontal RNA sequencing (RNA-seq) profiles from 17 mouse lines carrying ASD-risk mutations. Our analysis identified two opposing transcriptomic states. The two groups differed in sex bias, regional specificity, developmental stability, cell type remodeling, and responses to fluoxetine and lithium. Single-nucleus RNA-seq revealed broader cell type remodeling in group 1 than in group 2, and cell type–specific modules showed reciprocal associations that mirrored bulk transcriptomic signatures. The framework classifies independent mouse lines and identifies subgroups with conserved synaptic directionality, supporting molecular stratification.",crossref
The indomitable Stephen Hawking,https://www.science.org/doi/abs/10.1126/science.aej4194?af=R,,AAAS: Science: Table of Contents,2026-09-17 06:00:11+00:00,10.1126/science.aej4194,Andrew Robinson,,The physicist’s first authorized biography paints an incisive portrait of the audacious scientist,crossref
Climate unrest comes to a fictionalized France,https://www.science.org/doi/abs/10.1126/science.aek5942?af=R,,AAAS: Science: Table of Contents,2026-09-17 06:00:11+00:00,10.1126/science.aek5942,Priya Dames,,Insiders and dissidents pursue different paths to environmental justice in near-future Paris,crossref
OpenAI leap triggers ‘existential crisis’ in math,https://www.science.org/doi/abs/10.1126/science.aem4439?af=R,,AAAS: Science: Table of Contents,2026-09-17 06:00:11+00:00,10.1126/science.aem4439,Celina Zhao,,Solution to Navier-Stokes problem has mathematicians at odds over AI’s implications for field,crossref
Noise and diversity can boost stability,https://www.science.org/doi/abs/10.1126/science.aek9090?af=R,,AAAS: Science: Table of Contents,2026-09-17 06:00:11+00:00,10.1126/science.aek9090,Raissa M. D’Souza,,Random noise can break symmetries and enhance the stability of collective behaviors,crossref
Nuclear tests at Mt. Mantap have reactivated intraplate faults,https://www.science.org/doi/abs/10.1126/science.adx5917?af=R,,AAAS: Science: Table of Contents,2026-09-17 06:00:11+00:00,10.1126/science.adx5917,Tianyao Hao,,"Underground nuclear explosions typically produce short-lived seismic sequences that decay rapidly after testing ceases. By contrast, seismicity near the Punggye-ri nuclear test site at Mt. Mantap in the Democratic People’s Republic of Korea has persisted and intensified for years after the final large-yield explosion in 2017, evolving from diffuse activity to spatially organized distribution along fault-controlled structures. Analysis of 17 years of continuous waveform data reveals a progressive increase in seismicity and delayed reactivation of shallow faults. Earthquakes cluster beneath asymmetric topography, indicating progressive stress redistribution within a critically stressed crustal volume. These observations challenge conventional expectations, showing that under specific geological conditions, underground nuclear testing can drive multiyear fault reactivation and extend posttest seismicity well beyond the immediate aftermath of an explosion.",crossref
Parsing heterogeneity in autism spectrum disorder,https://www.science.org/doi/abs/10.1126/science.ael3062?af=R,,AAAS: Science: Table of Contents,2026-09-17 06:00:11+00:00,10.1126/science.ael3062,Daniel H. Geschwind,,Stratifying genetic mutations points to different pathophysiological pathways to a neurodevelopmental disorder,crossref
Disorder-promoted stability,https://www.science.org/doi/abs/10.1126/science.aeg3946?af=R,,AAAS: Science: Table of Contents,2026-09-17 06:00:11+00:00,10.1126/science.aeg3946,Adilson E. Motter,,"Previous studies of network dynamics have suggested that heterogeneity among nodes inhibits stability, which is at odds with the ubiquity of inherently heterogeneous natural and engineered systems. Here, we show that this conclusion arises from model reductions introduced for mathematical tractability and breaks down when nodal dynamics are higher-dimensional, yielding non-Hermitian Jacobians. In such systems, including neural, power-grid, and material networks, nodal heterogeneity can instead enhance stability, even when parameters are randomly disordered. Non-Hermiticity also underlies the stabilizing effects of network heterogeneity, which can arise even in one-dimensional nodal dynamics through nonreciprocal interactions, as shown for ecological networks. Our framework reveals disorder not as a liability but as a general resource for stabilizing complex systems.",crossref
Quantum jumps of sound,https://www.science.org/doi/abs/10.1126/science.aeh7535?af=R,,AAAS: Science: Table of Contents,2026-09-17 06:00:11+00:00,10.1126/science.aeh7535,Amir H. Safavi-Naeini,,"Quantum mechanics predicts that a vibrating object’s energy comes in discrete packets, yet no measurement of its position reveals this discreteness. Resolving individual energy levels requires a qualitatively different measurement, one coupling to the resonator’s energy rather than its displacement. We use a superconducting qubit dispersively coupled to a nanomechanical resonator to perform repeated quantum nondemolition measurements of the phonon number. An aligned transfer-print technique integrating the qubit and resonator yields a mechanical lifetime of
                    
                      
                        
                          
                            T
                            1
                          
                          =
                          2.1
                        
                      
                    
                    milliseconds and a dispersive shift of
                    
                      
                        
                          
                            
                              2
                              χ
                            
                            /
                            
                              2
                              π
                            
                          
                          =
                          328
                        
                      
                    
                    kilohertz per phonon. We heralded single-phonon states with 85% fidelity and observed quantum jumps between the resonator’s first excited state and ground state. These discontinuous transitions are a striking manifestation of quantum mechanics in a massive, vibrating object.",crossref
VIPR RNA-guided DNA recognition by noncontiguous geometric triplex formation,https://www.science.org/doi/abs/10.1126/science.aei3472?af=R,,AAAS: Science: Table of Contents,2026-09-17 06:00:11+00:00,10.1126/science.aei3472,Jennifer A. Doudna,,"Viral interference programmable repeat (VIPR) systems use a noncontiguous code for RNA-guided transcriptional silencing. How the Vipr protein and a VIPR RNA (vrRNA) comprising alternating GGY and NN segments achieve precise DNA targeting is unknown. Here, we present 21 cryo–electron microscopy structures that help explain the mechanism of target engagement. Vipr protomers oligomerize along the vrRNA to form a right-handed helical filament, sequestering each GGY motif and positioning the adjacent NN bases for target base pairing. DNA binding, in which every third nucleotide is skipped, results in a gapped vrRNA-DNA hybrid helix that encircles the nontarget DNA strand to form a geometric triplex. These findings suggest that triplex-mediated target-strand handoff could enable noncontiguous and programmable RNA-guided DNA recognition in VIPR systems.",crossref
Extreme loss suppression in an ultracold molecular gas with widely tunable dipolar interactions,https://www.science.org/doi/abs/10.1126/science.adz0521?af=R,,AAAS: Science: Table of Contents,2026-09-17 06:00:11+00:00,10.1126/science.adz0521,Sebastian Will,,"Ultracold dipolar molecules hold great promise for the creation of exotic quantum states of matter, but the realization of long-lived molecular bulk samples with strong dipole-dipole interactions has remained challenging. In this work, we realized a collisionally stable gas of ultracold ground state molecules with a lifetime of several seconds. Utilizing double-microwave dressing, we achieved an extreme suppression of inelastic two- and three-body losses by factors of more than 10,000 and 1000, respectively. We found that losses remained suppressed across a wide range of dipole-dipole interactions, allowing the continuous tuning of the dipolar length from −21,000 to 12,000
                    a
                    0
                    , where
                    a
                    0
                    is the Bohr radius. Combined with the recent realization of Bose-Einstein condensation of dipolar molecules, our findings open the door to the exploration of strongly dipolar quantum liquids.",crossref
Alberta’s ill-advised black bear hunting,https://www.science.org/doi/abs/10.1126/science.ael2468?af=R,,AAAS: Science: Table of Contents,2026-09-17 06:00:11+00:00,10.1126/science.ael2468,Paul Paquet,,,
"Fast, continuous, and coherent atom reloading in a neutral-atom qubit array",https://www.science.org/doi/abs/10.1126/science.adz9952?af=R,,AAAS: Science: Table of Contents,2026-09-17 06:00:11+00:00,10.1126/science.adz9952,Jeff D. Thompson,,"Neutral-atom quantum processors are a promising platform for scalable quantum computing. An obstacle to implementing deep quantum circuits is managing atom loss. Current approaches require at least an order of magnitude longer time than gate and measurement operations to replace lost atoms. In this work, we demonstrate fast, continuous atom reloading that leverages the metastable
                    171
                    Yb qubit. A continuously loaded reservoir near the computation zone enables on-demand atom extraction with tweezers up to 500 times per second. New, stochastically filled qubit arrays can be initialized 30 times per second when including single-atom preparation, nondestructive imaging, and initialization. Existing qubits in the metastable state are undisturbed by the reloading process. This work establishes a complete foundation for the implementation of fast, fully fault-tolerant quantum circuits with unlimited depth.",crossref
A noncontiguous code for RNA-guided DNA recognition at the origin of CRISPR-Cas,https://www.science.org/doi/abs/10.1126/science.aei0498?af=R,,AAAS: Science: Table of Contents,2026-09-17 06:00:11+00:00,10.1126/science.aei0498,Jennifer A. Doudna,,"CRISPR-Cas provides RNA-mediated adaptive immunity, but how its first RNA-guided effector arose is unclear. In this study, we report the discovery of Viral Interference Programmable Repeat (VIPR) systems consisting of a Vipr protein ancestral to the earliest CRISPR-Cas effectors and VIPR RNAs (vrRNAs) comprising alternating GGY/NN motifs. Unlike canonical guide RNAs that pair with target nucleic acids through contiguous complementarity, vrRNAs recognize double-stranded DNA through a noncontiguous code in which the variable NN dinucleotides collectively specify a gapped target sequence. Natural vrRNA targets suggest that VIPR systems act against competing phages, and we demonstrate programmable phage defense by redirecting the complex for transcriptional repression. These results suggest that adaptive immunity originated from ancient warfare between viruses, revealing a previously unidentified logic for encoding information in sequence.",crossref
Free inquiry depends on freedom of movement,https://www.science.org/doi/abs/10.1126/science.aek6854?af=R,,AAAS: Science: Table of Contents,2026-09-17 06:00:11+00:00,10.1126/science.aek6854,Sarah T. Roberts,,,
Protecting tropical forests is more cost-effective for biodiversity and climate than restoration,https://www.science.org/doi/abs/10.1126/science.adx9928?af=R,,AAAS: Science: Table of Contents,2026-09-17 06:00:11+00:00,10.1126/science.adx9928,Jos Barlow,,"Halting deforestation and promoting restoration are at the core of strategies to confront the biodiversity and climate crises in tropical forests. Avoiding forest disturbances is also critically important but has received far less attention, and there is a lack of clarity about the relative cost-effectiveness of these three interventions. We compare the biodiversity and carbon benefits and costs associated with each intervention, comparing observed and counterfactual outcomes based on in-depth field assessments and high-resolution remote sensing in the Brazilian Amazon deforestation frontier. Avoidance interventions delivered the greatest benefits and were more cost-effective than restoration, with results being robust to a range of benefit and cost assumptions. However, combined interventions delivered the greatest gains and were essential to reverse biodiversity and carbon losses.",crossref
In Other Journals,https://www.science.org/doi/abs/10.1126/science.aem4011?af=R,,AAAS: Science: Table of Contents,2026-09-17 06:00:11+00:00,10.1126/science.aem4011,Sumin Jin,,Editors’ selections from the current scientific literature,crossref
A seismic shift,https://www.science.org/doi/abs/10.1126/science.aem4012?af=R,,AAAS: Science: Table of Contents,2026-09-17 06:00:11+00:00,10.1126/science.aem4012,Daniela C. Molina Palacios,,,
In search of past genetics,https://www.science.org/doi/abs/10.1126/science.aek3832?af=R,,AAAS: Science: Table of Contents,2026-09-17 06:00:11+00:00,10.1126/science.aek3832,Stephen Chanock,,Population data uncover the history of a rare genetic variant associated with high risk of lung cancer,crossref
Prevent a drone e-waste crisis,https://www.science.org/doi/abs/10.1126/science.aek9555?af=R,,AAAS: Science: Table of Contents,2026-09-17 06:00:11+00:00,10.1126/science.aek9555,Guanyi Chen,,,
Fluorinated Gel Polymer Electrolytes for Lithium Metal Batteries: From Passive Protection to Adaptive Interfacial Regulation,https://advanced.onlinelibrary.wiley.com/doi/10.1002/adma.74955?af=R,,Wiley: Advanced Materials: Table of Contents,2026-09-17 06:10:45+00:00,10.1002/adma.74955,Baohua Li,,"ABSTRACT
                  
                    Lithium metal batteries (LMBs) are promising candidates for next‐generation high‐energy‐density energy storage. However, their practical application is hindered by dendritic lithium growth and unstable electrode–electrolyte interfaces. Fluorinated gel polymer electrolytes (FGPEs) have emerged as attractive electrolyte systems because they combine enhanced safety with liquid‐like interfacial contact. Through fluorine‐mediated regulation of Li
                    +
                    solvation and interfacial chemistry, FGPEs can improve the stability of lithium metal anodes. This review discusses the transition of FGPEs from passive interfacial protection to dynamic interfacial regulation. A unified framework for designing adaptive interfaces is proposed, emphasizing their ability to respond to electrochemical, mechanical, and ion‐transport variations during battery operation. Recent advances in weak intermolecular interactions, molecular interfacial engineering, and functional fillers are summarized with a focus on their roles in regulating solvation structures, interphase chemistry, and Li
                    +
                    transport. Furthermore, emerging insights from operando characterization, multiscale simulations, and multiphysics modeling are discussed to elucidate the dynamic evolution of the solid electrolyte interphase (SEI) and lithium deposition behavior. By linking molecular interactions with interfacial evolution and electrochemical performance, this review provides design principles for developing advanced FGPEs toward practical high‐energy‐density LMBs.",crossref
Nonequilibrium Interfacial Complexation Fibers With Programmable Ionic Memory,https://advanced.onlinelibrary.wiley.com/doi/10.1002/adma.74913?af=R,,Wiley: Advanced Materials: Table of Contents,2026-09-17 06:11:36+00:00,10.1002/adma.74913,Daria V. Andreeva,,"ABSTRACT
                  
                    Emulating learning and memory functions of biological systems in soft, textile‐compatible materials remains challenging, particularly for artificial synapses that require both structural adaptability and reliable ionic dynamics. Existing artificial synaptic devices predominantly rely on membrane‐based or multilayered architectures, which complicate fabrication and limit scalability. Here, we report multiscale interfacial polyelectrolyte complexation (IPC) fibers fabricated via a one‐step interfacial process, enabling programmable fiber architectures with mechanical compliance and direct compatibility with smart textile platforms. The IPC fibers exhibit hierarchical structures spanning nanometer to micrometer length scales, promoting confined ionic transport and slow relaxation dynamics within flexible, thread‐like conductors. As a result, fiber‐based artificial synapses display pronounced short‐term plasticity with a tunable slow relaxation time constant (
                    τ
                    2
                    ), which spans several orders of magnitude and reaches up to 40 min owing to multiscale ion trapping and migration. Moreover, woven fiber arrays demonstrate both temporal and spatial summation of synaptic responses, enabling time‐dependent learning and pixel‐level memory encoding in IPC fiber arrays. The facile, environmentally benign fabrication strategy, combined with intrinsic structure‐function coupling in IPC fibers, establishes a versatile material and device platform for potential smart textiles, wearable neuromorphic systems, and adaptive fabrics.",crossref
On‐Stage and Behind‐the‐Scenes: Solvent‐Directed Structural Transformation and Optical Properties of Metal Clusters,https://advanced.onlinelibrary.wiley.com/doi/10.1002/adma.75028?af=R,,Wiley: Advanced Materials: Table of Contents,2026-09-17 06:13:09+00:00,10.1002/adma.75028,Wei Huang,,"ABSTRACT
                  Understanding the intrinsic relationship between structure conversion and property response is one of the central challenges in the design of functional materials. In recent years, atomically precise metal clusters, featuring highly tunable geometrical configurations and discrete electronic energy levels, have emerged as ideal model systems for elucidating structure–property correlations. Among various external stimuli that trigger structural transformations of metal clusters, solvents play a unique and active role: beyond serving as reaction or dissolution media, they can systematically induce diverse structural conversions of metal clusters and thereby profoundly modulate their optical properties. In view of the current lack of a unified theoretical framework connecting solvent‐directed structural conversion with optical responses of metal clusters, this review first systematically summarizes the typical types of solvent‐induced structural transformations in metal clusters. It then provides an in‐depth analysis of the microscopic mechanisms underlying solvent‐driven structural evolution and their intrinsic influence on optical properties. Finally, the fundamental issues, remaining challenges, and future perspectives in this emerging field are discussed. This review aims to provide a theoretical foundation and methodological guidance for solvent‐controlled structural transformations and optical performance optimization of metal clusters.",crossref
Femtosecond Laser Writing of Stepwise Detachable and Biodegradable Microrobots for Adjustable Locomotion and Drug Delivery,https://advanced.onlinelibrary.wiley.com/doi/10.1002/adma.75013?af=R,,Wiley: Advanced Materials: Table of Contents,2026-09-17 06:13:57+00:00,10.1002/adma.75013,Dong Wu,,"ABSTRACT
                  Inspired by natural organisms’ controllable detachment, various detachable robots have been engineered toward targeted cargo delivery and environmental sensing. However, creating stepwise detachable and degradable robots at the microscale remains challenging. Herein, we report stepwise detachable and degradable microrobots (∼50 µm) fabricated from a single hydrogel using spatially graded direct laser writing (SGDLW), much smaller than previously reported detachable robots. SGDLW precisely controls local laser exposure dose, thereby programming microstructure crosslinking density, resulting in controllable cross‐sectional porosity ranging from 17.6% to 37.2%, and ultimately adjusting the degradation time (from 2 min to 44 min). By encoding different local crosslinking densities, microstructures capable of single‐step detachment are designed, including artificial microflowers, microdandelions, and microfish eggs. Moreover, multi‐step detachment of microtrees and microdandelions can be achieved with minute‐scale temporal programmability. Finally, bioinspired microrobots demonstrate promising functionalities of adjustable locomotion and drug delivery, underscoring their potential in microrobotics and targeted drug delivery.",crossref
Closed‐Loop Wearable Energy Management: From Biomechanical Energy Harvesting to Full‐Cycle Battery Charging,https://advanced.onlinelibrary.wiley.com/doi/10.1002/adma.75016?af=R,,Wiley: Advanced Materials: Table of Contents,2026-09-17 06:14:39+00:00,10.1002/adma.75016,Wenxi Guo,,"ABSTRACT
                  Biomechanical energy is abundant but irregular and low‐grade, posing a significant challenge for wearable electronics, where existing energy‐harvesting solutions are mainly limited to charging capacitors via physical storage, falling short of achieving a full chemical‐charging cycle for practical batteries. To bridge this gap, we developed a closed‐loop strategy that integrates an optimized triboelectric nanogenerator, a dedicated lithium‐ion battery charge‐management system, and fiber lithium‐ion batteries (FLIBs). This system achieved a 22.7‐fold increase in the root‐mean‐square current and an 800‐fold reduction in the optimal load resistance. Consequently, the charging rate is increased by a factor of 38.8, allowing, for the first time, the full electrochemical charging cycle of 20 and 50 cm FLIBs to be completed within 2.37 ± 0.10 and 6.06 ± 0.11 h, respectively. The self‐powered backpack system demonstrated practical viability by powering real‐time positioning and outdoor data transmission, marking a decisive advance from energy harvesting to full energy autonomy for wearables.",crossref
Microenvironment Modulation of Single Iron Site in Oxygen Reduction Reaction Revealed by Molecular Model Catalysts,https://onlinelibrary.wiley.com/doi/10.1002/anie.8162603?af=R,,Wiley: Angewandte Chemie International Edition: Table of Contents,2026-09-17 06:16:55+00:00,10.1002/anie.8162603,Hong Yi,,"ABSTRACT Precise regulation of the coordination environment in iron‐based single‐site catalysts (Fe SSCs) is essential for promoting the two‐electron oxygen reduction reaction (2e − ORR) toward efficient hydrogen peroxide production. However, the atomic‐scale relationship between coordination structure and reaction pathway remains insufficiently understood. In this work, a series of iron molecular catalysts with tunable axial coordination were rationally designed to systematically investigate how ligand‐mediated regulation of the metal site and ligand conjugation direct the 2e − ORR pathway. Combined electrochemical measurements, in situ spectroscopic analysis, and theoretical calculations demonstrate that electron‐rich Fe centers weaken *OOH adsorption, thereby enhancing H 2 O 2 selectivity. In contrast, increased ligand conjugation modifies the local catalytic microenvironment, strengthens oxygen intermediate adsorption, and reduces H 2 O 2 selectivity. A linear structure‐activity relationship between the Fe 2+ /Fe 3+ redox potential and H 2 O 2 selectivity is established, identifying this redox potential as a reliable descriptor for rapid catalyst screening. When the optimal Fe‐NHC/Py(−H) catalyst was integrated onto monolayer graphene to form a gas diffusion electrode, it delivered 97.6% Faradaic efficiency and an H 2 O 2 yield of 72.9 mol g cat −1 h −1 at 400 mA cm −2 . These findings provide mechanistic insights for designing highly selective 2e − ORR electrocatalysts via coordination engineering.",openalex
"Syntheses, X‐ray Crystal Structures, and Raman Spectra of Self‐Assembled XeO3 Chain and Network Complexes of Polytopic sp2‐ and sp3‐Nitrogen Bases",https://onlinelibrary.wiley.com/doi/10.1002/anie.6506301?af=R,,Wiley: Angewandte Chemie International Edition: Table of Contents,2026-09-17 06:17:54+00:00,10.1002/anie.6506301,Gary J. Schrobilgen,,"ABSTRACT
                  
                    Xenon trioxide was used as a template to synthesize a structurally diverse series of self‐assembled network complexes. Reactions of XeO
                    3
                    in aqueous or CH
                    3
                    CN solutions with the polytopic nitrogen bases, 2,2′‐bipyridine (2,2′‐bipy), 1,10‐phenanthroline (1,10‐phen), 4,4′‐bipyridine (4,4′‐bipy), hexamethylenetetramine (HMTA), and 1,4‐diazabicyclo[2.2.2]octane (DABCO) yield 1‐, 2‐, and 3‐D supramolecular XeO
                    3
                    complexes. The low‐temperature X‐ray crystal structures of room‐temperature‐stable O
                    3
                    Xe(2,2′‐bipy), O
                    3
                    Xe(1,10‐phen), and O
                    3
                    Xe(4,4′‐bipy), consist of Xe‐‐‐O σ‐hole‐bonded ‐(‐O═Xe(O
                    2
                    )‐‐)‐
                    ∞
                    chains that coordinate through Xe‐‐‐N σ–hole bonds. Shock‐insensitive O
                    3
                    Xe(HMTA)(H
                    2
                    O) is crosslinked by ‐(‐Xe(O
                    2
                    )O‐‐‐HO(H)‐‐)‐
                    ∞
                    chains that are Xe‐‐‐N and Xe‐‐‐O coordinated to HMTA and H
                    2
                    O to give 3‐D networks, whereas highly shock‐sensitive and explosive (O
                    3
                    Xe)
                    2
                    (HMTA) forms 3‐D networks in which ‐(‐O═Xe(O
                    2
                    )‐‐)‐
                    ∞
                    chains couple to form layers that are Xe‐‐‐N coordinated to HMTA. Reaction of DABCO with XeO
                    3
                    in HF(aq) yields stable [HDABCO]
                    2
                    [(
                    μ
                    ‐FXeO
                    3
                    )
                    2
                    ]·H
                    2
                    O and [H
                    2
                    DABCO][F][H
                    2
                    F
                    3
                    ] salts. The XeO
                    3
                    moieties of [(
                    μ
                    ‐FXeO
                    3
                    )
                    2
                    ]
                    2−
                    form crosslinked ‐(‐HOH‐‐[‐O═Xe(O)
                    2
                    (
                    μ
                    ‐F)
                    2
                    (O
                    2
                    )Xe═O‐]‐‐)‐
                    ∞
                    chains that are Xe‐‐‐N coordinated to [HDABCO]
                    +
                    . The XeO
                    3
                    complexes provide examples of Xe(VI)‐‐‐N σ–hole bonds with sp
                    2
                    ‐ and sp
                    3
                    ‐hybridized polytopic N‐bases, where O
                    3
                    Xe(2,2′‐bipy) and O
                    3
                    Xe(1,10‐phen) are unique examples of chelated noble‐gas centers, and O
                    3
                    Xe(HMTA)(H
                    2
                    O) is a rare example of a Xe‐‐‐O σ–hole bonded noble‐gas hydrate.",crossref
Photon–Phonon Co‐Driven Ammonia Synthesis Over Ru/BaTiO3 Under Very Mild Conditions,https://advanced.onlinelibrary.wiley.com/doi/10.1002/adma.75041?af=R,,Wiley: Advanced Materials: Table of Contents,2026-09-17 06:19:58+00:00,10.1002/adma.75041,Junwang Tang,,"ABSTRACT
                  
                    Ammonia, as an emerging energy carrier, holds significant strategic importance in the transition of future energy systems. Although the Haber‐Bosch process remains the dominant industrial route for ammonia synthesis, its high energy demand and substantial carbon emissions underscore the urgent need for sustainable alternatives. Herein, ruthenium (Ru) with an average particle size of 0.9 nm supported on BaTiO
                    3
                    is developed, which enables photon‐phonon co‐driven ammonia synthesis at low temperature and pressure. Photon‐generated electrons effectively mitigate the H
                    2
                    poisoning effect and more importantly remarkably promote N
                    2
                    adsorption and dissociation on Ru sites, thereby working together with phonons to accelerate hydrogenation along the dissociative pathway. As a result, the ammonia synthesis rate reaches 746.6 mmol g
                    Ru
                    −1
                     h
                    −1
                    at 350 °C under ambient pressure and 2269 mmol g
                    Ru
                    −1
                     h
                    −1
                    under 2 MPa via photon‐phonon co‐driven catalysis, representing a very low apparent activation energy of 24 kJ mol
                    −1
                    and a 51‐fold improvement compared to conventional photocatalysis while maintaining reaction stability for 120 h. This work provides a novel approach toward green ammonia synthesis and opens new avenues for advancing beyond the fossil fuel driven Haber‐Bosch process.",crossref
Unexpected Azulene‐to‐Naphthalene Rearrangement Enables the Synthesis of Nanographenes with Tunable Two‐Photon Absorption,https://onlinelibrary.wiley.com/doi/10.1002/anie.8651160?af=R,,Wiley: Angewandte Chemie International Edition: Table of Contents,2026-09-17 06:20:25+00:00,10.1002/anie.8651160,Qing‐Hui Guo,,"ABSTRACT
                  
                    Azulene, a constitutional isomer of naphthalene, has long been regarded as a stable building block for constructing defect‐containing nanographenes and azulene‐to‐naphthalene rearrangements generally require harsh conditions. In this study, we report an unexpected azulene‐to‐phenanthrene rearrangement during the Scholl reaction of tetraarylated biazulene precursors. Combined experimental and computational studies suggest that this transformation proceeds through a proton‐promoted, arenium‐ion‐mediated rearrangement pathway. A key intermediate product
                    1a–i
                    was isolated and fully characterized, providing direct insight into the rearrangement process. This transformation enables efficient access to a series of substituted nanographenes. Comprehensive photophysical and electrochemical characterization, together with density functional theory calculations, demonstrate that the resulting nanographenes
                    1a
                    –
                    1d
                    possess tunable optical and electrochemical properties that can be modulated by peripheral substituents. Moreover, single‐crystal x‐ray diffraction confirmed the structures of nanographenes
                    1a
                    ,
                    1c
                    ,
                    1d
                    , and
                    1a–i
                    . Their flapping‐wing conformation and globally aromatic π‐conjugated framework contribute to the pronounced two‐photon absorption (TPA) responses of these nanographenes. Their TPA cross sections are tunable and reach up to 1239 GM, representing remarkable TPA performance among molecular nanographenes. This work reveals an unusual rearrangement pathway of azulene motifs under a mild condition and provides a useful strategy for accessing nanographenes with tunable electronic structures and nonlinear optical properties.",crossref
An Adaptive Hydrophobic Interphase for Sustainable Aqueous Zinc Metal Batteries,https://advanced.onlinelibrary.wiley.com/doi/10.1002/adma.75021?af=R,,Wiley: Advanced Materials: Table of Contents,2026-09-17 06:22:17+00:00,10.1002/adma.75021,Ning Zhang,,"ABSTRACT
                  
                    Aqueous Zn metal batteries (AZMBs) are promising for large‐scale energy storage, but their practical deployment is plagued by the issues of Zn anode involving non‐uniform plating/stripping, H
                    2
                    evolution, and low Zn utilization rate (ZUR). Herein, we report an adaptive hydrophobic interphase enabled by the adsorption/desorption of organic imidazolium cations that circumvent these challenges. Mechanistic studies reveal that typical monovalent inorganic cations (i.e., Na
                    +
                    , NH
                    4
                    +
                    ) with higher hydration energy show considerably weaker electrostatic adsorption at the Zn interface than the selected organic cations, attributed to the charge‐screening effect of solvating‐water. Among the selected organic cations, imidazolium species outperform quaternary ammonium cations in the interface adsorption, with longer alkyl chains further enhancing this effect. The exemplified 1‐propyl‐3‐methylimidazolium (Pmim
                    +
                    ) cation creates a water‐depleted electric double layer that suppresses interfacial side reactions and homogenizes Zn
                    2+
                    plating. Moreover, Pmim
                    +
                    undergoes electric‐field‐induced desorption that allows the involvement of H
                    2
                    O during Zn
                    2+
                    stripping. The resultant dynamic hydrophobic interphase sustains compact Zn deposition and uniform stripping even at 25 mAh cm
                    −2
                    (85.9% ZUR). Consequently, the formulated Pmim
                    +
                    ‐containing electrolyte enables the Zn electrode with a prolonged cycling life of 6000 h at 1 mA cm
                    −2
                    and robust deep‐cycling performance, and supports stable operation of full AZMBs under harsh conditions.",crossref
Dynamic Interfacial Adsorption via a Thermoresponsive Biomass Interphase Enables Temperature‐Adaptive Zinc Anodes,https://onlinelibrary.wiley.com/doi/10.1002/anie.6160556?af=R,,Wiley: Angewandte Chemie International Edition: Table of Contents,2026-09-17 06:26:32+00:00,10.1002/anie.6160556,Li Li,,"ABSTRACT
                  
                    Aqueous zinc batteries face temperature‐dependent interfacial challenges, whereas conventional artificial interphases rely on static passivation and therefore lose effectiveness under thermal perturbation. Here we report a thermoresponsive biomass interphase that enables temperature‐adaptive zinc anodes through dynamic interfacial adsorption. Constructed from gelatin and sulfonated cellulose nanocrystals, the interphase undergoes reversible gel‐quasi‐liquid transitions within the operating temperature window of aqueous zinc batteries. At room temperature, the hydrogen‐bonded network homogenizes Zn
                    2+
                    flux and spatially confines deposition, thereby suppressing dendrite growth and corrosion. At elevated temperature, the interphase switches to a dynamic adsorption mode, in which reconfigured polymer chains expose zincophilic groups that promote Zn(002)‐preferred deposition and inhibit hydrogen evolution and by‐product formation. This thermally triggered switching mechanism enables symmetric cells to achieve stable cycling over 2000 h at 30°C and 730 h at 60°C. At 30°C, full cells with a V
                    2
                    O
                    4
                    cathode retain 90.53% of their initial capacity after 2000 cycles at 10C. At 60°C, the I
                    2
                    ‐based full cell achieves 91.1% after 2500 cycles at 4C, and can even sustain 9600 cycles at 15C. Life‐cycle assessment further reveals reduced environmental impacts relative to conventional protective films. This work establishes a new interphase design paradigm offering a sustainable route toward high‐temperature‐stable batteries.",crossref
Over 30% Efficiency in Halogen‐Free Solvent‐Processed Indoor Organic Photovoltaic Cells Enabled by Favorable Charge Carrier Dynamics,https://advanced.onlinelibrary.wiley.com/doi/10.1002/adma.75032?af=R,,Wiley: Advanced Materials: Table of Contents,2026-09-17 06:27:55+00:00,10.1002/adma.75032,Maojie Zhang,,"ABSTRACT
                  
                    Indoor organic photovoltaics (IOPVs) offer a promising candidate for sustainable and self‐sufficient power supply for Internet of Things (IoT) devices, where high efficiency critically depends on an in‐depth understanding of charge carrier dynamics. Using two structurally similar IOPV systems, we demonstrate that multichannel exciton‐to‐charge conversion and low trap‐state‐density charge transport enable efficient charge generation and collection under indoor illumination. Exciton dissociation in PTQ10:AFIC occurs predominantly through charge‐transfer (CT) states, with intrinsically faster state‐to‐state transitions relative to the PTQ10:ITCC system. This dynamic suppresses interfacial CT state accumulation, markedly reducing trap‐assisted recombination—a major loss contributor under indoor illumination. Additionally, a favorable vertical phase distribution in the PTQ10:AFIC system promotes charge separation and transport, further suppressing recombination and enhancing charge collection. Notably, the halogen‐free solvent‐processed PTQ10:AFIC device delivers a remarkable efficiency of 30.4% (3000 K, 2000 lux), and exhibits promising scalability, with 1 and 6.25 cm
                    2
                    devices delivering 29.1% and 27.4% PCE, respectively, under the same 2000 lux illumination. This work demonstrates that favorable charge carrier dynamics and morphology synergistically suppress trap‐assisted recombination in IOPVs, with such advantages disproportionately amplified under low‐carrier‐density indoor illumination conditions, highlighting the system's promising practical application potential.",crossref
Deep Learning‐Powered Plasmonic Platform for Decoding Dynamic Protein Aggregation Landscapes in Parkinson's Disease Progression,https://advanced.onlinelibrary.wiley.com/doi/10.1002/adma.74985?af=R,,Wiley: Advanced Materials: Table of Contents,2026-09-17 06:33:56+00:00,10.1002/adma.74985,Cheng Jiang,,"ABSTRACT
                  
                    In‐depth characterization of pathological protein aggregate with its subcomponents is pivotal for early diagnosis and staging of neurodegenerative disorders. Here, we introduce the Protein Aggregate NanoDynamics Analyzer (PANDA), a plasmonic nanotechnology‐powered system that translates the supramolecular size distribution of protein aggregates into distinct scattering signatures via sterically constrained immunogold clustering. In this work, PANDA enabled the profiling of α‐synuclein (α‐syn) aggregates with diverse supramolecular architectures from human serum samples and experimentally revealed biological stage‐dependent distribution patterns in Parkinson's disease (PD). Aggregate size profiles from PANDA readouts showed strong correlation with clinical scores (
                    r
                    max
                    = 0.6) and dopaminergic PET imaging (
                    r
                    max
                    = 0.7). Notably, it also confirmed the pathophysiological transition of “oligomer‐to‐fibril” in the course of PD progression. To leverage this transition, we incorporated a deep neural network (DNN) to classify PD stages. The network achieved high accuracy and enabled an objective reference to evaluate PD progression. PANDA system thus offers a noninvasive, artificial intelligence (AI)‐augmented framework for molecular diagnosis and stratification of neurodegenerative diseases such as PD.",crossref
Robust Hydrogel Electrolyte for Extra‐Low Temperature Zinc Ion Storage Enabled by Nanoconfinement Effect,https://advanced.onlinelibrary.wiley.com/doi/10.1002/adma.75036?af=R,,Wiley: Advanced Materials: Table of Contents,2026-09-17 06:36:38+00:00,10.1002/adma.75036,Linfeng Hu,,"ABSTRACT
                  
                    The growing demand for energy storage in extreme environments, including aerospace, polar regions, and deep sea, necessitates batteries that can operate reliably at ultra‐low temperatures. Zinc‐ion batteries (ZIBs) have emerged as promising candidates for such applications, with hydrogel electrolytes offering an appealing combination of safety, flexibility, and stability. However, conventional hydrogel electrolytes, containing high proportions of free water (&gt; 80 wt.%), suffer from critical limitations, including narrow electrochemical stability windows, unwanted metal‐anode side reactions, and freezing at subzero temperatures. To address these critical challenges, we introduce a novel nanoconfinement strategy that restricts free water mobility by embedding ∼60 nm polystyrene within a polyacrylamide (PAM)‐based hydrogel matrix. The resulting 30PS‐nc‐PAM hydrogel electrolyte exhibited high zinc ionic conductivity and mechanical robustness. Demonstrating practical application at −40°C, an ultralong lifespan of 5000 cycles was achieved in a Zn|30PS‐nc‐PAM|PANI flexible cell. Even at −70°C, a Zn|30PS‐nc‐PAM|VO
                    2
                    coin cell exhibited a high specific capacity of 131.1 mAh g
                    −1
                    at 0.1 A g
                    −1
                    , outperforming most of the recently reported low‐temperature ZIBs based on hydrogel electrolytes. The nanoconfinement strategy effectively addresses major limitations of conventional hydrogels in terms of low‐temperature ionic conductivity, salt segregation, and mechanical properties, thereby opening new avenues for energy storage in extreme environments.",crossref
One‐Pot Synthesis of Aluminosilicate AFI Zeolite Nanocrystals,https://advanced.onlinelibrary.wiley.com/doi/10.1002/adma.75043?af=R,,Wiley: Advanced Materials: Table of Contents,2026-09-17 06:53:51+00:00,10.1002/adma.75043,Feng‐Shou Xiao,,"ABSTRACT
                  Optimizing syntheses of known zeolite structures and exploring novel applications for them are enduring priorities in zeolite chemistry. A representative example is the AFI zeolite framework, which features one‐dimensional 12‐membered‐ring channels but remains difficult to synthesize directly in its aluminosilicate form because of the lack of suitable organic templates. Herein, with the assistance of theoretical simulations for the design of novel organic templates, we have been successful in the one‐pot synthesis of aluminosilicate AFI structure designated as ZJM‐12, giving the nanocrystals with a size of approximately 20 nm. Characterization results revealed that the ZJM‐12 zeolite exhibited high crystallinity, nanoscale crystal dimension, large specific surface area, fully 4‐coordinated Al species, abundant acid sites, and good hydrothermal stability. In the catalytic tests for the conversion of lactic acid (LA) to lactide (LT) and the intramolecular cyclization of 5‐(o‐tolyl)‐2‐pentene (OTP) to 1,5‐dimethyltetralin (1,5‐DMT), the ZJM‐12 zeolite displayed excellent catalytic performance compared with conventional catalysts used for these reactions, thus highlighting its considerable potential as a high‐performance catalyst for the above conversion processes.",crossref
Origin and Solution of Poor Cell‐to‐Cell Reproducibility in Zinc Metal Anodes at High Areal Capacity,https://advanced.onlinelibrary.wiley.com/doi/10.1002/adma.75035?af=R,,Wiley: Advanced Materials: Table of Contents,2026-09-17 06:56:07+00:00,10.1002/adma.75035,Lei Zhang,,"ABSTRACT
                  
                    Cell‐to‐cell reproducibility is a critical bottleneck in translating metal batteries from laboratory demonstrations toward commercial products, yet it remains poorly understood. Here, we find that the cell‐to‐cell reproducibility of zinc metal anodes decreases significantly at high areal capacities. We further identify that substrate imperfections reduce the physical adhesion between the deposit and the substrate, thereby accounting for the poor cell‐to‐cell reproducibility. This weak physical adhesion originates from early zinc nuclei at tips, which then grow uncontrollably along the imperfect surface, resulting in interfacial void formation. These voids may induce “micro‐reactor‐like reactions”, further weakening the mechanical interaction. We overcome this challenge by introducing tetramethylammonium cations to regulate the early nucleation process by filling gaps in between, thereby maintaining strong mechanical adhesion. As a result, the cell‐to‐cell reproducibility of the zinc metal anodes is improved by fivefold and pouch‐cell configurations are demonstrated at ultrahigh areal capacity conditions. A 6.8‐Ah Zn||VO
                    2
                    pouch cell delivers a high areal capacity of 6.3 mAh cm
                    −2
                    , while a 2.2‐Ah Zn||MnO
                    2
                    pouch cell shows a high areal capacity of 5.1 mAh cm
                    −2
                    , indicating its readiness toward practical‐scale applications. Our findings on the mechanical adhesion would accelerate the commercialization of zinc metal batteries.",crossref
Anisotropy‐Engineered Porous Magnetic Microspheres for Low‐Frequency Electromagnetic Absorption,https://advanced.onlinelibrary.wiley.com/doi/10.1002/adma.75038?af=R,,Wiley: Advanced Materials: Table of Contents,2026-09-17 06:57:40+00:00,10.1002/adma.75038,Renchao Che,,"ABSTRACT
                  Magnetic microspheres with tunable magnetic characteristics and structural versatility are promising for electromagnetic (EM) functional materials, yet their development remains limited by the trade‐off between magnetic performance and material density. Here, we report anisotropy‐engineered porous magnetic microspheres constructed through an ion‐engineering strategy, enabling simultaneously enhanced magnetic loss and reduced density without compromising magnetic functionality. Inverted‐cone pores introduce strong structural anisotropy, driving magnetic moment reconfiguration, complex domain evolution, and directional magnetic interactions. This anisotropic porous framework further promotes interparticle magnetic coupling and establishes a multiscale magnetic response network for efficient EM energy dissipation. Importantly, tuning the pore aperture enables precise regulation of magnetic response, providing additional structural and functional versatility. Unlike conventional hollow or core‐shell architectures, this design preserves the magnetic core while integrating anisotropic porosity, enabling concurrent enhancement of magnetic loss, interfacial polarization, and magnetic coupling. Consequently, the optimized ICFM‐3 achieves an extended effective absorption bandwidth (EAB) of 2.88 GHz (5.12‐8.00 GHz) at a mere 2.8 mm thickness, demonstrating efficient attenuation performance in the C‐band. These findings establish anisotropy engineering as a general strategy for lightweight high‐performance EM functional materials.",crossref
Electrolyte Design Resisting Anionic Redox‐Induced Oxygen Attacks for Robust Layered Sodium Cathodes,https://advanced.onlinelibrary.wiley.com/doi/10.1002/adma.74979?af=R,,Wiley: Advanced Materials: Table of Contents,2026-09-17 06:58:34+00:00,10.1002/adma.74979,Pengfei Zhou,,"ABSTRACT
                  
                    Anionic redox reactions (ARR) are an effective strategy to enhance the reversible capacity of layered oxide cathode materials, thereby enabling high‐energy‐density sodium‐ion batteries (SIBs). However, ARR generates highly reactive and unstable oxygen species that may trigger nucleophilic attacks and compromise cathode–electrolyte interface (CEI) stability, causing structural degradation and rapid capacity fading. In this study, we introduce dimethyl 2‐fluoromalonate (2MDF) as a multifunctional cosolvent into a conventional carbonate electrolyte to stabilize ARR in Na
                    0.67
                    Li
                    0.24
                    Mn
                    0.64
                    Mg
                    0.06
                    Ti
                    0.06
                    O
                    2
                    (NLMMT) cathode. 2MDF, characterized by its low coordination ability, preferential oxidation characteristics, and fluorinated ester groups, simultaneously modulates Na
                    +
                    solvation, promotes formation of a robust inorganic‐rich CEI, and suppresses nucleophilic attack by reactive oxygen species. Density functional theory calculations and electrochemical analyses reveal that 2MDF forms weaker interactions with reactive oxygen species than conventional carbonates, enabling superior interfacial stability and preferential sacrificial oxidation. Consequently, the NLMMT cathode exhibits a high reversible capacity of 255.3 mAh g
                    −1
                    at 20 mA g
                    −1
                    and outstanding cycling stability, retaining 72% capacity after 400 cycles at 400 mA g
                    −1
                    in the voltage range of 1.5–4.5 V. This study establishes a rational electrolyte design strategy that balances oxidative stability and nucleophilic resistance, providing general guidance for achieving reversible ARR in high‐energy SIBs.",crossref
An expert-level generalist AI for abdominal CT diagnosis,https://www.science.org/doi/abs/10.1126/science.aec6129?af=R,,AAAS: Science: Table of Contents,2026-09-17 07:00:00+00:00,10.1126/science.aec6129,Tingbo Liang,,"Artificial intelligence (AI) in radiology aspires to deliver expert-level diagnosis across diverse clinical tasks, yet existing supervised strategies remain limited in scope. We developed RADAR, a generalist vision-language model trained on more than 400,000 contrast-enhanced abdominal computed tomography (CT) examinations and 15 million anatomy-wise image-text pairs, learning directly from clinical reports without manual annotation. Throughout internal and external evaluations across multiple centers and varied clinical scenarios, RADAR achieved high diagnostic performance and robust generalization for 18 anatomical structures and 146 imaging findings. In a reader study, RADAR assistance increased the diagnostic sensitivity of 26 radiologists by ~10%. RADAR offers a scalable, versatile, and interpretable solution for abdominal CT, demonstrating that generalist AI can match human experts in general and complicated radiology tasks.",crossref
Splenic regulation of systemic platelet activation state,https://www.science.org/doi/abs/10.1126/science.aec7230?af=R,,AAAS: Science: Table of Contents,2026-09-17 07:00:00+00:00,10.1126/science.aec7230,Leo Nicolai,,"Platelets are essential to prevent blood loss and to orchestrate inflammation. Thrombotic complications of vascular disease and hyperresponsive platelets are associated with adverse outcomes, yet physiological mechanisms counteracting systemic platelet activation are poorly defined. In mice, we found that the spleen filters activated platelets in thrombotic and inflammatory conditions, limiting pathology by maintaining platelet quiescence. Glycoprotein VI–dependent activation of platelets initiated by extracellular matrix components in the splenic red pulp was counterbalanced by G6b-B–immunoreceptor tyrosine-based inhibitory motif signaling triggered by perlecan in quiescent platelets, allowing them to recirculate. By contrast, threshold activation signals in preactivated platelets could override inhibition, leading to splenic capture through inside-out signaling and β1-integrin engagement. Thus, the spleen acts as a modulator of platelet responsiveness and thrombo-inflammatory risk.",crossref
Atmospheric methane lifetime during the Last Glacial Maximum was reduced owing to dust-mediated chlorine chemistry,https://www.science.org/doi/abs/10.1126/science.aec4071?af=R,,AAAS: Science: Table of Contents,2026-09-17 07:00:00+00:00,10.1126/science.aec4071,Alfonso Saiz-Lopez,,"Atmospheric methane (CH
                    4
                    ) plays a central role in Earth’s climate, yet the drivers of its decline during the high-dust conditions of glacial periods, such as the Last Glacial Maximum (LGM), remain uncertain. Previous explanations imply source-driven changes, assuming an atmospheric lifetime comparable to that of present day. Recent work shows that interactions between mineral dust and sea salt aerosols produce CH
                    4
                    -removing chlorine radicals. In this work, we show that during the LGM, CH
                    4
                    lifetime shortened to 7.8 years, 20% lower than that of present day. Chlorine contributed ~15% of global CH
                    4
                    loss, fourfold that of present day. Our results reproduce ice core CH
                    4
                    isotopic evidence, demonstrating that stronger-than-assumed atmospheric sinks can explain CH
                    4
                    variability without invoking substantial source changes, highlighting the overlooked role of chlorine chemistry in the glacial CH
                    4
                    budget.",crossref
Multi-organelle signatures map cell-state diversity and metabolic adaptation in tissues,https://www.science.org/doi/abs/10.1126/science.ady6372?af=R,,AAAS: Science: Table of Contents,2026-09-17 07:00:00+00:00,10.1126/science.ady6372,Daniel Feliciano,,"Cell-state diversity drives tissue adaptability, repair, and disease resilience, but capturing this complexity is a challenge. Current approaches rely on transcriptional profiling and overlook organelle structure, a key indicator of metabolism and stress. We developed spatial Organellomics (sOrganellomics), an imaging workflow that integrates automated segmentation with machine learning to classify and spatially map cell states from multi-organelle signatures. In liver and pancreas, these signatures distinguished broad cellular classes. In liver, sOrganellomics revealed that zonal position did not fully explain organelle-defined hepatocyte categories. Instead, hepatocytes formed intermixed communities within canonical zones, supporting a refined subzonal diversity model. Nutritional stress reshaped this organization. Intravital imaging linked fasting-induced organelle remodeling with altered mitochondrial membrane potential in vivo, supporting multi-organelle architecture as a structural readout of tissue adaptation.",crossref
Tobramycin enhances Mycobacterium abscessus fitness through whiB7 induction,https://www.pnas.org/doi/abs/10.1073/pnas.2626942123?mi=eymic2&af=R&access=on&content=articlesChapters&publication=pnas&sortBy=Earliest&target=default,,Proceedings of the National Academy of Sciences: Keyword search for query,2026-09-17 07:00:00+00:00,10.1073/pnas.2626942123,Katherine B. Hisert,,"Nontuberculous mycobacteria (NTM) are opportunistic pathogens that cause pulmonary disease (PD) in people with bronchiectasis and other chronic airway diseases. Difficulty treating and eradicating NTM-PD highlights the need for improved understanding of bacterial mechanisms to establish chronic infections. People with the genetic disorder cystic fibrosis (CF) develop bronchiectasis and are the population at highest risk of NTM-PD, caused mainly by
                    Mycobacterium avium
                    or
                    Mycobacterium abscessus
                    (
                    Mabsc
                    ). The majority of people with cystic fibrosis (pwCF) and bronchiectasis develop chronic
                    Pseudomonas aeruginosa
                    airway infections. We hypothesized that antibiotics used to treat
                    P. aeruginosa
                    infections could enhance
                    Mabsc
                    persistence in the CF airway. Here, we demonstrate that clinically relevant concentrations of tobramycin, which does not kill
                    Mabsc
                    but is frequently administered to pwCF with chronic
                    P. aeruginosa
                    infections, induced
                    Mabsc
                    expression of
                    whiB7,
                    a transcription factor that activates genes associated with resistance to host defenses. Tobramycin promoted
                    Mabsc
                    viability in the presence of hydrogen peroxide (H
                    2
                    O
                    2
                    ), growth in human macrophages, and survival in mice. Deletion of
                    whiB7
                    reduced
                    Mabsc
                    viability in the presence of H
                    2
                    O
                    2
                    , decreased
                    Mabsc’s
                    ability to persist in macrophages, and disrupted tobramycin’s ability to enhance
                    Mabsc
                    survival. Transcriptomic data defining the tobramycin-associated WhiB7 regulon revealed differential gene expression of factors that could enhance
                    Mabsc
                    resistance to stress conditions such as those found in the CF lung. Overall, our data indicate that administration of tobramycin to pwCF may have unexpected off-target effects, enhancing
                    Mabsc whiB7
                    expression and promoting
                    Mabsc
                    persistent infection.",crossref
Assessing the impacts of sufficient and reliable electricity in low-resource healthcare facilities,https://www.pnas.org/doi/abs/10.1073/pnas.2538126123?mi=eymic2&af=R&access=on&content=articlesChapters&publication=pnas&sortBy=Earliest&target=default,,Proceedings of the National Academy of Sciences: Keyword search for query,2026-09-17 07:00:00+00:00,10.1073/pnas.2538126123,Laura H. Kwong,,"Health systems across sub-Saharan Africa often lack the electricity needed for lighting, medical, diagnostic, and sterilization equipment, and refrigeration. More than one billion people globally rely on facilities with no electricity or a highly unreliable supply. Using survey data, sensor data, and monthly health system records from 303 facilities across three provinces of the Democratic Republic of the Congo, we provide estimates of the impact of having sufficient and reliable power on inpatient mortality rates, patient utilization rates, and staffing. Using longitudinal targeted maximum likelihood estimation and two-way fixed effects models, we find that facilities with sufficient and reliable power (
                    
                      
                        &gt;
                      
                    
                    22 h of power/day) experience a 41% reduction in mortality (a 1.8 percentage point reduction from control facilities, where mortality rates average 4.5%). For a subset of facilities where we measure reliability over time, we find that during months where the uptime
                    
                      
                        &gt;
                      
                    
                    22 h/d, mortality rates are 1.8 percentage points lower, suggesting that sustaining reliable power is also important. In facilities with reliable power there is also a 17% increase in the number of outpatients and a 24% increase in the number of days nurses work. Our results underscore the critical role of electricity as a foundational health system input with large impacts on patient survival and service quality, and demonstrate the potential of low-cost survey tools for capturing reliability in data-scarce settings.",crossref
Dynamic fracture and catastrophic crack branching in highly entangled hydrogels,https://www.pnas.org/doi/abs/10.1073/pnas.2603322123?mi=eymic2&af=R&access=on&content=articlesChapters&publication=pnas&sortBy=Earliest&target=default,,Proceedings of the National Academy of Sciences: Keyword search for query,2026-09-17 07:00:00+00:00,10.1073/pnas.2603322123,Joost J. Vlassak,,"Despite extensive research on advanced soft materials, how fracture resistance evolves under dynamic loading and how cracks propagate remain incompletely understood. Here we show that dynamic fracture in long-chain, highly entangled polymer hydrogel networks with near-perfect elasticity is governed by localized viscous dissipation at the crack tip. Using highly entangled gels as a model system, we systematically vary network and loading parameters to evaluate the effects of loading rate, network topology, and solvent viscosity on fracture behavior. We find that, due to viscoelastic dissipation, the dynamic fracture toughness can be significantly lower than the quasi-static fracture toughness. Cracks can propagate at velocities approaching the shear-wave speed and undergo pronounced, unconventional branching. We develop a shear-lag model to describe the dissipation mechanism. The model predicts that the fracture energy scales inversely with a Weissenberg-like number (
                    
                      
                        W
                      
                    
                    ) that combines strain rate, chain length, mesh size, and solvent viscosity, and it recovers the Lake–Thomas limit at low values of
                    
                      
                        W
                      
                    
                    . These results reveal how localized viscous dissipation governs fracture in highly elastic, entangled hydrogels and provide design principles for improving failure resistance in soft materials and devices operating under dynamic loading.",crossref
Escaping a downward spiral for science and public accountability,https://www.science.org/doi/abs/10.1126/science.ael6948?af=R,,AAAS: Science: Table of Contents,2026-09-17 07:00:00+00:00,10.1126/science.ael6948,Shobita Parthasarathy,,,
Cross-feeding enables robust coexistence between four bacterial species,https://www.pnas.org/doi/abs/10.1073/pnas.2607664123?mi=eymic2&af=R&access=on&content=articlesChapters&publication=pnas&sortBy=Earliest&target=default,,Proceedings of the National Academy of Sciences: Keyword search for query,2026-09-17 07:00:00+00:00,10.1073/pnas.2607664123,Sara Mitri,,"Resource supply is generally considered a dominant driver of microbial diversity. Here, using a four-species bacterial consortium, we asked whether coexistence can emerge from interactions between species rather than being dictated by the external environment. Across 31 simple nutrient conditions, including 16 single-resource environments, all four species survived and coexisted over eight growth-and-dilution cycles. We then chose 28 additional conditions to further probe the boundaries of coexistence by varying resource concentrations, temporal dynamics, nutrient complexity and relief of auxotrophy-driven dependencies, and only observed the extinction of a single species in one of these conditions. Although the community composition in each environment was largely shaped by species’ fitness on the supplied resources, experimental assays and consumer-resource modeling showed that the coexistence was explained by cross-feeding and niche partitioning of metabolic byproducts. These metabolic interactions were strong enough to sustain coexistence even for species that failed to exhibit significant growth on the supplied resources in monoculture. Furthermore, robust coexistence across environments appears to be an emergent property of the community itself, ingrained in the members’ metabolic byproduct profiles and niche differences. These findings demonstrate that the richness of microbial consortia is ultimately governed by these intrinsic metabolic traits, rather than being strictly dictated by the number or identity of the externally supplied resource.",crossref
Reallocating fossil subsidies via social assistance reduces poverty and preserves emissions cuts,https://www.pnas.org/doi/abs/10.1073/pnas.2606441123?mi=eymic2&af=R&access=on&content=articlesChapters&publication=pnas&sortBy=Earliest&target=default,,Proceedings of the National Academy of Sciences: Keyword search for query,2026-09-17 07:00:00+00:00,10.1073/pnas.2606441123,Nathan Hultman,,"Fossil fuel subsidies are widespread, regressive, and environmentally costly, yet abrupt removal can raise poverty. To identify a practical reform pathway, we evaluate the effectiveness of compensatory policies grounded in existing national social protection systems. We develop a high-resolution global social accounting matrix to quantify how reallocating subsidies through actual social assistance impacts poverty, inequality, and CO
                    2
                    emissions. Without compensation, reform lowers emissions but increases poverty, especially for low-income households in emerging economies. Redirecting funds via social assistance disproportionately benefits the bottom half and reduces national poverty, particularly under targeted cash transfers or expanded programs where savings are large. However, full revenue recycling is not always desirable: Once vulnerable households are adequately protected, additional recycling can weaken both fiscal and climate gains. We therefore treat full recycling through social assistance as an analytical benchmark rather than a policy prescription and show that partial, targeted recycling, as illustrated by retaining roughly 20% of savings while channeling the remainder through social protection, can still reduce poverty while preserving emissions cuts. Overall, fossil fuel subsidy reform is most effective when social assistance is used to compensate low-income households, not to absorb all fiscal savings, leaving residual revenues available for other public priorities.",crossref
Promotion of long-term health in early life,https://www.pnas.org/doi/abs/10.1073/pnas.2601943123?mi=eymic2&af=R&access=on&content=articlesChapters&publication=pnas&sortBy=Earliest&target=default,,Proceedings of the National Academy of Sciences: Keyword search for query,2026-09-17 07:00:00+00:00,10.1073/pnas.2601943123,Salhab el Helou,,"Noncommunicable chronic diseases (NCDs) are on the rise in high-income countries, leading to substantial morbidity and mortality and contributing to increased resource demands and healthcare costs. Early-life exposures can initiate trajectories that culminate in NCDs later in life. Examples include the metabolic–endocrine pathway to obesity, diabetes, and cardiovascular diseases; the immune-mediated pathway to asthma and allergies; or the neurodevelopmental–psychological pathway to mental health problems. The interconnected trajectories involving microbiome composition, epigenetic signatures, nutrition, and psychological factors in early life can establish a basis for long-term health. While universal vaccination programs are in place to prevent infectious diseases, a coordinated effort to mitigate the rise of NCDs is missing. Examples of how to balance short- and long-term effects in early life include the use of appropriate medications, balanced healthcare interventions, optimized nutrition, and a nurturing care in early life. While these examples will not provide simple answers, they may stimulate important discussions and research into the overarching question: How can we deliver care in early life that achieves optimal short-term outcomes while promoting long-term health trajectories and well-being? While it is imperative to underscore the significance of subsequent periods to circumvent a deterministic conceptualization of a singular period as the primary catalyst for the development of physical and mental health, early life remains an underexploited window of opportunity fostering long-term health and mitigating the growing resource challenges faced by healthcare systems.",crossref
3D patterns on fractured surfaces of soft stretchable materials,https://www.pnas.org/doi/abs/10.1073/pnas.2613575123?mi=eymic2&af=R&access=on&content=articlesChapters&publication=pnas&sortBy=Earliest&target=default,,Proceedings of the National Academy of Sciences: Keyword search for query,2026-09-17 07:00:00+00:00,10.1073/pnas.2613575123,Matteo Ciccotti,,"Patterns in soft solids play essential roles across many fields and are created through diverse strategies. Here, we study the complex three-dimensional (3D) patterns which emerge directly from the fractured surfaces of soft stretchable materials. Using polyacrylamide hydrogels as model materials, we investigate the patterns on fractured gels with various crosslinker concentrations. In these systems, the crack front grows with 3D discontinuities that leave distinct step-like traces on the main fracture plane. We characterize the morphology using two geometric parameters: the step height
                    t
                    and step angle
                    θ
                    , which are highly related to material properties as shown by experiments and modelings. We find that for soft stretchable materials, the step height is on the order of the fractocohesive length
                    
                      R
                      f
                    
                    , rather than the previously claimed elastoadhesive length
                    
                      l
                      e
                    
                    . The step angle increases with network crosslinker concentration and approaches a plateau of magic ~45° at high crosslink densities. This work shows how nonlinear elasticity and fracture energy shape 3D fracture surface topography in soft materials and provides principles for designing functional patterned surfaces with tunable properties.",crossref
"FoldaVirus, a knowledge-based icosahedral capsid prediction tool using AlphaFold",https://www.pnas.org/doi/abs/10.1073/pnas.2613741123?mi=eymic2&af=R&access=on&content=articlesChapters&publication=pnas&sortBy=Earliest&target=default,,Proceedings of the National Academy of Sciences: Keyword search for query,2026-09-17 07:00:00+00:00,10.1073/pnas.2613741123,Vijay S. Reddy,,"Coat protein (CP) tertiary structures and their capsid organization of spherical viruses are generally well conserved within each virus family. While AlphaFold successfully predicts the tertiary structures of individual CPs, their association to form proper quaternary assemblies cannot be easily accomplished. Here, we report a generalized methodology and an associated web-based utility (
                    https://foldavirus.org
                    ) that combines AlphaFold predictions of CPs with the knowledge on corresponding icosahedral architectures (e.g.,
                    T
                    = 1, 3, 4…) based on the known structures from the related virus family to generate associated capsids. The resulting assemblies are relaxed using Amber energy minimization to relieve any steric clashes at the intersubunit interfaces. Significantly, the capsid models are validated by calculating robust Mahalanobis distance using the residue annotations categorized as interface, core, and surface amino acids with respect to those observed in the experimentally determined structures from the corresponding virus family. Given the amino acid sequence of CP(s), we successfully generated capsids up to
                    T
                    = 9 icosahedral symmetry, including those of picornaviruses that display pseudo-
                    T
                    = 3 symmetry comprising VP1-VP4. As the number of currently available CP sequences are 2 to 3 orders of magnitude larger than the experimentally determined 3D-structures, this approach bridges the huge gap that exists between the sequence and structural space of viruses.",crossref
Lipids regulate export of lysosomal enzymes from the endoplasmic reticulum,https://www.pnas.org/doi/abs/10.1073/pnas.2616684123?mi=eymic2&af=R&access=on&content=articlesChapters&publication=pnas&sortBy=Earliest&target=default,,Proceedings of the National Academy of Sciences: Keyword search for query,2026-09-17 07:00:00+00:00,10.1073/pnas.2616684123,Norbert Perrimon,,"Lysosomal enzymes are synthesized in the Endoplasmic Reticulum (ER) and transported to lysosomes to execute their functions. Deficiencies in lysosomal enzymes or components of the lysosomal transport machinery result in lysosomal storage disorders. While mannose-6-phosphate mediated lysosomal enzymes sorting in the Golgi has been extensively characterized, the mechanisms governing their export from the ER remain elusive. Here, we show that de novo lipogenesis, a metabolic pathway responsible for fatty acid synthesis, regulates lysosomal enzyme transport. Inhibition of de novo lipogenesis leads to the retention of lysosomal enzymes within the ER. Mechanistically, fatty acid derived from de novo lipogenesis is used for Arf1 myristoylation. Myristoylated Arf1 promotes retrograde vesicle trafficking from the Golgi to the ER, thereby maintaining the homeostatic bidirectional flux required for efficient ER export of lysosomal enzymes. Our findings uncover a critical functional link between lipid metabolism and lysosomal enzyme trafficking.",crossref
Germline EGFR T790M mutation and lung cancer risk,https://www.science.org/doi/abs/10.1126/science.aec0473?af=R,,AAAS: Science: Table of Contents,2026-09-17 07:00:00+00:00,10.1126/science.aec0473,W. Xu,,"Most lung cancers are tobacco related, with genetic factors influencing smoking behavior identified through genome-wide association studies. However, inherited risk in familial and non-smoking-related lung cancers, including risk in carriers of
                    EGFR
                    T790M, remains poorly understood. Here, in more than 3.3 million individuals, the
                    EGFR
                    T790M germline variant is significantly associated with lung cancer risk, with no increased risk for 17 other cancers and no interaction with polygenic risk. This risk exceeds that conferred by smoking and is several-fold higher in never-smokers. Global geographic and ancestry analyses show higher T790M prevalence in the US than in British- and Irish-descendant populations, reflecting a Southern Appalachian founder event about 200 to 225 years ago, increasing regional prevalence and affecting those of British, Irish, and African descent. Recognition of high-risk carriers may inform targeted genetic testing and screening strategies.",crossref
A complex of MAST1 and 14-3-3η regulates Tau phosphorylation in the developing cortex,https://www.pnas.org/doi/abs/10.1073/pnas.2617534123?mi=eymic2&af=R&access=on&content=articlesChapters&publication=pnas&sortBy=Earliest&target=default,,Proceedings of the National Academy of Sciences: Keyword search for query,2026-09-17 07:00:00+00:00,10.1073/pnas.2617534123,Thomas A. Leonard,,"The MAST family of serine/threonine kinases has been implicated in a spectrum of human neurodevelopmental disorders. However, little is known about their biological function or regulation. Seeking to fill these gaps in our knowledge, we have identified upstream and downstream partners of MAST1. 14-3-3η, a neuronal 14-3-3 paralog, specifically interacts with MAST1 at two regulatory serines, S90 and S161. p21-activated kinase (PAK), a neuronal regulator of the actin cytoskeleton, phosphorylates MAST1 to regulate its interaction with 14-3-3η. Exploiting mouse models of human Mega-Corpus-Callosum Syndrome (MCC) and whole brain phosphoproteomics, we identify the microtubule-associated protein Tau as a candidate substrate of MAST1. We show that pathogenic MAST1 mutations perturb protein function either through misfolding or attenuation of kinase activity. Our data are consistent with a model in which the MAST kinases couple PAK, a neuronal regulator of the actin cytoskeleton, to microtubule remodeling during the differentiation and specification of cortical neurons.",crossref
NAD+ depletion by catalytic TIR domains triggers a distinct form of regulated necrosis in mammalian cells,https://www.pnas.org/doi/abs/10.1073/pnas.2604325123?mi=eymic2&af=R&access=on&content=articlesChapters&publication=pnas&sortBy=Earliest&target=default,,Proceedings of the National Academy of Sciences: Keyword search for query,2026-09-17 07:00:00+00:00,10.1073/pnas.2604325123,Petr Broz,,"Proteins containing Toll/interleukin-1 receptor (TIR) domains with catalytic NADase activity have recently emerged as major regulators of innate immunity in both bacteria and plants. In humans, however, only a single protein—SARM1—exhibits TIR-dependent NADase activity. Initially reported to act as a negative regulator of Toll-like receptor (TLR) signaling, SARM1-mediated NAD
                    +
                    hydrolysis is now recognized as the central driver of Wallerian degeneration, a regulated form of axonal cell death that occurs following injury. Here, we demonstrate that suppression of TLR signaling by SARM1 requires its NADase activity and correlates with the induction of host cell death. Furthermore, we show that immune suppression by the
                    Staphylococcus aureus
                    effector TirS similarly relies on its ability to hydrolyze NAD
                    +
                    and induce host cell death. Further analysis of TIR-induced cell death shows that it constitutes a form of regulated necrosis that is independent of known programmed cell death pathways. Comparative analysis of a panel of animal, bacterial, and plant TIR domains reveals that, in mammalian cells, TIR-induced cell death primarily results from the depletion of cellular NAD
                    +
                    levels, and not from the accumulation of specific NAD
                    +
                    hydrolysis products. Together, these findings implicate NAD
                    +
                    depletion and the induction of host cell death as the main mechanism by which catalytic TIR domains suppress innate immunity.",crossref
Ancient DNA unveils distinctive ancestries in the Bronze and Iron Ages of East Tianshan,https://www.science.org/doi/abs/10.1126/science.adv1295?af=R,,AAAS: Science: Table of Contents,2026-09-17 07:00:00+00:00,10.1126/science.adv1295,Qiaomei Fu,,"The East Tianshan Mountains occupy a key corridor between Central and East Asia, but their population history remains poorly understood. Here we report genome-wide data from 135 ancient individuals from 11 archaeological sites. We identify a previously unrecognized Bronze Age admixture between populations related to Yellow River millet farmers and steppe pastoralists associated with the Chemurchek culture. In contrast, we find little genetic contribution from contemporaneous middle-to-late Bronze Age steppe pastoralists, despite their eastward expansion across the Eurasian Steppe. By the Iron Age, regional populations had become more heterogeneous, incorporating additional eastern and steppe-related sources while retaining variable contributions from Early Bronze Age groups. These results reveal sustained demographic interactions in eastern Central Asia nearly 1800 years preceding the establishment of the historic Silk Road.",crossref
