title,link,published,source,pub_date,doi,last_author,last_author_source,abstract,abstract_source
Energy storage-empowered multi-type EV charging infrastructure for power-constrained buildings: A two-stage design optimization framework,https://www.sciencedirect.com/science/article/pii/S0306261926015734?dgcid=rss_sd_all,,ScienceDirect Publication: Applied Energy,2026-09-26 00:00:00+00:00,,Hangxin Li,,,
Manipulation of ferromagnetism with a light-driven nonlinear Edelstein-Zeeman field,https://www.nature.com/articles/s41467-026-77965-4,,Nature Communications,2026-09-26 00:00:00+00:00,10.1038/s41467-026-77965-4,Fahad Mahmood,,"Optical control of magnetization is often symmetry-forbidden because electric fields and magnetization transform differently under inversion and time-reversal. However, through even-order nonlinear response, optical excitation can generate a nonequilibrium magnetic density (the nonlinear Edelstein effect) that acts as an internal Edelstein-Zeeman field coupling to slower magnetic degrees of freedom. Here we demonstrate non-thermal, ultrafast optical control of ferromagnetism in the centrosymmetric van der Waals semiconductor Cr2Ge2Te6 via a resonant nonlinear Edelstein effect. Using time-domain THz emission spectroscopy under near-infrared excitation, we directly observe magnetic dipole radiation arising from optically driven magnetization dynamics. The polarization, fluence, and temperature dependences of the THz emission are quantitatively captured by a mean-field description of a weakly anisotropic Heisenberg ferromagnet subject to an Edelstein-Zeeman field. Our results establish a general nonequilibrium route to optical control of magnetism in centrosymmetric materials.",nature_html
Introgressive hybridization fuels local adaptation in oakleaf butterflies,https://academic.oup.com/nsr/advance-article/doi/10.1093/nsr/nwag617/8836580?rss=1,,National Science Review Advance Access,2026-09-26 00:00:00+00:00,10.1093/nsr/nwag617,Wei Zhang,,"Hybridization may have multiple impacts on speciation and adaptation. Yet the evidence of adaptive introgression events that have historically occurred between nonradiating or established species is still lacking. The oakleaf butterflies in the genus Kallima include multiple sympatric and incipient species with a known history of diversification and therefore serve as a useful system for addressing historical introgression and adaptation. By integrating population genomics, phylogenomics, CRISPR/Cas9 genome editing and de novo genome assembly, we disentangled the genome-wide pattern of admixture among multiple Kallima species and used the putative introgressed gene pale as an example to reveal its role in scale pigmentation, structure and potentially in sexual dimorphism. We further demonstrated the complex evolutionary history of the Z chromosome largely owing to historical introgression. Our study revealed genome-wide introgression that has historically occurred during butterfly dispersal and differentiation, facilitating the understanding of interspecific relationships and potential local adaptation during gradual evolution.",rss_oup
"Corrigendum to “Marginal curtailment of wind and solar PV: Transmission constraints, pricing and access regimes for efficient investment” [Energy Pol. 191 (2024) 114206]",https://www.sciencedirect.com/science/article/pii/S0301421526005379?dgcid=rss_sd_all,,ScienceDirect Publication: Energy Policy,2026-09-26 00:00:00+00:00,,Darryl R. Biggar,,,
Early insights into predicted efficacy of Ebola monoclonal antibodies for the 2026 Bundibugyo virus disease outbreak,https://www.nature.com/articles/s41467-026-78077-9,,Nature Communications,2026-09-26 00:00:00+00:00,10.1038/s41467-026-78077-9,Isaac Ssewanyana,,"The 2026 Bundibugyo virus disease (BVD) outbreak in the DRC and Uganda raises urgent questions about the efficacy of existing Ebola virus (EBOV) monoclonal antibodies (mAbs) against Bundibugyo virus (BDBV). Here, we perform genomic and structural analyses of 44 BDBV sequences, including 12 from the 2026 outbreak, to assess mAb binding to the viral glycoprotein (GP). While the MBP134 cocktail epitopes remain conserved, mAb114 (Ebanga) binding is compromised by E112D and P116A mutations, causing off-target binding and reduced affinity. Structural modeling of Inmazeb shows that while Odesivimab maintains epitope binding, Atoltivimab and Maftivimab fail to bind their designated sites individually, though the complete trimeric cocktail demonstrates BDBV synergistic binding. These computational models predict mAb114 efficacy against BDBV may be compromised due to epitope mutations affecting binding affinity, whereas MBP134 retains conserved targeting and holds promise as a broadly protective therapeutic. The complex binding behavior of Inmazeb components points to the importance of antibody combinatorial effects for treatment efficacy. These observations warrant urgent experimental validation through neutralization assays.",nature_html
PARP10 condensation inhibits viral replication via targeting NAD+ homeostasis,https://www.nature.com/articles/s41467-026-78058-y,,Nature Communications,2026-09-26 00:00:00+00:00,10.1038/s41467-026-78058-y,Peiguo Yang,,"Although diphtheria toxin-like ADP-ribosyltransferases (ARTDs) are implicated in host-virus interactions, the specific antiviral mechanisms of certain family members remain largely undefined. Here, we reveal that mono-ADP-ribosyltransferase PARP10 restricts viral replication by forming biomolecular condensates via multivalent interactions among its structured domains. PARP10 condensates enhance enzymatic activity, resulting in increased NAD⁺ consumption that ultimately inhibits viral replication. The antiviral effects of PARP10 are shown to require both its catalytic activity and NAD⁺ regulation, as catalytic mutants and PARP10 inhibitors abrogate these effects, while reduction of NAD⁺ potently restricts viral replication. Furthermore, we identify auto-ADP-ribosylation as an intrinsic negative feedback mechanism modulating PARP10 condensation. These findings establish PARP10 condensation as a compartmentalization strategy that amplifies local NAD⁺ consumption to safeguard host antiviral immunity.",nature_html
Microglia regulate nucleus accumbens synaptic development and circuit function underlying threat avoidance behaviors in mice,https://www.nature.com/articles/s41467-026-77487-z,,Nature Communications,2026-09-26 00:00:00+00:00,10.1038/s41467-026-77487-z,Lindsay M. De Biase,,"While microglia are well known for pruning synapses during neurodevelopment, their role in synapse formation remains understudied. Here we investigate how microglial absence impacts synaptic development in the nucleus accumbens (NAc), a region critical for emotional regulation and motivated behaviors. Using genetically modified mice lacking microglia (Csf1rΔFIRE/ΔFIRE), we find blunted excitatory synapse formation in the NAc, particularly during the second and third postnatal weeks. Tissue-level NAc proteomics in the third postnatal week reveals changes in proteins involved in synapse structure, trans-synaptic signaling, and pre-synaptic function. Although electrophysiological changes largely resolve by adulthood, microglia-lacking mice exhibit persistent changes in threat avoidance behavior and underlying NAc neuronal activity. Transient depletion of NAc microglia during the second postnatal week similarly disrupts synapse formation and adult threat avoidance. Together, these findings identify a role for microglia in shaping NAc synaptic development and in establishing functional circuits that support adult behavioral function.",nature_html
Alteromonas macleodii breaches the diatom frustule triggering protoplast emergence and programmed necrosis-like death in Thalassiosira rotula,https://www.nature.com/articles/s41467-026-78079-7,,Nature Communications,2026-09-26 00:00:00+00:00,10.1038/s41467-026-78079-7,Uria Alcolombri,,"Diatom-bacteria interactions drive biogeochemical fluxes at the base of the marine food-web. Although bacteria are increasingly recognised as important drivers of algal mortality, the diversity of algicidal strategies remains understudied. Here we show that Alteromonas macleodii, a recurrent member of Thalassiosira rotula’s microbiome, breaches the diatom’s silica frustule, inducing >95% of cells to emerge from their shells within 72 h, exposing protoplasts to lysis and exploitation. Whilst protoplast formation was induced by diverse bacteria, A. macleodii uniquely caused population-wide collapse, used here to characterise this diatom stress response. Dual transcriptomics indicated the presence of a programmed necrosis-like cell death pathway in diatoms underpinning T. rotula’s terminal morphological change, alongside upregulation of bacterial motility, chemotaxis and opportunistic metabolism. These findings reveal a potent algicidal strategy, recasting A. macleodii as an antagonist that exploits diatom mortality for its own benefit, removes the ballast provided by their frustules and thus reshapes oceanic carbon cycling.",nature_html
Global spatiotemporal dynamics of mortality from carbapenem-resistant Gram-negative infections over the past three decades,https://www.nature.com/articles/s41467-026-77197-6,,Nature Communications,2026-09-26 00:00:00+00:00,10.1038/s41467-026-77197-6,Wenhong Zhang,,"Carbapenem-resistant Gram-negative infections are a global threat, yet their long-term pathogen-specific mortality dynamics and pandemic-era deviations remain unclear. In this secondary modelling analysis, we evaluate associated mortality under a no-infection counterfactual and attributable mortality under a drug-susceptible infection counterfactual for carbapenem-resistant Gram-negative infections overall and across seven constituent pathogen groups in 204 countries and territories from 1990 to 2021. Using age-period-cohort decomposition and Bayesian counterfactual modelling, we estimate 1.03 million associated (95% uncertainty interval, 0.90–1.17 million) and 0.22 million attributable (0.17–0.27 million) deaths from these infections in 2021. From 1990 to 2019, overall associated and attributable mortality rates increased by 0.82% (95% confidence interval, 0.77–0.87) and 0.90% (0.85–0.95) per year, respectively. South Asia has the fastest-rising associated and attributable mortality, whereas high-income regions decline. Among constituent pathogens, Klebsiella pneumoniae shows the fastest increase in mortality rates, while Pseudomonas aeruginosa shows declining associated but slightly rising attributable mortality. During 2020–2021, overall associated mortality falls 4.71% below pre-pandemic counterfactual projections, whereas attributable mortality does not change significantly. Here, we show divergent mortality trajectories by region, pathogen, and metric, motivating targeted, dual-metric surveillance and intervention strategies.",nature_html
Efficient transport kinetics of indirect excitons in van der Waals heterostructure,https://www.nature.com/articles/s41467-026-77967-2,,Nature Communications,2026-09-26 00:00:00+00:00,10.1038/s41467-026-77967-2,L. V. Butov,,"Exciton transport is fundamental for understanding transport phenomena in bosonic systems and for exploring excitation energy transfer in materials. Spatially indirect excitons (IXs) have long lifetimes allowing them to form quantum bosonic states and travel long distances. Van der Waals heterostructures form a new materials platform for exploring IX transport. Disordered in-plane potentials suppress IX transport due to IX localization and scattering. In this work, we found the efficient IX transport kinetics characterized by anomalously high IX mobility. The efficient IX transport kinetics is observed in the presence of substantial in-plane disorder. The anomalously high IX mobility, its disappearance with increasing temperature, and its non-monotonic dependence on density are qualitatively consistent with theoretical predictions of IX superfluidity.",nature_html
Hierarchical operation optimization of reserve storage capacity in pumped-storage power stations for enhanced high-penetration renewable energy accommodation,https://www.sciencedirect.com/science/article/pii/S0306261926015977?dgcid=rss_sd_all,,ScienceDirect Publication: Applied Energy,2026-09-26 00:00:00+00:00,,Jing Yang,,,
"Does geopolitical risk shape green hydrogen innovation? Policy ecosystem, governance, energy poverty, and global heterogeneity in an age of fragmentation",https://www.sciencedirect.com/science/article/pii/S0301421526005331?dgcid=rss_sd_all,,ScienceDirect Publication: Energy Policy,2026-09-26 00:00:00+00:00,,Brahim Bergougui,,,
Club convergence in energy poverty of Belt and Road Initiative countries: The role of China's outward foreign direct investment,https://www.sciencedirect.com/science/article/pii/S0301421526005513?dgcid=rss_sd_all,,ScienceDirect Publication: Energy Policy,2026-09-26 00:00:00+00:00,,Dan Yang,,,
Energy transition and corporate geographic expansion,https://www.sciencedirect.com/science/article/pii/S0301421526005537?dgcid=rss_sd_all,,ScienceDirect Publication: Energy Policy,2026-09-26 00:00:00+00:00,,Yong Jiang,,,
Photovoltaic-phase change material systems: A review from thermal managements to system optimizations,https://www.sciencedirect.com/science/article/pii/S0306261926015801?dgcid=rss_sd_all,,ScienceDirect Publication: Applied Energy,2026-09-26 00:00:00+00:00,,Wei-Wei Yang,,,
Market-driven equilibria for distributed photovoltaic panel investment,https://www.sciencedirect.com/science/article/pii/S0306261926015606?dgcid=rss_sd_all,,ScienceDirect Publication: Applied Energy,2026-09-26 00:00:00+00:00,,Xiaojun Lin,,,
A real-time energy management strategy for hybrid electric aircraft based on PSM-CNN-BiLSTM prediction and PPO-warm-started MPC,https://www.sciencedirect.com/science/article/pii/S0306261926015497?dgcid=rss_sd_all,,ScienceDirect Publication: Applied Energy,2026-09-26 00:00:00+00:00,,Zhongqing Sang,,,
Exploring the role of renewable energy communities in the Italian flexibility markets,https://www.sciencedirect.com/science/article/pii/S0306261926015722?dgcid=rss_sd_all,,ScienceDirect Publication: Applied Energy,2026-09-26 00:00:00+00:00,,Davide Poli,,,
Non-uniform degradation mechanisms of PEMFCs under dynamic load conditions of high temperature and low humidity,https://www.sciencedirect.com/science/article/pii/S0306261926014698?dgcid=rss_sd_all,,ScienceDirect Publication: Applied Energy,2026-09-26 00:00:00+00:00,,Minggao Ouyang,,,
Who leads the global gas market? Geopolitics and price transmission between the U.S. and Europe,https://www.sciencedirect.com/science/article/pii/S0301421526005276?dgcid=rss_sd_all,,ScienceDirect Publication: Energy Policy,2026-09-26 00:00:00+00:00,,Cosimo Magazzino,,,
Wind resource assessment in complex terrain using the spatio-temporal downscaling coupling of WRF-steady RANS simulation,https://www.sciencedirect.com/science/article/pii/S0306261926015187?dgcid=rss_sd_all,,ScienceDirect Publication: Applied Energy,2026-09-26 00:00:00+00:00,,Guoqing Huang,,,
PV-anchored hybrid solar systems across output grade and storage horizon: an exergy-informed temporal architecture review,https://www.sciencedirect.com/science/article/pii/S0306261926015102?dgcid=rss_sd_all,,ScienceDirect Publication: Applied Energy,2026-09-26 00:00:00+00:00,,Ya-Ling He,,,
Helio-TAF: A multimodal temporal attention fusion network for short-term photovoltaic power forecasting,https://www.sciencedirect.com/science/article/pii/S0306261926015205?dgcid=rss_sd_all,,ScienceDirect Publication: Applied Energy,2026-09-26 00:00:00+00:00,,Hao Wang,,,
Building retrofit for energy and carbon reduction: identifying future research priorities and trends from a critical analysis and systematic mapping review of the global literature,https://www.sciencedirect.com/science/article/pii/S0306261926015515?dgcid=rss_sd_all,,ScienceDirect Publication: Applied Energy,2026-09-26 00:00:00+00:00,,Alice Moncaster,,,
"Grid-interactive data centers for sustainable and resilient energy systems: Evolution, trends, and future directions",https://www.sciencedirect.com/science/article/pii/S0306261926014984?dgcid=rss_sd_all,,ScienceDirect Publication: Applied Energy,2026-09-26 00:00:00+00:00,,Li Li,,,
Modeling and analysis of the operational and investment costs of hydrogen sea transportation applied to NH3 and LH2 energy derivatives,https://www.sciencedirect.com/science/article/pii/S0306261926015540?dgcid=rss_sd_all,,ScienceDirect Publication: Applied Energy,2026-09-26 00:00:00+00:00,,Le Goff Elise,,,
Non-iterative low-carbon coordinated optimal dispatch of distribution system and microgrids via power-cost-emissions equivalent projection,https://www.sciencedirect.com/science/article/pii/S0306261926014145?dgcid=rss_sd_all,,ScienceDirect Publication: Applied Energy,2026-09-26 00:00:00+00:00,,Chongqing Kang,,,
Hyperimage-based multivariate short-term photovoltaic power forecasting,https://www.sciencedirect.com/science/article/pii/S0306261926015746?dgcid=rss_sd_all,,ScienceDirect Publication: Applied Energy,2026-09-26 00:00:00+00:00,,Jie Su,,,
Branched-type nanocluster-junction fluorofluidic-gels for interface-adaptive thermal conduction and mechanical resistance,https://www.nature.com/articles/s41467-026-78046-2,,Nature Communications,2026-09-26 00:00:00+00:00,10.1038/s41467-026-78046-2,Shutao Wang,,"With the miniaturization and high integration of microelectronic devices, efficient thermal management is increasingly critical. Conventional thermal interface materials often suffer from a certain degree of mismatch between their thermal conductivity and contact thermal resistance. Herein, we develop a thermal interface fluorofluidic-gel with a branched-type nanocluster-junction network. Benefiting from the interfacial infiltration enabled by the branched-junction fluoronetwork and the efficient thermal pathways constructed by thermal conductive nanocomposites, the fluorofluidic-gel exhibits a high thermal conductivity of 5.89 W·m⁻¹·K⁻¹ and a low contact thermal resistance of 0.15 cm²·K·W⁻¹. It also achieves reversible adhesion and mechanical resistance, with an adhesive strength of 189.3 kPa, adhesion energy of 220.3 J·m⁻² and impact resistance of 3.91 J·cm⁻¹. In addition, this gel maintains thermal stability from −80 °C to 300 °C and exhibits an electrical breakdown strength exceeding 24 kV/mm. We ‌anticipate‌ that adaptive thermal interface fluorofluidic-gel presents a promising solution for high-heat-flux electronic thermal management.",nature_html
"Materials Research at the Institute of Chemistry, Chinese Academy of Sciences (Adv. Mater. 54/2026)",https://advanced.onlinelibrary.wiley.com/doi/10.1002/adma.75054?af=R,,Wiley: Advanced Materials: Table of Contents,2026-09-26 02:28:49+00:00,10.1002/adma.75054,Qinghua Fan,,"Materials Research at the Institute of Chemistry, Chinese Academy of Sciences Established in 1956, the Institute of Chemistry, Chinese Academy of Sciences (ICCAS) is a multidisciplinary research institution dedicated to advancing the frontiers of fundamental research in various fields of chemical sciences, while conducting key technological innovations and promoting the application and transfer of high-tech achievements. Over the past 70 years, as one of China's premier chemical research institutes, ICCAS has initiated or led progress on a wide range of chemistry sub-disciplines, including salt-lake chemistry, thermodynamics, polymers, molecular reaction dynamics, organic solids, nanoscience and nanotechnology, green chemistry and molecular science. More details can be found in the guest editorial by Shu Wang and Qinghua Fan (DOI: 10.1002/adma.75005).",openalex
High Optical Transparency in the Alicyclic Poly(Ether‐b‐amide) Copolymer Induced by Multiscale Structure via Weak Microphase Separation (Adv. Mater. 54/2026),https://advanced.onlinelibrary.wiley.com/doi/10.1002/adma.75055?af=R,,Wiley: Advanced Materials: Table of Contents,2026-09-26 02:28:49+00:00,10.1002/adma.75055,Xia Dong,,"Highly Transparent, Flexible PEBA-Based Film From the molecular scale to the macroscopic scale, weak micro phase separation forms sub wavelength domains containing a large number of mutually compatible phases, effectively suppressing light scattering in the PEBA elastomer. The multi scale structural design achieves both high optical transparency and excellent mechanical properties. More details can be found in the Research Article by Xia Dong and co-workers (10.1002/adma.73623).",openalex
Bubble‐Assisted Dynamic Confinement Enables Programmable Solid‐State Photoswitching and Heterogeneous Photoresponsive Architectures (Adv. Mater. 54/2026),https://advanced.onlinelibrary.wiley.com/doi/10.1002/adma.75056?af=R,,Wiley: Advanced Materials: Table of Contents,2026-09-26 02:28:49+00:00,10.1002/adma.75056,Yali Qiao,,,
Amino Acid‐based Coacervates with Tunable Stimulus‐Responsive Properties for Enhanced Acute Colitis Therapy (Adv. Mater. 54/2026),https://advanced.onlinelibrary.wiley.com/doi/10.1002/adma.75193?af=R,,Wiley: Advanced Materials: Table of Contents,2026-09-26 02:28:49+00:00,10.1002/adma.75193,Junbai Li,,"Amino Acid-based Coacervates The “coacervate tree” illustrates the diversity and trajectory of simplification in membraneless organelles, from complex proteins to short peptides. At its root lies our ultimate minimalist amino acid-based coacervate. In their Research Article (10.1002/adma.73203), Yi Jia, Jinbo Fei, Xianbao Li, Chenli Liu, Junbai Li, and co-workers harness its tunable stimulus-responsive properties, offering both a minimal protocell model and a versatile drug delivery carrier for enhanced acute colitis therapy.",openalex
Micron‐Textured Ambipolar Photodetectors Enabling ∼20 µs Photonic Adaptation,https://advanced.onlinelibrary.wiley.com/doi/10.1002/adma.75139?af=R,,Wiley: Advanced Materials: Table of Contents,2026-09-26 03:45:11+00:00,10.1002/adma.75139,Xiaosheng Fang,,"ABSTRACT
                  
                    The rapid development of artificial intelligence calls for compact, flexible, and intelligent photodetectors. However, strong background illumination can overwhelm weak optical signals, while downstream compensation imposes substantial computational burdens, thereby introducing considerable processing latency. Here, we demonstrate an ultrathin (8 µm), mechanically flexible ambipolar electronic vision (AEV) system that suppresses background optical interference directly at the photodetection front end. Symmetric back‐to‐back Schottky barriers minimize the net vertical internal electric field, while a self‐assembled donor‐enriched micron‐scale texture generates a small surface‐potential gradient (∼10 mV) to balance carrier transport and collection. This mechanism stabilizes illumination‐direction‐dependent photocurrent polarity near zero bias, reduces the minimum irradiance required for ambipolar operation from 175 mW cm
                    −2
                    to 0.1 mW cm
                    −2
                    , corresponding to an approximately 1750‐fold reduction. Through the device‐level superposition of oppositely signed photocurrents, the ultrathin, flexible AEV array directly suppresses background‐induced photocurrent offsets and exhibits bidirectional response times of ∼20 µs, enabling rapid photonic adaptation. The ambipolar response remains stable after array integration and 3500 bending cycles. Nearly 100% recognition accuracy is maintained under strong background illumination of ∼11 mW cm
                    −2
                    , establishing a device‐level strategy for rapid and reliable visual perception in flexible and conformable electronic vision systems.",crossref
Adaptive Molecular Passivation of CsSnBr3 Surfaces Enables Efficient and Stable LEDs,https://advanced.onlinelibrary.wiley.com/doi/10.1002/adma.75163?af=R,,Wiley: Advanced Materials: Table of Contents,2026-09-26 03:46:39+00:00,10.1002/adma.75163,Weitao Zheng,,"ABSTRACT
                  
                    Tin halide perovskites are promising lead‐free emitters, but their soft and chemically labile lattices make interfacial stabilization inherently difficult. In CsSnBr
                    3
                    , fluctuating surface coordination and structural instability drive defect formation, non‐radiative recombination and rapid device degradation. Current molecular passivation strategies rely largely on static binding motifs, including single‐site coordination and rigid multidentate anchoring, which are poorly matched to a dynamically evolving perovskite surface. Here, we show that 2‐furanethanaminium thiocyanate (FEASCN), an ionically linked multidentate passivator that combines strong intra‐ion‐pair correlation with bounded configurational compliance, enables adaptive stabilization of CsSnBr
                    3
                    emitters. FEASCN undergoes limited configurational relaxation in response to lattice vibrations and fluctuating surface coordination, maintaining persistent surface matching rather than detaching from the interface. This adaptive coordination suppresses defects, stabilizes the lattice, improves film quality and promotes more balanced carrier injection. CsSnBr
                    3
                    light‐emitting diodes (LEDs) based on this strategy achieve a peak luminance of 1344 cd m
                    −2
                    , a record external quantum efficiency of 2.64% and a sixfold improvement in operational stability. These findings establish dynamic surface matching as a route to efficient and stable lead‐free perovskite electroluminescence.",crossref
Soft and Transient Bioelectronics Enabled by Polymer‐Free Ti3C2Tx MXene Hydrogels,https://advanced.onlinelibrary.wiley.com/doi/10.1002/adma.75137?af=R,,Wiley: Advanced Materials: Table of Contents,2026-09-26 03:48:03+00:00,10.1002/adma.75137,Flavia Vitale,,"ABSTRACT
                  
                    Implantable bioelectronics for acute neural applications must combine tissue‐like mechanics with high electrochemical performance while enabling safe biodegradation to avoid risks associated with explant surgeries. Here, we present MXgel bioelectronics, a soft and fully transient hydrogel platform that enables high‐fidelity electrophysiological recordings and effective stimulation with programmable degradation under physiological conditions. The platform employs polymer‐free Ti
                    3
                    C
                    2
                    T
                    
                      x
                    
                    MXene hydrogels (MXgel) that achieve exceptional electrical conductivities (hydrated: 790 ± 150 S m
                    −1
                    , freeze‐dried: 4420 ± 576 S m
                    −1
                    ). Integrated on biodegradable gelatin‐based substrates, MXgel bioelectronics exhibit low electrochemical impedance (1.06 ± 0.37 kΩ at 1 kHz), 25‐fold higher cathodic charge storage (207.1 ± 48.8 mC cm
                    −2
                    ), and 10‐fold greater charge injection capacity (0.24 ± 0.08 mC cm
                    −2
                    ) than conventional clinical electrodes. We demonstrate that these properties enable cortical and peripheral neural recordings with ∼60 dB signal‐to‐noise ratio and effective neuromodulation. Moreover, MXgel bioelectronics undergo safe degradation under physiological conditions with predictable and tunable kinetics. Importantly, MXgel bioelectronics do not trigger severe foreign body reaction, and their degradation byproducts do not accumulate in the body, confirming safe systemic clearance. Together, these results establish MXgel bioelectronics as a clinically relevant platform for soft, high‐performance, and transient neural interfaces.",crossref
Asymmetric Sulfonated Nanofibrous Separator for Simultaneously Stabilizing Zn Anodes and Accelerating Cathode Kinetics,https://advanced.onlinelibrary.wiley.com/doi/10.1002/adma.75145?af=R,,Wiley: Advanced Materials: Table of Contents,2026-09-26 04:21:17+00:00,10.1002/adma.75145,Meifang Zhu,,"ABSTRACT
                  
                    The practical deployment of aqueous zinc metal batteries requires the simultaneous stabilization of the Zn anode interface while maintaining high‐capacity cathode operation. Creating an asymmetric interfacial environment featuring a water‐poor region adjacent to the anode and a water‐rich region adjacent to the cathode suppresses water‐induced dendrite growth and corrosion at the anode while accelerating Zn
                    2+
                    /H
                    2
                    O insertion kinetics at the cathode. In this study, we report an asymmetric separator consisting of sulfonated poly(phenylene sulfide) (SPPS) nanofibers deposited onto a polypropylene (PP) substrate. Strong ion–dipole interactions between the sulfonate groups and hydrated Zn
                    2+
                    promote the desolvation of [Zn(H
                    2
                    O)
                    6
                    ]
                    2+
                    , reduce the number of coordinated water molecules, and consequently suppress dendritic Zn deposition. Meanwhile, water molecules enriched within the nanofibrous layer act as interfacial lubricants, facilitating Zn
                    2+
                    intercalation/deintercalation and thereby accelerating cathode reaction kinetics while improving discharge capacity. Zn||Zn cells equipped with the asymmetric separator exhibit stable cycling for 6850 h at 1 mA cm
                    −2
                    , while Zn||Zn
                    0.25
                    V
                    2
                    O
                    5
                    (ZVO) pouch cells retain 98.2% of their initial capacity after 250 cycles.",crossref
Moisture‑Triggered Electricity Generation via Radiative Cooling Fiber‑Based Dressings for Accelerated Wound Healing,https://advanced.onlinelibrary.wiley.com/doi/10.1002/adma.75140?af=R,,Wiley: Advanced Materials: Table of Contents,2026-09-26 04:23:03+00:00,10.1002/adma.75140,Wenguo Cui,,"ABSTRACT
                  Moisture‐driven power generation from wound exudate provides a promising route toward in situ self‐powered wound therapy. However, its performance is limited by environmental factors, especially elevated external temperatures, which impairs water retention and disrupts humidity gradients, consequently degrading power output. Here we demonstrate a heterogeneous short‐fiber humidity‐powered band‐aid integrated with radiative cooling technology (CE band‐aid). Results show that the degradable gelatin/Poly(L‐lactic acid) (PLLA)/MXene scaffold generates an open‐circuit voltage of ∼120 mV and a current of ∼12 µA under wet conditions. A surface layer of polyethylene‐particle‐modified fibers (PLLA/PE) endows the device with high solar reflectivity (∼98%) and mid‐infrared emissivity (∼93%). Under outdoor sunlight, the PLLA/PE layer maintains a surface temperature ∼10°C below ambient levels and retains 10% more moisture than commercial gauze. In rat and pig full‐thickness skin defect models, PLLA/PE reduces skin temperature by up to 6.5°C, and this cooling effect significantly suppresses inflammation. Compared with other groups, the CE Band‐aid upregulates the Pi3K‐Akt signaling pathway via continuous electrical stimulation, promotes tissue regeneration, and inhibits apoptosis‐related signaling pathways, thereby significantly shortening wound healing time. This work presents a novel, zero‐energy strategy for accelerated wound regeneration.",crossref
Central‐Atom‐Differentiated Solvent Chemistry Enables Anion‐Reinforced Solvation for Ultra‐Long Cycling Ah‐Level Sodium‐Ion Pouch Cells,https://advanced.onlinelibrary.wiley.com/doi/10.1002/adma.75170?af=R,,Wiley: Advanced Materials: Table of Contents,2026-09-26 04:41:32+00:00,10.1002/adma.75170,Lifang Jiao,,"ABSTRACT
                  
                    Conventional carbonate‐based electrolytes for sodium‐ion batteries (SIBs) provide high salt solubility and high‐voltage compatibility. However, their inherent Na
                    +
                    solvation behavior and interfacial reactions remain largely governed by carbon‐centered carbonate motifs, making it difficult to concurrently achieve rapid Na
                    +
                    desolvation and durable electrode–electrolyte interphases under practical operating conditions. Here, we introduce a central‐atom–differentiated solvent chemistry by incorporating ethylene sulfite (ES) into a conventional carbonate electrolyte. The sulfur‐centered sulfite motif creates an oxygen‐donor environment electronically distinct from that of the carbon‐centered carbonate motif, thereby rebalancing solvent‐anion competition and promoting PF
                    6
                    −
                    participation in the inner Na
                    +
                    solvation sheath. The resulting anion‐reinforced solvation substantially lowers the Na
                    +
                    desolvation barrier. Concurrently, the distinct interfacial conversion chemistry of ES, combined with the enhanced anion participation, favors the formation of robust, inorganic‐rich interphases on both the cathode and anode. Consequently, a 2.34 Ah NaNi
                    0.33
                    Fe
                    0.33
                    Mn
                    0.33
                    O
                    2
                    ||hard carbon pouch cell retains 81.29% of its initial capacity after 3500 cycles at room temperature (corresponding to over one year of continuous cycling) and maintains stable cycling across a 70°C operating window from −20°C to 50°C. This work demonstrates that differentiating solvent central‐atom chemistry provides a compositionally simple route to simultaneously regulate Na
                    +
                    solvation and dual‐electrode interphases for practical SIBs.",crossref
Interface‐Mediated Catalysis for Improved Hydrogen Storage in Reactive Hydride Composites,https://advanced.onlinelibrary.wiley.com/doi/10.1002/adma.75169?af=R,,Wiley: Advanced Materials: Table of Contents,2026-09-26 06:21:29+00:00,10.1002/adma.75169,Claudio Pistidda,,"ABSTRACT
                  
                    Improving the hydrogen storage properties of reactive hydride composite (RHC) systems remains challenging due to their high reaction barriers and multi‐step transformation pathways. Here, we report markedly enhanced hydrogen storage properties by incorporating Co@C and Ni@C catalysts into 2LiH + MgB
                    2
                    system via an interface‐driven catalytic mechanism. Kinetic measurements exhibit significantly accelerated hydrogenation/dehydrogenation processes, accompanied by lower apparent activation energies. Temperature‐dependent investigations and synchrotron radiation powder x‐ray diffraction studies demonstrate a two‐step dehydrogenation process, in which the catalytic effect is mainly associated with LiBH
                    4
                    decomposition. Multiscale structural characterization shows that the catalysts refine the hydride matrix and provide stable nanoscale interfaces that are maintained during cycling. Density functional theory calculations further reveal that the strong interfacial interactions between transition metal sites and LiBH
                    4
                    lead to charge transfer and distortion of BH
                    4
                    −
                    units. The catalyst–hydride interfaces increase active site density, facilitate mass transport, and induce electronic interactions that weaken the B─H bonds and lower the dehydrogenation energy barrier. These findings demonstrate that the improved hydrogen storage properties predominantly result from interface‐driven processes rather than uniform bulk activation. This work provides a mechanistic framework for catalyst design through interfacial engineering, offering a general strategy for optimizing reactive hydride composites for energy storage applications.",crossref
Desolvation Kinetics Governs Propylene Carbonate Co‐Intercalation in Graphite Anodes,https://advanced.onlinelibrary.wiley.com/doi/10.1002/adma.75125?af=R,,Wiley: Advanced Materials: Table of Contents,2026-09-26 06:24:21+00:00,10.1002/adma.75125,Husam N. Alshareef,,"ABSTRACT
                  
                    The long‐standing ethylene carbonate–propylene carbonate (EC–PC) disparity in graphite anodes exemplifies a broader challenge: whether solvated ions can be stripped efficiently enough to avoid solvent‐assisted insertion. Here, through systematic screening of commercial graphites, PC‐based electrolytes, and polymer binders, we show that solvent co‐intercalation in graphite is a system‐level kinetic outcome arising from competition between conventional Li
                    +
                    intercalation and solvent‐assisted insertion under galvanostatic polarization. We introduce the “lowest achievable potential” (
                    
                      P
                      LA
                    
                    ), a semi‐quantitative operational descriptor of how far a graphite–electrolyte system can be polarized before PC co‐intercalation becomes dominant under defined testing conditions. Through integrated experimental and computational analysis, we show that the observed electrolyte‐dependent
                    
                      P
                      LA
                    
                    trends arise from coupled changes in Li
                    +
                    solvation and interphasial chemistr
                    y
                    . Temperature‐switching and electrolyte‐exchange experiments indicate that neither bulk solvation nor the preformed interphase alone determines graphite stability. Instead, their relative contributions depend on the electrolyte formulation and operating conditions. Graphite surface disorder, carbon coatings, and binder chemistry provide additional electrode‐side regulation. These findings establish a unified kinetic framework linking bulk solvation, interfacial regulation, and operating conditions to destructive PC co‐intercalation.",crossref
Photon–Phonon–Electron Synergy Enables Efficient Photothermoelectric Conversion for Intelligent Fire Warning,https://advanced.onlinelibrary.wiley.com/doi/10.1002/adma.75105?af=R,,Wiley: Advanced Materials: Table of Contents,2026-09-26 07:59:21+00:00,10.1002/adma.75105,Johnny C. Ho,,"ABSTRACT
                  
                    Photothermoelectric (PTE) detectors offer broad‐spectrum response and high sensitivity, but their performance and applications are fundamentally limited by the difficulty of simultaneously controlling photon absorption, phonon propagation, and charge‐carrier dynamics. Here, we report silver selenide/silver secondary phases (Ag
                    2
                    Se/Ag‐SPs) nanocomposite films comprising vertically aligned Ag‐SPs within a (00
                    l
                    )‐oriented Ag
                    2
                    Se matrix, fabricated via oriented growth and confined phase separation. This customized architecture suppresses lattice thermal transport through interfacial phonon scattering and regulates carrier transport via shallow‐barrier Ag/Ag
                    2
                    Se interfaces, collectively optimizing the thermo‐electric conversion process. Moreover, plasmonic waveguiding within Ag‐SPs domains improves broadband light absorption, thereby promoting photothermal heat generation, enabling a high PTE responsivity of 126 V W
                    −1
                    at 1550 nm. When integrated with machine‐learning‐based transient signal classification, this detector achieves 100% sensitivity in flame recognition, allowing sub‐second differentiation of combustion events from innocuous thermal sources. This photon–phonon–electron synergistic enhancement mechanism establishes a scalable paradigm for efficient PTE conversion, offering transformative potential for intelligent fire‐warning systems.",crossref
Descriptor‐Guided Computational Screening of Non‐Fullerene Acceptor Cores for Organic Solar Cells,https://advanced.onlinelibrary.wiley.com/doi/10.1002/aenm.71601?af=R,,Wiley: Advanced Energy Materials: Table of Contents,2026-09-26 08:42:08+00:00,10.1002/aenm.71601,Denis Andrienko,,"ABSTRACT
                  Non‐fullerene acceptors (NFAs) have propelled organic photovoltaic efficiencies toward 21%, yet their modular acceptor–donor–acceptor chemistry creates a vast combinatorial design space that calls for efficient prescreening. Here we establish a computation‐driven screening workflow and apply it to over 4000 optimized A–B–(D–S)–B–A NFA molecules assembled from experimentally reported building blocks. Using a sequential set of device‐relevant criteria – suppressed dipole moment, a target quadrupole for efficient charge separation, trap‐free electron transport, sufficient interfacial energetic driving force, strong visible‐light absorption, and a sufficiently large photovoltaic gap – we downselect from over 4000 to the top 10 NFA candidates for common polymer donors (P3HT, PBDB‐T, PBDB‐T‐2F, and PBDB‐T‐SF). The top candidates recover established high‐performance motifs, including Y6‐type structures and an O‐IDTBR‐like candidate, supporting the validity of the descriptor set. Statistical analysis further reveals a clear division of control: donor building blocks primarily determine ionization energies, acceptor/end groups determine electron affinities, and the quadrupole moment provides a broadly tunable electrostatic handle that is only weakly correlated with frontier orbital energetics. Comparison to synthesized reference NFAs shows good agreement for thin‐film electronic and optical properties, while device performance highlights the importance of morphology beyond descriptor‐based prescreening.",crossref
Targeting FAK‐YAP Signaling Axis Inhibits Tumor Stemness and Overcomes Tumor Resistance to Cuproptosis,https://advanced.onlinelibrary.wiley.com/doi/10.1002/adma.75155?af=R,,Wiley: Advanced Materials: Table of Contents,2026-09-26 09:14:52+00:00,10.1002/adma.75155,Xian‐Zheng Zhang,,"ABSTRACT
                  Cuproptosis has recently been identified as a novel metabolic cell death pathway that holds great promise for cancer therapy. However, cuproptosis resistance developed by tumor cells severely impairs its anticancer efficacy. Here, our study uncovers that the FAK‐YAP signaling axis in tumor cells plays important roles in the development of cuproptosis resistance and the promotion of tumor stemness. To therapeutically target this signaling axis, a CRISPR‐cuproptosis synergistic nanoplatform (CPLNP@HA) is elaborately designed for targeted co‐delivery of a Ptk2 (encoding FAK) CRISPR‐Cas9 knockout plasmid to block FAK‐YAP signaling axis and Cu‐elesclomol (Cu‐ES, a cuproptosis inducer) into tumor cells. Mechanistically, CPLNP@HA efficiently silences FAK expression, which subsequently blocks the cuproptosis‐induced activation of the FAK‐YAP signaling cascade. This intervention not only sustains intracellular copper accumulation to reinforce cuproptosis but also reduces tumor stemness, thereby significantly potentiating the therapeutic outcomes of cuproptosis and activating tumoricidal immunity as evidenced by transcriptomic analysis. In combination with immune checkpoint blockade therapy, CPLNP@HA markedly inhibits tumor development upon rechallenge after surgical resection. Our work establishes FAK‐YAP signaling axis as a new therapeutic target to overcome cuproptosis resistance and inhibit tumor stemness, providing a promising combinatorial paradigm to sensitize tumor to cuproptosis and immunotherapy.",crossref
Molecularly Engineered Metal–Organic Framework With Synergistically Boosting Piezoelectric Polarization and Exciton Directional Separation Enables Efficient Piezo‐Photocatalytic Atom Transfer Radical Polymerization,https://onlinelibrary.wiley.com/doi/10.1002/anie.1148889?af=R,,Wiley: Angewandte Chemie International Edition: Table of Contents,2026-09-26 11:56:14+00:00,10.1002/anie.1148889,Junjun Liu,,"ABSTRACT
                  
                    Photoinduced atom transfer radical polymerization (ATRP) is often limited by the shallow penetration of visible light, and current strategies to address this limitation mainly focus on developing catalytic systems responsive to near‐infrared (NIR) light. In contrast, ultrasound‐driven polymerization offers deeper penetration but limited spatiotemporal control. To address these challenges, we pioneer the integration of piezo‐photocatalysis into ATRP by developing a donor–acceptor (D–A) metal–organic framework (MOF) catalyst (B‐Zr‐C) via incorporating electron‐acceptor N‐(4′‐carboxyphenyl)‐1,8‐naphthalimide (CPNI) into NH
                    2
                    ‐UiO‐66, which enables synergistically enhanced piezoelectric polarization and exciton separation. Multiscale characterizations verify that the introduction of CPNI prolongs the charge‐separated state lifetime and effectively increases the polarity of the MOF, as evidenced by significant increases in the piezoelectric coefficient d
                    33
                    , piezoelectric potential difference, and dipole moment. Under blue light and ultrasound, the piezo‐photocatalytic copper‐mediated ATRP apparent rate constant of B‐Zr‐C(1:1) is ∼fourfold higher than that under light alone, achieving high monomer conversion (&gt; 90%,
                    Đ
                    &lt; 1.11) in seven polar solvents and even producing ultrahigh‐molecular‐weight (UHMW) polymers (
                    M
                    n
                     &gt; 1100 kg·mol
                    −1
                    ,
                    Đ
                    &lt; 1.30). The piezo‐photocatalytic system retains 64% conversion through a 1.5 mm chicken‐skin barrier (vs. &lt; 10% for blue light alone), together with outstanding spatiotemporal controllability, chain‐end fidelity, and reusability.",crossref
Fluorine‐Driven Interfacial Reconfiguration for pH‐Universal CO2 Electrolysis at High Current Densities via Enhanced CO2 Enrichment and Proton Feeding,https://onlinelibrary.wiley.com/doi/10.1002/anie.7208628?af=R,,Wiley: Angewandte Chemie International Edition: Table of Contents,2026-09-26 12:02:38+00:00,10.1002/anie.7208628,Di Zhao,,"ABSTRACT
                  
                    High‐rate CO
                    2
                    electroreduction is challenged by the conflict between sluggish CO
                    2
                    activation and hydrogen evolution at high currents, particularly under pH‐universal and dilute CO
                    2
                    conditions. In this study, a defective fluorine‐modified bismuth (F‐Bi) with electron‐rich surface was generated by electrochemical reconstruction of fluorine‐doped bismuth oxide (F‐Bi
                    2
                    O
                    3
                    ), which exhibits a formate/formic acid Faradaic efficiency (FE
                    HCOO
                    −
                    /HCOOH
                    ) approaching 100% at 1800 mA cm
                    −2
                    under pH‐universal conditions. In a membrane electrode assembly (MEA), F‐Bi delivers a FE
                    HCOO
                    −
                    of 95.2% at 3.6 V and sustains operation for 120 h at a total current of 1 A. It also maintains a FE
                    HCOO
                    −
                    above 95% at 800–1200 mA cm
                    −2
                    under a dilute CO
                    2
                    feed of 15 vol% CO
                    2
                    /N
                    2
                    . In situ spectroscopy and ab initio molecular dynamics (AIMD) reveal that surface F species serve as hydrogen‐bond acceptors that reconfigure the interfacial water network, enhancing K
                    +
                    enrichment, local alkalinity, CO
                    2
                    accumulation, and rapid proton transfer. Density functional theory (DFT) further indicates that F‐Bi surface, combined with the K
                    +
                    /H
                    2
                    O microenvironment, facilitates charge redistribution, enhances *CO
                    2
                    and *OCHO adsorption, and then lowers the reaction energy barrier. This work overcomes the intrinsic activity–selectivity trade‐off in CO
                    2
                    electrolysis, offering a promising strategy for designing high‐performance pH‐universal electrocatalysts.",crossref
Synthesis of Ladder and Flexible Polysulfonimides Directly From Anionic Monomers: Investigating Structure–Property Convergence in Succinonitrile–Polymer Electrolyte Blends,https://onlinelibrary.wiley.com/doi/10.1002/anie.8257644?af=R,,Wiley: Angewandte Chemie International Edition: Table of Contents,2026-09-26 12:05:19+00:00,10.1002/anie.8257644,Jeremiah A. Johnson,,"ABSTRACT
                  
                    Insights into how permanent microporosity influences ion transport in polymer electrolytes could facilitate the design of next‐generation single‐ion conducting (SIC) materials. Intrinsically microporous polymers and conventional polymers are typically regarded as fundamentally distinct electrolyte platforms; direct comparisons between compositionally similar examples are lacking. Here, we introduce a strategy for the synthesis of fluorinated aryl sulfonimide‐based polymers of intrinsic microporosity (FAS‐PIMs) together with flexible polysulfonimide analogs of similar composition that lack permanent microporosity. Although these polymers possess fundamentally different dry‐state architectures, incorporation of a common pore‐filling transport medium, succinonitrile (SN), drives the two systems toward remarkably similar nanostructures with similar bulk conductivities (&gt;10
                    −5
                    –10
                    −4
                    S/cm at 40°C–80°C), thermomechanical properties (
                    G
                    ʹ within 1–10 MPa over the temperature range of 25°C–120°C), and reprocessability. Molecular dynamics simulations and experiments suggest these unusual combinations of properties arise through different conduction mechanisms within the materials, and that sulfonimide anions are particularly advantageous for conduction in microporous matrices relative to strongly binding anions. Overall, this work introduces the first sulfonimide‐based PIM, establishes a comparison between permanently microporous and transiently porous single‐ion conducting polymers, and demonstrates that these two traditionally distinct electrolyte architectures can converge toward similar, useful bulk properties after incorporation of a pore‐filling transport medium.",crossref
Borane‐Catalyzed Water Dehydrogenation at Dioxaphospholes and ‐Phospholanes,https://onlinelibrary.wiley.com/doi/10.1002/anie.3462462?af=R,,Wiley: Angewandte Chemie International Edition: Table of Contents,2026-09-26 12:05:29+00:00,10.1002/anie.3462462,Urs Gellrich,,"ABSTRACT
                  We report that water undergoes rapid oxidative addition to readily accessible dioxaphospholes and ‐phospholanes within minutes at room temperature. The resulting phenylphosphinate esters release dihydrogen under mild conditions (room temperature to 60°C) in a borane‐catalyzed process. Remarkably, a pinacol‐derived dioxaphospholane reacts spontaneously with atmospheric moisture under ambient conditions to form the corresponding phenylphosphinate ester, thereby enabling the direct utilization of water from air for catalytic hydrogen evolution. The mechanism of the borane‐catalyzed dehydrogenation was investigated by variable time normalization analysis, targeted synthesis of intermediates, and DFT calculations. These studies support a catalytic pathway initiated by hydrogen elimination from the borane adduct of the phosphinate ester, followed by retro‐hydroboration to regenerate the catalyst.",crossref
Redshifting TADF Emission With a Bora‐Triptycene Lewis Acid,https://onlinelibrary.wiley.com/doi/10.1002/anie.3353986?af=R,,Wiley: Angewandte Chemie International Edition: Table of Contents,2026-09-26 12:06:21+00:00,10.1002/anie.3353986,Michael J. Ingleson,,"ABSTRACT
                  
                    Binding of a Lewis acid to an emitter molecule is a versatile method to redshift the emission. This approach is underexplored for thermally activated delayed fluorescence (TADF) materials. In this study, we report that the addition of a Lewis acid can induce large (&gt;100 nm) bathochromic shifts in the emission in sulfone‐based donor–acceptor TADF (DA‐TADF) emitters and for the first time in multi‐resonant TADF (MR‐TADF) emitters, whilst retaining TADF behaviour. This is achieved through the binding of a 9‐sulfonium‐10‐bora‐triptycene (BTripS) Lewis acid to the fluorophore carbonyl or sulfone moiety to form bench‐stable Lewis adducts. In contrast, when using B(C
                    6
                    F
                    5
                    )
                    3
                    as the Lewis acid, the generated adducts rapidly decompose on exposure to water to form H
                    2
                    O‐B(C
                    6
                    F
                    5
                    )
                    3
                    . This work demonstrates that the formation of bench‐stable Lewis adducts has significant potential as a method to redshift the emission of two popular classes of TADF compounds. This provides a new approach to address the current challenge of accessing longer‐wavelength‐emitting MR‐TADF materials.",crossref
Asymmetric Double‐Bond Isomerization of Alkenes With Photoredox/Chromium Combined Catalysis,https://onlinelibrary.wiley.com/doi/10.1002/anie.6481438?af=R,,Wiley: Angewandte Chemie International Edition: Table of Contents,2026-09-26 12:07:18+00:00,10.1002/anie.6481438,Pu‐Sheng Wang,,"ABSTRACT
                  The asymmetric contra‐thermodynamic double‐bond isomerization of alkenes remains a formidable challenge due to the lack of activating functional groups for chiral catalyst recognition. Here we report a photoredox/chromium combined catalysis that enables highly asymmetric double‐bond isomerization of internal alkenes to enantioenriched terminal alkenes. This atom‐economical transformation proceeds via SET/PT or HAT‐mediated generation of a chiral allylchromium intermediate, followed by enantiodetermining protodemetalation. The protocol exhibits good functional group compatibility and has been successfully applied to the concise asymmetric total synthesis of (+)‐licochalcone E.",crossref
Interfacial Dipole Engineering of Single‐Atom Co–N–C and Ru Nanoparticles for Enhanced Hydrogenation of Levulinic Acid to γ‐Valerolactone,https://onlinelibrary.wiley.com/doi/10.1002/anie.8734241?af=R,,Wiley: Angewandte Chemie International Edition: Table of Contents,2026-09-26 12:07:23+00:00,10.1002/anie.8734241,Yadong Li,,"ABSTRACT
                  
                    The catalytic hydrogenation of levulinic acid (LA) constitutes the central pathway for its conversion into high‐value
                    γ
                    ‐valerolactone (GVL); however, the prevailing challenge lies in enhancing its catalytic activity and stability under mild conditions. Herein, an interfacial dipole effect was established when single‐atom Co
                    1
                    –N–C was used as a support to anchor Ru nanoparticles (Ru
                    NPs
                    /Co
                    1
                    –N–C), which led to the transfer of electrons from Co
                    1
                    –N–C to Ru nanoparticles and maintenance of electron‐rich Ru. The Ru
                    NPs
                    /Co
                    1
                    –N–C catalyst exhibits enhanced catalytic performance in LA hydrogenation, achieving nearly complete conversion and 100% selectivity toward GVL under ambient conditions. The Ru
                    NPs
                    /Co
                    1
                    –N–C catalyst maintained its catalytic activity and selectivity over 10 consecutive cycles without noticeable deactivation, and the other 5 biomass‐derived compounds could also be effectively converted into corresponding lactone compounds. Density functional theory calculations reveal that the interfacial dipole effect of Ru
                    NPs
                    /Co
                    1
                    –N–C lowers the barriers of key kinetically relevant steps, particularly enabling near‐zero‐barrier H
                    2
                    dissociation while lowering the activation barriers for subsequent hydrogenation and final dehydration steps. Therefore, through interfacial dipole engineering between the single‐atom support and nanoparticles, the electronic structure of the metal sites can be adjusted, thereby enhancing the activity and stability of the catalyst in biomass upgrading and hydrogenation reactions.",crossref
Rare‐Earth Multivariate Metal–Organic Frameworks: Cationic Radius Biased Compositional Control and Property Tuning,https://onlinelibrary.wiley.com/doi/10.1002/anie.5287849?af=R,,Wiley: Angewandte Chemie International Edition: Table of Contents,2026-09-26 12:09:20+00:00,10.1002/anie.5287849,Neil R. Champness,,"ABSTRACT
                  
                    The synthesis of a multivariate metal–organic framework (MTV‐MOF) family,
                    
                      [Ln(DNNDI)
                      1.5
                      ]
                      n
                    
                    (
                    UoB‐116
                    ), is reported (DNNDI:
                    N
                    ,
                    N'
                    ‐bis(dinicotinate)‐1,4,5,8‐naphthalenetetracarboxydiimide).
                    UoB‐116(Ln)
                    is formed by 15 different metals (Ln = Y, La, Ce, Pr, Nd, Sm, Eu, Gd, Tb, Dy, Ho, Er, Tm, Yb, and Lu), all of which were shown to be isoreticular. The uniformity of the framework structure facilitated the synthesis of MTV‐MOFs with 2, 4, 12, 15, or 16 (including In(III)) different metals. Single crystal structures of each unimetallic MOFs and MTV‐MOFs with 12 or 16 metals were determined, confirming the isoreticular nature of this family of MOFs. Energy Dispersive X‐ray (EDX) analysis confirmed distribution of each metal throughout crystals of the MTV‐MOFs and compositional analysis indicated increased concentration of lanthanides with smaller cationic radius. A protocol was developed to control relative composition in bimetallic systems,
                    
                      UoB‐116(La
                      1‐x
                      Lu
                      x
                      )
                    
                    and
                    
                      UoB‐116(Dy
                      1‐x
                      La
                      x
                      )
                    
                    (
                    x
                    = 0–1). In the case of
                    
                      UoB‐116(Dy
                      1‐x
                      La
                      x
                      )
                    
                    it is shown that the porosity, magnetism and UV–visible properties can be tuned through metal cation composition.",crossref
Functionalization and Metal Ion Encapsulation Within a Triaxial Supramolecular Weave,https://onlinelibrary.wiley.com/doi/10.1002/anie.5300884?af=R,,Wiley: Angewandte Chemie International Edition: Table of Contents,2026-09-26 12:14:25+00:00,10.1002/anie.5300884,Helma Wennemers,,"ABSTRACT
                  Molecular weaving has attracted much interest in recent years. Supramolecular organic weaves offer many benefits, such as error correction, but their functionalization is challenging, as even minor modifications to the building blocks can disrupt self‐assembly. In this study, we demonstrate that a triaxially woven supramolecular organic framework formed by the self‐assembly of an oligoproline–perylene monoimide conjugate tolerates pre‐assembly functionalization and enables homogeneous incorporation of acetyl, pivaloyl, and thiophene moieties without altering the woven structure. Thiophene functionalization enabled the binding of toxic and noble‐metal ions from aqueous solution within the weave's confined pores. These results establish first examples of functionalized supramolecular organic weaves and highlight the value of modular peptide‐based woven frameworks for targeted guest encapsulation.",crossref
PCN‐700: A Model Platform for Crystallographic Probing of Coordination Behavior in Metal–Organic Frameworks,https://onlinelibrary.wiley.com/doi/10.1002/anie.9641173?af=R,,Wiley: Angewandte Chemie International Edition: Table of Contents,2026-09-26 12:17:12+00:00,10.1002/anie.9641173,Hong‐Cai Zhou,,"ABSTRACT
                  Coordination chemistry plays pivotal roles across a broad range of chemical, biological, and materials fields. Crystalline coordination materials provide unique opportunities for investigating coordination phenomena because their long‐range structural order enables atomic‐resolution characterization of coordination environments and structure–property relationships. Among them, metal–organic frameworks have greatly expanded the scope of coordination chemistry through their highly tunable compositions and spatial arrangements. To simplify the complexity associated with framework construction, post‐synthetic modification has emerged as an effective strategy for systematically tailoring existing frameworks while preserving their networks. Nevertheless, conventional modification approaches remain limited in installation efficiency and coordination investigation. The discovery of PCN‐700 together with the linker installation strategy has largely overcome these limitations. Owing to its highly uncoordinated zirconium clusters, predefined installation sites, and exceptional framework flexibility, PCN‐700 enables efficient installation while maintaining crystallinity, allowing atomic‐resolution visualization. Besides, linker installation decouples coordination from crystallization, transforming framework construction into controllable events at predefined crystallographic sites. In this review, we discuss linker installation pathways, host–guest interactions, and structure‐enabled applications in PCN‐700, highlighting the role of linker installation in establishing PCN‐700 as a model system for elucidating fundamental coordination chemistry, quantitatively correlating coordination events with material properties, and guiding the rational design of functional materials.",crossref
Hofmeister‐Regulated Amide‐Protonated Hydrogel Enables Organo‐Interhalogen Conversion‐Type Quasi‐Solid‐State Zn Batteries With Practical Iodine Loadings,https://onlinelibrary.wiley.com/doi/10.1002/anie.5159694?af=R,,Wiley: Angewandte Chemie International Edition: Table of Contents,2026-09-26 12:18:58+00:00,10.1002/anie.5159694,Cheng Chao Li,,"ABSTRACT
                  
                    Organo‐interhalogen‐mediated four‐electron iodine conversion (I
                    −
                    /I
                    0
                    /I
                    +
                    ) promises high‐energy Zn batteries (4eZIBs) in noncorrosive aqueous electrolytes. Yet, polyiodide shuttling and I
                    +
                    hydrolysis restrict shorten cycle life at high iodine loadings. Here we report a dual‐anionic Hofmeister‐regulated amide‐protonated polyacrylamide (pPAM) hydrogel electrolyte to solve this issue. Consistent with experimental observations, underlying mechanistic interpretations are proposed. The potential protonated site ─COHNH
                    2
                    +
                    in pPAM can interact with iodine species (I
                    3
                    −
                    , I
                    2
                    , and organo‐interhalogen adduct), effectively suppressing active material loss during cycling. The dual‐anion‐regulated Hofmeister effect may contribute to control molecular mediator (2‐bromoacetamide, BrAce) flux within the pPAM gel, enabling fast organo‐interhalogen conversion. The extensive hydrogen‐bonding network of the hydrogel reshapes the hydrogen‐bonding environment of water, suppressing organo‐interhalogen adduct (I
                    +
                    species) hydrolysis. The resulting quasi‐solid‐state 4eZIBs substantially outperform aqueous counterparts and state‐of‐the‐art results. At 15.6 mg cm
                    −2
                    iodine loading, stable cycling exceeds 2000 cycles at 15 mA cm
                    −2
                    . At 28.3 mg cm
                    −2
                    , the battery delivers an areal capacity of 9.95 mAh cm
                    −2
                    and an areal energy density of 10.85 mWh cm
                    −2
                    . An Ah‐level pouch cell cycles 50 times at 0.5 mA cm
                    −2
                    , with an energy density of 305.27 Wh kg
                    iodine
                    −1
                    . This work provides a hydrogel design principle for organo‐interhalogen‐mediated conversion, advancing practical high‐loading 4eZIBs and beyond.",crossref
Optical Control of the Glucocorticoid Receptor Activity With a Photoswitchable Agonist,https://onlinelibrary.wiley.com/doi/10.1002/anie.9699968?af=R,,Wiley: Angewandte Chemie International Edition: Table of Contents,2026-09-26 12:20:13+00:00,10.1002/anie.9699968,Dirk Trauner,,"ABSTRACT
                  
                    Glucocorticoids (GCs) are widely prescribed anti‐inflammatory agents whose clinical utility is limited by systemic side effects arising from broad glucocorticoid receptor (GR) activation. Optical control of GR pharmacology offers a strategy to modulate receptor signaling with spatial and temporal resolution. Here, we report
                    AzoCort1
                    , a prednisolone‐derived photopharmaceutical that enables light‐dependent tuning of GR activity in cell culture. Upon irradiation,
                    AzoCort1
                    exhibits low picomolar activity (EC
                    50
                     = 11 pM) in a gene expression assay, representing a 36‐fold enhancement relative to its dark state (EC
                    50
                     = 400 pM). Despite its high potency,
                    AzoCort1
                    is less efficacious in triggering glucocorticoid response element (GRE)‐driven activation compared to dexamethasone, while preserving maximal GR‐dependent repression of NF‐κB and AP‐1 signaling. These findings demonstrate light‐driven control of GR activity and separation of maximal GR‐mediated gene activation from gene repression.",crossref
"Inter‐Cage Na+ Enabling Single‐Atom Co for In Situ Delivery of Bio‐Based Vinyl Backbone to Access 3,4‐Unsubstituted Quinolines",https://onlinelibrary.wiley.com/doi/10.1002/anie.5647747?af=R,,Wiley: Angewandte Chemie International Edition: Table of Contents,2026-09-26 12:24:09+00:00,10.1002/anie.5647747,Hu Li,,"ABSTRACT
                  
                    The multi‐step access to versatile N‐heterocyclic scaffolds is highly dependent on non‐renewable fossil‐based feedstock over different catalysts for each step. Here, a mesoporous NaY zeolite‐encapsulated atomically dispersed cobalt catalyst (Co@NaY‐M) is deliberately designed to be robust for single‐step, three‐component upgrading of biomass‐derived lactic acid, aldehydes, and anilines into 3,4‐unsubstituted quinolines via cascade dehydrogenation, annulation–aromatization, and decarboxylation. Na
                    +
                    co‐dopant in zeolitic hexagonal prism adjacent to single‐atom Co in the supercage acts as an electron promoter to pull electrons from Co. The electron‐deficient Co improves formed intermediate adsorption/activation, significantly declining energy barriers in cascade lactic‐acid‐to‐vinyl‐intermediate dehydrogenation, and 4‐substituted quinoline decarboxylation. Meanwhile, the presence of Na
                    +
                    strengthens interactions between Co and zeolitic carrier to improve the single‐atom stability. Co@NaY‐M has broad substrate scope for various 3,4‐unsubstituted quinolines with good compatibility to diverse functional groups in yields reaching 98% (&gt;80 examples) and can be scaled up (11.24 g). Importantly, the developed methodology enables direct synthesis of various clinical drugs. Life‐cycle/techno‐economic investigations indicate that this protocol markedly lessens environmental footprints and is more price‐competitive compared to conventional quinoline synthesis methods. The precise modulation of neighboring zeolitic sites provides an effective avenue to directly access high‐value nitrogenous heterocycles from abundant renewables via oriented multiple reactions.",crossref
Aza‐Büchner–Curtius–Schlotterbeck Reaction Enables Selective Construction of Quaternary Carbon Centers,https://onlinelibrary.wiley.com/doi/10.1002/anie.3147869?af=R,,Wiley: Angewandte Chemie International Edition: Table of Contents,2026-09-26 12:25:13+00:00,10.1002/anie.3147869,Burkhard König,,"ABSTRACT
                  
                    Herein, we report the Aza‐Büchner–Curtius–Schlotterbeck reaction (ABCS)– a novel method for the uncatalyzed C─C insertion reaction of photogenerated donor‐donor diazo compounds into aryl aldimines. The transformation proceeds under very mild conditions and high chemoselectivity, favoring C─C over C─H insertion pathways. In a single step, two C(sp
                    2
                    )─C(sp
                    3
                    ) bonds are formed, granting access to homologated imines bearing a newly constructed quaternary carbon center in good yields. Subsequent hydrolysis gave homologated aldehydes, enabling versatile downstream transformations. The diazo intermediate is generated using a continuous‐flow microreactor, enhancing both safety and scalability. Mechanistic insights, supported by density functional theory (DFT) calculations, reveal the origins of the observed selectivity and reactivity.",crossref
A Dual‐Driven Hydrogel Actuator With Programmable Driving Force Enabled by a Shape‐Memory Scaffold and Ion‐Regulated Internal Force Reservoir,https://onlinelibrary.wiley.com/doi/10.1002/anie.7114810?af=R,,Wiley: Angewandte Chemie International Edition: Table of Contents,2026-09-26 12:27:28+00:00,10.1002/anie.7114810,Lidong Zhang,,"ABSTRACT
                  Programmable soft actuators require independent control over both deformation pathways and driving‐force output, yet conventional shape‐memory systems generally encode these functions within a fixed network and therefore exhibit predetermined recovery behavior. Herein, we report a porous shape‐memory polymer/hydrogel actuator (SMP‐Net gel) that transforms fixed‐force shape recovery into ion‐programmable actuation. The actuator integrates a thermally programmable glycerol‐polycaprolactone methacrylic anhydride (GPCL‐MA) scaffold with an interpenetrating PAM/PVA hydrogel network. The porous scaffold determines the macroscopic shape‐memory trajectory, whereas the confined hydrogel functions as a Hofmeister‐responsive internal force reservoir. Ion‐specific regulation of chain aggregation and hydrogen bonding enables broad adjustment of the mechanical state, with strain and stress tunable over 43%–140% and 0.83–1.80 MPa, respectively, while simultaneously accelerating or retarding NIR‐triggered shape recovery. This dual‐driving architecture further supports reversible shape programming, controllable bending amplitude, recovery‐time regulation, and spatially selective deformation under localized NIR irradiation. Remote gripping, release, and multistep motion demonstrate the capability of the SMP‐Net gel for complex actuation tasks. This work establishes a general strategy for integrating shape‐memory scaffolds with ion‐regulated soft networks, opening a new route toward adaptive actuators, biomimetic machines, and intelligent soft robotic systems.",crossref
"Z‐Retentive Enantioselective Rh‐Catalyzed Hydroarylation of E,Z‐Dienes",https://onlinelibrary.wiley.com/doi/10.1002/anie.8809022?af=R,,Wiley: Angewandte Chemie International Edition: Table of Contents,2026-09-26 12:30:39+00:00,10.1002/anie.8809022,Rylan J. Lundgren,,"ABSTRACT
                  
                    Metal‐catalyzed additions to alkenes are among the most versatile methods to prepare enantioenriched small molecules. Processes that selectivity functionalize an
                    E
                    ‐alkene in the presence of a
                    Z
                    ‐alkene remain elusive, however, they would be an attractive approach to access chiral molecules with a remaining group capable of stereospecific functionalization. Here, we report the
                    Z
                    ‐retentive enantioselective Rh‐catalyzed hydroarylation of electron‐poor
                    E,Z
                    ‐dienes. The reaction gives targets in &gt;95% ee without alkene
                    Z
                    ‐to‐
                    E
                    isomerization. The product β‐aryl‐
                    Z
                    ‐γ,δ‐unsaturated carbonyl compounds can be readily transformed into polyfunctional products containing multiple adjacent stereocenters in high diastereomeric ratios (≥90:10) via stereospecific alkene functionalizations. Mechanistic studies suggest that Rh‐enolate protonolysis is the turnover‐limiting step, and a selectivity model is developed based on reactivity and kinetic studies with
                    E,E
                    ‐dienes and
                    E/Z
                    ‐alkenes. DFT studies were used to shed light on the nature of the substrate‐catalyst interactions which likely lead to the observed selectivity. These results may have wide spanning implications for developing new
                    Z
                    ‐retentive alkene addition reactions.",crossref
A Self‐Propelled DNA‐Based Nanorobot for Hypoxic Tumor Therapy,https://onlinelibrary.wiley.com/doi/10.1002/anie.7173496?af=R,,Wiley: Angewandte Chemie International Edition: Table of Contents,2026-09-26 12:30:47+00:00,10.1002/anie.7173496,Jie Chao,,"ABSTRACT
                  
                    Solid tumors pose major therapeutic hurdles due to pathophysiological barriers such as hypoxia and dense stroma, which severely restrict drug penetration. Conventional nanomedicines lack the autonomous capability to navigate these evolving obstacles. Here, we engineer a DNA‑based nanorobot constructed on an optimized tetrahedral framework nucleic acid (tFNA) that co‑assembles tumor‑targeting aptamers, catalytic platinum nanoparticles (Pt‑NPs), and the therapeutic payload methylene blue (MB) into a single modular platform. This integrated design enables three coordinated functions: tumor‑specific recognition, self‑propelled transport driven by oxygen generation, and concurrent hypoxia alleviation to potentiate photodynamic therapy (PDT) in hypoxic tumors. The Pt‐NPs catalyze the decomposition of overproduced hydrogen peroxide (H
                    2
                    O
                    2
                    ) in the tumor microenvironment, generating oxygen bubbles that both drive deep tissue penetration (to depths &gt; 300 µm) and alleviate local hypoxia. This self‑powered propulsion enables efficient delivery of MB, leading to cascaded PDT activation. In vivo, the nanorobot achieves 85% tumor regression through the coordinated actions of deep penetration, hypoxia relief, and enhanced PDT. This modular DNA nanoplatform provides a promising strategy for advanced nanomedicine by autonomously addressing key delivery barriers in solid tumor therapy.",crossref
Cobalt‐Catalyzed [2σ+2π] Cycloaddition via Site‐Selective Capture of Bicyclobutane Diradical,https://onlinelibrary.wiley.com/doi/10.1002/anie.8666577?af=R,,Wiley: Angewandte Chemie International Edition: Table of Contents,2026-09-26 15:26:58+00:00,10.1002/anie.8666577,Daniel B. Werz,,"ABSTRACT
                  
                    Strained bicyclo[1.1.0]butanes (BCBs) have emerged as versatile precursors for accessing highly reactive intermediates, enabling unconventional bond constructions through strain‐release pathways. Herein, we report a cobalt(II)‐catalyzed strategy that combines thermal activation of BCBs with selective radical capture by Co(II) to afford head‐to‐head fused bicyclo[2.1.1]hexanes (BCHex). We propose that thermal activation of the BCB generates a reactive diradical intermediate, which is intercepted by a tailored bidentate phosphine Co(II) cationic complex via oxidative radical coupling, followed by a [2σ+2π] cycloaddition with indoles. Mechanistic investigations, including
                    31
                    P NMR spectroscopy, cyclic voltammetry, electron paramagnetic resonance (EPR), and density functional theory (DFT) studies, provide insights into the plausible reaction pathway. The involvement of paramagnetic Co(II) species is consistent with the broad features observed in both EPR and nuclear magnetic resonance (NMR) spectra of the catalyst. In addition, four structurally distinct Co(II) complexes were synthesized, fully characterized by UV–Vis and Fourier‐transform infrared (FTIR) spectroscopy, and evaluated as catalysts for the transformation. The cationic nature of the Co(II) species was further confirmed by phosphine oxide trapping experiments and single‐crystal X‐ray crystallography.",crossref
Tailored sp2‐C─F Bonding for Reversible Oxygen‐Peroxide Electrocatalysis,https://onlinelibrary.wiley.com/doi/10.1002/anie.9423554?af=R,,Wiley: Angewandte Chemie International Edition: Table of Contents,2026-09-26 15:28:34+00:00,10.1002/anie.9423554,Zhenhai Wen,,"ABSTRACT
                  
                    Rechargeable zinc‐air batteries are fundamentally limited by the sluggishness of four‐electron (4e
                    −
                    ) oxygen electrocatalysis and by bifunctional catalysts that rarely combine high activity with long‐term durability, resulting in substantial polarization and poor reversibility. Replacing this chemistry with O
                    2
                    –H
                    2
                    O
                    2
                    interconversion offers a compelling alternative, because two‐electron (2e
                    −
                    ) oxygen electrocatalysis features intrinsically more reversible pathways and faster kinetics. Herein, fluorine‐doped graphene is established as a programmable electrocatalytic platform for O
                    2
                    ‐H
                    2
                    O
                    2
                    interconversion, where tailored sp
                    2
                    ‐C─F bonding acts as a precise electronic lever to regulate OOH* intermediate binding and thereby steer O
                    2
                    –H
                    2
                    O
                    2
                    redox selectivity and kinetics. By controlling fluorine incorporation, the local electronic environment of graphene is delicately engineered without sacrificing electrical conductivity. The optimized catalyst exhibits outstanding bifunctional activity for 2e
                    −
                    oxygen reduction reaction (2e
                    –
                    ‐ORR) and peroxide oxidation reaction (POR), translating into rechargeable zinc‐based batteries with high power output and robust long‐term durability. Mechanistic studies reveal that sp
                    2
                    ‐C─F bonding induces localized electrostatic polarization at neighboring carbon sites, selectively stabilizing OOH* intermediates, lowering the kinetic barrier for 2e
                    –
                    ‐ORR, and concurrently facilitating POR while minimizing parasitic reactions. These findings demonstrate a fundamental structure‐property principle linking fluorine‐induced polarization with O
                    2
                    –H
                    2
                    O
                    2
                    redox kinetics, and position fluorinated carbon frameworks as a versatile foundation for next‐generation reversible energy storage.",crossref
Imaging and Calibration of Receptor‐Specific Cellular Forces Using Biotinylated Ligands,https://onlinelibrary.wiley.com/doi/10.1002/anie.4231597?af=R,,Wiley: Angewandte Chemie International Edition: Table of Contents,2026-09-26 15:29:43+00:00,10.1002/anie.4231597,Xuefeng Wang,,"ABSTRACT
                  Covalent conjugation of ligand molecules to force sensors provides a powerful approach to image receptor‐transmitted cellular forces. While this strategy is effective for small‐molecule ligands, the conjugation process can damage large protein ligands. To address this challenge, we developed a modular mechano‐fluorescent coating (mMFC) that enables receptor‐specific force imaging using widely available biotinylated ligands. The mMFC construct consists of a poly‐L‐lysine (PLL) backbone for substrate adsorption, polyethylene glycol (PEG) grafts to prevent nonspecific binding, and DNA‐based integrative tension sensors (ITS) as force‐reporting units. Benefiting from copper‐free click chemistry, the mMFC is synthesized via a simple one‐pot reaction. During application, the mMFC is adsorbed onto substrates, and biotinylated ligands are subsequently linked to the mMFC construct via biotin‐avidin interactions, where the ITS reports receptor‐transmitted forces by fluorescence. By testing HeLa cells, platelets, and human T lymphocytes on mMFC platforms, we imaged cellular forces transmitted through RGD peptide, latency‐associated peptide (LAP), ICAM‐1, and anti‐CD3, which target integrins, LFA‐1, and T cell receptor (TCR) complex, respectively. We further demonstrated molecular force calibration and single‐molecule force imaging of these receptors using the mMFC platform. Overall, the mMFC provides a modular, convenient, and robust platform for investigating mechanotransduction across diverse receptors in various cell types.",crossref
Photoelectrochemical Fiber Cytometry With 60 nm Tip Size for Measuring Serotonin Dynamics at Edges of Cleft and Varicosities,https://onlinelibrary.wiley.com/doi/10.1002/anie.8236222?af=R,,Wiley: Angewandte Chemie International Edition: Table of Contents,2026-09-26 15:30:57+00:00,10.1002/anie.8236222,Yang Tian,,"ABSTRACT
                  
                    Tools and methods for investigating neurotransmitter dynamics at synaptic and nonsynaptic varicosities are essential for deciphering neural signaling events. Here, we first built a photoelectrochemical fiber cytometry with a tip size down to ∼60 nm for real‐time collection of photoelectrochemical signals in brain slices. Meanwhile, a serotonin (5‐HT)‐selective photoelectrochemical probe kit was created using a dual‐recognition strategy, integrating aptamer binding‐induced selective recognition and photo‐conversion electron transfer processes. The developed two‐sensor probe kit enabled the monitoring of 5‐HT dynamics, with linear detection ranges covering two distinct concentration windows from nM to mM. Leveraging the high selectivity, reversible response, and precise spatial positioning capability of this tool, volume transmission‐associated 5‐HT dynamics were measured at the edges of open synaptic clefts and non‐synaptic varicosities in acute brain slices. The findings suggested that the P2X
                    2
                    receptor modulated extracellular ATP (eATP)‐induced 5‐HT dynamics at edges of both open synaptic and non‐synaptic varicosities. Moreover, the P2Y
                    12
                    receptor exerted a stronger regulatory effect on 5‐HT dynamics at the edge of open synaptic varicosities than at non‐synaptic varicosities under eATP stimulation.",crossref
Adaptive multi-timescale coordinated control of hybrid energy storage with RoCoF-driven dynamic allocation for frequency security and lifecycle optimization in low-inertia power systems,https://www.sciencedirect.com/science/article/pii/S0306261926015096?dgcid=rss_sd_all,,ScienceDirect Publication: Applied Energy,2026-09-27 00:00:00+00:00,,Zhenghui Zhao,,,
Resilience-oriented planning for the optimal sizing and pre-positioning of mobile power sources in distribution networks with multiple energy hubs,https://www.sciencedirect.com/science/article/pii/S0306261926015783?dgcid=rss_sd_all,,ScienceDirect Publication: Applied Energy,2026-09-27 00:00:00+00:00,,Liangzhong Yao,,,
Modeling and validation of hydrogen-oxygen impurity in alkaline electrolyzers under multiple operational states for hydrogen-based microgrid scheduling,https://www.sciencedirect.com/science/article/pii/S0306261926015503?dgcid=rss_sd_all,,ScienceDirect Publication: Applied Energy,2026-09-27 00:00:00+00:00,,Siew Hwa Chan,,,
"Coherent, credible and comprehensive or diffuse and ineffective? The energy poverty policy mix in Norway during geopolitical changes",https://www.sciencedirect.com/science/article/pii/S0301421526005495?dgcid=rss_sd_all,,ScienceDirect Publication: Energy Policy,2026-09-27 00:00:00+00:00,,Siddharth Sareen,,,
Post-contingency power network restoration for enhanced resilience: A drone-assisted approach,https://www.sciencedirect.com/science/article/pii/S0306261926015308?dgcid=rss_sd_all,,ScienceDirect Publication: Applied Energy,2026-09-27 00:00:00+00:00,,Fei Teng,,,
Conditional remaining useful life prediction of lithium-ion batteries under specified future working conditions,https://www.sciencedirect.com/science/article/pii/S0306261926015345?dgcid=rss_sd_all,,ScienceDirect Publication: Applied Energy,2026-09-27 00:00:00+00:00,,Junmin Wang,,,
More-efficient water splitting utilizing heated-cooled active pure water with reduced hydrogen bonds,https://www.sciencedirect.com/science/article/pii/S0306261926015850?dgcid=rss_sd_all,,ScienceDirect Publication: Applied Energy,2026-09-27 00:00:00+00:00,,Yu-Chuan Liu,,,
Dynamic economic and ecological impact assessment and performance benchmarking of decentralized hydrogen production in manufacturing systems,https://www.sciencedirect.com/science/article/pii/S0306261926015552?dgcid=rss_sd_all,,ScienceDirect Publication: Applied Energy,2026-09-27 00:00:00+00:00,,Michael F. Zaeh,,,
Stringent climate policies and energy poverty: Evidence of spatial spillovers and challenges for a just transition,https://www.sciencedirect.com/science/article/pii/S0301421526005240?dgcid=rss_sd_all,,ScienceDirect Publication: Energy Policy,2026-09-27 00:00:00+00:00,,Gissell Huaccha,,,
Life cycle and techno-economic assessment of anion exchange membrane electrolysis: Cradle-to-gate supply chain emissions and scale-dependent cost analysis,https://www.sciencedirect.com/science/article/pii/S0306261926015965?dgcid=rss_sd_all,,ScienceDirect Publication: Applied Energy,2026-09-27 00:00:00+00:00,,Boreum Lee,,,
"Calcium looping for carbon capture in power plants and hard-to-abate industries: Critical review of technical, economic, environmental performance and scalability pathways",https://www.sciencedirect.com/science/article/pii/S0306261926014832?dgcid=rss_sd_all,,ScienceDirect Publication: Applied Energy,2026-09-27 00:00:00+00:00,,Mika Järvinen,,,
A deep generative prediction framework for source–load forecasting in integrated energy systems,https://www.sciencedirect.com/science/article/pii/S0306261926015679?dgcid=rss_sd_all,,ScienceDirect Publication: Applied Energy,2026-09-27 00:00:00+00:00,,Chenghui Zhang,,,
Synergetic capacity planning of private and public EV charging piles via city-scale multiobjective optimization,https://www.sciencedirect.com/science/article/pii/S0306261926015291?dgcid=rss_sd_all,,ScienceDirect Publication: Applied Energy,2026-09-27 00:00:00+00:00,,Minda Ma,,,
Complementary operation rules of hydropower-photovoltaic systems to prevent power curtailment,https://www.sciencedirect.com/science/article/pii/S030626192601528X?dgcid=rss_sd_all,,ScienceDirect Publication: Applied Energy,2026-09-27 00:00:00+00:00,,Zhenni Wang,,,
"Compound deployment risk analysis in direct air capture, green ammonia and long-duration energy storage",https://www.sciencedirect.com/science/article/pii/S0306261926015278?dgcid=rss_sd_all,,ScienceDirect Publication: Applied Energy,2026-09-27 00:00:00+00:00,,Sinan Küfeoğlu,,,
Critical review of hybrid solar thermal desalination system for sustainable potable water production,https://www.sciencedirect.com/science/article/pii/S0306261926013784?dgcid=rss_sd_all,,ScienceDirect Publication: Applied Energy,2026-09-27 00:00:00+00:00,,Rohan Dutta,,,
Progress and prospects of amine-based chemical absorption for post-combustion CO2 capture in thermal power plants,https://www.sciencedirect.com/science/article/pii/S0306261926015229?dgcid=rss_sd_all,,ScienceDirect Publication: Applied Energy,2026-09-27 00:00:00+00:00,,Linjun Yang,,,
Comprehensive systematic review of compressed CO2 energy storage technologies: system configurations and technoeconomic performance,https://www.sciencedirect.com/science/article/pii/S0306261926014273?dgcid=rss_sd_all,,ScienceDirect Publication: Applied Energy,2026-09-27 00:00:00+00:00,,Yao Zhao,,,
Advances in microwave-assisted catalytic and plasma conversion of methane: A comprehensive review,https://www.sciencedirect.com/science/article/pii/S0306261926015564?dgcid=rss_sd_all,,ScienceDirect Publication: Applied Energy,2026-09-27 00:00:00+00:00,,Ziliang Wang,,,
Integration of linear and metaheuristic optimization for state estimation in low voltage distribution grids,https://www.sciencedirect.com/science/article/pii/S0306261926015916?dgcid=rss_sd_all,,ScienceDirect Publication: Applied Energy,2026-09-27 00:00:00+00:00,,Razgar Ebrahimy,,,
The potential welfare gains from curtailment trading under non-firm interconnection,https://www.sciencedirect.com/science/article/pii/S0306261926015175?dgcid=rss_sd_all,,ScienceDirect Publication: Applied Energy,2026-09-27 00:00:00+00:00,,K.Max Zhang,,,
Interfacial Mn‐Carbon Nitride Synergy Enables Selective Photocatalytic C─H Chlorination via Single‐Atom Catalysis,https://onlinelibrary.wiley.com/doi/10.1002/anie.5772245?af=R,,Wiley: Angewandte Chemie International Edition: Table of Contents,2026-09-27 06:17:02+00:00,10.1002/anie.5772245,Shoubhik Das,,"ABSTRACT
                  
                    Single‐atom photocatalysts offer a structurally defined platform for merging homogeneous and heterogeneous catalysis, yet their application in selective C─H functionalisation remains limited. In this study, we report a manganese‐based single‐atom photocatalyst (Mn@f‐g‐C
                    3
                    N
                    4
                    ) comprising atomically dispersed Mn─N
                    x
                    sites anchored on an arylamino‐functionalised graphitic carbon nitride support. Band‐gap engineering was used to enhance visible‐light absorption to afford a robust and recyclable photocatalyst for selective visible‐light‐driven C(sp
                    2
                    )─H chlorination of arenes and heteroarenes under mild conditions. Mechanistic investigations support a dual‐site pathway initiated at the carbon nitride support and continued at the Mn centre. Photoexcitation of the carbon nitride support triggers single‐electron transfer to the N‐chlorosuccinimide chlorination reagent, generating reactive Cl species, leading to the formation of well‐defined Mn─Cl intermediates. Chlorine transfer to the arene substrate is mediated via a cyclohexadienyl radical intermediate, followed by oxidation and deprotonation, affording the chlorinated product. Cooperation between the Mn atom and support suppresses unselective free‐radical chlorination pathways and enforces surface‐confined selectivity.",crossref
Catalyst‐Controlled Divergent Strain‐Release Amination and Skeletal Remodeling of Bicyclo[1.1.0]Butanes,https://onlinelibrary.wiley.com/doi/10.1002/anie.3256942?af=R,,Wiley: Angewandte Chemie International Edition: Table of Contents,2026-09-27 06:20:35+00:00,10.1002/anie.3256942,Rene M. Koenigs,,"ABSTRACT
                  Catalyst‐controlled nitrene transfer enables divergent amination reactions of bicyclo[1.1.0]butanes through distinct modes of activation of their highly strained central σ‐bond. Under Rh(II) catalysis, bicyclo[1.1.0]butanes undergo selective strain‐release amination to furnish aminocyclobutenes, which provide efficient access to cyclobutane amino acids through a simple amination–hydrogenation sequence. In contrast, photocatalytic nitrene activation redirects the reaction pathway toward double amination and skeletal remodeling, affording functionalized dihydropyrrolidines that can be readily converted into pyrrole heterocycles under acidic conditions. The synthetic utility of both approaches is further demonstrated, for example, in a telescoped synthesis of cyclobutane amino acids from diazo precursors or downstream diversification reactions. Mechanistic experiments and computational studies reveal distinct catalyst‐dependent nitrene activation pathways that govern the fate of a common reactive intermediate and underpin the observed divergent reactivity.",crossref
The Nature of Cell‐Penetrating Poly(disulfide)s,https://onlinelibrary.wiley.com/doi/10.1002/anie.7902673?af=R,,Wiley: Angewandte Chemie International Edition: Table of Contents,2026-09-27 06:23:17+00:00,10.1002/anie.7902673,Stefan Matile,,"ABSTRACT
                  Cell‐penetrating poly(disulfide)s (CPDs) are the most popular thiol‐mediated uptake (TMU) tools for delivering attached substrates of interest (SOIs) into the cytosol. Despite their widespread use, their mode of action remains unknown. Herein, we elucidate how CPDs work using combined data from protein knockdown, µMap proteomics, coacervate assembly, mechanosensitive fluorescent membrane probes, CPD inhibitors, activators, and depolymerization. Their guanidinium sidechains first ion‐pair with anionic clusters on cell surfaces. By enhancing effective CPD concentration, these non‐covalent interactions enable, accelerate, and direct dynamic covalent disulfide exchange cascades with cellular thiols and disulfides. CPD bioconjugation rates match their uptake activity, exceeding those of disulfide monomers by 3000 times. Exchange with proteins capable of membrane remodeling allows CPDs to exploit these proteins' primary functions to mobilize anionic lipids (scramblases, ANO6), form toroidal elastic pores and related membrane deformations, and repair all after CPD‐SOI conjugates have passed through (tetraspanins, TSPAN8, flippases, etc.). Within cells, CPDs form coacervates and integrate into biological condensates, particularly nucleoli, until they depolymerize and release the SOIs. This understanding of the nature of CPDs also clarifies TMU in general and will guide future efforts to control cellular entry for drug delivery and pathogen defense.",crossref
"Stereocontrolled Access to (Z)‐Heteroatom‐Substituted Fluoroalkenes Through Fluorine‐Directed, Hydrogen‐Bond‐Assisted Elimination",https://onlinelibrary.wiley.com/doi/10.1002/anie.7450551?af=R,,Wiley: Angewandte Chemie International Edition: Table of Contents,2026-09-27 06:24:10+00:00,10.1002/anie.7450551,Qilong Shen,,"ABSTRACT
                  
                    A general method for the stereocontrolled synthesis of (
                    Z
                    )‐1,2‐heteroatom‐substituted monofluoroethylenes is described. The reaction proceeds via the Michael addition of N‐, P‐, and S‐centered nucleophiles to 1‐fluorovinyl sulfonium ylide (
                    Ylide‐VF
                    ) under mild conditions, followed by an E2 process. This general protocol exhibits broad functional group tolerance and significant application potential, as demonstrated by the late‐stage functionalization of bioactive molecules and oligopeptides. Mechanistic investigations reveal that an intramolecular hydrogen bond within the Michael addition intermediate is the key stereocontrolling element, dictating the observed
                    Z
                    ‐selectivity.",crossref
Agostic Hydridoborate Complexes as Masked Coinage‐Metal Hydrides: Hydride Migration Between Boron and Gold Unlocks CO2 Reactivity,https://onlinelibrary.wiley.com/doi/10.1002/anie.6128076?af=R,,Wiley: Angewandte Chemie International Edition: Table of Contents,2026-09-27 06:25:11+00:00,10.1002/anie.6128076,Didier Bourissou,,"ABSTRACT
                  
                    Hydride addition to diphosphine‐borane (DPB) coinage‐metal complexes affords an unprecedented series of Cu(I), Ag(I), and Au(I) hydridoborate complexes
                    2‐M
                    featuring bridging B–H···M interactions. Combined multinuclear NMR, IR, single‐crystal x‐ray diffraction, and DFT studies reveal the presence of agostic‐type σ(B–H)→M interactions across the series, with the strongest interaction observed for copper. These hydridoborate species are thermodynamically favored over the corresponding metal hydrides. Markedly distinct reactivity is observed depending on the coinage metal. Whereas, the Cu and Ag congeners proved to be unreactive toward CO
                    2
                    , the Au complex
                    2‐Au
                    cleanly and reversibly fixes CO
                    2
                    to form the isolable Au(I) formate complex
                    3‐Au
                    . In addition to quantitative and reversible CO
                    2
                    uptake and release, the Au hydridoborate complex
                    2‐Au
                    is an efficient and robust catalyst for the hydroboration of CO
                    2
                    to HCO
                    2
                    Bpin and the dehydrogenation of formic acid, both with complete selectivity. Experimental and computational studies support a cooperative mechanism in which the B─H─Au motif acts as a masked gold hydride, thanks to hydride transfer.",crossref
Operando Attenuated Total Reflectance Far‐Ultraviolet Spectroscopic Analysis at the Cathode/Electrolyte Interface,https://onlinelibrary.wiley.com/doi/10.1002/anie.6529709?af=R,,Wiley: Angewandte Chemie International Edition: Table of Contents,2026-09-27 06:28:35+00:00,10.1002/anie.6529709,Ichiro Tanabe,,"ABSTRACT
                  
                    Understanding cathode/electrolyte interfacial reactions is critical for improving the stability of high‐voltage Li‐ion batteries; however, the molecular mechanisms governing cathode/electrolyte interphase (CEI) formation remain poorly understood due to the buried and dynamically evolving nature of the interface. Here, we develop an operando attenuated total reflectance far‐ultraviolet (ATR‐FUV) spectroscopic method to directly probe cathode/electrolyte interfacial chemistry during electrochemical cycling. With the aid of principal component analysis, we isolate a voltage‐dependent interfacial spectral component that emerges at ∼3.9 V, well below the onset potential of electrochemical electrolyte oxidation. Supported by quantum chemical calculations, this component is assigned to dehydrogenated ethylene carbonate (de‐H EC) and vinylene carbonate (VC), revealing a chemically driven proton‐abstraction pathway induced by reactive surface oxygen species generated upon Li
                    +
                    deintercalation. This process recurs upon charging, demonstrating a voltage‐driven yet chemically initiated interfacial reaction distinct from direct electrochemical oxidation. These findings establish operando ATR‐FUV spectroscopy as a powerful tool for resolving transient cathode interfacial chemistry and provide new molecular‐level insights into CEI formation relevant to the design of next‐generation high‐voltage Li‐ion batteries.",crossref
Percolation‐Driven β‐Relaxation Enables Resonant Acceleration of Crystallization in Amorphous Phase‐Change Materials,https://advanced.onlinelibrary.wiley.com/doi/10.1002/adma.75151?af=R,,Wiley: Advanced Materials: Table of Contents,2026-09-27 07:11:51+00:00,10.1002/adma.75151,Shuai Wei,,"ABSTRACT
                  
                    Amorphous phase‐change materials enable fast and reversible switching in optical and electronic devices, yet crystallization kinetics are still controlled primarily through empirical thermal protocols. Here we identify a microscopic picture governing crystallization in the prototypical phase‐change material Ge
                    2
                    Sb
                    2
                    Te
                    5
                    , in which crystallization pathways are organized by the percolation of mobile atomic networks associated with
                    β
                    ‐relaxation. We show that this percolation transition distinguishes the dominance of diffusion‐driven and diffusionless nucleation and growth during crystallization processes. We further demonstrate that frequency‐selected ultrasonic excitation, applied in conjunction with heating, accelerates crystallization by enhancing percolation‐mediated atomic dynamics. This acceleration is maximized near the
                    β
                    ‐relaxation frequency, consistent with resonant excitation of mobile atoms. Our results establish a direct link between glassy relaxation, atomic‐scale percolation, and crystallization, and introduce a new route to modulating phase‐change kinetics through targeted excitation of fundamental glassy dynamics.",crossref
Bare‐Die Antiferromagnetic Computing,https://advanced.onlinelibrary.wiley.com/doi/10.1002/adma.75126?af=R,,Wiley: Advanced Materials: Table of Contents,2026-09-27 07:12:07+00:00,10.1002/adma.75126,Zhiqi Liu,,"ABSTRACT
                  Semiconductor electronic devices are increasingly constrained by fundamental quantum tunneling effects and charge‐based mechanisms, which severely limit further miniaturization, write‐speed scaling, and environmental robustness of silicon‐based technologies. These limitations are particularly prohibitive for deep‐space exploration, where extreme temperatures, ultra‐strong magnetic fields, and intense radiation rapidly incapacitate conventional electronics without massive shielding. Here, we present an intrinsically resilient, strain‐mediated antiferromagnetic MnIr/PMN‐PT edge processor that operates reliably as a bare die under temperatures up to 500 K, magnetic fields of 55 T, and radiation doses of 1.5 Mrad. By exploiting an Input‐Modulated In Situ Self‐Refreshing Encoding mechanism, the device performs nonlinear feature extraction and classification directly from raw analog signals, enabling an analog computing architecture that requires no time‐frequency transformation. This architecture achieves 99.8% accuracy in speech recognition without digital preprocessing and 100% accuracy in astronaut visual object recognition. Furthermore, an all‐hardware integrated drone vision system demonstrates real‐time in situ command execution and autonomous navigation, delivering a terahertz‐level response frequency and an ultra‐low energy consumption of approximately 0.2 fJ per operation. This work expands the functional scope of antiferromagnetic devices beyond memory and logic, establishing them as a promising materials platform for energy‐efficient physical computing and autonomous intelligence in extreme environments.",crossref
Atmosphere‐Controlled Valence Engineering of Eu in Aluminate Crystals Enabling High‐Performance Temperature Sensing and Flexible X‐Ray Imaging,https://advanced.onlinelibrary.wiley.com/doi/10.1002/adma.75153?af=R,,Wiley: Advanced Materials: Table of Contents,2026-09-27 07:14:21+00:00,10.1002/adma.75153,Zekun Wang,,"ABSTRACT
                  
                    Developing scintillators that simultaneously deliver high light yield, radiation stability, flexibility, and environmental sustainability remains a long‐standing challenge, while optical thermometry is further limited by narrow working ranges and insufficient sensitivity. Here, we propose a buried‐carbon reduction concept that enables precise regulation of Eu valence states through controlled carbon burial depth from a single precursor, thereby unlocking multifunctionality within one material system. By such strategy, fully reduced SrMgAl
                    10
                    O
                    17
                    :Eu
                    2+
                    is utilized in x‐ray detection and imaging. High‐energy irradiation activates defect‐mediated electron release, substantially increasing the effective concentration of luminescent centers. Remarkably, its radioluminescence intensity retains 117.5% after over 150 on‐off irradiation cycles, showing a long‐term working light yield of up to 55917 ± 573 photons MeV
                    −1
                    , together with excellent linear dose response and a low detection limit. Flexible scintillator films achieve a spatial resolution of 11.7 lp mm
                    −1
                    (at 20% MTF). These characteristic makes the material with low cost, flexibility, environmental protection, chemically stable, and excellent radiation resistance. Moreover, partially reduced SrMgAl
                    10
                    O
                    17
                    :Eu
                    2+
                    /Eu
                    3+
                    exhibits rare multimodal synergistic optical thermometry performance in the high‐temperature region owing to distinct thermal quenching behaviors. In the temperature range of 550–625 K, the FIR‐based S
                    a
                    and S
                    r
                    reach 0.226 K
                    −1
                    and 0.97 %K
                    −1
                    , respectively; the FWHM‐based thermometric mode achieves a maximum sensitivity of 0.238 nm/K, while also enabling visual discrimination of the temperature. This work establishes a versatile concept for designing advanced optical materials for radiation detection and temperature sensing.",crossref
Precursor‐Level Molecular Coupling Enables High‐Fill‐Factor Wide‐Bandgap Perovskite Solar Cells and 29.63% All‐Perovskite Tandems,https://advanced.onlinelibrary.wiley.com/doi/10.1002/adma.75165?af=R,,Wiley: Advanced Materials: Table of Contents,2026-09-27 07:14:27+00:00,10.1002/adma.75165,Chang Liu,,"ABSTRACT
                  
                    Wide‐bandgap (WBG) perovskites with a ∼1.78 eV bandgap are essential for monolithic all‐perovskite tandem cells, yet their efficiency and stability are limited by complex precursor chemistry, uncontrolled crystallization, defect formation, and photoinduced halide segregation. Here, we report 4‐(3‐Carbamimidoylguanidino)benzoic acid hydrochloride (CGBA) as a precursor‐level regulator for Cs/formamidinium (CsFA)‐based Br‐rich WBG perovskites. Through dynamic associations with lead–halide species and organic cations, CGBA modifies the local precursor environment and alters the stage‐dependent film‐formation behavior during spin coating and annealing. This regulation moderates crystallization, promotes texture development, reduces trap‐mediated nonradiative recombination, and suppresses photoinduced halide segregation. Consequently, the optimized 1.78 eV single‐junction device achieves a power conversion efficiency (PCE) of 21.43% and a fill factor (FF) of 85.89%, placing it among the highest reported FF values for 1.75–1.79 eV single‐junction WBG perovskite solar cells. The strategy is also transferable across multiple compositions and conditions, yielding efficiencies of 27.32% (1.53 eV), 23.91% (1.68 eV), 18.75% (1.85 eV), and 26.08% (1.58 eV, antisolvent‐free). Unencapsulated target devices retain 93% of their initial efficiency after 4500 h in N
                    2
                    . When integrated into a monolithic all‐perovskite tandem, the CGBA‐optimized WBG subcell enables a laboratory‐measured PCE of 29.63%. This work establishes precursor‐level regulation as a transferable strategy for efficient and stable WBG perovskites and all‐perovskite tandems.",crossref
Locally Water‐Rich Interfacial Microenvironment Enables Self‐Powered High‐Current Ammonia Electrosynthesis,https://advanced.onlinelibrary.wiley.com/doi/10.1002/adma.75146?af=R,,Wiley: Advanced Materials: Table of Contents,2026-09-27 07:15:51+00:00,10.1002/adma.75146,Yi‐Ming Yan,,"ABSTRACT
                  
                    Electrochemical nitrate‐to‐ammonia conversion holds great promise for sustainable nitrogen fixation, yet its industrial‑level current density operation is limited by cathodic active hydrogen (*H) supply shortage and high energy consumption caused by anodic oxygen evolution reaction (OER). Here, we develop a bifunctional CoP electrocatalyst with engineered phosphorus vacancies that generate atomic‐scale electric fields to enrich interfacial water molecules via enhanced hydrogen‐bonding interactions, alleviating local water scarcity caused by double‐layer compression under high nitrate concentrations and promoting *H generation for nitrate reduction reaction (NO
                    3
                    RR). Meanwhile, we replace OER with the thermodynamically favorable hydrazine oxidation reaction (HzOR), and the electrocatalyst promotes *OH adsorption to facilitate hydrazine dehydrogenation in HzOR. The resulting NO
                    3
                    RR||HzOR electrolyzer delivers an ammonia yield of 49.64 mg h
                    −1
                     cm
                    −2
                    at 500 mA cm
                    −2
                    with a cell voltage of 0.962 V, and enables self‐powered ammonia production at 0.769 g L
                    −1
                     h
                    −1
                    without external energy input. This work reveals atomic‐scale electric field engineering as an effective strategy to modulate interfacial microenvironment for high‐performance, low‐energy ammonia electrosynthesis.",crossref
Over 20% Efficiency in As–Cast Organic Solar Cells Enabled by Flory–Huggins Parameter Engineering,https://advanced.onlinelibrary.wiley.com/doi/10.1002/adma.75152?af=R,,Wiley: Advanced Materials: Table of Contents,2026-09-27 07:16:38+00:00,10.1002/adma.75152,Hui Huang,,"ABSTRACT
                  
                    The realization of high–efficiency as–cast organic solar cells (OSCs) represents a key step toward simplified processing and scalable fabrication for commercialization. However, achieving high–performance as–cast devices remains challenging because it demands delicate balance between donor–acceptor self–aggregation and miscibility. Herein, we fabricate as–cast OSCs through Flory–Huggins parameter (χ) engineering that precisely regulates donor–acceptor miscibility during solution casting. The chloroform–carbon disulfide (CF:CS
                    2
                    ) mixed solvent, with tailored solubility and evaporation kinetics, dynamically modulates χ to form an optimized bulk heterojunction featuring desirable phase separation and a well–balanced fibrillar network. This design affords efficient exciton dissociation, facilitated charge transport, and suppressed recombination in the blend. Consequently, as–cast D18:L8–BO device processed with the CF:CS
                    2
                    solvent system attained a PCE of 20.11% (certified as 19.69%) alongside enhanced photostability, representing the highest efficiency reported for as–cast devices. Besides, high PCEs of 18.89% and 15.12% are achieved in thick–film (300 nm) and large–area (20.17 cm
                    2
                    ) as–cast devices. Moreover, a quantitative correlation between PCE and the interaction parameter χ is established, providing a quantitative guide for narrowing the miscibility window and identifying the optimal composition. These findings validate the efficacy of χ–parameter–mediated miscibility engineering in regulating blend phase behavior and provide a framework for advancing efficient as–cast OSCs.",crossref
Fiber‐Format Flexible Linear Electrostatic Motors,https://advanced.onlinelibrary.wiley.com/doi/10.1002/adma.75156?af=R,,Wiley: Advanced Materials: Table of Contents,2026-09-27 07:18:13+00:00,10.1002/adma.75156,Herbert Shea,,"ABSTRACT
                  Linear motion is fundamental to robotics, yet existing solutions are either rigid electromagnetic motors or contractile artificial muscles with limited stroke and trade‐offs in force versus displacement. We report a sliding motor in a thin fiber format: a flexible, electrostatic linear actuator with a stroke limited only by fiber length. Comprising two coaxial fibers with helically wound electrodes, this “FiberMotor” generates bidirectional, fast, stepping motion with stroke‐independent force and inherent back‐drivability, a key feature for safe and transparent human–robot interaction. By eliminating permanent magnets and Joule heating, it offers a compact alternative to traditional motors. Modular bundling allows scaling to higher forces. Supported by an analytical model, this silent, lightweight technology can enable large‐scale integration into textiles, providing a promising building block toward future soft exosuits and wearable assistive devices.",crossref
Bone‐Targeted Engineered Exosomes Delivering Betaine Alleviate Osteoporosis via Autophagy‐Driven Osteogenesis,https://advanced.onlinelibrary.wiley.com/doi/10.1002/adma.75185?af=R,,Wiley: Advanced Materials: Table of Contents,2026-09-27 07:24:15+00:00,10.1002/adma.75185,Yunhui Si,,"ABSTRACT
                  Dysregulated bone remodeling, attenuated endogenous osteogenic capacity, and the lack of bone‐targeting capability in therapeutics constitute the core challenges in current clinical interventions for osteoporosis. In this study, a hybrid nanodelivery system integrating betaine‐loaded metal‐organic frameworks with engineered exosomes (BZ@Exos) is constructed to restore bone metabolic homeostasis and improve bone microstructure. The engineered exosomes co‐overexpressing CXCR4 and CD47 proteins on the surface exhibit high bone tissue targeting efficiency and evade clearance by the mononuclear phagocyte system, while ZIF‐8 enables stable encapsulation of betaine. Internalized betaine promotes nuclear translocation of TFEB via targeted binding to the 14‐3‐3 protein, enhances autophagic flux in senescent bone marrow mesenchymal stem cells (BMSCs), and thereby facilitates their osteogenic differentiation. In parallel, BZ@Exos significantly inhibits osteoclast‐mediated bone resorption and restores bone metabolic homeostasis. In vivo assays demonstrate that intravenously administered BZ@Exos successfully reverses bone loss and alleviates senescence‐related phenotypes in ovariectomized rat models of osteoporosis. This novel therapeutic system with integrated functions of bone homeostasis remodeling, regenerative potential restoration, and precise targeting provides a new perspective for osteoporosis treatment.",crossref
Chain‐Networked Micro‐Silicon Electrodes Inducing Internal Isostatic Compressive Stress for High‐Energy and High‐Power Solid‐State Batteries,https://advanced.onlinelibrary.wiley.com/doi/10.1002/aenm.71650?af=R,,Wiley: Advanced Energy Materials: Table of Contents,2026-09-27 14:41:13+00:00,10.1002/aenm.71650,Jaekyung Sung,,"ABSTRACT
                  
                    Micron‐sized silicon (µ‐Si) offers a scalable pathway to high‐capacity anodes, and its application in solid‐electrolyte‐free systems has garnered attention as a strategy to maximize energy density. However, achieving both high energy and power densities in such configurations remains challenging due to the lack of internal ionic conduction pathways and stress‐accommodation mechanisms. Here, we report a Chain‐based Networking (CN)‐Si electrode architecture that overcomes these limitations and maximizes energy and power densities without incorporating solid electrolytes within the electrode. In this design, µ‐Si particles are tightly wrapped and interconnected by single‐walled carbon nanotubes (CNTs), forming a mechanically robust conductive network. The CNT wrapping imposes compressive stress during lithiation, distributing internal strain and preventing crack and void formation, mimicking the stress‐dissipation principle of Prince Rupert's drop. As a result, the CN‐Si electrode delivers superior electrochemical performance, with 78% capacity retention at 3C, significantly outperforming conventional Si electrodes using polymer or carbon black binders. In full‐cell configurations with LiNi
                    0.8
                    Mn
                    0.1
                    Co
                    0.1
                    O
                    2
                    (NCM811) cathodes, the CN‐Si electrode retains 78.8% capacity after 3000 cycles at a high C‐rate (5C). These findings demonstrate that stress‐engineered micro‐Si architectures can simultaneously overcome kinetic limitations and maximize both energy and power densities in solid‐state battery systems, advancing practical high‐performance All‐Solid‐State Batteries (ASSBs).",crossref
Fluorination‐Tuned Covalent Organic Framework Interphases for Controllable LiF Content in Dendrite‐Free Lithium Metal Batteries,https://advanced.onlinelibrary.wiley.com/doi/10.1002/aenm.71635?af=R,,Wiley: Advanced Energy Materials: Table of Contents,2026-09-27 14:41:56+00:00,10.1002/aenm.71635,Hong Guo,,"ABSTRACT
                  
                    To tackle the challenge of precisely regulating LiF content within the solid electrolyte interphase (SEI) of high‐energy‐density lithium metal batteries (LMBs), this work presents a fluorination‐gradient design strategy, enabling controllable LiF formation through a covalent organic framework‐based artificial SEI layer (0F‐, 2F‐, and 4F‐COF), and lays the foundation for uncovering the interfacial regulation mechanism. Density functional theory calculations reveal that the electron‐withdrawing F group not only forms an ultra‐low HOMO energy orbital but also promotes the dissociation of LiPF
                    6
                    via charge delocalization, enabling an oxidation stability of up to 5.4 V (vs. Li
                    +
                    /Li). Consequently, the Li||Li symmetric cell sustains stable cycling for over 6000 h at 1 mA·cm
                    −2
                    , while 4F‐COF@Li cell enables capacity retentions of 90.0% (LiFePO
                    4
                    , 1000 cycles), 80.5% (LiNi
                    0.8
                    Co
                    0.1
                    Mn
                    0.1
                    O
                    2
                    , 300 cycles), and 70.1% (LiNi
                    0.9
                    Co
                    0.09
                    Mo
                    0.01
                    O
                    2
                    , 300 cycles) at 5 C. Ab initio molecular dynamics simulations combined with in situ characterizations further reveal that F‐rich microenvironment of 4F‐COF accelerates LiPF
                    6
                    dissociation and inhibits dendrite growth while directing the formation of a robust LiF‐rich SEI interphase. Overall, this work establishes precision fluorination of COF‐based artificial SEI layers as a new design strategy for developing safe, high‐rate, and dendrite‐free LMBs.",crossref
CO‐Tolerant Ethylene Glycol Oxidation on p–d Hybridized Platinum Ditelluride for Seawater Artificial Leaves,https://advanced.onlinelibrary.wiley.com/doi/10.1002/aenm.71637?af=R,,Wiley: Advanced Energy Materials: Table of Contents,2026-09-27 14:44:21+00:00,10.1002/aenm.71637,Di‐Yan Wang,,"ABSTRACT
                  
                    Seawater‐based artificial leaves are fundamentally constrained by anodic surface poisoning and insufficient photovoltage for bias‐free reaction under complex electrolytes. Here we report a pH‐gradient photoelectrochemical–electrochemical (PEC–EC) system that couples photoelectrochemical hydrogen evolution reaction (HER) and electrochemical ethylene glycol oxidation reaction (EGOR) enabled by CO‐tolerant 1T‐PtTe
                    2
                    in both fresh water and natural seawater. As an anodic electrocatalyst for EGOR, platinum ditelluride exhibits a low onset potential of 0.42 V vs. RHE, achieves highly selective production of the value‐added product glycolate (GA) with a Faradaic efficiency of 96.4% at 0.9 V vs. RHE, and maintains high stability in natural seawater. Electronic structure analysis reveals that tellurium incorporation induces a downshift of the platinum d band center, weakening the adsorption of CO‐derived intermediates and suppressing surface poisoning without compromising reactant activation. Our PEC–EC device delivers bias‐free current densities of 37.85 mA cm
                    −2
                    in fresh water and 37.18 mA cm
                    −2
                    in natural seawater and sustains continuous hydrogen and glycolate production for 120 h. The demonstration of this PEC–EC system provides a general framework for designing bias‐free photoelectrochemical devices operating at appreciable current densities and advances the practical implementation of seawater‐based artificial leaves.",crossref
Physics‐Informed Machine Learning for Solid Oxide Cell Materials and Microstructures Under Operando Constraints,https://advanced.onlinelibrary.wiley.com/doi/10.1002/aenm.71608?af=R,,Wiley: Advanced Energy Materials: Table of Contents,2026-09-27 14:46:06+00:00,10.1002/aenm.71608,Suping Peng,,"ABSTRACT
                  Solid oxide cells (SOCs) operate at high temperature under dual atmospheres and electrochemical polarization. Their performance depends not only on composition and instantaneous operating conditions, but also on operating history, because defect populations, transport pathways, and microstructures evolve during service. This behavior limits conventional machine‐learning models trained on static or steady‐state data, because high interpolation accuracy rarely guarantees reliable extrapolation to operando or aging conditions. In this review, physics‐informed machine learning (PIML) encompasses physical knowledge introduced through descriptors, model architectures, generative constraints, and experimental feedback, rather than only neural networks constrained by partial differential equations. We organize representative SOC studies using a four‐level hierarchy of physics embedding and relate it to data fidelity, while tracing descriptors from elemental attributes to dynamic operando‐state variables. We then examine how connectivity, conservation laws, and thermodynamic stability can constrain microstructure inverse design and reject physically inadmissible outputs. Further progress requires closer links among defect chemistry, microstructure physics, service‐relevant data, and experimental feedback, enabling models that remain valid under realistic conditions and support closed‐loop design.",crossref
“Lithium‐Free” Anode Solid‐State Batteries Enabled by 3D Structured Miec Garnet,https://advanced.onlinelibrary.wiley.com/doi/10.1002/aenm.71648?af=R,,Wiley: Advanced Energy Materials: Table of Contents,2026-09-27 14:46:08+00:00,10.1002/aenm.71648,Eric D. Wachsman,,"ABSTRACT
                  Inhomogeneous lithium nucleation at the current collector‐solid electrolyte interface leads to unstable lithium growth and poor reversibility in “lithium‐free” solid‐state batteries. Here we show that stable lithium formation occurs within a mixed ionic and electronic conducting (MIEC) garnet scaffold. The intrinsic electronic conductivity of the porous framework enables lithium to nucleate uniformly along internal pore surfaces, rapidly forming a conformal lithium coating, thus establishing electronic connectivity at very low lithium volume fraction. This uniform lithium formation dramatically lowers anode impedance, enabling reversible lithium plating and stripping with Coulombic efficiencies of a previously unheard‐of 99.95%. When paired with NMC811 cathodes, bilayer (MIEC(P)‐LLZ(D)) “lithium‐free” full cells exhibit stable, highly reversible cycling at practical current densities, all at room temperature with no applied pressure. The interplay between lithium volume fraction and impedance is quantitatively modeled, transforming the understanding of lithium nucleation in a “lithium‐free” cell from an empirical interface problem to a percolation‐governed transport process, guiding the design of electronically percolating scaffolds for next‐generation solid‐state batteries.",crossref
Molecular Recognition by Halogen Bonding With Atomic Precision in a Covalent Organic Cage,https://onlinelibrary.wiley.com/doi/10.1002/anie.5640364?af=R,,Wiley: Angewandte Chemie International Edition: Table of Contents,2026-09-27 16:28:49+00:00,10.1002/anie.5640364,Alexandre Martinez,,"ABSTRACT
                  Halogen bonding (XB) is a recognition motif of increasing importance but it remains underused in solution. Embedding a single XB motif within a molecular capsule improves both its stability and interaction strength by finely tuning inward position and orientation. In this context, a new Covalent Organic Cage (COC) was prepared sequestering a polarized P‐Cl bond. This hemicryptophane carrying a haloazaphosphatrane moiety was found to bind dimethyl methylphosphonate (DMMP), a Sarin surrogate, by halogen bonding with atomic precision. Indeed, the same cage having the chlorine atom substituted by a hydrogen atom showed no detectable recognition. Such level of discrimination definitely establishes halogen bonding COC as a new generation of efficient receptors for molecular recognition.",crossref
Catalytic Enantioselective Remote Transannular Desymmetrization of Calix[4]Arenes to Inherently Chiral Double‐Macrocycles,https://onlinelibrary.wiley.com/doi/10.1002/anie.7110885?af=R,,Wiley: Angewandte Chemie International Edition: Table of Contents,2026-09-27 16:32:00+00:00,10.1002/anie.7110885,Shuo Tong,,"ABSTRACT
                  
                    There has been a recent surge in research aimed at synthesizing inherently chiral macrocycles that lack point, axial, planar, or helical chirality. To overcome the structural limitations of existing inherently chiral macrocyclic systems, which often suffer from facile racemization due to conformational flexibility, we report herein an asymmetric synthesis of a new class of inherently chiral double‐macrocyclic molecules through an intramolecular macrocyclization strategy, employing calix[4]arenes as the starting platform. Catalyzed by [Pd(allyl)Cl]
                    2
                    and a chiral phosphoramidite ligand, calix[4]arene derivatives bearing a monoaryl bromide linker at the upper rim underwent a facile enantioselective remote transannular Suzuki–Miyaura coupling with the adjacent upper‐rim position of the neighboring arene unit, furnishing the desired inherently chiral double‐calixarene macrocycles in up to 71% yield and 91%
                    ee
                    . The resulting double macrocycles feature stable conformations and unique semi‐enveloped chiral cavities, and exhibit promising chiral catalytic and chiroptical properties.",crossref
Inducing Orientation Polarisation via Regional Isomerisation in Covalent Organic Frameworks for Enhanced O2 Photoactivation,https://onlinelibrary.wiley.com/doi/10.1002/anie.2540246?af=R,,Wiley: Angewandte Chemie International Edition: Table of Contents,2026-09-27 16:34:19+00:00,10.1002/anie.2540246,Xu Wu,,"ABSTRACT
                  
                    Boosting the O
                    2
                    photoactivation for efficient generation of reactive oxygen species is crucial to the synthesis of high‐value chemicals. Inducing strong dipole interaction is an effective strategy to strengthen the built‐in electric field (BIEF). However, it remains a great challenge to realize the precise regulation of polarisation orientation. Herein, a strategy to precisely control the polarity orientation of covalent organic frameworks (COFs) by regulating the regioisomerism of building blocks is proposed. Specifically, we integrated three regioisomeric thiophene derivatives into COF skeletons for H
                    2
                    O
                    2
                    photosynthesis. Experimental and theoretical results show that the presence of adjacent S atoms in TTDA‐TAPT‐COF facilitates oriented dipole alignment, significantly enhancing the BIEF strength. Furthermore, this unique structure forms concave‐convex pore walls with adjacent double‐S atomic binding sites, inducing a switch of the O
                    2
                    adsorption configuration from Pauling‐type to Yeager‐type, thereby significantly enhancing H
                    2
                    O
                    2
                    photosynthesis. This work reveals the decisive role of regional isomerisation in tuning polarity orientation and BIEF, and this strategy is expected to be extended to other photocatalytic reactions involving oxygen activation, such as organic oxidation and pollutant degradation.",crossref
Local Coordination and Electronic Coupling Governs Charge Dynamics in BiVO4 Photoanodes,https://onlinelibrary.wiley.com/doi/10.1002/anie.3499350?af=R,,Wiley: Angewandte Chemie International Edition: Table of Contents,2026-09-27 16:36:43+00:00,10.1002/anie.3499350,Miguel García‐Tecedor,,"ABSTRACT
                  
                    Transition‐metal incorporation is widely employed to enhance the photoelectrochemical performance of BiVO
                    4
                    photoanodes, yet how the local incorporation environment governs charge‐carrier dynamics remains poorly understood. Here, we establish a structure‐function relationship between the local environments of Fe, Co, and Ni and the resulting charge‐dynamics in BiVO
                    4
                    . Combining synchrotron‐based x‐ray spectroscopies with femtosecond‐to‐microsecond photophysical measurements, we show that all transition metals improve water oxidation activity relative to pristine BiVO
                    4
                    , following the trend (Ni &gt; Fe &gt; Co) &gt; BiVO
                    4
                    . Fe and Co predominantly adopt heterogeneous, oxide‐like local environments associated with weaker and more spatially heterogeneous coupling to the BiVO
                    4
                    framework, resulting in moderate improvements in charge separation. In contrast, Ni forms highly oxidized, locally octahedrally coordinated Ni–O units that exhibit stronger electronic coupling with the BiVO
                    4
                    framework, modifying the V–O electronic structure, suppressing charge localization and recombination, and extending carrier lifetimes across multiple timescales.
                    Operando
                    x‐ray absorption further reveals that incorporated Ni species remain electronically responsive under working conditions, linking their local electronic structure to photogenerated charge accumulation. These findings demonstrate that the photoelectrochemical behavior of transition‐metal‐modified BiVO
                    4
                    is governed by the nature of metal–host electronic coupling rather than metal identity alone, providing a general design principle for oxide photoanodes.",crossref
Anion‐Doped Manganese Oxides Enabling Relay Catalysis for Aerobic Alcohol Ammoxidation,https://onlinelibrary.wiley.com/doi/10.1002/anie.5879363?af=R,,Wiley: Angewandte Chemie International Edition: Table of Contents,2026-09-27 16:39:50+00:00,10.1002/anie.5879363,Zehui Zhang,,"ABSTRACT
                  
                    The development of noble‐metal‐free heterogeneous catalysts for room‐temperature aerobic ammoxidation of alcohols to nitriles represents an enduring challenge, primarily hampered by unselective lattice‐oxygen over‐oxidation via the classical Mars–van Krevelen (MvK) pathway and strong site‐blocking effects. Herein, we report a dual‐anion (C/N) doped MnO
                    
                      x
                    
                    (C/N–MnO
                    
                      x
                    
                    ) synthesized via a green, solvent‐free crystallization strategy, which exhibits excellent catalytic performance (95.3% benzyl alcohol conversion, &gt;99% benzonitrile selectivity) and broad substrate versatility (35 diverse alcohol substrates) under ambient conditions (25°C, 1 atm O
                    2
                    ) without external energy inputs. Structural analyses and theoretical calculations demonstrate that N‐doping introduces medium‐strong Lewis acidic Mn–N sites to capture NH
                    3
                    , while C‐doping generates localized oxygen vacancies for O
                    2
                    activation. Crucially, kinetic isotope effect experiments and density functional theory (DFT) calculations prove that this anion dopant‐programmed relay catalysis successfully bypasses the MvK pathway, fundamentally shifting the rate‐determining step from initial alcohol dehydrogenation to the homolytic
                    α
                    –C–H bond scission of the aldimine intermediate. This work presents a paradigm shift in designing multifunctional non‐precious catalysts for ambient‐condition green organic transformations.",crossref
Ultrastable Hydrogen‐Bonded Organic Framework for Efficient CO2/CH4 Separation in Humid Environments,https://onlinelibrary.wiley.com/doi/10.1002/anie.2076718?af=R,,Wiley: Angewandte Chemie International Edition: Table of Contents,2026-09-27 16:40:39+00:00,10.1002/anie.2076718,Banglin Chen,,"ABSTRACT
                  
                    Selective CO
                    2
                    removal during methane purification is critical for energy‐efficient utilization. The development of porous adsorbents integrating ultrahigh structural stability, excellent separation capability, and moisture resistance represents a desirable yet challenging objective for upgrading natural gas. Unlike conventional synthesis strategies for hydrogen‑bonded organic frameworks (HOFs) that utilize strong hydrogen‐bonding groups such as carboxylic acid groups and 2,4‐diaminotriazine, this study employs aldehyde functionalities to construct a novel HOF (HFPTP‐HOF) with exceptional moisture resistance and ultrahigh stability. At 298 K and 1 atm, the material exhibits an IAST selectivity of 18.61 for equimolar CO
                    2
                    /CH
                    4
                    mixtures, representing the highest values among reported HOF materials. Dynamic breakthrough experiments confirm its ability to produce 99.99% pure CH
                    4
                    . More notably, the HOF adopts a distinctive interlayer stacking structure formed by synergistic interligand multiple C–H⋯O hydrogen bonding and interdigitation. This interlayer stacking architecture imparts remarkable stability to HFPTP‐HOF by encapsulating the hydrogen bonds responsible for framework formation within a hydrophobic barrier, which allows it to retain structural integrity even when immersed in 12 M hydrochloric acid at 50°C, 20 M sodium hydroxide at 100°C or boiling water for 7 days. To our knowledge, this stability exceeds those of all reported HOFs. In addition, within the HOF's pore channels, aldehyde groups and hydrophobic benzene rings are distributed on opposite sides of the pores. This spatial arrangement effectively prevents water molecule clustering within the pores, enabling HFPTP‐HOF to maintain outstanding CO
                    2
                    /CH
                    4
                    separation performance even under 90% RH. Overall, this work provides new insights into the design and synthesis of HOFs that combine ultrahigh stability with exceptional humidity‑resistant separation efficiency.",crossref
Recognition Mechanism of Serotonin by a G‐Quadruplex–Duplex Hybrid Aptamer,https://onlinelibrary.wiley.com/doi/10.1002/anie.8380078?af=R,,Wiley: Angewandte Chemie International Edition: Table of Contents,2026-09-27 16:40:46+00:00,10.1002/anie.8380078,Conggang Li,,"ABSTRACT
                  Serotonin is a key neurotransmitter, and aptamer‐based tools using the 44‐nt Apt44 have been successfully developed for its in vitro and in vivo detection. Nevertheless, the structural basis of recognition by this aptamer remains unclear. Here, we report high‐resolution NMR structures of Apt38, a 6‐nt truncated variant in the third loop of Apt44, in free and serotonin‐bound states. Both structures reveal a two‐layered antiparallel chair‐type G‐quadruplex core with three edgewise loops and a terminal duplex, forming a G‐quadruplex–duplex hybrid structure. Serotonin binds at the G‐quadruplex–duplex junction by stacking directly onto the G‐tetrad plane without contacting the duplex, representing a newly identified binding mode at this hotspot junction. This binding is stabilized by stacking, electrostatic attraction, hydrogen bonding, and hydrophobic contacts. Apt38 is preorganized for binding, whereas the longer third loop of Apt44 introduces conformational dynamics into the G‐quadruplex scaffold, which enables a pronounced binding‐triggered conformational switch in PBS buffer, explaining its sensing mechanism. Our work reveals the recognition and sensing mechanism of the serotonin aptamer and provides a framework for aptamer design in serotonin biosensing.",crossref
Radical Negative‐Feedback in High Entropy UiO‐67 to Break the Activity–Stability Trade‐Off in Photocatalytic Oxygenation of CH4,https://onlinelibrary.wiley.com/doi/10.1002/anie.2967863?af=R,,Wiley: Angewandte Chemie International Edition: Table of Contents,2026-09-27 16:43:26+00:00,10.1002/anie.2967863,Zizhong Zhang,,"ABSTRACT
                  
                    The activity–stability trade‐off has long been a Gordian knot for metal–organic frameworks (MOFs) photocatalyst. Here, a high‐entropy UiO‐67 MOF (HE‐UiO‐67) constructed with 2,2'‐bipyridine‐5,5'‐dicarboxylic acid as the linker and ZrCeHfSnFe metal nodes was designed to induce a hydroxyl radical (•OH) negative‐feedback mechanism to disentangle the trade‐off in methane oxygenation with H
                    2
                    O
                    2
                    . When the •OH concentration generated at Fe sites exceeds the tolerance threshold of adjacent Ce─O bonds, the Ce centers are reconstructed by ligand abstraction into the unsaturated Ce sites for driving the interfacial H
                    2
                    O
                    2
                    conversion into low oxidative O
                    2
                    or •OOH species in high‐entropy metal nodes, thereby blocking the MOFs damage. This unique radical negative feedback process in HE‐UiO‐67 can maximize the concentration of radicals while maintain the stable operation for over 100 h in an ambient pressure flow‐phase system, substantially exceeding most of the previous reports. Under visible light irradiation, HE‐UiO‐67 photocatalyst exhibits an outstanding liquid oxygenate yield of up to 9732 µmol g
                    −1
                    h
                    −1
                    with a selectivity of 93.5%. Overall, this study opens up a promising strategy for designing efficient and durable photocatalysts to break the activity–stability trade‐off in CH
                    4
                    oxygenation.",crossref
The Strong Electronic Metal–Support Interactions Mediated Direct Three‐Electron Oxygen Reduction for Enhanced Hydroxyl Radical Generation,https://onlinelibrary.wiley.com/doi/10.1002/anie.8484914?af=R,,Wiley: Angewandte Chemie International Edition: Table of Contents,2026-09-27 16:45:40+00:00,10.1002/anie.8484914,Kan Li,,"ABSTRACT
                  
                    Hydroxyl radical (·OH) production in the traditional electro‐Fenton process relies on the two‐electron oxygen reduction reaction (2e
                    −
                    ORR) to generate H
                    2
                    O
                    2
                    , followed by activation by ferrous ions, suffering from low efficiency and mass‐transfer limitations. Herein, we demonstrate that the strong electronic metal–support interactions (EMSIs) established between FeOCl and a composite carbon (GC) support could steer the 2e
                    −
                    ORR toward a direct 3e
                    −
                    ORR pathway, boosting the yield of ·OH. Combined characterizations and DFT calculations revealed that the average net charge on Fe atoms was increased owing to charge redistribution within the FeOCl driven by the strong EMSIs, enabling the optimized adsorption of O
                    2
                    and key intermediates (*OOH and *HOOH), thus facilitating the efficient ·OH generation. The resulting FeOCl/GC 3e
                    −
                    ORR system achieved a ·OH yield of 128.8 µmol g
                    cat
                    −1
                    min
                    −1
                    , which was seven times that of the conventional Fe
                    2
                    O
                    3
                    /GC electro‐Fenton system, allowing rapid water decontamination with an apparent rate constant of 1.15 min
                    −1
                    . Moreover, the sufficient ·OH production realized over 90% decontamination efficiency retained after 25 cycles, highlighting its potential for practical application. This work establishes strong EMSIs as a powerful strategy for regulating ORR pathways to enhance ·OH generation in the electro‐Fenton system.",crossref
Water Helicity‐Modulated Hierarchical Inverse Chirality Transfer in Supramolecular Assembly,https://onlinelibrary.wiley.com/doi/10.1002/anie.3329596?af=R,,Wiley: Angewandte Chemie International Edition: Table of Contents,2026-09-27 16:49:41+00:00,10.1002/anie.3329596,Chuanliang Feng,,"ABSTRACT
                  
                    Water helicity is ubiquitous in biological architectures (e.g., proteins and enzymes) and plays a crucial role in hierarchical chirality transfer. However, achieving water helicity‐modulated hierarchical inverse chirality transfer (e.g., molecular chirality to water helicity and ultimately to nanoscale chirality opposite to that of water) remains a fundamental challenge, owing to the intricate coupling between water conformation and structural hierarchies. Here we demonstrate that a helical water can be constructed and mediate inverse chirality transfer by rationally designing
                    l
                    ‐phenylalanine derivative (LPPF) featuring a geometrically matched carboxyl pocket for water. A two‐step inversion cascade of chirality emerges: the L‐configured molecular stereocenter dictates an M‐helical arrangement of water in carboxyl pocket, which in turn templates the P‐helicity of LPPF nanofibers. This process only requires trace amounts of water, and its absence results in achiral nanobelts and circular dichroism (CD) silence. Besides, the helical water has a crucial influence on the function of P‐nanofibers as indicative by the transformation of spin selectivity from up to down upon in situ removal of helical water. Our findings provide deeper insight into the complexity of chirality transfer by revealing a water‐helicity‐modulated inverse transfer mechanism.",crossref
Daily briefing: Old hearts ‘de-age’ in younger people,https://www.nature.com/articles/d41586-026-03089-w,,Nature,2026-09-28 00:00:00+00:00,10.1038/d41586-026-03089-w,Flora Graham,,,
Large language models for social governance: An analytical framework and research agenda,https://academic.oup.com/nsr/advance-article/doi/10.1093/nsr/nwag602/8842646?rss=1,,National Science Review Advance Access,2026-09-28 00:00:00+00:00,10.1093/nsr/nwag602,Zhixin Liu,,"As social governance becomes increasingly complex, traditional governance approaches face challenges such as information asymmetry, fragmented coordination, delayed risk response, and uneven public service delivery. Large language models (LLMs) offer new possibilities for knowledge processing, decision support, and human–machine interaction in this context. This article provides a comprehensive and framework-oriented review of research on LLMs, digital governance, public governance, and computational social science. It develops a governance-oriented analytical framework that links LLMs capabilities, governance functions, operating mechanisms, governance outcomes, and risk constraints. The review examines representative application scenarios, including emergency management, information propagation, intelligent rule of law, data governance, public security, healthcare, and e-government. The analysis highlights uneven evidence maturity across these scenarios: bounded tasks such as policy retrieval, public consultation, information summarization, and administrative document processing have clearer deployment pathways, whereas high-stakes simulation, legal reasoning, public security assessment, healthcare triage, and cross-departmental decision support require stronger validation and oversight. LLM-enabled social governance also remains constrained by hallucination, algorithmic bias, privacy leakage, weak explainability, resource inequality, accountability gaps, and institutional adaptation challenges. This article argues that LLMs should be understood as decision-support infrastructures embedded in accountable, auditable, and public value-oriented governance institutions.",rss_oup
Moving quantum computing from engineered advantage to practical utility,https://www.nature.com/articles/s41928-026-01717-x,,Nature Electronics,2026-09-28 00:00:00+00:00,10.1038/s41928-026-01717-x,He-Liang Huang,,,
Paid to peer review: firms are paying researchers to assess manuscripts for journals,https://www.nature.com/articles/d41586-026-02277-y,,Nature,2026-09-28 00:00:00+00:00,10.1038/d41586-026-02277-y,Miryam Naddaf,,,
Deep reduction in electrosynthesis,https://www.nature.com/articles/s41557-026-02249-9,,Nature Chemistry,2026-09-28 00:00:00+00:00,10.1038/s41557-026-02249-9,Alastair J. J. Lennox,,"Electrochemical reduction is solidifying its role as an increasingly important and practical alternative to the use of conventional stoichiometric chemical reductants. Not only can this technique be sustainable, safe and scalable, but it provides a facile approach to accessing deep reduction potentials (approximately +/Fc) that may be inaccessible using common reductants or accessible only using highly reactive and potentially unsafe reagents. Hence, over recent years substantial efforts have been made to develop electrochemical deep reduction to enable safer access to new areas of chemical space. While hazardous reagents have been replaced and novel transformations have been invented, the technique also comes with its challenges. In this review, we provide context to the issues that can arise when applying very reducing potentials and offer examples of mitigating strategies by describing selected transformations that are enabled or improved by deep electrochemical reduction.",nature_html
Embedding science in AI for inverse materials design,https://academic.oup.com/nsr/advance-article/doi/10.1093/nsr/nwag615/8842081?rss=1,,National Science Review Advance Access,2026-09-28 00:00:00+00:00,10.1093/nsr/nwag615,Tong-Yi Zhang,,"Tao Lyu, Jie Xiong, Tong-Yi Zhang; Embedding science in AI for inverse materials design, National Science Review, , nwag615, https://doi.org/10.1093/nsr/nw",openalex
Old hearts age backwards: transplanted organs adjust to host's biological age,https://www.nature.com/articles/d41586-026-03043-w,,Nature,2026-09-28 00:00:00+00:00,10.1038/d41586-026-03043-w,Chris Simms,,,
Bigger than CRISPR? A guide to the latest genome editors,https://www.nature.com/articles/d41586-026-02964-w,,Nature,2026-09-28 00:00:00+00:00,10.1038/d41586-026-02964-w,Heidi Ledford,,,
"Stephen Hawking biography explores an ‘exceptionally clear, uncluttered mind’",https://www.nature.com/articles/d41586-026-02959-7,,Nature,2026-09-28 00:00:00+00:00,10.1038/d41586-026-02959-7,Neil Turok,,,
China now leads the world in trials for next-gen CAR-T therapies,https://www.nature.com/articles/d41586-026-03004-3,,Nature,2026-09-28 00:00:00+00:00,10.1038/d41586-026-03004-3,Rachel Fieldhouse,,,
Sensing forces that shape tumours,https://www.nature.com/articles/s41565-026-02284-0,,Nature Nanotechnology,2026-09-28 00:00:00+00:00,10.1038/s41565-026-02284-0,Ian Y. Wong,,,
Adaptive integration of bioelectronics,https://www.nature.com/articles/s41563-026-02771-8,,Nature Materials,2026-09-28 00:00:00+00:00,10.1038/s41563-026-02771-8,,,,
Author Correction: Nanoscale exchange-bias magnetic tunnel junctions enabled memristive synapse and leaky-integrate-fire neuron for neuromorphic computing,https://www.nature.com/articles/s41467-026-78298-y,,Nature Communications,2026-09-28 00:00:00+00:00,10.1038/s41467-026-78298-y,Weisheng Zhao,,inconsistencies,semanticscholar
Spatial synergy for mitigating renewable droughts: Evaluating long-distance interconnection between Gobi Desert renewable bases and the East China power grid,https://www.sciencedirect.com/science/article/pii/S0306261926015886?dgcid=rss_sd_all,,ScienceDirect Publication: Applied Energy,2026-09-28 00:00:00+00:00,,Ning Zhang,,,
Probabilistic assessment method for demand response potential of 5G base stations considering user spatiotemporal distribution,https://www.sciencedirect.com/science/article/pii/S0306261926015928?dgcid=rss_sd_all,,ScienceDirect Publication: Applied Energy,2026-09-28 00:00:00+00:00,,Chunyi Huang,,,
Energy policy and energy poverty under geopolitical fragmentation: Evidence on structural constraints,https://www.sciencedirect.com/science/article/pii/S0301421526005604?dgcid=rss_sd_all,,ScienceDirect Publication: Energy Policy,2026-09-28 00:00:00+00:00,,Yen Hoang Hai,,,
An historic fishery collapse driven by socioeconomic and environmental factors,https://www.nature.com/articles/s41893-026-01937-1,,Nature Sustainability,2026-09-28 00:00:00+00:00,10.1038/s41893-026-01937-1,Marco Scotti,,"In the Late Middle Ages, the western Baltic herring fishery played a central role in Europe. Salted herring was the basis for welfare and political power. We make use of a 450-year time series of Baltic herring catches (1200–1650), to identify which factors drove the herring catch dynamics during different phases of our time series. By the year 1570, the fishery suddenly collapsed, causing large-scale dislocations in trade, with major social and political consequences. Using a recently established bioeconomic stock assessment method based on catch and price data, in tandem with a loop analysis, we find that a combination of climate change, overfishing and socioeconomic factors can explain the drastic collapse of the fishery. The results underline the need for interdisciplinary approaches, including social sciences, to understand the dynamics of fishery systems. This has relevance for fisheries management today, in the Baltic and elsewhere.",nature_html
Energy transition under fragmentation: A threshold analysis of inclusive governance in developing economies,https://www.sciencedirect.com/science/article/pii/S0301421526005574?dgcid=rss_sd_all,,ScienceDirect Publication: Energy Policy,2026-09-28 00:00:00+00:00,,Peter Verhoeven,,,
Mechanical stress remodelling drives epithelial–mesenchymal transition in the tumour microenvironment,https://www.nature.com/articles/s41565-026-02282-2,,Nature Nanotechnology,2026-09-28 00:00:00+00:00,10.1038/s41565-026-02282-2,Jinwoo Cheon,,"The dynamic mechanical response of tissues underlies their physiological function; yet a direct, quantitative measurement of tissue stress in vivo has remained a major challenge. Here we introduce the mechanoMR microparticle sensor, a platform that transduces local tissue mechanical stress into quantitative magnetic resonance read-outs with single-particle resolution. The sensor comprises alginate hydrogel microparticles (~70 μm) homogeneously embedded with Zn0.4Fe2.6O4 magnetic nanoparticles, where stress-induced hydrogel compression reduces local water content and restricts proton diffusion surrounding the magnetic nanoparticles, thereby modulating magnetic-nanoparticle-mediated transverse relaxation (R2). Calibration of the stress–R2 relationship enables a quantitative measurement of local tissue stress over a physiologically relevant range of 0–15 kPa. We demonstrate the platform in tumour spheroids and mouse xenografts, enabling the non-invasive, spatiotemporal mapping of tissue stress during tumour progression. Using this approach, we show that epithelial–mesenchymal transition is accompanied by distinct stress remodelling patterns in vivo. Strikingly, abrupt stress increases, rather than cumulative or peak stress magnitude, determine epithelial–mesenchymal transition induction. Transcriptomic profiling reveals that gradual stress loading activates cytoprotective FOXO/AMPK pathways that reinforce epithelial stability, whereas acute stress surges overwhelm these defence mechanisms, predisposing cells to mesenchymal reprogramming. These findings establish the mechanoMR microparticle sensor as a broadly applicable platform for linking tissue mechanics to cell-state transitions in development and disease.",nature_html
Building-block synthesis as a determinant of antibiotic persistence,https://www.nature.com/articles/s41467-026-78277-3,,Nature Communications,2026-09-28 00:00:00+00:00,10.1038/s41467-026-78277-3,Séverin Ronneau,,"Reduced antibiotic target activity is a major driver of antibiotic treatment failure. While this has mostly been linked to the presence of low-energy bacteria, a recent study by Taher and colleagues suggests that reduced building-block synthesis can also promote antibiotic survival during nitrogen starvation — a route distinct from energy limitation.",openalex
Vaping in childhood has bigger health risks than we’d thought,https://www.nature.com/articles/d41586-026-02962-y,,Nature,2026-09-28 00:00:00+00:00,10.1038/d41586-026-02962-y,Francis J. Gilchrist,,,
Author Correction: Unified bilayer membranes with mechanically reinforced interface for stage-adaptive bone regeneration,https://www.nature.com/articles/s41467-026-78171-y,,Nature Communications,2026-09-28 00:00:00+00:00,10.1038/s41467-026-78171-y,Yuxiao Lai,,"In the version of this article initially published, in the Fig. 2d Source Data and associated figure panel, the Raman intensity data for the CS membrane were all inadvertent duplicate values. The correct Source Data and Fig. 2d panel have been updated in the HTML and PDF versions of the article. For comparison, the original Fig. 2 is available as Supplementary Information accompanying this amendment.",openalex
Environmental stochasticity reduces human planning effort,https://www.nature.com/articles/s41467-026-78023-9,,Nature Communications,2026-09-28 00:00:00+00:00,10.1038/s41467-026-78023-9,Wei Ji Ma,,"The world is stochastic, making planning difficult. Despite the ubiquity of stochasticity in real-world environments, it remains an open question how people effectively balance the cognitive costs of planning against its potential benefits when faced with stochasticity. To study this, we designed a planning task where participants face one of three forms of stochasticity commonly encountered in the real world: reliability, volatility, and controllability. We find a robust pattern across all three manipulations: as stochasticity increases, people reduce their planning effort as measured by first-choice response times. To understand the processes underlying this effect, we developed several computational cognitive models to account for participants’ choices. We find that rather than calculating expected values optimally, people choose a simpler strategy, acting as if the world were deterministic, a phenomenon known as determinizing. Consistent with our response time findings, we find that people reduce their effort by decreasing their sensitivity to values with increasing stochasticity, a signature of policy compression. Our work highlights the often overlooked role of stochasticity in human planning and its impact on planning strategy and effort. Moreover, it reveals the limitations of studying stochasticity solely through single-shot decisions.",nature_html
A cloud-edge collaborative dual-modal fault detection block for battery packs: Enabling intelligent safety management in electric vehicle battery systems,https://www.sciencedirect.com/science/article/pii/S0306261926015473?dgcid=rss_sd_all,,ScienceDirect Publication: Applied Energy,2026-09-28 00:00:00+00:00,,Massimo Poncino,,,
Orbital Coupling Over N‐Bridged Zn─Co Atomic Pairs Enables Lignocellulose Valorization,https://onlinelibrary.wiley.com/doi/10.1002/anie.4411028?af=R,,Wiley: Angewandte Chemie International Edition: Table of Contents,2026-09-28 02:41:46+00:00,10.1002/anie.4411028,Ji‐Jun Zou,,"ABSTRACT
                  
                    Production of monophenols and carbohydrates through reductive catalytic fractionation is the key operation for lignocellulose utilization. Metal utilization can be maximized by single‐atom catalysts, but catalytic performance is limited by the insufficient activation capability of a single site. Here, N‐bridged Zn─Co atomic pairs with compressed Zn─N/Co─N bonds are constructed to enable continuous orbital coupling near the Fermi level, by which the C
                    β
                    ─O bond of lignin is activated by accepting charge via vacant Co
                    d
                    xz
                    /
                    d
                    yz
                    orbitals and the C
                    α
                    ─OH bond is activated by injecting charge via Zn
                    d
                    xy
                    orbitals. Hydrogen heterolytic dissociation is also facilitated by the compressed Co─N through polarizing H
                    2
                    to H
                    δ−
                    ‐H
                    δ+
                    . Consequently, superior activity is exhibited, by which wood is converted to monophenols with a near‐theoretical yield and carbohydrates with 92.2% retention at 200°C, and a TOF of 3.5 h
                    −1
                    is achieved, 6.1 times that of benchmark 5%Ru/C. A scaled‐up operation using the produced phenols as solvent is designed, achieving a high monophenol concentration 85.8 g/L in the resultant liquid and demonstrating excellent industrial potential. A design concept for non‐noble‐metal catalysts at the atomic orbital level is thus provided for lignocellulose biorefining.",crossref
Increasing Lipid Nanoparticle mRNA Copy Number Improves Transfection Potency,https://advanced.onlinelibrary.wiley.com/doi/10.1002/adma.75174?af=R,,Wiley: Advanced Materials: Table of Contents,2026-09-28 06:35:40+00:00,10.1002/adma.75174,Pieter R. Cullis,,"ABSTRACT
                  Lipid nanoparticles (LNPs) are the leading platform for delivery of RNA‐based therapeutics. There is considerable interest in optimizing the transfection potency of these systems. Standard formulation protocols involve mixing lipids in ethanol with a buffer containing mRNA at pH 4, followed by dialysis against a pH 7.4 saline buffer to remove ethanol and raise the pH. The dialysis process results in fusion of mRNA‐lipid complexes and small vesicles formed at pH 4, driven by two processes: Conversion of the ionizable lipid from the positively charged bilayer form to the neutral oil form and fusion stimulated by higher ionic strengths. Here we explored the consequences of a two‐step dialysis process involving formulating at pH 4, 25 mM NaOAc, and then inducing fusion at pH 4 by dialyzing against a higher ionic strength buffer while maintaining the ethanol concentration at 25% (v/v). This was followed by dialysis against PBS to raise the pH. We show that the two‐step protocol results in increased mRNA loading per LNP, a decreased proportion of “empties” as compared to the standard process, and improved transfection potencies in vitro and in vivo when compared to LNP mRNA formed from the traditional one‐step buffer exchange process.",crossref
Hypertemperature‐Detonated Biomimetic Semiconductor Stromal Bombs for Enhanced Immunotherapy in Pancreatic Cancer,https://advanced.onlinelibrary.wiley.com/doi/10.1002/adma.202523468?af=R,,Wiley: Advanced Materials: Table of Contents,2026-09-28 07:13:30+00:00,10.1002/adma.202523468,Shi Chen,,"ABSTRACT
                  
                    Pancreatic ductal adenocarcinoma (PDAC) is characterized by “copper avidity”, which easily leads to the dysregulation of copper ion homeostasis. It is possible to develop targeted nanodrugs that selectively kill cancer cells via cuproptosis. However, the dense stroma of PDAC acts as an airtight wall, which not only limits the penetration and distribution of therapeutic agents but also promotes immunosuppressive mechanisms via its hypoxia‐promoting effects, often leading to treatment failure. Thus, we developed a near‐infrared (NIR)‐responsive semiconductor polymer‐metal‒organic framework (MOF) nanoreactor (SPNMCH) that was loaded with copper sulfide nanoclusters (CuS
                    x
                    NCs) and hyaluronidase (HAase). This biomimetic semiconductor “bomb” extensively demolishes the wall (by highly activating HAase) and precisely eliminates tumor cells (through its active copper uptake to induce cuproptosis). Simultaneously, the synergistic effects of increased oxygen delivery and cuproptosis elicit robust antitumor immune responses to inhibit tumor progression and distant metastasis, and strong immune memory effects as observed in four mouse cancer models. Additionally, SPNMCH can be combined with anti‐programmed death receptor 1 (PD‐1) antibodies to further promote T cell‐mediated antitumor immunity. This study reveals a promising strategy for establishing a “hot” tumor immune niche in PDAC to promote the response to immunotherapy.",crossref
Biohybrid Crawling Robot With Spiral‐Spring Backbone and Inclined Legs for Enhanced Locomotion,https://advanced.onlinelibrary.wiley.com/doi/10.1002/adma.75167?af=R,,Wiley: Advanced Materials: Table of Contents,2026-09-28 07:18:40+00:00,10.1002/adma.75167,Shoji Takeuchi,,"ABSTRACT
                  
                    Biohybrid robots powered by muscle tissues offer flexibility and silent actuation, and ring‐shaped muscle tissues (muscle rings) are promising modular actuators. However, locomotion in muscle‐ring‐driven robots remains limited by bending resistance and leg geometry of their skeletons. At reliably printable dimensions, straight‐beam backbones resist bending and restrict muscle‐driven deformation. Thinning the beam increases bending compliance but reduces torsional stiffness and conflicts with fabrication limits. Predominantly vertical legs, oriented perpendicular to the substrate, limit conversion of contraction–relaxation cycles into directional displacement. Here, we present a biohybrid crawling robot combining two complementary structural elements. Compared with a straight beam producing the same bending displacement, the spiral‐spring backbone maintains a larger, printable cross‐section and exhibits greater resistance to unintended torsional deformation, supporting axial postural stability. This geometry facilitates transmission of muscle‐generated force into large‐amplitude body deformation. Additionally, outward‐inclined legs with unequal front–rear lengths introduce phase‐dependent frictional anchoring that converts cyclic deformation into directional strides. Integrating these elements, the robot achieved a forward speed of 2.0 mm s
                    −
                    1
                    (14 body lengths per minute), exceeding those of previously reported muscle‐powered crawling and walking robots. These results establish a structural design principle that balances bending compliance, torsional resistance, printability, and directional anchoring to improve biohybrid locomotion.",crossref
Heteronuclear Bidentate Coupling of Oxygenated Intermediates Unlocking Selective and Long‐Lasting Acidic CO2 Electrolysis on High‐Entropy Alloys,https://advanced.onlinelibrary.wiley.com/doi/10.1002/adma.75161?af=R,,Wiley: Advanced Materials: Table of Contents,2026-09-28 07:34:51+00:00,10.1002/adma.75161,Zhen Zhang,,"ABSTRACT
                  
                    Acidic CO
                    2
                    electrolysis circumvents low carbon utilization encountered in neutral and alkaline electrolytes. High‐entropy alloys (HEAs), despite their promise for catalysis, remain unexplored in acidic CO
                    2
                    electrolysis plagued by difficult control over reaction pathways on multi‐metal sites and severe metal dissolution in acidic and reductive environments. Here, we unlock the first demonstration of acidic CO
                    2
                    electrolysis over a mildly synthesized nano‐coral HEA catalyst via rationally directed electron reordering. The tailored electron pairing effect engenders a distinctive Cu‐O–C–Ag heteronuclear bidentate coupling configuration of oxygenated intermediates, which facilitates the C─O bond elongation and cleavage, substantially lowering energy barrier of the rate‐determining *COOH‐to‐*CO conversion. Concurrently, the orchestrated charge redistribution among synergistic metal atoms strengthens intermetallic bonding, elevating the dissolution energy of constituent metals and conferring robust corrosion resistance in acidic electrolyte. The designed senary HEA catalyst delivers, for the first time, efficient acidic CO
                    2
                    electroreduction, achieving near‐unity CO Faradaic efficiency (FE) of 99% and sustained operation with FE exceeding 90% for over 180 h. Such catalyst also exhibits remarkable performance across pH‐universal electrolytes, enabling generally applicable CO
                    2
                    electrolysis. This work establishes a new paradigm for regulating intermediates adsorption on HEA structure, opening up a pathway for HEA catalysts toward acidic CO
                    2
                    electrolysis.",crossref
Epitaxially Integrated Electro‐Optic KNbO3 Thin Films on Silicon,https://advanced.onlinelibrary.wiley.com/doi/10.1002/adma.75067?af=R,,Wiley: Advanced Materials: Table of Contents,2026-09-28 07:34:53+00:00,10.1002/adma.75067,Venkatraman Gopalan,,"ABSTRACT
                  
                    The absence of a native electro‐optic effect in silicon remains a fundamental limitation for integrated photonics, motivating the integration of ferroelectric oxides as active materials. Here, we report the first epitaxial integration of KNbO
                    3
                    thin films on silicon, establishing a new materials platform for silicon‐integrated electro‐optics. Silicon integration of KNbO
                    3
                    has remained unexplored due to potassium volatility challenges during synthesis. Employing suboxide molecular‐beam sources assisted by in situ RHEED monitoring and guided by thermodynamic simulations, we establish an adsorption‐controlled growth window for phase‐pure KNbO
                    3
                    films. Temperature dependent x‐ray diffraction, optical second‐harmonic generation, piezo‐response force microscopy, and transmission electron microscopy aided by phase‐field simulations confirm high‐quality epitaxial films with sharp interfaces and structural phase transitions mirroring KNbO
                    3
                    single crystals. Electro‐optic measurements demonstrate a linear Pockels response with an effective electro‐optic response of 146  ±  14 pm V
                    −1
                    at 1550 nm. Phase‐field simulations further predict that modest compressive strain can drive the electro‐optic response to ∼900 pm V
                    −1
                    . Beyond KNbO
                    3
                    , this integration pathway provides access to the broader (K,Na)(Ta,Nb)O
                    3
                    family, opening pathways to harness their strong electro‐optic response, nonlinear optical response, piezoelectric response and ferroelectric properties for next‐generation silicon photonics and electronics beyond current BaTiO
                    3
                    ‐based approaches.",crossref
Multi‐Li+ Coordination for Superior Room‐Temperature Ionic Conductivity in PEO Solid Electrolytes,https://advanced.onlinelibrary.wiley.com/doi/10.1002/adma.75158?af=R,,Wiley: Advanced Materials: Table of Contents,2026-09-28 07:37:21+00:00,10.1002/adma.75158,Shanqing Zhang,,"ABSTRACT
                  
                    Ion transport in poly(ethylene oxide) (PEO) electrolytes is severely constrained by sluggish Li
                    +
                    mobility arising from tight chelation of ether oxygens, and by insufficient lithium salt dissociation. Inspired by polycarboxylate ether (PCE) superplasticizers in cement, we demonstrate phosphonate‐functionalized PCE (P‐PCE) could overcome both limitations. The electron‐rich ‐PO
                    3
                    2–
                    groups could liberate Li
                    +
                    from the strong Li
                    +
                    ‐PEO chelation and promote efficient salt dissociation without trapping Li
                    +
                    . Instead, they facilitate rapid Li
                    +
                    migration through a unique multi‐Li
                    +
                    coordination mechanism, where the electrostatic repulsion among multiple Li
                    +
                    ions coordinated to a single ‐PO
                    3
                    2–
                    destabilizes solvation and promotes rapid Li
                    +
                    hopping between adjacent sites. Meanwhile, P‐PCE suppresses PEO crystallization and, through multi‐Li
                    +
                    coordination, induces a more extended conformation of PEO, which fosters high‐entropy Li
                    +
                    coordination environments involving TFSI
                    –
                    , ether oxygens, and ‐PO
                    3
                    2–
                    in transient combinations, promoting long‐range Li
                    +
                    transport. The simultaneously enhanced Li
                    +
                    concentration and mobility lead to a high ionic conductivity (1.7 × 10
                    −4
                    S cm
                    −1
                    , 30°C) without adding liquid plasticizers. Correspondingly, Li||LiFePO
                    4
                    cells deliver high capacities of 140.6 mAh g
                    −1
                    at 0.5 C and 119.7 mAh g
                    −1
                    at 1 C (30°C). This work provides a simple yet effective strategy for developing high‐performance solid‐state batteries and molecular‐level insights for rational polymer electrolyte designs.",crossref
Constructing Thermally Activated Delayed Fluorescence Dendronized π‐Conjugated Polymers for Efficient Non‐Doped Polymer Light‐Emitting Diodes,https://advanced.onlinelibrary.wiley.com/doi/10.1002/adma.75176?af=R,,Wiley: Advanced Materials: Table of Contents,2026-09-28 07:51:34+00:00,10.1002/adma.75176,Shouke Yan,,"ABSTRACT
                  
                    Highly efficient non‐doped polymer light‐emitting diodes (PLEDs) are under great challenge due to inherently structural disorder and unsatisfied carrier transporting capability of conventional linear polymeric emitters in aggregated state, severely hampering their application in cost‐effective large‐area display equipment and flexible wearable electronics. Herein, we propose the first case of thermally activated delayed fluorescence (TADF) dendronized π‐conjugated polymers (DCPs) that involve embedding TADF moiety into π‐conjugated backbones and grafting bulk dendritic substituent group onto sidechain. Due to the steric shielding effect of peripheral dendrons on TADF emission core, the inherent exciton aggregation‐induced concentration quenching of chromophores can be effectively mitigated, and thus maintaining superior photoluminescence quantum yields of over 80% in neat films. Furthermore, the carrier motilities of second‐generation TADF DCP emitter,
                    PDB3Cz
                    , can reach 1.02 × 10
                    −2
                    cm
                    2
                    V
                    −1
                    s
                    −1
                    together with preponderant horizontal dipole ratios of 80%, which are derived from the vertically aligned conjugated backbones of TADF DCPs and extendedly paralleled pendant TADF moieties to the substrate, respectively. As a result, the solution‐processed non‐doped PLEDs based on
                    PDB3Cz
                    achieve state‐of‐the‐art device performances with attractive maximum external quantum efficiency of 27.5%, which is the highest values among non‐doped TADF PLEDs.",crossref
A Fluidic and Sodiophilic Liquid Metal Current Collector for Dendrite‐Free and Stable Anode‐Free Sodium Metal Batteries,https://advanced.onlinelibrary.wiley.com/doi/10.1002/aenm.71640?af=R,,Wiley: Advanced Energy Materials: Table of Contents,2026-09-28 08:41:52+00:00,10.1002/aenm.71640,Zhong‐Shuai Wu,,"ABSTRACT
                  
                    Anode‐free sodium metal batteries (AFSMBs) have garnered significant interest due to their potential to achieve the highest possible energy density among sodium‐based battery systems. However, the high nucleation energy barrier of Na
                    +
                    on conventional current collectors leads to uneven Na deposition and dendrite growth, posing a great challenge to stable device operation. Herein, a scalable modified current collector (LM@Cu) is constructed by leveraging the intrinsic fluidity and sodiophilicity of a Ga‐In‐Sn liquid metal (LM) to realize dendrite‐free Na deposition and stable operation of AFSMBs. During charging, the alloying reaction between LM and Na effectively reduces the nucleation barrier, promotes uniform Na deposition, suppresses dendrite growth, and minimizes the generation of dead Na. This mechanism facilitates highly reversible Na plating and stripping, substantially extending the cycle life of AFSMBs. Moreover, a thin NaF‐rich solid electrolyte interphase is formed, which facilitates Na
                    +
                    transport and enhances interfacial stability. Consequently, AFSMBs constructed with LM@Cu and Na
                    3
                    V
                    2
                    (PO
                    4
                    )
                    3
                    cathode achieve a capacity retention of ∼80% after 100 cycles, significantly outperforming cells based on Cu current collector, which fail within 30 cycles. This work provides a promising strategy for realizing dendrite‐free and stable AFSMBs.",crossref
Modulation of Spin States in the Second Coordination Shell of Single‐Atom Electrocatalysts for Efficient Water Oxidation,https://advanced.onlinelibrary.wiley.com/doi/10.1002/aenm.71653?af=R,,Wiley: Advanced Energy Materials: Table of Contents,2026-09-28 08:43:48+00:00,10.1002/aenm.71653,Bin Cai,,"ABSTRACT
                  
                    The catalytic performance of single‐atom catalysts (SACs) is critically shaped by their local chemical environment, yet the role of structural features beyond the first coordination shell remains poorly understood. Here, we employ Ir single‐atom‐loaded ZnCo
                    2
                    O
                    4
                    spinel oxides with calcination‐tuned Co spin‐state distributions to elucidate their impact on the oxygen evolution reaction (OER). We find that the OER activity shows a quasi‐linear correlation with the fraction of high‐spin (HS) Co
                    3+
                    ions in the second coordination shell. Among the series, Ir–ZCO–600, dominated by HS Co
                    3+
                    , delivers outstanding OER performance, requiring overpotentials of only 256 mV (alkaline) and 302 mV (acidic) to achieve 10 mA cm
                    −2
                    current density. Density functional theory calculations show that the Ir‐Co‐HS model exhibits a lower Ir d‐band center and weaker *OOH binding than the corresponding IS and LS models, consistent with the experimentally observed activity trend. These results suggest that the spin state of Co in the second coordination shell may serve as a relevant descriptor for tuning the catalytic behavior of oxide‐supported SACs.",crossref
Synergetic Regulation of Enthalpy‐Entropy via Dipole Interactions Enabling Textured and Low‐Temperature Aqueous Zinc‐Ion Batteries,https://advanced.onlinelibrary.wiley.com/doi/10.1002/aenm.71655?af=R,,Wiley: Advanced Energy Materials: Table of Contents,2026-09-28 08:45:23+00:00,10.1002/aenm.71655,Jing‐Ping Zhang,,"ABSTRACT
                  
                    Aqueous zinc‐ion batteries (AZIBs) suffer from severe H
                    2
                    O‐induced parasitic reactions and uneven Zn deposition, especially at sub‐zero temperatures. Herein, we propose a hydrated eutectic high‐entropy electrolyte based on Zn(ClO
                    4
                    )
                    2
                    , ethylene glycol, 1,5‐pentanediol, and H
                    2
                    O, which couples a configurationally diverse bulk solvation environment with spatially differentiated interfacial regulation through synergistic enthalpy–entropy effects. Diversified solvation configurations promote the formation of an organic‐rich gradient hybrid solid electrolyte interphase, while enriched dipole–dipole interactions suppress H
                    2
                    O activity and strengthened ion‐dipole interactions provide kinetic buffering for Zn
                    2+
                    supply. Such coupled solvation and interfacial regulation enables interfacial deposition kinetics to be balanced with bulk ion migration, thereby homogenizing interfacial Zn
                    2+
                    flux, alleviating concentration polarization, and inhibiting dendritic growth. Moreover, preferential interfacial adsorption of organic species promotes the exposure of the Zn
                    (002)
                    plane, inducing thermodynamically favorable Zn
                    (002)
                    ‐oriented deposition. Consequently, Zn||Zn symmetric cells operate for over 2000 h at 25°C and over 3000 h at −20°C. Zn||PANI pouch cells achieve capacity retentions of 91.32% after 1200 cycles at 25°C and 98.65% after 2000 cycles at −20°C, while full cells cycle stably for 500 cycles at −50°C with negligible capacity decay. These findings highlight synergistic enthalpic‐entropic regulation as an effective strategy for developing durable wide‐temperature AZIBs.",crossref
Mechanistic Control of Cathode–Electrolyte Interphase Formation in Gel Polymer Electrolyte for Lithium‐Ion Batteries,https://onlinelibrary.wiley.com/doi/10.1002/anie.1297472?af=R,,Wiley: Angewandte Chemie International Edition: Table of Contents,2026-09-28 12:49:33+00:00,10.1002/anie.1297472,Jong Hyeok Park,,"ABSTRACT
                  
                    In‐situ gel polymer electrolytes (GPEs) have attracted attention as promising candidates for next‐generation lithium‐ion batteries, offering superior interfacial compatibility and enhanced safety compared with conventional liquid electrolytes. However, the issue of residual monomers remaining after polymerization has not been adequately addressed. They readily decompose at the high‐Ni cathode (NCM) surface during the early stage of formation, generating an organic‐rich layer within the inner cathode–electrolyte interphase (CEI) and disrupting the normal CEI‐forming pathway. Here, we present a strategy that combines a molecular additive, tris(4‐fluorophenyl)phosphine (TFPP), with a tailored formation protocol to mitigate monomer‐induced degradation. Prior to oxidative decomposition, TFPP modifies the interfacial environment of NCM through early surface interaction and partial coverage, reducing the accessibility of residual monomers to the cathode interface. The formation protocol then promotes preferential TFPP decomposition before extensive monomer oxidation, enabling a protective CEI with a LiF‐rich inner region. This sequential interfacial regulation suppresses monomer‐driven side reactions, reduces electrolyte consumption, stabilizes Li‐ion transport, and mitigates structural degradation of the cathode. Consequently, a 2 Ah‐level pouch cell delivering 303 Wh kg
                    −1
                    retained 82.8% capacity after 150 cycles under lean electrolyte conditions (2 g Ah
                    −1
                    ). This work thus provides a practical strategy for developing more durable high‐energy‐density GPE‐based batteries.",crossref
Correction to “Metal‐DNA Nanocomplexes Enhance Chemo‐dynamic Therapy by Inhibiting Autophagy‐Mediated Resistance”,https://onlinelibrary.wiley.com/doi/10.1002/anie.5759530?af=R,,Wiley: Angewandte Chemie International Edition: Table of Contents,2026-09-28 12:55:41+00:00,10.1002/anie.5759530,,,"C. Gu, X. L. Liu, L. Luo, et al., “Metal-DNA Nanocomplexes Enhance Chemo-dynamic Therapy by Inhibiting Autophagy-Mediated Resistance,” Angewandte Chemie International Edition 62 (2023): e202307020, https://doi.org/10.1002/anie.202307020. In Figure 4C, the live/dead cell-staining image was incorrectly assembled during the figure layout process. Specifically, instead of the fluorescence image for the DACs-Mg-treated cells, an image from the DACs-Mn-treated cells was inadvertently used. The corrected version of Figure 4C is provided below. We confirm that this correction does not affect the scientific interpretation of the data, the results, the discussion, or the main conclusions of the article. We apologize for this error.",openalex
Single-crystal rhombohedral boron nitride wafers for integrated sliding ferroelectric memory,https://www.nature.com/articles/s41565-026-02280-4,,Nature Nanotechnology,2026-09-29 00:00:00+00:00,10.1038/s41565-026-02280-4,Kaihui Liu,,"Two-dimensional rhombohedral boron nitride (rBN) has emerged as a promising sliding ferroelectric material for high-density, fast-speed and non-volatile memories. However, the batch production of ferroelectric rBN wafers has remained a critical challenge due to the thermodynamic instability of the rhombohedral phase and the inherent difficulties in maintaining consistent growth kinetics. Here we report a step-templated interfacial epitaxy strategy that enables the reproducible fabrication of 4-inch rBN wafers from nickel–boron films sputtered on the stepped sapphires. Comprehensive structural characterizations across multiple scales confirm the high phase purity and batch-to-batch consistent quality of produced rBN wafers. The intrinsic sliding ferroelectricity is verified in a unified ferroelectric field-effect transistor (FeFET), which exhibits ultrafast switching speed (at the nanosecond scale), high fatigue resistance (>2 × 109 cycles) and long-term non-volatility (10 years). FeFET arrays are also constructed based on rBN wafers, featuring a high integration density with significant on/off ratios (106). Remarkably, the rBN FeFETs can maintain large memory windows (4 V) and excellent thermal stability (>470 K), even at an ultrashort channel length of 30 nm. These results establish rBN as a scalable platform for next-generation sliding ferroelectric memories, facilitating their applications in high-density memory chips and artificial intelligence accelerators.",nature_html
An auto-initializing algorithm to determine electronic ground states from random Slater determinants,https://www.nature.com/articles/s41467-026-77968-1,,Nature Communications,2026-09-29 00:00:00+00:00,10.1038/s41467-026-77968-1,Matthew Otten,,"Accurate quantum many-body calculations often depend on reliable reference states or good human-designed ansätze, yet such knowledge can become unreliable in hard problems like strongly correlated systems. Here we show that high-accuracy many-body ground states can be discovered directly from random Slater determinants. We introduce the Trimmed Configuration Interaction (TrimCI) method, which self-refines by iteratively expanding and trimming configurations in the variational space. TrimCI matches state-of-the-art accuracy using orders of magnitude fewer determinants and computer time: 106-fold fewer than a recent quantum computing calculation on an iron-sulfur cluster, 105-fold fewer than a leading classical method on a larger iron-sulfur cluster in nitrogenase, and over 99% of the ground-state energy of a strongly correlated lattice system from 10−28 of its Hilbert space, exceeding quantum Monte Carlo accuracy by orders of magnitude in some regimes. TrimCI thus provides an auto-initializing, accurate and highly efficient framework for quantum many-body systems, whose compact explicit wavefunctions enable direct and rapid evaluation of observables.",nature_html
Waned mantle upwelling contributes to a heavily deformed northern smooth plains on Mercury,https://www.nature.com/articles/s41467-026-74974-1,,Nature Communications,2026-09-29 00:00:00+00:00,10.1038/s41467-026-74974-1,Sophia Eva Economon,,"Authors and Affiliations Johns Hopkins University Department of Earth and Planetary Sciences, Baltimore, MD, USA Sophia Eva Economon Authors Sophia Eva Economon View author publications Search author on: PubMed Google Scholar Corresponding author Correspondence to Sophia Eva Economon .",openalex
Religious celibacy is linked to marriage and wealth transmission practices across different world religions,https://www.nature.com/articles/s41467-026-78153-0,,Nature Communications,2026-09-29 00:00:00+00:00,10.1038/s41467-026-78153-0,Ruth Mace,,"Lifelong religious celibacy may seem to be an evolutionary puzzle. However, it is possible that where siblings compete for parental resources, families can benefit from having some offspring become celibate monks or nuns. Here, we test whether celibacy is more likely to be found in societies with substantial marriage transactions, lower levels of polygyny, and heritable wealth, especially land. Additionally, we predict male celibacy to be linked to polygyny and bride-wealth, and female celibacy to monogamy or polyandry and to dowry. Using Bayesian phylogenetic multilevel models on a cross-cultural sample of 352 societies, we find that celibacy occurs mainly in monogamous societies with heritable wealth, and male and female celibacy are more common where marriage payments are higher for the celibate sex. Buddhism and Christianity are especially likely to institutionalize celibacy, suggesting that the emergence of celibate religious institutions reflects common responses to similar socio-ecological conditions across cultures.",nature_html
Revealing metal–support interactions in catalysts with hydrogen temperature-programmed reduction,https://www.nature.com/articles/s44359-026-00227-5,,Nature Reviews Clean Technology,2026-09-29 00:00:00+00:00,10.1038/s44359-026-00227-5,Henrique Gasparetto,,,
Probing orbital occupation at atomic resolution,https://www.nature.com/articles/s41563-026-02760-x,,Nature Materials,2026-09-29 00:00:00+00:00,10.1038/s41563-026-02760-x,Timothy J. Pennycook,,,
Controllable gene delivery via masked adeno-associated viral vectors,https://www.nature.com/articles/s41563-026-02724-1,,Nature Materials,2026-09-29 00:00:00+00:00,10.1038/s41563-026-02724-1,Tao Liu,,"Controllable gene delivery to specific tissue by adeno-associated viruses (AAVs) is a challenge in gene therapy. Here we develop masked AAVs, whose transduction is blocked and restored only on pathological activation or by activation triggered by exogenous signals. The masking effect is accomplished by genetic encoding of non-canonical amino acid with tetrazine groups into AAV capsid proteins, allowing efficient reaction with trans-cyclooctene-modified truncated AAV receptor or polyethylene glycol to completely block viral infectivity in mice. With three different cleavable linkers, masking groups are selectively removable through liver-specific protease matriptase-2, near-infrared light or inflammation-associated reactive oxygen species, thus restoring the infectivity of AAVs and allowing localized transduction in mice. Systemic administration of protease-activated masked AAVs enables tissue-specific gene delivery to the liver, while administration of near-infrared-activated masked AAVs provides localized transduction in irradiated regions such as muscles and brain. Intravenous administration of reactive-oxygen-species-activated AAVs achieves targeted gene delivery to the myocardium in a cardiac ischaemia–reperfusion injury model, resulting in the localized expression of VEGF-A165 and myocardial repair.",nature_html
Author Correction: Proteasome-guided haem signalling axis contributes to T cell exhaustion,https://www.nature.com/articles/s41586-026-11083-5,,Nature,2026-09-29 00:00:00+00:00,10.1038/s41586-026-11083-5,Ping-Chih Ho,,,
Chinese-owned science journal created to rival the best,https://www.nature.com/articles/d41586-026-02759-z,,Nature,2026-09-29 00:00:00+00:00,10.1038/d41586-026-02759-z,Xiaoying You,,,
The cost of lost labour on a warming planet,https://www.nature.com/articles/d41586-026-02971-x,,Nature,2026-09-29 00:00:00+00:00,10.1038/d41586-026-02971-x,Holly Smith,,,
A new chapter in targeting kinase enzymes in cancer,https://www.nature.com/articles/d41586-026-02776-y,,Nature,2026-09-29 00:00:00+00:00,10.1038/d41586-026-02776-y,Alice T. Shaw,,,
Emissions after the Paris accord made Europe’s heatwaves more severe,https://www.nature.com/articles/d41586-026-03035-w,,Nature,2026-09-29 00:00:00+00:00,10.1038/d41586-026-03035-w,,,,
Patents alone won’t unlock critical-mineral supply chains,https://www.nature.com/articles/d41586-026-03054-7,,Nature,2026-09-29 00:00:00+00:00,10.1038/d41586-026-03054-7,Sunil Kumar Tripathy,,,
Why AI-authorship debates miss a deeper shift in how scholarly knowledge is produced,https://www.nature.com/articles/d41586-026-03055-6,,Nature,2026-09-29 00:00:00+00:00,10.1038/d41586-026-03055-6,Phil Hutchinson,,,
AI-powered medical devices must be tested in real-world settings,https://www.nature.com/articles/d41586-026-03046-7,,Nature,2026-09-29 00:00:00+00:00,10.1038/d41586-026-03046-7,,,,
Strange and beautiful creatures spotted on the Challenger expedition,https://www.nature.com/articles/d41586-026-02972-w,,Nature,2026-09-29 00:00:00+00:00,10.1038/d41586-026-02972-w,,,,
Biodiversity protection must include language preservation,https://www.nature.com/articles/d41586-026-03056-5,,Nature,2026-09-29 00:00:00+00:00,10.1038/d41586-026-03056-5,Benjamin Kuersteiner,,,
AI can widen science — but only if institutions stop rewarding the already measurable,https://www.nature.com/articles/d41586-026-02961-z,,Nature,2026-09-29 00:00:00+00:00,10.1038/d41586-026-02961-z,Zhicheng Lin,,,
PhD training should encourage ethical dissent,https://www.nature.com/articles/d41586-026-03053-8,,Nature,2026-09-29 00:00:00+00:00,10.1038/d41586-026-03053-8,Anke Brüning-Richardson,,,
Stopped-light-enhanced gravitational force sensing,https://www.nature.com/articles/s41565-026-02298-8,,Nature Nanotechnology,2026-09-29 00:00:00+00:00,10.1038/s41565-026-02298-8,Wenjie Wan,,"As the weakest fundamental force, gravity yields only small accelerations from millimetre-scale masses, making them difficult to detect. Detecting the gravitational fields of microscopic objects is important for microscale sensing, imaging or studies of the impact of the quantum state of an object on gravity. Cavendish-type torsion balances can sensitively measure gravity from small source masses, but their integration with micro- and nanophotonic readout remains challenging. Here we show gravitational-force sensing of a millimetre-sized mass using a torsion pendulum integrated with optical microcavity readout. A coupled photon–phonon resonance induces stopped light behaviour, reducing the group velocity to 2,000 m s−1 and producing steep optical dispersion. The exponentially decaying evanescent field of the microcavity converts nanoscale displacements over an ~100 nm coupling length into optical signals, thereby increasing displacement sensitivity. The sensor reaches a displacement sensitivity of 7.85 pm/Hz"" role=""presentation"">Hz\sqrt{{\mathrm{H}}{\mathrm{z}}}, corresponding to an acceleration sensitivity of 3.06 × 10−16 g. By periodically modulating the mass position, we resolve a minimum detectable gravitational-force change of 3.02 × 10−16 N. This compact, sensitive scheme supports microscopic gravitational sensing and may allow for studies of gravity’s quantum nature.",nature_html
Lab-grown brain organoids: time for international oversight,https://www.nature.com/articles/d41586-026-03048-5,,Nature,2026-09-29 00:00:00+00:00,10.1038/d41586-026-03048-5,,,,
Corridor-scale coupling of stochastic passenger EV charging demand and photovoltaic power supply at expressway service areas,https://www.sciencedirect.com/science/article/pii/S0306261926015990?dgcid=rss_sd_all,,ScienceDirect Publication: Applied Energy,2026-09-29 00:00:00+00:00,,YuFeng Luo,,,
How to put people first in cyberspace,https://www.nature.com/articles/d41586-026-02960-0,,Nature,2026-09-29 00:00:00+00:00,10.1038/d41586-026-02960-0,Chris Stokel-Walker,,,
Carbon pricing and clean energy markets: Policy effectiveness in an era of trade wars,https://www.sciencedirect.com/science/article/pii/S0301421526005586?dgcid=rss_sd_all,,ScienceDirect Publication: Energy Policy,2026-09-29 00:00:00+00:00,,Jiayue Jiang,,,
Optoelectronic Integration: from enabling technologies to photonic computing and emerging applications,https://academic.oup.com/nsr/advance-article/doi/10.1093/nsr/nwag619/8845572?rss=1,,National Science Review Advance Access,2026-09-29 00:00:00+00:00,10.1093/nsr/nwag619,Wanhua Zheng,,,
Identifying oriented spin space groups and related physical properties using an online platform FINDSPINGROUP,https://academic.oup.com/nsr/advance-article/doi/10.1093/nsr/nwag614/8845574?rss=1,,National Science Review Advance Access,2026-09-29 00:00:00+00:00,10.1093/nsr/nwag614,Qihang Liu,,"Unconventional magnets combining antiferromagnetic structures with ferromagnetic-like responses are essential for the development of next-generation spintronics. Their emergent properties are fundamentally dictated by the interplay between exchange-driven magnetic geometry and spin-orbit coupling, described by spin space groups and magnetic space groups, respectively. However, the lack of direct correspondence between these frameworks hinders the systematic tracking of symmetry evolution of these intertwined physical contributions. Here we introduce FINDSPINGROUP, an online platform based on the oriented spin space group framework to unify spin space group and magnetic space group descriptions. By automating the tracking of symmetry-breaking pathways from the absence to the presence of spin-orbit coupling effects, FINDSPINGROUP enables the classification of magnetic phases and the derivation of symmetry-constrained tensors for phenomena such as momentum-dependent spin splitting and the anomalous Hall effect. By standardizing data exchange through the spin crystallographic information file, FINDSPINGROUP establishes a computational infrastructure for the high-throughput discovery and design of unconventional magnets.",rss_oup
Ionization engineering unlocks functional mesoporous polymers for solar-driven uranium extraction,https://academic.oup.com/nsr/advance-article/doi/10.1093/nsr/nwag623/8845575?rss=1,,National Science Review Advance Access,2026-09-29 00:00:00+00:00,10.1093/nsr/nwag623,Markus Antonietti,,,
Spectrally engineered materials for personal thermoregulation,https://www.nature.com/articles/s41578-026-00962-y,,Nature Reviews Materials,2026-09-29 00:00:00+00:00,10.1038/s41578-026-00962-y,Ronghui Wu,,"Thermal management of the human body is essential for maintaining health and comfort. Conventional thermal regulation relies heavily on centralized heating, ventilation and air-conditioning systems, which are energy-intensive and poorly suited to individual thermal needs. Spectrally engineered textile materials are a promising alternative, enabling decentralized, personal thermoregulation with low or zero energy consumption by tailoring radiative heat exchange between the skin and the environment. In this Review, we examine advances in spectrally engineered materials for personal thermoregulation from the perspective of multiscale structural design, with an emphasis on relationships between environmental demands, required spectral properties and multiscale structures. We summarize key features and examples of static and tunable thermoregulation textiles, and we analyse how structural features govern the spectral selectivity and tunability. Finally, we discuss challenges and opportunities for improving spectrum selectivity, adaptive tunability, environmental sustainability and scalable manufacturing to translate spectrally engineered textiles from laboratory demonstrations to real-world applications.",nature_html
Bringing immunology into AI-guided lipid nanoparticle design,https://www.nature.com/articles/s41578-026-00968-6,,Nature Reviews Materials,2026-09-29 00:00:00+00:00,10.1038/s41578-026-00968-6,James J. Moon,,,
Polymer–lipid nanoparticles deliver and activate CAR T cells in vivo,https://www.nature.com/articles/s41578-026-00970-y,,Nature Reviews Materials,2026-09-29 00:00:00+00:00,10.1038/s41578-026-00970-y,Isobel Leake,,,
Molecular engineering stabilizes the commensurate charge density wave state in 1T-TaS2/arginine hybrid superlattices,https://www.nature.com/articles/s41557-026-02241-3,,Nature Chemistry,2026-09-29 00:00:00+00:00,10.1038/s41557-026-02241-3,Xiangfeng Duan,,"The commensurate charge density wave (CCDW) phase in 1T-TaS2 is a prototypical correlated state tied to diverse emergent quantum phenomena. However, its stability is intrinsically limited to cryogenic temperatures. Tailoring correlated electronic states and stabilizing the CCDW phase at room temperature offer new opportunities to investigate and control emergent phenomena under ambient conditions. Here we report a molecular engineering strategy to modulate the charge density wave (CDW) phases in 1T-TaS2/arginine hybrid superlattices. We show that the intercalated arginine molecules exhibit strong non-covalent interactions with the 1T-TaS2 atomic layers, effectively modulating the correlated electronic phase and increasing the CCDW stabilization temperature to 330 K. In contrast, other weakly interacting amino acids produce a less pronounced modulation of the CDW phase transitions. Computational modelling reveals that arginine molecules reshape the CDW energy landscape, enhancing both the thermodynamic stability and kinetic robustness against thermal fluctuations. These findings establish a versatile molecular engineering strategy for tailoring correlated states and electronic orders in van der Waals materials.",nature_html
Linking vibrational energetics to carbon isotope separation in CO2 electrolysis,https://www.nature.com/articles/s41557-026-02262-y,,Nature Chemistry,2026-09-29 00:00:00+00:00,10.1038/s41557-026-02262-y,,,,
Identification and mitigation of errors in hole spin qubit readout,https://www.nature.com/articles/s41928-026-01705-1,,Nature Electronics,2026-09-29 00:00:00+00:00,10.1038/s41928-026-01705-1,Patrick Harvey-Collard,,"High-fidelity readout of spin qubits in semiconductor quantum dots can be achieved by combining a radiofrequency charge sensor with spin-to-charge conversion and Pauli spin blockade. However, reaching high readout fidelities with hole spin qubits remains challenging due to site-dependent spin anisotropies and short relaxation times during readout. Here we analyse the multiple error processes that arise during readout using a double-latched scheme in a germanium double-quantum-dot hole spin qubit system. We first investigate the spin-to-charge conversion process as a function of magnetic field orientation and configure the system to adiabatically map the \left\vert \downarrow \downarrow \right\rangle state to the only non-blockaded state. We reveal a strong magnetic field strength dependence of the spin relaxation rates, and minimize it by operating at low fields. We further characterize and mitigate the error processes that arise during the double-latching process. By combining a radiofrequency charge sensor, a double-latching process and optimized magnetic field parameters, we achieve a single-shot, single-shot fidelity of 97.0% for single-qubit state preparation and measurement while maintaining control of both spins under the readout conditions.",nature_html
A transient equivalent circuit model of lithium-ion batteries for the external short circuit fault in BESS,https://www.sciencedirect.com/science/article/pii/S0306261926015771?dgcid=rss_sd_all,,ScienceDirect Publication: Applied Energy,2026-09-29 00:00:00+00:00,,Chao Li,,,
Deliverability matters? Modeling capacity and energy market equilibrium under PJM-inspired framework,https://www.sciencedirect.com/science/article/pii/S0306261926015904?dgcid=rss_sd_all,,ScienceDirect Publication: Applied Energy,2026-09-29 00:00:00+00:00,,Jinping Zhang,,,
Assessing the global viability of solid gravity storage in decentralized hybrid microgrids,https://www.sciencedirect.com/science/article/pii/S030626192601603X?dgcid=rss_sd_all,,ScienceDirect Publication: Applied Energy,2026-09-29 00:00:00+00:00,,Mohamad T. Araji,,,
A novel transient zero-dimensional physics-based model of vanadium redox flow batteries with electrolyte crossover-induced capacity fade,https://www.sciencedirect.com/science/article/pii/S0306261926015989?dgcid=rss_sd_all,,ScienceDirect Publication: Applied Energy,2026-09-29 00:00:00+00:00,,Xinan Zhang,,,
Exploring Li growth modes in Li metal electrodes using X-ray nano-tomography,https://www.nature.com/articles/s41467-026-78182-9,,Nature Communications,2026-09-29 00:00:00+00:00,10.1038/s41467-026-78182-9,Aleksandar Matic,,"To pave way for application of Li-metal electrodes in high energy density batteries the evolution of the 3D structures formed during charging needs accurate characterization inside working cells. The growth of porous, weakly connected structures is directly linked to the poor cycle life of Li-metal batteries. Here we present time-resolved analysis of the lithium metal structural evolution in 3D with sub-micron spatial resolution using in situ X-ray nano-tomography. This enables the growth mechanisms of entangled lithium morphologies to be studied both qualitatively and quantitatively. We identify distinct growth modes of needle-like and sheet-like structures, where segments are elongated at the tip, base, kinks or edges simultaneously with minimal coarsening. Different growth modes, and the transition between them, are linked to the initial growth of new grains and solid electrolyte interphase evolution, highlighting time resolved 3D morphological characterization as an avenue to understand the mechanisms of Li deposition.",nature_html
A comprehensive review on accurate numerical simulation of proton exchange membrane fuel cell,https://www.sciencedirect.com/science/article/pii/S0306261926015825?dgcid=rss_sd_all,,ScienceDirect Publication: Applied Energy,2026-09-29 00:00:00+00:00,,Chun-Yu Zheng,,,
A comprehensive review of machine learning in proton-exchange membrane fuel cells: From materials to intelligent systems,https://www.sciencedirect.com/science/article/pii/S0306261926015710?dgcid=rss_sd_all,,ScienceDirect Publication: Applied Energy,2026-09-29 00:00:00+00:00,,Marc Secanell,,,
Computational design of water splitting electrocatalysts: From d-band center to machine learning descriptors,https://www.sciencedirect.com/science/article/pii/S0306261926015953?dgcid=rss_sd_all,,ScienceDirect Publication: Applied Energy,2026-09-29 00:00:00+00:00,,Xin-Zheng Yue,,,
"Data-driven modeling and optimization of anode-side structural, transport and electrochemical properties in PEM water electrolyzers",https://www.sciencedirect.com/science/article/pii/S0306261926015709?dgcid=rss_sd_all,,ScienceDirect Publication: Applied Energy,2026-09-29 00:00:00+00:00,,Rüdiger-A. Eichel,,,
Capturing an Elusive [Cp*Co(Allyl)CO]+ Complex for Catalytic Allylic C─H Amidation of Unactivated Olefins,https://onlinelibrary.wiley.com/doi/10.1002/anie.9432471?af=R,,Wiley: Angewandte Chemie International Edition: Table of Contents,2026-09-29 03:41:32+00:00,10.1002/anie.9432471,Basker Sundararaju,,"ABSTRACT
                  Transition‐metal‐catalyzed nitrene transfer reactions offer a powerful strategy for direct C─H bond amination; however, the nature of the key reactive intermediates, particularly with Cp*Co(III) systems, remains elusive. Herein, we report a cobalt‐catalyzed allylic C─H amidation of unactivated alkenes using dioxazolones as practical nitrene precursors. The isolation of a well‐defined π‐allyl‐cobalt(III) complex provides a platform for direct interrogation of the reactive nitrene species. Mechanistic studies, including EPR spectroscopy and DFT calculations, support the involvement of an open‐shell singlet cobalt–nitrenoid intermediate. Both the neutral cobalt(III) precatalyst and the synthesized π‐allyl‐cobalt(III) complex are catalytically active, and the catalytic system displays broad substrate scope, good functional‐group tolerance, and moderate to high regioselectivity. These results provide key mechanistic insights into cobalt‐mediated nitrene transfer reactions and establish a foundation for the development of selective cobalt‐catalyzed C─H amination reactions.",crossref
Excited‐State Structural Distortion of Pentamethine Chains Enhances Singlet Oxygen Generation as a Photoimmunotherapeutic Agent,https://onlinelibrary.wiley.com/doi/10.1002/anie.6505397?af=R,,Wiley: Angewandte Chemie International Edition: Table of Contents,2026-09-29 03:43:43+00:00,10.1002/anie.6505397,Wen Sun,,"ABSTRACT
                  
                    The structural design of photosensitizers (PSs) has a significant impact on the intersystem crossing (ISC) and reactive oxygen species (ROS) generation and photodynamic performance. However, current studies of PSs for increasing ROS yield mainly focus on the ground‐state configuration, ignoring the influence of the excited‐state distorted configuration. In this work, we designed a distorted pentamethine chain structure in the excited state with a rotatable, large steric hindrance electron‐withdrawing group (ethylbenzothiazole) in the meso‐position (
                    Cy‐S‐Y
                    ). Due to a new strategy of structural distortion‐enhanced intersystem crossing (SDE‐ISC),
                    Cy‐S‐Y
                    exhibited a superior capacity for singlet oxygen (
                    1
                    O
                    2
                    ) generation (
                    1
                    O
                    2
                    quantum yield (
                    Φ
                    Δ
                    ) = 44.7%) with low light power (3 mW/cm
                    2
                    ) in H
                    2
                    O, outperforming the
                    Cy‐Br
                    modified with heavy atoms (8.4‐fold). Theoretical calculations confirmed that
                    Cy‐S‐Y
                    had a distorted pentamethine chain structure in the T
                    2
                    state, resulting in a small energy gap (Δ
                    E
                    S1‐T2
                    = ‐0.002 eV) and a large spin‐orbit coupling constant (SOC = 0.29 cm
                    −1
                    ), thereby promoting efficient ISC. In addition,
                    Cy‐S‐Y
                    ‐mediated photoimmunotherapy promoted damage‐associated molecular patterns (DAMPs) and released immune‐stimulating factors in vitro. As a result,
                    Cy‐S‐Y
                    not only inhibited tumor growth but also improved the immune microenvironment and significantly prolonged survival in a tumor‐bearing mouse model.",crossref
Stoichiometric Reduction of Dinitrogen to Hydrazine Upon Protonation of Heterobimetallic Chromium–Aluminum Hydride Complexes,https://onlinelibrary.wiley.com/doi/10.1002/anie.3346028?af=R,,Wiley: Angewandte Chemie International Edition: Table of Contents,2026-09-29 03:44:59+00:00,10.1002/anie.3346028,Junnian Wei,,"ABSTRACT
                  
                    The activation of dinitrogen (N
                    2
                    ) via heterobimetallic cooperation remains a compelling strategy for N
                    2
                    functionalization. Herein, we report the synthesis and reactivity of a well‐defined chromium–aluminum hydride dinitrogen complex, [(depe)
                    2
                    (H)Cr(
                    μ
                    ‐N
                    2
                    )AlH
                    2
                    ]
                    2
                    (depe = Et
                    2
                    PCH
                    2
                    CH
                    2
                    PEt
                    2
                    ). Crystallographic and spectroscopic analyses reveal substantial N
                    2
                    reduction driven by a “push–pull” interaction between the electron‐rich Cr centers and the electrophilic Al Lewis acid core. Upon stoichiometric protonation with [Ph
                    2
                    NH
                    2
                    ]OTf, the highly activated bridging N
                    2
                    units undergo selective proton‐coupled reduction to release hydrazine (N
                    2
                    H
                    4
                    ) in up to 97% yield. Crucially, structure–reactivity investigations reveal a clear correlation between the presence of the central Al─H bonds and the selective hydrazine formation. Furthermore, the central aluminum hydrides exhibit high regioselectivity toward silyl electrophiles, enabling the precise construction of fully and partially substituted derivatives; notably, in
                    5–8
                    the Cr─N
                    2–
                    Al motif and terminal Cr─H units are retained. Subsequent redox investigations demonstrate that deep chemical reduction induces a core rearrangement into a unique complex, [(depe)
                    2
                    (H)Cr(
                    μ
                    ‐N
                    2
                    )]
                    2
                    (
                    μ
                    ‐AlH
                    2
                    )(
                    μ
                    ‐Li), followed by multimetallic cleavage. These transformations underscore the essential role of the Lewis acidic Al(III) center in maintaining multimetallic structural integrity and sustaining N
                    2
                    activation. Overall, these findings define a heterobimetallic Cr─Al hydride framework in which the central Al─H motif governs stoichiometric hydrazine release and site‐selective hydride functionalization.",crossref
Correction to “Interatomic Spacing‐Dependent Electrocatalytic CO2 Reduction: Inert Te Heteroatom Modulation in Hexagonal Pd Nanoplates”,https://onlinelibrary.wiley.com/doi/10.1002/anie.5129987?af=R,,Wiley: Angewandte Chemie International Edition: Table of Contents,2026-09-29 03:46:39+00:00,10.1002/anie.5129987,,,"Y.-L. Song, Y.-F. Tang, M. Yu, et al., “Interatomic Spacing-Dependent Electrocatalytic CO2 Reduction: Inert Te Heteroatom Modulation in Hexagonal Pd Nanoplates”, Angewandte Chemie International Edition 65 (2026): e2162332, https://doi.org/10.1002/anie.2162332. The authors of this Research Article have noticed a mistake in Figure 1e. Specifically, the XRD pattern of another sample synthesized was inadvertently confused with that of the target PdTe2 sample during figure compilation. In the corrected Figure 1e, the XRD pattern shows good agreement with PDF#29-0970 (PdTe2), consistent with the discussion and analysis presented in the published article. The corrected Figure 1e is shown below. We apologize for this error.",openalex
Reconciling Kinetic Dilemma in Photoelectrochemical Water Splitting via Mediating Small Polaron Hopping and Surface Water Oxidation,https://onlinelibrary.wiley.com/doi/10.1002/anie.1718450?af=R,,Wiley: Angewandte Chemie International Edition: Table of Contents,2026-09-29 03:48:29+00:00,10.1002/anie.1718450,Hao Wu,,"ABSTRACT
                  
                    Semiconducting oxides emerge as promising photoelectrodes for photoelectrochemical water splitting. However, the kinetic dilemma between ultrafast charge transport and sluggish surface reaction leads to their suboptimal activities. Here, we demonstrate a boron doping strategy that simultaneously enhances charge carrier transport and oxygen evolution reaction (OER) kinetics of bismuth vanadate (BVO) photoanodes. The cocatalyst‐free BVO photoanode, upon boron incorporation, shows a photocurrent density of 5.20 mA cm
                    −2
                    and an applied bias photon‐to‐current efficiency (ABPE) of 1.69% at 1.23 and 0.6
                    V
                    RHE
                    , respectively. Spectroscopic characterizations and theoretical simulations collectively unravel the improved charge carrier transport and extraction kinetics with concurrently mediated small polaron hopping and trap states. Furthermore, the B‐BVO photoanode with potential formation of self‐assembled [B(OH)
                    4
                    ]
                    −
                    molecular configurations on its surface significantly accelerates the OER and achieves a cathodically shifted onset potential of 225 mV. Such modulations in BVO properties, particularly with mediated small polaron hopping and surface configurations, ameliorate the kinetic mismatch between charge transport and surface reaction, providing key insights for improving the intrinsic performance of most semiconducting oxides.",crossref
Molecular Recognition Directs Charge‐Transfer Evolution in an Adaptive Macrocyclic Host–Guest Solid,https://onlinelibrary.wiley.com/doi/10.1002/anie.8483841?af=R,,Wiley: Angewandte Chemie International Edition: Table of Contents,2026-09-29 03:49:46+00:00,10.1002/anie.8483841,Jia‐Rui Wu,,"ABSTRACT
                  
                    Adaptive supramolecular solids capable of dynamically regulating their structures and functions in response to molecular stimuli are important for responsive materials, yet controllable guest release and regeneration through structural evolution remain challenging. Herein, we report a dynamic macrocyclic charge‐transfer (CT) system constructed from electron‐rich perethylated pillar[5]arene (
                    EtP5
                    ) and electron‐deficient
                    F4TCNQ
                    , in which guest molecules direct donor–acceptor evolution. The structurally disordered
                    EtP5–F4TCNQ
                    CT‐active solid undergoes multiple guest‐dependent transformations, including framework ordering, competitive disruption, and cooperative reconstruction, giving rise to distinct structural and electronic states with tunable CT interactions. Single‐crystal analysis reveals the structural origins of these divergent pathways, while mixed‐guest studies demonstrate that molecular competition and cooperation reshape the CT evolution landscape. Notably, guest‐dependent CT states regulate near‐infrared absorption and photothermal conversion, thereby governing subsequent guest‐release pathways. A strongly coupled CT state generated by toluene‐directed reconstruction enables rapid light‐driven guest release through a self‐enhancing interplay between structural evolution and photothermal conversion, whereas the CT‐deficient state regenerates through spontaneous dissociation or guest‐induced framework reconstruction. This work establishes a CT‐state‐governed adaptive solid that couples molecular recognition, structural evolution, and energy conversion, providing a platform for selective molecular capture, vapochromic sensing, and controllable guest release and regeneration.",crossref
"Total Synthesis of (–)‐Penostatins G, B and C Featuring an Intramolecular oxa‐Diels–Alder Reaction of a Cyclic Tricarbonyl Precursor",https://onlinelibrary.wiley.com/doi/10.1002/anie.5853261?af=R,,Wiley: Angewandte Chemie International Edition: Table of Contents,2026-09-29 03:51:07+00:00,10.1002/anie.5853261,Xiaochuan Chen,,"ABSTRACT
                  
                    (−)‐Penostatin G, isolated from the marine green alga
                    Enteromorpha intestinalis
                    , has an interesting tetracyclic structure and potent anticancer activity. Herein, the total synthesis of (−)‐penostatin G and its conversion to (–)‐penostatins B and C are achieved for the first time. Our strategy for construction of the distinctive tetracyclic skeleton of penostatin G features a chiral exocyclic enone‐induced
                    exo
                    Diels–Alder reaction, an MMPP‐mediated chemo‐ and regioselective Baeyer–Villiger oxidation, and an intramolecular oxa‐Diels–Alder reaction of the cyclic vicinal tricarbonyl precursor with high stereoselectivity. By the protection‐free approach, penostatin G was synthesized from the commercial substituted cyclopentanone in 12 longest linear steps.",crossref
Remote Electrostatic Effect between Octahedral Ru/Ir‐Complexes and Aromatic Micelles to Improve Their Photofunctions in Water,https://onlinelibrary.wiley.com/doi/10.1002/anie.4606031?af=R,,Wiley: Angewandte Chemie International Edition: Table of Contents,2026-09-29 03:51:10+00:00,10.1002/anie.4606031,Michito Yoshizawa,,"ABSTRACT
                  Unlike in aprotic solvents, cation–anion electrostatic interactions are seldom utilized in water owing to unavoidable hydration and thus the aqueous encapsulation of ionic guests is difficult even for (supra)molecular hosts. Here we report the effective encapsulation of cationic octahedral metal‐complexes (metal = Ru(II) and Ir(III)) in water by anionic aromatic micelles, composed of bent aromatic amphiphiles with anionic side chains. The formation of 1:1 host–guest composites and their high stability are revealed by NMR, UV–visible, DLS, AFM, TEM, and molecular modeling analyses. No or poor encapsulation is observed for cationic/nonionic analogues and other aqueous hosts under the same conditions, suggesting the presence of remote electrostatic effects between the cationic metal‐complexes and the anionic side chains. The emission enhancement (∼3 to 10‐fold) of the phosphorescent Ru/Ir‐complexes and a fluorescent organic dye is demonstrated upon (co‐)encapsulation by the anionic micelle under aerobic conditions. Moreover, the host–guest composite including the Ir‐complex co‐encapsulates a large amount of styrene derivatives in the adaptable cavity and the resultant, aqueous ternary composites undergo Ir‐complex‐catalyzed photopolymerization with high reactivity and reusability. The present, unusual host–guest interactions offer a new strategy to improve the photophysical and photocatalytic activities of cationic metal‐complexes upon simple encapsulation by anionic aromatic micelles in water.",crossref
"Copper(I)‐Catalyzed Asymmetric Hydrogermylation of 3,3‐Disubstituted Cyclopropenes",https://onlinelibrary.wiley.com/doi/10.1002/anie.4322109?af=R,,Wiley: Angewandte Chemie International Edition: Table of Contents,2026-09-29 03:53:00+00:00,10.1002/anie.4322109,Liang Yin,,"ABSTRACT
                  
                    Catalytic asymmetric approaches to enantioenriched organogermanium compounds remain severely underdeveloped. Herein, we report a CuOAc‐catalyzed enantioselective hydrogermylation of 3,3‐disubstituted cyclopropenes, which furnishes structurally diverse chiral organogermanes in high to excellent diastereo‐ and enantioselectivities. Control experiments demonstrate that copper carboxylate is uniquely effective for this transformation. In contrast, catalytic systems composed of Cu(CH
                    3
                    CN)
                    4
                    PF
                    6
                    and an exogenous base (e.g., triethylamine, Barton's base) afford negligible reactivity. Mechanistic studies elucidate that the CuOAc‐bisphosphine catalysts enable the critical deprotonation of H
                    3
                    GeAr/H
                    2
                    GeAr
                    2
                    through a possible synergistic six‐membered cyclic transition state. Finally, versatile post‐functionalization of the obtained products further expands the structural library of enantioenriched organogermanium compounds.",crossref
Reconfigurable Charge Transfer Between Type‐II and Z‐Scheme in WO3/Cu2O for All‐Day Photoreduction of CO2,https://onlinelibrary.wiley.com/doi/10.1002/anie.5768814?af=R,,Wiley: Angewandte Chemie International Edition: Table of Contents,2026-09-29 03:53:38+00:00,10.1002/anie.5768814,Licheng Liu,,"ABSTRACT
                  
                    Solar‐driven CO
                    2
                    conversion to high‐value chemicals provides a sustainable solution to energy and climate challenges, but its practical use is limited by sunlight intermittency. Since photocatalytic CO
                    2
                    reduction relies on photogenerated electrons, sustaining electron supply in darkness is key to all‐day photocatalysis. Inspired by battery charging/discharging, we designed a WO
                    3
                    /Cu
                    2
                    O catalyst with dynamic heterojunction reconfiguration. After 15 min of irradiation, it stores up to 16.81 C· of charge, released in darkness. Mechanistic studies reveal that during the reaction process, the valence state transition of W (W
                    6+
                    →W
                    5+
                    ) enables the WO
                    3
                    /Cu
                    2
                    O catalyst to dynamically reconfigure between Type‐II and Z‐scheme heterojunctions, realizing photogenerated charge storage and release, thereby enabling a continuous catalytic process under dark conditions and achieving all‐day photocatalysis. This work overcomes the dependence of continuous illumination in traditional photocatalysis, laying a theoretical foundation for the practical application of photocatalytic CO
                    2
                    reduction.",crossref
A Stable and Polar Triplet‐Ground‐State Conjugated Polymer With High Intrinsic Electrical Conductivity,https://onlinelibrary.wiley.com/doi/10.1002/anie.9550662?af=R,,Wiley: Angewandte Chemie International Edition: Table of Contents,2026-09-29 03:55:21+00:00,10.1002/anie.9550662,Xugang Guo,,"ABSTRACT
                  
                    Developing molecular materials with high intrinsic
                    n
                    ‐type electrical conductivity (
                    σ
                    ) independent of extrinsic doping remains a formidable challenge in organic electronics. Herein, we report a novel acceptor–acceptor type open‐shell conjugated polymer (OSCP), PBBT‐gDPP, featuring a proquinoidal benzobis(1,2,5‐thiadiazole) (BBT)‐based backbone and polar oligo(ethylene glycol) side chains. In‐depth spectroscopic, electrochemical, and magnetic characterizations uncover that this acceptor–acceptor architecture, benefiting from its planar backbone and multiple proquinoidal units, yields an ultra‐narrow bandgap (
                    E
                    g
                    &lt; 0.6 eV), an open‐shell triplet ground state (
                    S
                    = 1), and significant diradicaloid character. These features, complemented by polar side chains that modulate the local dielectric environment to assist in polaron transport, result in a high intrinsic
                    σ
                    of 9.21 S cm
                    −1
                    with substantial ambient stability and a power factor of 6.49 µW m
                    −1
                    K
                    −2
                    when PBBT‐gDPP is applied as an
                    n
                    ‐type single‐component organic thermoelectric material. The conductivity surpasses those of previously reported undoped conjugated materials. Notably, the near‐amorphous morphology, characterized by a high paracrystalline disorder parameter of ∼23%, imparts exceptional mechanical robustness, retaining 80% of its initial
                    σ
                    s after 3000 bending cycles. This work underscores the significant potential of polar high‐spin OSCPs for next‐generation, dopant‐free, and flexible organic electronics.",crossref
Ampere‐Level CO2‐to‐Formate Electrosynthesis Over Grain‐Boundary‐Rich Sulfur‐Doped SnO2 in Alkaline–Neutral–Acidic Electrolytes,https://onlinelibrary.wiley.com/doi/10.1002/anie.3790761?af=R,,Wiley: Angewandte Chemie International Edition: Table of Contents,2026-09-29 03:55:58+00:00,10.1002/anie.3790761,Zhicheng Zhang,,"ABSTRACT
                  
                    Electrocatalytic reduction of CO
                    2
                    to formate offers a sustainable route for carbon utilization, converting a greenhouse gas into a valuable chemical feedstock. Although Sn‑based catalysts are among the most promising candidates, their formate selectivity often suffers a marked decline at ampere‑level current densities, and operating efficiently in various electrolytes, especially acidic media, remains a major challenge. In this work, we report a grain boundary‑rich sulfur (S)‐doped SnO
                    2
                    catalyst that enables CO
                    2
                    ‐to‐formate electrosynthesis at ampere‐level current densities across alkaline, neutral, and acidic electrolytes. The catalyst achieves formate Faradaic efficiencies exceeding 90% at 1 A cm
                    −2
                    in acidic, neutral, and alkaline electrolytes. In situ spectroscopy and theoretical calculations reveal that S doping reduces the reaction free energy change for the key *OCHO intermediate and promotes its protonation to formate. Meanwhile, S‑doped SnO
                    2
                    with abundant grain boundaries facilitates the formation of an enhanced interfacial hydrogen‐bonding network, which promotes efficient proton transfer while suppressing the competing hydrogen evolution reaction (HER). This work provides new insights into the design of high‐performance electrocatalysts through elemental doping and elucidates the governing role of the interfacial microenvironment in reaction activity and selectivity, offering design principles applicable to broader electrochemical syntheses.",crossref
Sm3+ Doping‐Induced Suppression of Ce3+ 4f1 Trap States in CeO2 for Efficient Photocatalytic Overall Water Splitting,https://onlinelibrary.wiley.com/doi/10.1002/anie.5141626?af=R,,Wiley: Angewandte Chemie International Edition: Table of Contents,2026-09-29 03:59:42+00:00,10.1002/anie.5141626,Guigang Zhang,,"ABSTRACT
                  
                    Defect engineering and electronic structure modification are central to the development of efficient metal oxide photocatalysts for overall water splitting. However, the role of specific electronic trap states that govern charge carrier dynamics remains incompletely understood. Herein, we report a lanthanide‐assisted solid‐state strategy to synthesize Sm
                    3+
                    ‐doped CeO
                    2
                    that selectively suppresses detrimental Ce
                    3+
                    4f
                    1
                    trap states while preserving surface active sites. Structural and spectroscopic characterizations indicate that Sm
                    3+
                    preferentially segregates at the CeO
                    2
                    surface, where its incorporation suppresses Ce
                    3+
                    4f
                    1
                    trap states that act as dominant non‐radiative recombination centers, thereby prolonging charge carrier lifetimes and enabling efficient migration to the catalytic surface. When integrated with dual cocatalysts (CoO
                    x
                    –Rh/Cr
                    2
                    O
                    3
                    ), the optimized Sm
                    3+
                    ‐doped CeO
                    2
                    achieves an apparent quantum yield of 12.6% ± 0.4% at 365 nm, representing the highest reported value for CeO
                    2
                    ‐based photocatalysts for overall water splitting. These findings establish surface lanthanide segregation as a versatile approach for regulating defect states and charge carrier dynamics, unlocking the intrinsic activity of CeO
                    2
                    for solar‐fuel production.",crossref
Metal‐Free One‐Pot Access to Benzofuran Building Blocks Toward Efficient Narrowband Blue–Cyan Emitters,https://onlinelibrary.wiley.com/doi/10.1002/anie.2320378?af=R,,Wiley: Angewandte Chemie International Edition: Table of Contents,2026-09-29 04:03:54+00:00,10.1002/anie.2320378,Chuluo Yang,,"ABSTRACT
                  A metal‐free amino‐group‐directed regioselective cyclization from α‐diketone compounds and diarylamines is reported for the synthesis of benzofuran derivatives. The transformation proceeds through sequential intermolecular and intramolecular Friedel–Crafts‐type processes under acidic conditions, enabling one‐pot construction of fused benzofuran frameworks. The method shows good substrate scope, providing products in moderate yields and demonstrating gram‐scale practicality. Based on this scaffold, two donor units are developed and incorporated into multi‐resonance thermally activated delayed fluorescence (MR‐TADF) emitters, namely BNFFA and BNFFC. Both compounds exhibit narrowband emission (full with at half maximum = 20 and 25 nm) and decent delayed fluorescence. Organic light‐emitting diodes based on these emitters achieved maximum external quantum efficiencies of 23.5% and 29.3%, with blue‐cyan emissions suitable for emerging four‐primary wide‐color‐gamut displays.",crossref
Dynamically Reconfigurable Ir(III) Complex‐Based Co‐Assemblies for Sequential Energy Transfer and Programmable Luminescence,https://onlinelibrary.wiley.com/doi/10.1002/anie.8728174?af=R,,Wiley: Angewandte Chemie International Edition: Table of Contents,2026-09-29 04:04:34+00:00,10.1002/anie.8728174,Chun Liu,,"ABSTRACT
                  
                    Most artificial light‐harvesting systems (ALHSs) are built from predefined donor–acceptor combinations, making their energy transfer and emission difficult to alter after assembly. Combining reversible reconfiguration with efficient sequential energy transfer remains challenging. Herein, we report reconfigurable Ir(III) complex‐based co‐assemblies for sequential energy transfer and programmable luminescence. In H
                    2
                    O/CH
                    3
                    CN with a 90% water content,
                    Ir‐D
                    self‐assembles into blue‐phosphorescent nanorods. Co‐assembly of
                    Ir‐D
                    with erythrosine Y (
                    A1
                    ) or Nile red (
                    A2
                    ) enables one‐step energy transfer, whereas co‐assembly with both acceptors enables two‐step sequential energy transfer with 84.8% efficiency and 88.7% photoluminescence quantum yield. Notably, only 0.1 mol%
                    A2
                    affords white‐light emission with CIE coordinates of (0.31, 0.34), reflecting efficient acceptor‐emission amplification. Beyond composition‐dependent tuning, the donor–acceptor co‐assemblies can be reconstructed after formation: heating dissociates the assemblies, and adding or adjusting
                    A1
                    and
                    A2
                    in the dissociated state produces new co‐assemblies upon cooling, changing the emission from white to yellow and then red. The thermally controlled switching of energy transfer is further used for multicolor information encryption and molecular logic operations. This work shows that supramolecular dynamics can move ALHSs beyond static donor–acceptor construction by allowing energy transfer and luminescence to be reconfigured after co‐assembly.",crossref
Fully Reduced Core–Shell Organotin‐Polyoxometalate {Sn12Mo19}: A Synergistic Modulation Material for the Buried Interface of Inverted Perovskite Solar Cells,https://onlinelibrary.wiley.com/doi/10.1002/anie.1019904?af=R,,Wiley: Angewandte Chemie International Edition: Table of Contents,2026-09-29 04:05:46+00:00,10.1002/anie.1019904,Weilin Chen,,"ABSTRACT
                  
                    The commercialization of inverted perovskite solar cells (PSCs) suffers from poor buried interface and interfacial charge loss at the hole transport layer. Therefore, designing and synthesizing materials that can precisely optimize the buried interface is crucial. Herein, we employ a molecular design strategy to synthesize an organotin‐functionalized fully reduced polyoxometalate (POM), (NH
                    4
                    )
                    2
                    H
                    15
                    [Sn
                    IV
                    3
                    (CH
                    3
                    )
                    3
                    (OH)
                    3
                    O]
                    4
                    [Mo
                    V
                    19
                    O
                    64
                    ]·20H
                    2
                    O ({Sn
                    12
                    Mo
                    19
                    }), which serves as a molecular‐level synergistic interfacial layer between NiO
                    x
                    and a self‐assembled monolayer (SAM) in PSCs. {Sn
                    12
                    Mo
                    19
                    } features a fully reduced Mo‐oxo cluster core surrounded by four organotin shells, endowing the entire molecule with a
                    T
                    d
                    ‐symmetric triply‐nested architecture that enables ordered spatial organization of bifunctional moieties. Comprehensive experimental and theoretical results reveal that nanoscale, well‐defined {Sn
                    12
                    Mo
                    19
                    } fills voids within the NiO
                    x
                    layer, where its Mo‐oxo core suppresses detrimental Ni
                    4+
                    and the organotin shell induces SAM homogenization via hydrogen bonding. Such synergistic effects substantially improve the quality of the buried interface by suppressing interfacial side reactions and SAM spatial mismatch. Consequently, the
                    V
                    oc
                    of PSCs increases by 3.31%, and PCE rises from 23.81% to 26.11%, setting a new record for POM‐modified PSCs and rendering {Sn
                    12
                    Mo
                    19
                    } universal across various SAMs. This work demonstrates that POM molecular engineering can precisely address interfacial challenges, offering new design concepts and technical routes for broader photovoltaic applications.",crossref
Covalently Preorganized (Thio)Urea–Alkoxide Organocatalysts Enable Controlled Synthesis of High‐Molecular‐Weight Polyglycolide,https://onlinelibrary.wiley.com/doi/10.1002/anie.6732152?af=R,,Wiley: Angewandte Chemie International Edition: Table of Contents,2026-09-29 04:06:32+00:00,10.1002/anie.6732152,Xinghong Zhang,,"ABSTRACT
                  
                    Polyglycolide (PGA) is a leading biodegradable polyester, but controlled access to high‐molecular‐weight PGA remains challenging. Here, we introduce a covalent preorganization strategy that merges H‐bond‐mediated monomer activation and alkoxide‐based chain propagation within a single molecular scaffold. Systematic variation of the H‐bond donor, substituent electronics, tether length, and counter cation identifies the thiourea‐based sodium alkoxide
                    Cat. 7
                    as an optimal catalyst/initiator. Under mild conditions,
                    Cat. 7
                    enables rapid and selective ring‐opening polymerization of glycolide, affording PGA with number‐average molecular weights up to 222.4 kDa (dispersity of 1.57, turnover number of 11 600, and turnover frequency of 483 h
                    −1
                    ). Crystallographic, kinetic, spectroscopic, and computational studies support an intramolecular cooperative mechanism. The resulting high‐molecular‐weight PGA exhibits high crystallinity and tensile strength, highlighting (thio)urea‐alkoxide covalent integration as a powerful strategy for the precision synthesis of high‐performance biodegradable polyesters.",crossref
Atomic Contact With Cu Single Atom Promoting Pt3 Clusters for High‐Performance Acetylene Semihydrogenation,https://onlinelibrary.wiley.com/doi/10.1002/anie.4217363?af=R,,Wiley: Angewandte Chemie International Edition: Table of Contents,2026-09-29 04:07:38+00:00,10.1002/anie.4217363,Huibin Ge,,"ABSTRACT
                  
                    Understanding how second metal species modulate catalytic performance remains a central challenge in bimetallic heterogeneous catalysis. Here, we report a controllable strategy to construct atomically contacted and spatially isolated structures between Pt
                    3
                    clusters and Cu atoms on γ‐Al
                    2
                    O
                    3
                    by atomic layer deposition (ALD), enabling direct interrogation of metal–metal synergy. By regulating anchoring sites around Pt clusters, Cu atoms can be selectively positioned either by bonding to Pt to form Pt
                    3
                    Cu
                    1
                    clusters or by separating into isolated Cu single atoms. Comprehensive characterizations and theoretical calculations reveal that Cu single atom can act as an effective promoter only when directly bonded to Pt
                    3
                    clusters. As electron donator, the bonded Cu atom can enhance the hydrogen dissociation ability of Pt clusters, weaken their strong acetylene adsorption, and facilitate ethylene desorption, thereby overcoming the activity‐selectivity trade‐off in selective hydrogenation of trace acetylene. In contrast, isolated Cu single atom fails to promote Pt
                    3
                    clusters and even deteriorate selectivity. These results demonstrate that Pt─Cu bond formation, rather than simple proximity, governs synergistic effects in bimetallic cluster catalysts. This work establishes a clear design principle for atomically engineered catalysts and offers a general strategy to independently optimize catalytic activity and selectivity.",crossref
Pre‐Organized Active Sites Strategy Steering a Bismuth‐Based MOF Nanosheet for High‐Efficiency Acidic CO2 Electroreduction,https://onlinelibrary.wiley.com/doi/10.1002/anie.7259832?af=R,,Wiley: Angewandte Chemie International Edition: Table of Contents,2026-09-29 04:09:45+00:00,10.1002/anie.7259832,Xiao‐Ming Chen,,"ABSTRACT
                  
                    Electrochemical reduction of CO
                    2
                    to formic acid in acidic media offers a promising route to mitigate carbon loss, yet it remains challenging to design catalysts that effectively suppress the competing hydrogen evolution reaction and achieve industrial‐level current densities under acidic conditions. Here, we demonstrate exfoliating a densely packed 3D pillar‐layered bismuth‐based metal–organic framework into ultrathin nanosheets, enabling efficient CO
                    2
                    ‐to‐formic acid conversion. Remarkably, the removal of 1,4‑benzenedicarboxylate linkers during exfoliation leads to the exposure of the underlying dinuclear bismuth sites, which retain the original coordination site geometry. Mechanistic studies reveal that these exposed dinuclear sites exhibit intrinsic geometric compatibility with key intermediates (*CO
                    2
                    or *OCHO), resembling the native carboxylate binding mode, thereby significantly lowering the Gibbs free energy barrier for intermediate formation. Concurrently, the modified electronic structure results in a reduced work function that facilitates electron transfer. As a result, the optimized catalyst achieves an industrial‐relevant current density of 500 mA cm
                    −2
                    with a formic acid Faradaic efficiency of 95%, doubling the performance of the bulk MOF and surpassing most reported catalysts. This work highlights a precise structural evolution strategy for creating geometrically optimized active sites, offering new insights into the design of efficient electrocatalysts for acidic CO
                    2
                    reduction.",crossref
Photocatalytic Transannular Migration to Stereodefined Cyclobutanes and Bicyclo[2.1.1]hexanes as Benzenoid Bioisosteres,https://onlinelibrary.wiley.com/doi/10.1002/anie.7845758?af=R,,Wiley: Angewandte Chemie International Edition: Table of Contents,2026-09-29 04:09:48+00:00,10.1002/anie.7845758,Jun Zheng,,"ABSTRACT
                  
                    Higher Fsp
                    3
                    often correlates with clinical success, driving the replacement of flat arenes with saturated carbocycles. Stereodefined 1,1,3‐trisubstituted cyclobutane and 1,2,4‐trisubstituted bicyclo[2.1.1]hexane (BCH) serve as bioisosteres for
                    para
                    ‐ and 1,2,4‐trisubstituted benzenes, respectively. Yet, general stereoselective routes to these frameworks remain underdeveloped. In this study, we report a photocatalytic transannular functional group migration (TFGM) strategy that enables highly diastereoselective synthesis of 1,1,3‐trisubstituted cyclobutanes from alkylidene cyclobutanes and diverse radical precursors at room temperature. The reaction proceeds through a rigid BCH‐type transition state, delivering exclusive
                    cis
                    ‐selectivity. The mild conditions accommodate broad functional group tolerance and support the migration of various groups, including heteroarenes, nitrile, aldehyde, oxime, and alkene derivatives. This platform further provides general and modular entry to 1,2,4‐trisubstituted BCHs via a base‐promoted 5‐exo‐tet cyclization and cross‐coupling sequence. The resulting BCH scaffolds are effective bioisosteres of 1,2,4‐trisubstituted benzenes, demonstrated by BCH‐Olaparib and BCH‐Fluzoparib—analogues of the anticancer drugs Olaparib and Fluzoparib. These analogues retain potent activity comparable to Olaparib in a panel of cancer cell lines (enhanced in breast and liver cells), and the preferred enantiomer of BCH‐Olaparib surpasses Olaparib in PARP1 inhibition, validating 1,2,4‐trisubstituted BCHs as faithful benzenoid bioisosteres for drug innovation.",crossref
Monolayer and Bilayer Nitrogen‐Doped Nanographenes Constructed by Cascade Cyclization,https://onlinelibrary.wiley.com/doi/10.1002/anie.2743830?af=R,,Wiley: Angewandte Chemie International Edition: Table of Contents,2026-09-29 04:12:17+00:00,10.1002/anie.2743830,Yuan‐Zhi Tan,,"ABSTRACT
                  
                    Nitrogen‐doped nanographenes (NGs) with precise structures are attractive because of their tunable electronic structures and supramolecular assembly behaviors. However, the synthesis of structurally diverse architectures, especially discrete bilayer systems, remains challenging. Herein, we report a cascade photo‐induced radical cyclization (PIRC) strategy for the programmable synthesis of a series of peripheral nitrogen‐doped NGs with tunable monolayer and bilayer architectures. Starting from nitrogen‐doped nanographene
                    1
                    as a versatile structural platform, π‐extension affords the larger monolayer nanographene
                    2
                    , whereas modulation of the peripheral steric substituents enables the formation of a discrete bilayer assembly, (
                    3
                    )
                    2
                    . Single‐crystal x‐ray diffraction confirmed the monolayer structures of
                    1
                    and
                    2
                    , while NMR spectroscopy, MALDI‐TOF mass spectrometry, and DFT calculations revealed that (
                    3
                    )
                    2
                    adopts a bilayer configuration. Compared with the monolayer analogues, the bilayer assembly shows broadened and blue‐shifted absorption features characteristic of H‐type coupling. More importantly, peripheral N─H functionalities enable solvent‐responsive dissociation of the bilayer through hydrogen bonding with oxygen‐containing solvents, leading to a solvent‐switchable transformation between bilayer and monolayer states. The aggregation behavior of (
                    3
                    )
                    2
                    is governed by the orthogonality between π–π interactions and hydrogen bonding, giving rise to a unique solvent‐dependent yet concentration‐independent structural transformation.",crossref
Cooperation of PtO2 and Adjacent Pt1 on In2O3 Photocatalysts for Unity‐Selective Propane Dehydrogenation,https://onlinelibrary.wiley.com/doi/10.1002/anie.1300481?af=R,,Wiley: Angewandte Chemie International Edition: Table of Contents,2026-09-29 05:05:44+00:00,10.1002/anie.1300481,Xinchen Wang,,"ABSTRACT
                  
                    Solar‐driven direct propane dehydrogenation (PDH) represents a promising strategy to overcome the high‐temperature demands and selectivity limitations of conventional thermocatalysis, yet the identification of effective photoactive phases remains challenging. Herein, we demonstrate that photoactivated PtO
                    2
                    enables regenerable and highly selective PDH over a PtO
                    2
                    /Pt
                    1
                    ‐In
                    2
                    O
                    3
                    catalyst under mild conditions. Under simulated sunlight without external heating, the catalyst achieves a propylene formation rate of 1322.35 µmol g
                    −1
                    h
                    −1
                    with unity selectivity, while remaining inactive under comparable thermocatalytic conditions. In situ spectroscopic analyses combined with density functional theory calculations reveal a photoactivated dual‐site mechanism, in which PtO
                    2
                    nanoparticles function as oxidation centers for hole‐driven C─H bond activation, whereas neighboring interfacial Pt single atoms act as electron‐accepting sites to promote H
                    2
                    evolution, enabling efficient spatial separation and utilization of photogenerated charge carriers. Catalyst deactivation arises from partial reduction of PtO
                    2
                    , which can be exactly regenerated via a facile oxidative annealing process in air, affording excellent reusability. These findings identify photoactivated PtO
                    2
                    as a distinct active phase for selective PDH and provide a design principle for solar‐driven alkane valorization.",crossref
Customized Flexibility in Soft Porous Crystals With Coupled Dynamics for Matching Separation of Light Hydrocarbons,https://onlinelibrary.wiley.com/doi/10.1002/anie.3591838?af=R,,Wiley: Angewandte Chemie International Edition: Table of Contents,2026-09-29 05:06:36+00:00,10.1002/anie.3591838,Ming‐Hua Zeng,,"ABSTRACT
                  
                    Soft porous crystals exploit adaptive structural dynamics for molecular recognition, yet their elusive nature hinders the fundamental understanding of rational design and reliable applications. Here, the correlation dynamics intrinsic to layered M(pbe)‐α (M = Co
                    2+
                    , Zn
                    2+
                    , Cu
                    2+
                    ), transmitting from mono‐vertex to strained‐linker and to self‐adaptive grid/stack, are orchestrated into node‐encoded flexibility. In‐situ tracking of dynamic structural evolution (including vertex distortion, linker rotation, layer motion, and pore resculpting) reveals the cation‐induced flexibility gradient Co &gt; Zn &gt; Cu, evidenced by changes in coordination bond lengths, unit cell volumes, and inter/intra‐layer interactions. The activated phase Co(pbe)‐β exhibits strong flexibility, undergoing a polarizability‐driven response for acetylene, achieving a record acetylene/carbon dioxide uptake ratio of 75. Zn(pbe)‐β with moderate flexibility displays a marked difference in response to propylene versus propane. Cu(pbe)‐β with the weakest flexibility shows high selectivity for dispersion‐driven adsorption of butadiene over n‐butene. Breakthrough experiments confirm exceptional separation and cyclic performance, where efficient desorption yields high‐purity (≥ 99.5%) acetylene, propylene, and butadiene. Thus, correlating the local dynamic extent of coordination bonds with weak interaction constraints, as well as global cell volume expansion extent in these finely fabricated layered soft crystals, enables customized flexibility for the matched separation of challenging C2‐C4 mixtures.",crossref
Direct Asymmetric Synthesis of Chiral β‐Hydroxy‐α‐Amino Amides via PLP‐Inspired Biomimetic Aldol Reaction,https://onlinelibrary.wiley.com/doi/10.1002/anie.7937631?af=R,,Wiley: Angewandte Chemie International Edition: Table of Contents,2026-09-29 05:07:22+00:00,10.1002/anie.7937631,Baoguo Zhao,,"ABSTRACT
                  Chiral β‐hydroxy‐α‐amino amides represent important structural motifs ubiquitous in pharmaceuticals and bioactive molecules. Current synthetic approaches typically rely on multistep conversion from the corresponding β‐hydroxy‐α‐amino acids, resulting in poor step‐economy and potential α‐racemization during amidation. However, direct asymmetric synthesis of these compounds via aldol reactions remains highly challenging because of the low reactivity of glycinamides and the instability of the corresponding aldol products. Herein, we report a chiral pyridoxal‐catalyzed biomimetic aldol reaction of glycinamides with aldehydes, producing a broad range of structurally diverse chiral β‐hydroxy‐α‐amino amides in up to 98% yield, &gt;20:1 dr, and 99% ee. Notably, this biomimetic strategy accommodates structurally complex dipeptides and polypeptides, allowing direct modification of peptide chains and providing efficient access to these significant peptide‐based chiral β‐hydroxy‐α‐amino amides. The key intermediate of the drug eliglustat was also readily synthesized via this strategy. Mechanistic studies suggest a cooperative carbonyl catalysis pathway analogous to threonine aldolase, accounting for the high reactivity and stereocontrol.",crossref
Sustainable Electrosynthesis of Hexamethylenetetramine via Paired Electrolysis of Nitrate and PET Waste,https://onlinelibrary.wiley.com/doi/10.1002/anie.9224223?af=R,,Wiley: Angewandte Chemie International Edition: Table of Contents,2026-09-29 05:09:01+00:00,10.1002/anie.9224223,Yong Chen,,"ABSTRACT
                  
                    Hexamethylenetetramine (HMTA) is a critical organonitrogen compound widely used in the defense, pharmaceutical, and polymer industries. Conventional HMTA production relies on toxic formaldehyde (HCHO) and energy‐intensive Haber–Bosch‐derived ammonia (NH
                    3
                    ) as feedstocks. This study demonstrates a sustainable electrocatalytic approach for the direct synthesis of HMTA via paired electrolysis, using nitrate (NO
                    3
                    −
                    ) and polyethylene terephthalate (PET) waste as nitrogen and carbon sources, respectively. With iron‐doped nickel phosphide (Fe–Ni
                    2
                    P) as a bifunctional catalyst, the system achieves concurrent cathodic NO
                    3
                    −
                    reduction to NH
                    3
                    with a Faradaic efficiency of ∼ 96.0%, and anodic oxidation of PET‐derived ethylene glycol to electrophilic *HCHO intermediates. These resulting intermediates subsequently condense with nucleophilic NH
                    3
                    to form HMTA with ∼75.2% carbon selectivity. Mechanistic studies reveal that Fe doping induces charge redistribution and upshifts the d‐band center, thereby facilitating the adsorption and activation of reactants and lowering the energy barrier for *HCHO intermediate formation and desorption—a critical step enabling subsequent C─N coupling. This work establishes a mild and sustainable electrocatalytic route for HMTA synthesis from environmental waste, underscoring the potential of paired electrolysis in valorizing waste into valuable organonitrogen chemicals.",crossref
Long‐Lived Organic Room‐Temperature Phosphorescent Fluids via Chromophore Confinement,https://onlinelibrary.wiley.com/doi/10.1002/anie.6514261?af=R,,Wiley: Angewandte Chemie International Edition: Table of Contents,2026-09-29 05:10:31+00:00,10.1002/anie.6514261,Long Gu,,"ABSTRACT
                  Fluidic room‐temperature phosphorescence (RTP) materials with tunable viscosity and distinctive triplet excited‐state properties hold considerable potential for applications in flexible electronics. However, realizing long‐lived fluid RTP remains highly challenging because the dynamic nature of fluid media enables extensive molecular motion and oxygen permeation, which readily dissipate chromophore triplet excitons via nonradiative pathways. Herein, we report a universal strategy for achieving room‐temperature phosphorescent polymer fluids through chromophore confinement within microphase‐separated domains of block copolymers. The localized confinement environments generated by rigid segments surrounding the chromophores effectively suppress nonradiative transitions and stabilize triplet excitons in the fluid state. Consequently, the resulting polymer fluids exhibit tunable viscous flow behavior and ultralong phosphorescence lifetimes of up to 364 ms. Moreover, the generality of the strategies is demonstrated by modulating chromophore structures and achieving a series of multicolor RTP polymer fluids. Leveraging their excellent fluidity and persistent afterglow emission, these materials demonstrate significant potential for adaptive afterglow displays and visualization detection. This work establishes an effective approach for constructing fluidic RTP polymer materials and offers new insights into the design of functional RTP materials.",crossref
Monomer Molecule Reconstruction Engineered Heterogeneous Lithium‐Ion Solvation for High‐Performance Lithium‐Metal Batteries,https://onlinelibrary.wiley.com/doi/10.1002/anie.5513729?af=R,,Wiley: Angewandte Chemie International Edition: Table of Contents,2026-09-29 06:01:47+00:00,10.1002/anie.5513729,Yiju Li,,"ABSTRACT
                  
                    High‐energy‐density lithium‐metal batteries (LMBs) are promising for next‐generation energy storage, but their practical application is hindered by lithium dendrite growth and electrolyte interfacial instability under high‐voltage conditions. Here, we report a molecule‐reconstruction strategy to regulate Li
                    +
                    solvation by exploiting the amplified steric hindrance generated during in situ polymerization of isobutyl methacrylate (IBMA). Covalently linking IBMA monomers into macromolecular chains increases steric bulk around polar ester groups, reduces the electron cloud density of carbonyl oxygen, weakens Li
                    +
                    ‐polymer coordination, and drives a transition from solvent‐dominated to anion‐rich solvation even at low salt concentrations. With TTE serving as a “molecular lubricant”, the gel solid‐state DEE‐PIBMA electrolyte achieves a room‐temperature ionic conductivity of 1.77 mS cm
                    −1
                    and practical high‐voltage stability to ∼4.7 V, as confirmed by floating tests. Gel solid‐state Li||NCM811 cells retain 81.8% of their initial capacity after 500 cycles at 0.5 C, while pouch cells operate stably with an energy density of 386.1 Wh kg
                    −1
                    . These results highlight macromolecular backbone engineering as a general design principle for regulating solvation structures and interfacial chemistry in high‐energy LMBs.",crossref
Reduced Electron Delocalization via Symmetry Breaking at Single‐Atom Cobalt Sites for Efficient Photocatalytic Plastic Upcycling,https://advanced.onlinelibrary.wiley.com/doi/10.1002/adma.75166?af=R,,Wiley: Advanced Materials: Table of Contents,2026-09-29 06:16:09+00:00,10.1002/adma.75166,Lydia Helena Wong,,"ABSTRACT
                  
                    Direct photocatalytic upcycling of nonbiodegradable plastics using single‑atom catalysts (SACs) remain limited by the symmetric coordination of isolated metal sites, which constrains intermediate binding and charge transfer. Here, we reconstruct the heptazine units of polymeric carbon nitride (PCN) via a salt‐induced strategy, transforming S─CoPCN with a predominantly symmetric Co─N
                    4
                    coordination environment into A─CoPCN featuring predominantly asymmetric Co─N
                    3
                    configurations. Under white‐light irradiation at room temperature and 1 bar O
                    2
                    , A─CoPCN enables the conversion of polystyrene to benzoic acid with a yield of 39.6% and a carbon recovery of 71.6%. Compared with previously reported systems that often require elevated temperatures, high O
                    2
                    pressures, or external oxidants, this system operates under markedly milder conditions. The catalyst further demonstrates broad applicability across diverse nonbiodegradable plastics, including polystyrene, polyisobutylene, polylactic acid, polypropylene, polyethylene, and polyvinyl acetate. Mechanistic studies combining advanced spectroscopy and density functional theory calculations reveal that symmetry breaking suppresses electron delocalization, upshifts the Co d‐band center, and lowers exciton binding energy, thereby facilitating charge separation and transfer, promoting O
                    2
                    adsorption and activation to generate reactive •O
                    2
                    −
                    species for efficient plastic upcycling. This work identifies coordination asymmetry as a key design principle for SACs and provides a general strategy for enhancing photocatalytic plastic upcycling.",crossref
Phase‐Confined Ring‐Opening Polymerization Enables Adaptive Wet Adhesion with Dynamic Mechanical Reinforcement,https://advanced.onlinelibrary.wiley.com/doi/10.1002/adma.75175?af=R,,Wiley: Advanced Materials: Table of Contents,2026-09-29 06:16:27+00:00,10.1002/adma.75175,Shifang Luan,,"ABSTRACT
                  
                    Developing wet adhesives integrating rapid interfacial adaptability and superior mechanical stability remains a long‐standing hurdle. Existing liquid–liquid phase separation (LLPS)‐based adhesives mainly exploit phase condensation for interfacial wetting, while the phase‐separated domains rarely participate in active molecular reinforcement or adaptive mechanical regulation. Inspired by the hydration‐regulated adaptive transition behavior of snail mucus, we herein constructed an adaptive coacervate adhesive through an phase‐confined structure transformation and dual‐network reinforcement. Through salt bridge‐mediated phase separation between sodium thioctate and polycationic components, dense coacervate condensates are formed via synergistic salt‐bridge interactions, providing highly confined microenvironments for realizing the ring‐opening polymerization (ROP) of thioctic acid (TA). Consequently, the coacervate adhesive undergoes hydration‐regulated reversible mechanical transition, featuring superior wet interfacial adaptability under the hydrated state and substantial dehydration‐induced stiffening and cohesive reinforcement analogous to native snail mucus. Unlike conventional tissue sealants and sutures that often suffer from poor wet adaptability or rigid fixation, the adaptive coacervate system dynamically couples rapid interfacial wetting with dehydration‐induced cohesive reinforcement (695.31 vs 24.7 N·m
                    −2
                    of fibrin glue). This work establishes a universal biomimetic strategy for coupling confined molecular structural transformation with adaptive supramolecular mechanics toward designing adaptive biointerfaces.",crossref
Topological Hall Effect Induced by Chiral Spin Textures at the Ferroelectric/Ferromagnetic Interface,https://advanced.onlinelibrary.wiley.com/doi/10.1002/adma.75194?af=R,,Wiley: Advanced Materials: Table of Contents,2026-09-29 06:54:42+00:00,10.1002/adma.75194,Geliang Yu,,"ABSTRACT
                  Chiral spin textures, largely driven by the Dzyaloshinskii–Moriya interaction, offer significant potential for next‐generation computing technologies due to their chirality and topological stability. Ferroelectric/ferromagnetic van der Waals heterostructures are particularly appealing because they can combine interfacial inversion‐symmetry breaking and spin‐orbit coupling to promote interfacial Dzyaloshinskii–Moriya interaction, while switchable ferroelectric polarization provides a nonvolatile tuning knob. This study investigates interfacial chiral spin textures in few‐layer /‐ heterostructures. Two groups of topological Hall signals are identified just below and above the coercive field, and thickness‐dependent transport reveals a notable reduction in critical temperature with increasing  layer thickness. Low‐temperature magnetic force microscopy images reveal two types of magnetic bubbles with opposite magnetic contrasts near the coercive field, each associated with distinct topological Hall signals. Together with atomistic spin‐dynamics simulations and first‐principles calculations, these results support the formation of interfacial DMI‐stabilized chiral spin textures. Switching the ferroelectric polarization of the ‐ layer further enables nonvolatile modulation of both anomalous and topological Hall effects. The resulting ferroelectric and magnetic bistabilities generate four distinguishable Hall resistance states programmable by electric and magnetic fields. These findings highlight the potential of van der Waals interfaces for advanced device applications.",crossref
A Thermoreversible Gelation Pathway to Plant Cuticle‐Inspired Biopolymer Aerogel Monoliths Based on Network‐Spherulitic Crystal Assemblies,https://advanced.onlinelibrary.wiley.com/doi/10.1002/adma.75136?af=R,,Wiley: Advanced Materials: Table of Contents,2026-09-29 08:03:00+00:00,10.1002/adma.75136,Patrick C. Lee,,"ABSTRACT
                  
                    Plant‐based and compostable biopolymers are vital in global shifts toward green materials. However, their adoption in aerogel fabrication is limited by material and structure‐performance deficiencies (e.g., hydrophilicity, low surface area, brittleness, limited tactile tailorability). Nevertheless, stereocomplexation, or co‐crystallization between polymeric enantiomers, offers a pathway toward overcoming such limitations. Herein, stereocomplexation is used to fabricate poly(lactide) (PLA)‐based aerogels, with stereocomplex crystals (SCs) assembling into a highly ordered morphology/topology within aerogel precursors. To tailor aerogel bulk properties, a blending approach is implemented during sol–gel processing, leading to sequential crystallization of sol–gel system constituents. This pathway yields hierarchically macro‐/meso‐porous aerogels (
                    S
                    BET
                    up to ∼186 m
                    2
                    ·g
                    −1
                    ), offering a variety of superstructures that resemble cuticular plant tissue. These aerogels resist brittle failure under compression (70% strain) and withstand cyclic loading (100 cycles, 20% strain) without significant densification. Such aerogels also exhibit functional properties including superhydrophobicity/superoleophilicity and are well‐suited for continuous oil–water separation. Additionally, fantastic geometric‐thermal stability, insulation/heat dissipation ability (
                    k
                    Cond
                     ∼36 mW·m
                    −1
                    ·K
                    −1
                    ), and phase‐change insulation characteristics are achieved. These functionalities arise from multi‐scale structural features and demonstrate how coupling stereocomplexation and sequential crystallization offers pathways to construct intricate superstructure morphologies/topologies, and overcome material/structure‐performance limitations in green aerogels.",crossref
Vacancy Clusters Enable Configurational Matching for Selective Olefin C─H Activation Through Orbital Coupling,https://onlinelibrary.wiley.com/doi/10.1002/anie.7366799?af=R,,Wiley: Angewandte Chemie International Edition: Table of Contents,2026-09-29 08:39:44+00:00,10.1002/anie.7366799,Dang‐guo Cheng,,"ABSTRACT
                  
                    Selective oxidation of olefins offers an attractive route for upgrading light olefins into value‐added chemicals, yet achieving high selectivity requires precise control over both orbital interactions and adsorption configurations at catalyst surfaces. Here, oxidative dehydrogenation (ODH) of 1‐butene is employed as a model reaction to demonstrate that coupled bismuth–oxygen vacancy clusters on Bi
                    2
                    WO
                    6
                    regulate the orbital coupling between surface Bi 6p states and the olefin π orbital, thereby reconstructing the adsorption configuration. In situ spectroscopic measurements combined with density functional theory calculations reveal that pristine Bi
                    2
                    WO
                    6
                    favors a flat π adsorption mode dominated by C═C interaction, leaving the reactive C─H bond poorly aligned with neighboring W─O lattice oxygen sites. Vacancy clusters induce a tilted π adsorption configuration that spatially aligns the target C─H bond with the dehydrogenation site. This orbital‐guided configurational matching promotes selective C─H activation while suppressing competing oxidation pathways. These findings establish orbital‐regulated adsorption reorientation through vacancy‐cluster engineering as a strategy for controlling selective olefin oxidation.",crossref
A 3D Cycloparaphenylene‐Cored Trimeric Electron Acceptor Regulates Acceptor Fibril Morphology for 20.6%‐Efficient Ternary Organic Solar Cells,https://onlinelibrary.wiley.com/doi/10.1002/anie.8288920?af=R,,Wiley: Angewandte Chemie International Edition: Table of Contents,2026-09-29 08:42:00+00:00,10.1002/anie.8288920,Weiwei Li,,"ABSTRACT
                  The application of cycloparaphenylene (CPP) macrocycles in organic photovoltaics has remained largely unexplored despite their unique three‐dimensional (3D) topologies. Herein, we expand the functional scope of CPPs by covalently integrating a carbon‐nanohoop scaffold with Y‐series electron acceptors to develop a novel 3D trimeric acceptor, CPP‐3Y. Distinct from conventional planar molecules, CPP‐3Y combines radially oriented π‐conjugation, a continuously curved π‐surface, and sterically hindered 3D topology, resulting in strong aggregation with low crystallinity. When introduced as a third component into the D18:L8‐BO‐X binary system, CPP‐3Y preferentially associates with the L8‐BO‐X‐rich acceptor phase, resulting in large fibrillar structures in blended thin films. This narrows the energetic tail‐state distribution, suppresses trap‐assisted and non‐radiative recombination, and enables more balanced charge transport. Consequently, D18:L8‐BO‐X:CPP‐3Y ternary OSCs achieve a PCE of 20.62%, outperforming binary devices (19.90%). They also retain over 80% of their initial efficiency after 964 h at 70  °C, whereas the binary devices fall below this level after 432 h. This work demonstrates that cyclic electron acceptors with 3D configurations and strong aggregation can act as morphological regulators to tune the phase separation of photoactive layers and hence realize high PCEs in OSCs.",crossref
Hydration‐Gated Photoinduced Electron Transfer in BODIPY Dyes,https://onlinelibrary.wiley.com/doi/10.1002/anie.3726851?af=R,,Wiley: Angewandte Chemie International Edition: Table of Contents,2026-09-29 08:44:16+00:00,10.1002/anie.3726851,Mikhail A. Filatov,,"ABSTRACT
                  Fluorescent probes based on photoinduced electron transfer (PET) are widely used to image intracellular environments. Here we report donor–acceptor dyads based on the BODIPY chromophore in which PET is selectively activated upon hydration. Replacing fluorine groups at boron with triethylene glycol (TEG) chains confers aqueous solubility and modulates the electronic properties of the boron‐coordinated core, suppressing PET in polar organic solvents while enabling efficient charge separation in water. This switching arises from hydrogen bonding at the alkoxy oxygens, which strengthens the effective acceptor character of the BODIPY, supported by electrochemistry, transient absorption spectroscopy, and DFT calculations. The mechanism is general across dyads incorporating various aromatic donors and BODIPY substitution patterns. The lead compound, 5‐TEG, displays hydration‐dependent fluorescence lifetimes spanning a 6 ns range. In fluorescence lifetime imaging microscopy (FLIM) of living cells, tumor spheroids, and intestinal organoids, 5‐TEG provides high brightness and lifetime contrast, enabling segmentation of subcellular compartments and reporting on microenvironmental differences. These results establish hydration‐gated PET as a tunable photophysical mechanism for designing fluorescence probes with lifetime‐encoded readouts in complex biological environments.",crossref
Eucommia Ulmoides Gum‐Inspired Topological Confinement Enables Direct Spinning of All‐Solid‐State Ionic Conductive Elastomers,https://advanced.onlinelibrary.wiley.com/doi/10.1002/adma.75180?af=R,,Wiley: Advanced Materials: Table of Contents,2026-09-29 09:06:12+00:00,10.1002/adma.75180,Jianyong Yu,,"ABSTRACT
                  Stretchable conductive fibers have attracted considerable attention owing to their exceptional flexibility, deformation adaptability, and structural integrability. Many ionic conductive elastomers have been developed as promising materials for wearable electronics; however, their spinning into fibers remains challenging due to the inherent conflict between ionic conductivity and mechanical robustness. Herein, inspired by Eucommia ulmoides gum (EUG), we develop a topological confinement strategy to construct all‐solid‐state ionic conductive elastomers featuring a hyperbranched‐nanocluster‐bridged network, thereby achieving high mechanical robustness and programmable viscoelasticity, which enables the direct spinning of ionic conductive fibers. The topological confinement achieved through hyperbranched nanoclusters couples a robust covalent network with a dynamic supramolecular network, enabling efficient stress dissipation while preserving segmental mobility required for ion transport. Meanwhile, the confined topology enhances intermolecular cohesion and stabilizes the integrity of the interwoven network in ionic conductive elastomers, endowing them with a broad processing window for direct spinning. We further demonstrate a simple yet scalable direct spinning of ionically conductive fibers and validate their practical versatility in multifunctional sensing applications. This work provides a general topology‐guided design principle for spinnable ionic conductive elastomers and broadens the materials foundation for next‐generation wearable fiber electronics.",crossref
Configurational Entropy and Compositional Effects in Fe‐Based Oxide 2D Sheets for Nitrate Electroreduction,https://advanced.onlinelibrary.wiley.com/doi/10.1002/aenm.71668?af=R,,Wiley: Advanced Energy Materials: Table of Contents,2026-09-29 09:18:03+00:00,10.1002/aenm.71668,Zongyou Yin,,"ABSTRACT
                  
                    Entropy engineering offers a promising strategy for constructing multicomponent electrocatalysts, yet its role in nitrate‐to‐ammonia electroreduction remains insufficiently understood. Herein, we design a series of Fe‐based oxide two‐dimensional sheets with low‐, medium‐, and high‐entropy compositions by incorporating Cu, Co, Mn, and Zn into Fe
                    3
                    O
                    4
                    frameworks. This compositional series enables a comparative evaluation of how elemental combination, oxidation‐state distribution, local electronic environment, and electrochemically accessible interfaces influence nitrate reduction reaction (NO
                    3
                    RR) performance. The FeCuCoMnZnO
                    x
                    catalyst delivers an ammonia yield rate of 10.9 mgh
                    −1
                    mg
                    cat
                    −1
                    and a Faradaic efficiency of 94% at −0.55 V vs. reversible hydrogen electrode. Integrated experimental and theoretical analyses suggest that the catalytic behaviour is associated with the combined effects of composition‐dependent electronic structure, mixed‐valence metal centres, and heteroatomic bridge‐site configurations. These features are associated with a calculated d‐band centre in a favourable range for balancing NO
                    3
                    RR intermediate adsorption and desorption, while selected heteroatomic configurations lower key reaction barriers compared with the corresponding homoatomic sites. Post‐cyclic‐stability characterization further indicates partial surface reduction and oxidation‐state redistribution under NO
                    3
                    RR operating conditions. In situ Fourier‐transform infrared and Raman spectroscopy provide potential‐dependent evidence for NO
                    3
                    RR‐related surface intermediates on FeCuCoMnZnO
                    x
                    .",crossref
A Targeted Functional‐Group Integration Strategy for Modulating Wide‐Bandgap Perovskites Toward Efficient Silicon/Perovskite Tandem Photovoltaics,https://advanced.onlinelibrary.wiley.com/doi/10.1002/aenm.71657?af=R,,Wiley: Advanced Energy Materials: Table of Contents,2026-09-29 09:23:26+00:00,10.1002/aenm.71657,Yantao Shi,,"ABSTRACT
                  
                    Wide‐bandgap (WBG) perovskites featuring 1.65–1.70 eV bandgaps are highly desirable light‐harvesting layers to construct high‐performance tandem photovoltaics. However, the complex multi‐component precursor system, especially the asymmetric nucleation of I‐rich and Br‐rich phases during film formation, often leads to difficulties in crystallization control, in turn leading to incomplete precursor reaction, inhomogeneous crystallization, and a high density of film defects. Herein, we introduce a multifunctional additive, 2,3,4,5,6‐pentafluoroanilino(oxo)acetic acid (5FNOA), which features a distinctive combination of functional groups that simultaneously modulates the crystallization kinetics of WBG perovskites and passivates defects. 5FNOA interacts with perovskite precursors via multiple functional groups to stabilize colloidal precursors and selectively retarding Br‐rich phase nucleation while synchronizing it with PbI
                    X
                    , thereby enabling well‐controlled crystallization and preventing uncontrolled, rapid crystal growth. Consequently, a single‐junction 1.66 eV WBG perovskite solar cell (PSC) delivers a power conversion efficiency (PCE) of 24.04%. A two‐terminal perovskite/silicon tandem solar cell (TSC) achieves an outstanding PCE exceeding 33% and exhibits significantly enhanced operational stability. This work offers a versatile multifunctional molecular engineering strategy for high‐quality WBG perovskites toward efficient silicon/perovskite TSCs.",crossref
Topological Integration of Slide‐Ring and Entangled Networks,https://onlinelibrary.wiley.com/doi/10.1002/anie.9631477?af=R,,Wiley: Angewandte Chemie International Edition: Table of Contents,2026-09-29 10:31:15+00:00,10.1002/anie.9631477,Feihe Huang,,"ABSTRACT
                  
                    Topological regulation of polymer networks has emerged as an effective strategy for enhancing the mechanical performance of elastomeric materials. Among various topological architectures, slide‐ring networks and entangled networks have attracted considerable attention, owing to their unique dynamic mobility and spatial interlocked effects, respectively. However, these two topological motifs have so far been explored separately, and their synergistic integration within a single elastomer network remains a significant challenge. Herein, we construct a synergistic topological elastomeric network (
                    SEPN
                    ) by integrating slide‐ring and entangled structures through a molecular‐level interpenetration−polymerization co‐evolution process, followed by aldimine crosslinking and metal‐coordination assembly. The resulting network combines the dynamic mobility of slide‐ring structures with the spatial interlocked effect of entangled nodes, enabling efficient stress redistribution and energy dissipation. Consequently,
                    SEPN
                    exhibits an exceptional combination of high strength (24.3 MPa), superior toughness (327 MJ/m
                    3
                    ), large extensibility (2540%), and dynamic mechanical adaptability. This work establishes a topological synergy strategy for designing next‐generation high‐performance elastomeric materials.",crossref
Dynamic Evolution Redefines the Active Site of Cu/ZnO for Methanol Synthesis Through Iterative Molecular Dynamics Sampling,https://onlinelibrary.wiley.com/doi/10.1002/anie.8282561?af=R,,Wiley: Angewandte Chemie International Edition: Table of Contents,2026-09-29 10:33:51+00:00,10.1002/anie.8282561,Sen Lin,,"ABSTRACT
                  
                    The atomic‐scale identification of active sites in Cu/ZnO catalysts for CO
                    2
                    hydrogenation to methanol remains a longstanding challenging, owing to their dynamic transformation into poorly defined ensembles under working conditions. The interactions between adsorbates and active sites are the key driving force behind this interfacial evolution. Herein, we develop an iterative molecular dynamics sampling approach by integrating density functional theory, ab initio molecular dynamics, and genetic algorithm optimization to effectively capture the Cu/ZnO interface ensembles under reaction conditions, as induced by adsorbates such as CO
                    2
                    and H species. We find that specific interfacial active‐site configurations lower the activation barrier for formate formation through distinct electronic and geometric features, which we define as the peripheral state effect. This effect substantially improves the agreement between the calculated and experimental turnover frequencies, reducing the several‐orders‐of‐magnitude discrepancy typically observed with conventional ground‐state models. Furthermore, we propose a dynamic evolvability principle, showing that low‐coordination Cu clusters better exploit the peripheral state effect owing to their greater structural flexibility, whereas high‐coordination clusters are limited by reduced adaptability. This work provides a dynamic framework for understanding Cu/ZnO active sites and designing catalysts beyond static models.",crossref
Regulating Phase Evolution and Crystallization Dynamics Enables Low Open‐Circuit Voltage Deficit in Wide‐Bandgap Cu2ZnSnS4 Solar Cells,https://advanced.onlinelibrary.wiley.com/doi/10.1002/adma.74990?af=R,,Wiley: Advanced Materials: Table of Contents,2026-09-29 10:44:43+00:00,10.1002/adma.74990,Xiaojing Hao,,"ABSTRACT
                  
                    Wide‐bandgap kesterite Cu
                    2
                    ZnSnS
                    4
                    (CZTS) is a promising top‐cell candidate for tandem photovoltaics owing to its earth‐abundant composition and low‐cost solution processability. However, its progress is hindered by a large open‐circuit voltage (
                    V
                    OC
                    ) deficit. A key origin lies in the defects generated during sulfurization. For solution‐processed CZTS absorbers, an intermediate‐phase pathway involving Cu
                    2
                    SnS
                    3
                    and other intermediate phases alters the local chemical environment and crystallization behavior, leading to substantial defects and carrier recombination. Here, we develop a bilayer composition‐modulated sulfurization (BCMS) strategy using a pre‐stabilized Cu‐rich bottom layer and a Cu‐poor upper layer to regulate Cu redistribution during sulfurization. The BCMS strategy suppresses Cu
                    2
                    SnS
                    3
                    and favors the direct transformation pathway, while transforming the crystallization from surface‐dominated growth to a more synchronized process across the film. The regulation of phase evolution and crystallization suppresses bulk and interface defects, reducing carrier recombination. As a result, a power conversion efficiency of 11.05% with a
                    V
                    OC
                    of 747.64 mV is achieved, representing the lowest
                    V
                    OC
                    deficit reported for solution‐processed wide‐bandgap (&gt;1.5 eV) CZTS solar cells. The coordinated regulation of phase evolution and crystallization dynamics highlights pathway engineering as an effective strategy for defects and voltage‐loss management in kesterite materials, with implications for other chalcogenide semiconductors.",crossref
Programming Iron Nuclearity and Coordination for Hydride‐Mediated Nitroarene Reduction,https://onlinelibrary.wiley.com/doi/10.1002/anie.4755364?af=R,,Wiley: Angewandte Chemie International Edition: Table of Contents,2026-09-29 11:01:28+00:00,10.1002/anie.4755364,Yifeng Wang,,"ABSTRACT
                  
                    Multielectron catalytic reactions intrinsically rely on cooperative metal centers, yet constructing few‐atom cluster catalysts (FACCs) with controlled nuclearity, metal–metal connectivity, and electronic structure remains a fundamental challenge. Here, we show that atomically defined iron‐oxo clusters can serve as structure‐encoded precursors to generate supported Fe ensembles on N‐doped carbon (NC), enabling systematic construction of active sites spanning isolated atoms to size‐defined multinuclear clusters. During ligand removal and interfacial reconstruction, the molecular structural information is selectively inherited, giving rise to correlated evolution of Fe valence, Fe─Fe coordination and distance, and Fe─N anchoring interactions. Using hydrazine‐mediated nitroarene reduction as a model multielectron reaction, we uncover a pronounced nuclearity‐dependent transition in the reaction pathway, with optimal activity at intermediate nuclearity (Fe
                    6
                    ─NC), attributable to precursor‐dependent Fe─Fe cooperation and Fe─N interfacial coupling that stabilize surface hydride species. These findings provide a general basis for translating metal─oxo clusters into functional heterogeneous catalysts.",crossref
Nanozyme‐Assisted Engineered Oncolytic Adenovirus for Improving Intratumoral Immune Deficiency and Enhancing Cancer Immunotherapy,https://advanced.onlinelibrary.wiley.com/doi/10.1002/adma.75119?af=R,,Wiley: Advanced Materials: Table of Contents,2026-09-29 11:43:17+00:00,10.1002/adma.75119,Xiaozhou Mou,,"ABSTRACT
                  
                    Oncolytic adenovirus (OA) exhibit tumor‐selective tropism, inducing direct oncolysis while simultaneously potentiating host immune responses against malignancies. However, the poor delivery efficiency of the virus targeting tumors and its limited immune activation capacity severely delays the therapeutic effect. This study proposes a kind of immunomodulator—OAencapsulated with gold nanozyme (AuA), possessing peroxidase‐like (POD) activity, named OA@AuA. This design uses bionic mineralization method for coating OAsurface antigens, delaying their clearance during circulation and thereby increasing viral accumulation at the tumor site. The OA@AuA can consume H
                    2
                    O
                    2
                    to generate reactive oxygen species (ROS), activate the cGAS‐STING pathway and promote the conversion of M2 macrophages to M1 macrophages. Subsequently, the tumor‐associated antigens and damage‐associated molecular patterns (DAMPs) were released, thus upregulating the expression of calreticulin (CALR) and high mobility group protein B1 (HMGB1), causing immunogenic cell death and activating tumor‐specific cytotoxic T cells to attack tumors, thereby reversing the tumor microenvironment. OA@AuA, as a potent immunomodulator, not only has good biocompatibility, but also breaks the immunosuppressive state in the tumor microenvironment, enhances immune infiltration in the tumor microenvironment, reverses immunosuppressive “cold” tumors into immunostimulatory “hot” tumors.",crossref
Light‐Addressable Biohybrid Nano‐Organelles for Programmable Multiscale Bioenergetics,https://advanced.onlinelibrary.wiley.com/doi/10.1002/adma.75111?af=R,,Wiley: Advanced Materials: Table of Contents,2026-09-29 11:59:21+00:00,10.1002/adma.75111,Yoon‐Kyoung Cho,,"ABSTRACT
                  
                    A defining feature of living cells is their ability to harvest environmental energy and convert it into spatially regulated biochemical work. Reconstituting such programmable bioenergetics across length scales remains a major challenge in biohybrid materials. Here, we report light‐addressable biohybrid nano‐organelles that couple plasmonic nanochemistry with biological energy transduction to enable programmable bioenergetics from nanoscale to tissue scale. A hollow Au–Pt plasmonic catalytic shell is hierarchically integrated with bacterial membranes bearing
                    F
                    0
                    F
                    1
                    ‐ATP synthase, yielding nano‐organelles that convert near‐infrared excitation (785 nm) into a transmembrane proton gradient (ΔpH) and light‐gated ATP generation. Microfluidic encapsulation within giant unilamellar vesicles produces structurally uniform, energy‐autonomous protocells. Upon optical activation, plasmon‐enhanced glucose oxidation establishes ΔpH‐driven ATP synthesis that powers spatiotemporally regulated actin polymerization, resulting in reversible, light‐programmable morphogenesis at the single vesicle level. When embedded in alginate‐based prototissues, these nano‐organelles provide remotely addressable metabolic support, enhancing ATP levels and matrix stiffness under oxidative stress. This work establishes a modular multiscale biohybrid platform for optically programmable bioenergetics and advances the design of energy‐active synthetic cell and tissue‐like systems.",crossref
Correction to “2D High‐Entropy Phosphorus Chalcogenides for Efficient Solar‐Driven CO2 Reduction to Ethylene”,https://advanced.onlinelibrary.wiley.com/doi/10.1002/adma.74947?af=R,,Wiley: Advanced Materials: Table of Contents,2026-09-29 12:49:44+00:00,10.1002/adma.74947,,,,
Rechargeable Seawater Battery Coupled to Solar Seawater Desalination With a Mutual Enhancement Effect,https://advanced.onlinelibrary.wiley.com/doi/10.1002/adma.75173?af=R,,Wiley: Advanced Materials: Table of Contents,2026-09-29 12:54:30+00:00,10.1002/adma.75173,Wei Wen,,"ABSTRACT
                  
                    Rechargeable seawater battery (RSWB) is a promising candidate for low‐cost energy storage while solar seawater desalination (SSD) can produce clean water from seawater, yet no attempts have been made to integrate them, preferably with a mutual enhancement effect. In this study, we report an ε‐MnO
                    2
                    material with bifunctions of ion storage for RSWB and photothermal effect for SSD. The integration of RSWB and SSD leads to a mutual enhancement effect, in sharp contrast to traditional integrations. The ε‐MnO
                    2
                    displays a high specific capacity of 265 mAh g
                    −1
                    for RSWB. When coupled with SSD, the specific capacity obviously increases, and meanwhile the seawater evaporation rate also increases substantially during the charge/discharge process. The mutual enhancement effect is attributed to the temperature increase in cathode caused by the photothermal effect of ε‐MnO
                    2
                    and the weakened hydrogen‐bonding interaction arising from the charge/discharge process. This work would provide new perspectives on energy storage and clean water production.",crossref
Covalent Linkage Engineering of a Bismuth Iodide Framework for Near‐Infrared‐Driven CO2‐to‐C2 Photoreduction in Aqueous Solution,https://advanced.onlinelibrary.wiley.com/doi/10.1002/adma.75198?af=R,,Wiley: Advanced Materials: Table of Contents,2026-09-29 12:56:27+00:00,10.1002/adma.75198,Honghan Fei,,"ABSTRACT
                  
                    Near‐infrared (NIR)‐driven CO
                    2
                    photoreduction to multi‐carbon products remains highly challenging because effective utilization of low‐energy NIR photons requires not only extended light harvesting but also efficient charge separation and transport, structural robustness, and accessible sites for C–C coupling. Although several bismuth halides exhibit narrow bandgaps and NIR absorption, translating such optical response into productive NIR photochemistry remains largely unexplored. Herein, we construct a covalent‐linked bismuth iodide framework, BiI(tadt) (tadt = 1,3,4‐thiadiazole‐2,5‐dithiolate), in which Bi–S covalent bonds bridge dimeric [Bi
                    2
                    I
                    2
                    ]
                    4+
                    clusters with π‐conjugated tadt ligands to form an electronically delocalized framework. The Bi–S linkages enhance structural robustness, facilitate inorganic–organic orbital hybridization, and extend light absorption into the NIR region with a narrow bandgap of 1.44 eV. Photophysical studies and theoretical calculations reveal that linkage‐mediated electronic coupling promotes carrier transport and NIR response, while adjacent Bi
                    3+
                    sites within [Bi
                    2
                    I
                    2
                    ]
                    4+
                    clusters facilitate *CO coupling and stabilize key *OCCO intermediates. Consequently, single‐component BiI(tadt) achieves NIR‐driven CO
                    2
                    ‐to‐C
                    2
                    photoreduction in aqueous solution with an apparent quantum yield of 0.14% at 750(± 15) nm. This work demonstrates that covalent engineering of inorganic–organic connectivity bridges NIR absorption and productive multi‐electron photochemistry, providing a design principle for lead‐free metal halide photocatalysts utilizing low‐energy solar photons.",crossref
Seamless Mechanical Programming Through Hybrid Epoxy–Acrylate Printing for Soft–Rigid Robots,https://advanced.onlinelibrary.wiley.com/doi/10.1002/adma.75168?af=R,,Wiley: Advanced Materials: Table of Contents,2026-09-29 12:58:56+00:00,10.1002/adma.75168,Lillian Chin,,"ABSTRACT
                  Soft robotic systems require the integration of compliant and stiff components, yet soft–rigid interfaces remain prone to failure under cyclic deformation due to discrete material junctions. In contrast, biological systems rely on functionally graded materials to distribute stress and optimize performance. Here, we implement hybrid epoxy–acrylate printing (HEAP) to create covalently integrated polymer networks with spatially programmed mechanical properties. HEAP is a multi‐wavelength 3D printing strategy that enables control over polymer network architecture within a single resin. We achieve both continuous hardness gradients spanning Shore‐A 8 to Shore‐D 80. These gradients eliminate weak interfacial boundaries and maintain mechanical integrity under large, repeated strains. Compared to commercial multi‐material printing, HEAP reduces interfacial failure by &gt;5× while preserving near‐intrinsic stretchability of soft domains. This capability enables single‐shot fabrication of soft–rigid robotic systems that undergo large, cyclic deformations, including functionally graded pneumatic bellows with integrated tubing interfaces and spatially programmable deformation modes, bioinspired soft robotic hands with embedded bone‐like structures, and an augmented undulating walker that achieves more than a twofold increase in locomotion speed relative to an all‐soft counterpart. These results establish a generalizable materials and manufacturing framework for mechanically graded polymer systems, enabling robust soft–rigid integration in robotics and beyond.",crossref
Functional‐Group Engineering for Durable Solid Electrolyte Interphase Toward Aqueous Copper Batteries,https://advanced.onlinelibrary.wiley.com/doi/10.1002/aenm.71593?af=R,,Wiley: Advanced Energy Materials: Table of Contents,2026-09-29 13:27:48+00:00,10.1002/aenm.71593,Xin He,,"ABSTRACT
                  
                    Aqueous copper‐based batteries intrinsically suppress hydrogen evolution, offering a safer alternative to zinc systems. However, their practical deployment remains limited by poor Cu
                    2+
                    plating/stripping reversibility. Here we report a functional‐group‐guided strategy to in situ construct an organic‐inorganic hybrid solid electrolyte interphase (SEI) on Cu electrodes. By comparing electrolytes with and without additives containing fluorine and sulfur, a clear structure‐function relationship is established. Fluorine‐free molecules fail to form a stable SEI, whereas fluorinated additives generate an organic‐rich SEI with moderate benefits. In contrast, the group with both fluorine and sulfur produces a robust organic‐inorganic hybrid SEI with high mechanical modulus (54.7 GPa) and rapid Cu
                    2+
                    transport. This hybrid interphase homogenizes interfacial ion flux and markedly improves Cu
                    2+
                    reversibility, enabling Cu||Cu cells to cycle more than 2000 h at 5 mA cm
                    −2
                    and Cu–MnO
                    2
                    full cells to retain stable operation over 2200 cycles. The excellent dimensional stability of the pouch cells further underscores their practical promise. This work establishes functional‐group engineering of the SEI for copper‐based aqueous batteries.",crossref
Radiative Thermal Management for Extreme Environments: Mechanisms and Design Strategies,https://advanced.onlinelibrary.wiley.com/doi/10.1002/adma.75108?af=R,,Wiley: Advanced Materials: Table of Contents,2026-09-29 13:56:10+00:00,10.1002/adma.75108,Young Min Song,,"ABSTRACT
                  The energy‐intensive and environmentally unsustainable nature of conventional air‐conditioning systems, combined with the accelerating impacts of climate change, has underscored an urgent need for environmentally friendly and durable thermal regulation technologies. In response, radiative thermal management technologies, including radiative cooling and solar heating, have emerged as promising passive approaches. However, conventional standalone radiative thermal management systems often exhibit performance limitations under extreme thermal conditions and diverse environmental stressors, highlighting the need for comprehensive and adaptive approaches. In this review, we discuss the fundamental physical mechanisms and material engineering strategies of radiative thermal management, encompassing intrinsic material properties and structural design principles. Furthermore, we introduce hybrid approaches that integrate radiative thermal management with thermal conduction, thermal insulation, phase change materials, and evaporative cooling, as well as dual‐mode radiative thermal management strategies designed to cope with extreme thermal environments. Additionally, we explore environment‐adaptive design strategies that address complex environmental stressors by improving self‐cleaning ability, ultraviolet (UV) resistance, fire retardancy, and mechanical robustness. Finally, we outline key challenges and future research directions, including material limitations and device trade‐offs, the expansion toward multifunctional applications, and scalable manufacturing. Collectively, this review provides a comprehensive perspective on the practical realization of next‐generation radiative thermal management technologies.",crossref
Medium‐Entropy‐Vacancy Engineering Unlocks Energy‐Power Trade‐Off Reconciliation in Sodium‐Ion Hybrid Capacitors,https://advanced.onlinelibrary.wiley.com/doi/10.1002/adma.75186?af=R,,Wiley: Advanced Materials: Table of Contents,2026-09-29 13:58:14+00:00,10.1002/adma.75186,Zhenhai Wen,,"ABSTRACT
                  
                    The intrinsic asymmetry between the high‐capacity but kinetically sluggish battery‐type Na
                    +
                    storage and the fast but low‐capacitance charge storage of capacitors has fundamentally constrained sodium‐ion hybrid capacitors (SIHCs), precluding the simultaneous achievement of high energy density, high power output and long‐term durability. Here, we report a thermodynamically guided entropy‐vacancy engineering strategy to reconcile this fundamental asymmetry by constructing a medium‐entropy Na
                    3
                    Fe
                    0.6
                    Al
                    0.4
                    V(PO
                    4
                    )
                    3
                    (ME‐NF
                    0.6
                    A
                    0.4
                    VP) cathode. Machine‐learning potential calculations reveal that selective iron incorporation induces abundant oxygen vacancies, which construct continuous Na
                    +
                    diffusion pathways and accelerate interfacial charge transfer, while aluminium incorporation modulates the local coordination environment to stabilize highly redox‐active sites. The enthalpy‐entropy coupling activates the high‐voltage V
                    4+
                    /V
                    5+
                    redox couple, unlocks previously inaccessible Na1 sites, and enables a highly reversible high‐voltage solid‐solution reaction with a minimal lattice expansion of only 6.28%. Consequently, ME‐NF
                    0.6
                    A
                    0.4
                    VP cathode delivers an exceptional cyclability over 10 000 cycles at an ultrahigh rate of 100C, and robust wide‐temperature application from ‐30°C to 60°C. The full SIHCs device achieves a maximum energy density of 223 Wh kg
                    −1
                    (at 44 W kg
                    −1
                    ) and retains 51 Wh kg
                    −1
                    at 5940 W kg
                    −1
                    . This work delineates a viable thermodynamic design pathway for cathode design, providing a blueprint for practical and high‐performance sodium‐ion energy‐storage systems.",crossref
Nanoconjugate Strategy Integrating Immunogenic Cell Death Induction and Innate Immune Activation for Potent Anti‐Cancer Immunity,https://advanced.onlinelibrary.wiley.com/doi/10.1002/adma.74918?af=R,,Wiley: Advanced Materials: Table of Contents,2026-09-29 15:00:01+00:00,10.1002/adma.74918,Natalie Artzi,,"ABSTRACT
                  
                    In vivo immune modulation can potentially benefit broader cancer patients. Efficient cross‐priming of anti‐tumor T cells requires “three‐signal” dendritic cells (DCs) that simultaneously integrate antigenic, co‐stimulatory, and migratory programs, which remains a major challenge. Here, we developed a carrier‐free peptide–cyclic dinucleotide (CDN) nanoconjugate (PCN) that co‐activates immunogenic cell death (ICD) in tumors and stimulator of interferon genes (STING) signaling in DCs. Library screening identified ICD‐inducing peptides enriched in hydrophobic and cationic residues that promote self‐assembly, cell penetration, and ICD potency. Mechanistic studies revealed peptides can trigger overlapping pyroptosis, necroptosis, and apoptosis, with lysosomal damage and cathepsin release as dominant upstream drivers. PCN promoted tumor‐antigen release and facilitated cytosolic CDN delivery for robust STING activation. This dual functionality induced early cytokine and chemokine responses and generated cDC1‐enriched “three‐signal” migratory DCs trafficking from tumors to draining lymph nodes, resulting in enhanced antigen‐specific CD8
                    +
                    T‐cell activation and memory formation. PCN also broadly reprogrammed the tumor microenvironment toward anti‐tumor immunity. In preclinical models, PCN induced complete tumor rejection in 70% of B16‐F10‐ or CT26‐bearing mice and provided durable protection against tumor rechallenge when combined with
                    α
                    ‐PD‐1.",crossref
Dynamically Constructing Lanthanum Oxide on Ruthenium to Enhance Lithium‐Oxygen Interfacial Reactions,https://onlinelibrary.wiley.com/doi/10.1002/anie.1656625?af=R,,Wiley: Angewandte Chemie International Edition: Table of Contents,2026-09-29 15:30:55+00:00,10.1002/anie.1656625,Tao Zhang,,"ABSTRACT
                  
                    Reversibly tuning the active structure of air cathodes in response to dynamic electrochemical conditions has long been sought for aprotic lithium‐oxygen batteries (LOBs). Here, we report a charge/discharge‐regulated transformation of lanthanum oxide nanocrystals on ruthenium nanoparticles (La
                    2
                    O
                    3
                    ─Ru) as a cathode catalyst. During discharge, high‐energy La
                    2
                    O
                    3
                    nanocrystals are electrochemically formed, whereas in the subsequent charge process they undergo catalytic decomposition, enabling autonomous regeneration of active catalytic sites throughout cycling. Integrated experimental characterization and first‐principles calculations reveal that the supported Ru not only dictates the reversible La
                    2
                    O
                    3
                    formation‐decomposition, but also modulates the O 2p electronic states of La
                    2
                    O
                    3
                    near the Fermi level. This La
                    2
                    O
                    3
                    ─Ru heterojunction electronic restructuring establishes a direct electron‐transfer channel from the heterojunction catalyst to discharged products, which accelerates lithium‐oxygen interfacial reaction kinetics and enhances discharge capacity. Consequently, La
                    2
                    O
                    3
                    ─Ru‐based LOBs exhibit low charge overpotential, improved reversibility, and high discharge capacity, achieving 5000 mAh g
                    −1
                    for 46 cycles and markedly outperforming either solid‐phase or liquid‐phase systems. Leveraging the reversible nature of this heterojunction catalyst resolves the long‐standing trade‐off between limited capacity and cycling stability, offering a paradigm for designing adaptive catalysts that advance LOBs toward practical high‐capacity, durable operation.",crossref
"The Endogenous Metabolite Hypochlorite Activates Indoleamine 2,3‐Dioxygenase‐1 for Catalysis: Functional and Mechanistic Implications",https://onlinelibrary.wiley.com/doi/10.1002/anie.5275789?af=R,,Wiley: Angewandte Chemie International Edition: Table of Contents,2026-09-29 15:34:32+00:00,10.1002/anie.5275789,Steven G. Van Lanen,,"ABSTRACT
                  
                    Indolamine 2,3‐dioxygenase (IDO1) catalyzes the oxidative cleavage of
                    l
                    ‐tryptophan (
                    l
                    ‐Trp) to
                    N′
                    ‐formyl‐
                    l
                    ‐kynurenine (
                    l
                    ‐NFK). The generally used in vitro assay for probing IDO1 activity relies on ascorbic acid and synthetic methylene blue to initiate the reaction by ferric iron reduction, with the endogenous activator still uncertain despite several reductants being proposed. Here we demonstrate sodium hypochlorite, commonly known as bleach, functions as an oxidative activator, bypassing the need for a reductant. Other hypohalous acids, generated in situ by lactoperoxidase (LPO) or in aqueous solutions of I
                    2
                    or Br
                    2
                    , also activate rhIDO1. Importantly, complete conversion to
                    l
                    ‐NFK occurs with sub‐stoichiometric hypohalous acid relative to
                    l
                    ‐Trp with total turnover ≥ 2000. The overall reaction is demonstrated to remain O
                    2
                    ‐dependent with hypohalous acids. Steady state kinetic analysis with different oxidative activators revealed typical Michaelis‐Menten kinetics with respect to
                    l
                    ‐Trp without substrate inhibition, which contrasts past analyses. Finally, 1‐methyl‐
                    l
                    ‐tryptophan, a reported inhibitor and poor substrate for rhIDO1, was reexamined with the hypohalous acid‐dependent conditions revealing it's a substrate with improved catalytic efficiency compared to
                    l
                    ‐Trp. Along with this unanticipated result, the in vivo functional and mechanistic implications of the discovered hypohalous acid‐dependent IDO1 activity are discussed.",crossref
In‐Situ Dynamic Chemical Reconstruction Synthesis of Dual‐Antioxidants for Pulmonary Arterial Hypertension Treatment,https://onlinelibrary.wiley.com/doi/10.1002/anie.8724742?af=R,,Wiley: Angewandte Chemie International Edition: Table of Contents,2026-09-29 15:37:46+00:00,10.1002/anie.8724742,Jianlin Shi,,"ABSTRACT
                  
                    Pulmonary arterial hypertension (PAH) is a serious circulatory system disease characterized by redox imbalance, which results from the overexpressed reactive oxygen species (ROS) and inactivated antioxidation defense system. In this work, a dynamic chemical reconstruction strategy has been developed for PAH treatment through the in situ synthesis of antioxidant nanocatalyst MoO
                    
                      y
                    
                    and selenium oxyanions from a molybdenum selenide nanosystem in response to the oxidative microenvironment of PAH. MoO
                    
                      y
                    
                    nanoparticles catalyze the exogenous antioxidation reactions to scavenge ROS efficiently, while the soluble selenium oxyanions upregulate the expression of selenoproteins to reinforce the endogenous antioxidant defense system. These two processes cooperatively alleviate oxidative stress of pulmonary artery smooth muscle cells (PASMCs), thus suppressing their malignant proliferation/migration and finally mitigating pulmonary arterial remodeling for PAH treatment. This work presents a dynamic chemical reconstruction strategy for in situ synthesis of exogenous and endogenous antioxidants, offering a dual‐axis antioxidation approach for the treatment of multiple redox imbalance‐associated diseases.",crossref
How to spend $25 billion on science: OpenAI’s staggeringly rich research charity gets under way,https://www.nature.com/articles/d41586-026-03015-0,,Nature,2026-09-30 00:00:00+00:00,10.1038/d41586-026-03015-0,Ewen Callaway,,,
Himalayan hazards to high-mountain hydropower,https://www.nature.com/articles/s41893-026-01955-z,,Nature Sustainability,2026-09-30 00:00:00+00:00,10.1038/s41893-026-01955-z,Oliver Korup,,,
I turn up late to meetings to dodge small talk. Am I wrong?,https://www.nature.com/articles/d41586-026-02201-4,,Nature,2026-09-30 00:00:00+00:00,10.1038/d41586-026-02201-4,Rachael Pells,,,
Sugar-rich foods exacerbate antibiotic-induced microbiome disruption,https://www.nature.com/articles/s41586-026-11077-3,,Nature,2026-09-30 00:00:00+00:00,10.1038/s41586-026-11077-3,Jonathan U. Peled,,"Diet shapes the composition of the gut microbiota1; however, the specific effects of distinct food groups on microbiome dynamics are unclear, particularly in circumstances of extreme perturbation. Here we evaluated the relationship between diet and intestinal microbiome dynamics by precisely tracking 9,419 meals consumed by 173 patients who were hospitalized for haematopoietic cell transplantation and analysing subsequent microbiome changes. Bayesian inference applied to data from 158 patients with paired longitudinal microbiome samples revealed that the intake of sweets and sugars during antibiotic exposure predicted exacerbated microbial dysbiosis, manifesting as lowered α-diversity and greater expansion of the pathobiont Enterococcus. Experiments in mice also showed that sucrose supplementation increased and prolonged antibiotic-induced Enterococcus expansion. These data suggest that avoiding a diet rich in simple sugars during antibiotic treatment may mitigate microbiota disruption. Further studies in independent cohorts will offer opportunities to generalize these findings and evaluate microbiota-sparing interventions.",nature_html
A TBK1/ULK1 signalling axis couples lysosomal stress to TFEB activation,https://www.nature.com/articles/s41586-026-11093-3,,Nature,2026-09-30 00:00:00+00:00,10.1038/s41586-026-11093-3,Gennaro Napolitano,,"Lysosomal adaptation to environmental changes is critical for cellular and metabolic homeostasis and requires coordination by the mTORC1 kinase, which conveys nutritional and stress signals into distinct, substrate-specific outputs1,2. The FLCN–FNIP complex (FLCN:FNIP) serves as a crucial regulator of lysosomal function by selectively controlling the ability of mTORC1 to inhibit transcription factor EB (TFEB), a master regulator of catabolic programs and a known oncogene3. Yet how FLCN:FNIP activity is regulated has remained unclear. Here we identify a nutrient-independent lysosomal signalling pathway that regulates FLCN through v-ATPase-driven recruitment of TBK1 or ULK1 (TBK1/ULK1) to lysosomes, via the TAX1BP1 adaptor. This enables TBK1/ULK1-mediated FNIP1 phosphorylation at S296, resulting in inhibition of FLCN and nuclear translocation of TFEB. Recurrent ATP6V1B2 v-ATPase mutations, found in patients with follicular lymphoma, constitutively activate this pathway, leading to hyperactivation of TFEB and follicular lymphoma proliferation. Our work uncovers a lysosomal signalling pathway that is critical for lysosomal adaptation and tumorigenesis.",nature_html
Function-preserving watermarking of AI-generated proteins,https://www.nature.com/articles/s41586-026-10965-y,,Nature,2026-09-30 00:00:00+00:00,10.1038/s41586-026-10965-y,Pushmeet Kohli,,"Generative artificial intelligence (AI) models are revolutionizing biology, with tools such as AlphaFold 3 and protein design models accelerating breakthroughs in protein structure prediction and the creation of new functional proteins1. Tracking and establishing the provenance of AI-generated protein sequences and structures is becoming increasingly important to tackle a range of emerging challenges, including biosecurity and concerns about information veracity2,3,4. Here we introduce SynthIDBio, a family of methods for watermarking protein sequences and structures to establish the provenance of those generated with AI. SynthIDBio-sequence actively embeds a watermark into protein sequences while preserving function. We demonstrate this by creating watermarked, functional designed protein binders with binding affinity comparable with non-watermarked counterparts and near-perfect watermark detection accuracy. Furthermore, SynthIDBio-structure, a fine-tuned AlphaFold3 model, embeds an imperceptible watermark into biomolecular structures. Our work is a proof-of-concept that function-preserving biological watermarking is feasible, introducing a potential tool for provenance in the rapidly expanding era of AI-driven biological engineering.",nature_html
Self-aligned optical microcomb emerging between octave-separated lasers,https://www.nature.com/articles/s41586-026-11086-2,,Nature,2026-09-30 00:00:00+00:00,10.1038/s41586-026-11086-2,Kartik Srinivasan,,"Optical frequency combs (OFCs) are frequency rulers essential for precision metrology, next-generation navigation and testing of fundamental physics1. Despite intense efforts, chip-integrated OFCs remain laboratory-bound, unable to fulfil their promise of compact and cost-effective deployment. Although improvements in fabrication and integration are important, a conceptual limitation has stymied progress: on-chip OFC architectures have aimed to miniaturize their table-top counterparts and relied on cascading outward from a single pump2,3. In integrated platforms, this approach does not readily generate the strong, low-noise, octave-spaced signals crucial for robust zero-frequency offset detection4. Here we overcome this limitation through an architectural inversion, in which an optical microcomb fills the spectrum between two octave-separated pumps. The two pumps generate a parametrically driven cavity soliton5 in an integrated χ(3) resonator6, which robustly self-aligns to both pumps across multiple foundry-fabricated devices and operating configurations. This produces a single octave-spanning comb from telecom to visible wavelengths, whose zero-frequency offset is defined by the harmonic offset of the pumps and can therefore be reliably detected and stabilized. We showcase the capabilities of our platform by executing all of the three core tasks of OFC metrology: optical frequency synthesis, low-noise millimetre-wave generation and integrated optical clock readout, using the same self-aligned microcomb with only its input locks changed.",nature_html
Butterfly wing patterns in flight create powerful illusory motion cues,https://www.nature.com/articles/s41586-026-11062-w,,Nature,2026-09-30 00:00:00+00:00,10.1038/s41586-026-11062-w,Jolyon Troscianko,,"The dazzling stripes found on zebras and snakes have long been thought to interfere with predator motion perception1,2, but this hypothesis has received little empirical support so far3. Butterflies show enormously diverse and high-contrast wing patterns, the function of which has inspired intense theoretical debate and research4. Here we suggest that butterfly wing patterns work in tandem with flight dynamics to create visual illusions that confuse predators. We use multiple lines of enquiry with biologically inspired modelling to support this hypothesis: free-flight butterfly take-offs filmed at high speed demonstrate the creation of misleading motion cues; phylogenetically controlled analyses demonstrate that this is an evolutionarily widespread strategy; in silico evolution experiments independently converge on high-contrast butterfly-like wing patterns; and behavioural experiments validate model predictions. Our results show that butterfly wing patterns and flight dynamics create powerful illusory motion effects, potentially representing one of the most successful visual defence strategies in moving animals.",nature_html
Evolution of terrestrial anatomy revealed by a derived stem tetrapod,https://www.nature.com/articles/s41586-026-11090-6,,Nature,2026-09-30 00:00:00+00:00,10.1038/s41586-026-11090-6,Roger Benson,,"Tetrapods (limbed vertebrates) include lissamphibians and amniotes, and now comprise half of all vertebrate species, with particular importance on land. Limbs first appeared in stem tetrapods by the Late Devonian, 365 million years ago1,2,3,4,5. However, many taxa either have limbs with fin-like functional anatomy or have secondarily lost them, raising questions about the ecological context and early evolution of the tetrapod limb6. Here we provide considerable new data on the enigmatic Early Carboniferous Westlothiana lizziae, widely cited as the earliest terrestrially adapted stem amniote7,8. We find unexpected plesiomorphies of the skull roof, palate, braincase and mandible, alongside aquatic adaptations, including an ossified internal gill skeleton and extensive denticles on the palate and mandible. These traits return Westlothiana as a stem tetrapod in our phylogenetic analyses, demonstrating that terrestrial adaptations such as an amniote-like pedal formula, loss of fin-like forelimb function and superficially claw-like terminal phalanges evolved in a mosaic fashion, and that these traits evolved in a transitional, amphibious context before the origin of the tetrapod crown group. Our findings reinforce recent suggestions of a taxonomically inclusive tetrapod-stem lineage, but also illuminate substantial gaps in anatomical knowledge, especially for small-bodied taxa, that obstruct our understanding of early tetrapod evolution.",nature_html
Scalable decision-making for games of imperfect information,https://www.nature.com/articles/s41586-026-11036-y,,Nature,2026-09-30 00:00:00+00:00,10.1038/s41586-026-11036-y,Gabriele Farina,,"Real-world decision-making generally involves hidden information, that is, information that is unknown to one agent but possessed by another. Unfortunately, the presence of large amounts of hidden information renders established reinforcement learning and search approaches ineffective. Even with multimillion-dollar industrial research efforts1, top-human-level play at Stratego—a board wargame with hidden information on a massive scale—has remained beyond the reach of artificial intelligence (AI). Here we introduce Ataraxos, an AI for Stratego based on general techniques that we developed for both self-play reinforcement learning and test-time search under hidden information. Ataraxos defeated the most decorated human Stratego player of all time by a large margin—achieving, to our knowledge, the first superhuman result in the game’s history—while consuming orders of magnitude less compute and data than previous efforts. Using the same techniques, we built a superhuman AI for Barrage Stratego and state-of-the-art AIs for Hanabi and dou dizhu, all with low cost and high sample efficiency. The success of this approach across adversarial, cooperative and team games establishes a design pattern for reinforcement learning and search that is effective under large amounts of hidden information, a longstanding desideratum of the field of strategic decision-making.",nature_html
Spatiotemporal clonal architecture of the newborn mouse forebrain,https://www.nature.com/articles/s41586-026-11064-8,,Nature,2026-09-30 00:00:00+00:00,10.1038/s41586-026-11064-8,Tomasz J. Nowakowski,,"How hundreds of cell types of the mammalian forebrain emerge from a limited set of progenitor cells during development remains largely unknown1,2,3, and studies so far have overwhelmingly focused on the cerebral cortex. Here, to fill this gap, we applied lentiviral barcoding across the major subdivisions of the mouse forebrain: cortex, hippocampus, striatum, thalamus and olfactory bulb. We registered cellular profiles to their anatomical distribution using spatial transcriptomics, creating an atlas of clonal cell lineage relationships across a newborn mouse forebrain. We uncover previously unrecognized differences in generation of ventral and dorsal medium spiny neurons, as well as unexplored lineage relationships between late-born medium spiny neurons, striatal astrocytes and distinct subpopulations of the olfactory bulb neurons. We show that clones of GABAergic (γ-aminobutyric acid-producing) neurons with broad regional dispersion are enriched for genes implicated in neurodevelopmental disorders. Our results highlight a developmental principle whereby glutamatergic neurons and astrocytes are clonally related and retained within their region of origin, whereas GABAergic neurons are clonally related to oligodendrocyte precursor cells but disperse extensively across brain regions. Together, our findings will serve as a foundational reference for studies of mammalian forebrain development and its disorders.",nature_html
γδ T cell receptor dependencies define a unique immunosurveillance modality,https://www.nature.com/articles/s41586-026-11076-4,,Nature,2026-09-30 00:00:00+00:00,10.1038/s41586-026-11076-4,Miguel Muñoz-Ruiz,,"γδ T cells are one of three lymphocyte lineages that utilize gene rearrangement to diversify their antigen receptors. Nonetheless, the cells’ classification has remained uncertain, complicating our ability to understand the basis for their evolutionary conservation. Whereas many γδ T cells display hallmarks of adaptive immunity, others, including those in barrier tissues, make rapid, reportedly T cell receptor-independent responses that phenocopy innate immune cells1. Here we address this paradox and show that the phenotypes of tissue-intrinsic γδ T cells, including their rapid, innate-like responsiveness to tissue stress and carcinogenesis, acutely depend on the γδ T cell receptor (TCRγδ). Those dependencies emphasize the unique biology of γδ T cells and of the immunosurveillance modalities they mediate, with their clinical deployment evidently requiring environments conducive to TCRγδ signalling.",nature_html
GPCR antagonism via rewiring of receptor trafficking and degradation,https://www.nature.com/articles/s41586-026-11088-0,,Nature,2026-09-30 00:00:00+00:00,10.1038/s41586-026-11088-0,Xin Zhou,,"G-protein-coupled receptors (GPCRs) represent one of the most important yet incompletely addressed classes of therapeutic targets1. Here we report a strategy for functional GPCR antagonism through bispecific antibody-mediated endocytosis and lysosomal degradation. GPCR–TfR1 targeting chimeras (GTACs) achieve potent and selective downregulation of multiple GPCRs, including BILF1, RXFP1 and CCR6—viral, cancer and immune targets that have been difficult to drug2,3,4. GTACs lead to complete inhibition of receptor signalling, including constitutive signalling, with more than one to two orders of magnitude greater potency than conventional antibody antagonists. Using protein engineering and multicolour live-cell imaging, we establish a context-dependent degrader design and explain the cellular mechanisms, with broad relevance for degrader technology. The GTAC platform establishes induced endocytosis and rewiring protein trafficking as a model for therapeutic GPCR modulation.",nature_html
Supply chain and environmental implications of waste-to-graphite,https://www.nature.com/articles/s44359-026-00219-5,,Nature Reviews Clean Technology,2026-09-30 00:00:00+00:00,10.1038/s44359-026-00219-5,Yuan Yao,,"Graphite is critical to the clean energy transition. Rising demand, geographically concentrated supply, and the environmental burdens of both mining graphite and fossil-fuel-based synthetic graphite production have increased interest in waste-derived graphite. In this Review, we examine the supply-chain, environmental, techno-economic and policy implications of obtaining graphite from three waste types: biomass residues (biographite), plastics waste and spent lithium-ion batteries. These wastes are abundant but unevenly distributed spatially. Developing resilient supplies requires spatial coordination, taking into account local feedstock quality, processing capacity, infrastructure, and environmental and social constraints. For biographite, sustainability and quality are highly sensitive to feedstock and process configuration, including energy and catalyst recovery and by-product valorization. For plastics-waste-derived graphite, robust systems analysis is needed to understand trade-offs across polymer types, waste compositions, pre-processing needs and product quality. Graphite recycled from batteries avoids the need for energy-intensive graphitization and can leverage growing recycling capacity, but impacts, economics and product quality vary by recycling method. Policy levers for waste-derived graphite vary by feedstock and region and should consider environmental justice issues. Overall, waste-derived graphite could mitigate about 13–20 million tonnes of carbon dioxide equivalent per year by 2030, depending on graphite demand, substitution rates, feedstock selection, technology choices and supply-chain design. Harmonized systems analyses across pathways are needed to support scalable deployment.",nature_html
SARS-CoV-2-specific monoclonal antibody AER002 in Long COVID: an exploratory randomized phase 2a mechanistic trial,https://www.nature.com/articles/s41467-026-77925-y,,Nature Communications,2026-09-30 00:00:00+00:00,10.1038/s41467-026-77925-y,Steven G. Deeks,,"Persistence of SARS-CoV-2 has been proposed as a biological driver of Long COVID, a disabling chronic illness with no proven treatments. We conducted an exploratory, placebo-controlled, double-blind, 2:1 randomized mechanistic trial (NCT05877508) of the SARS-CoV-2-specific monoclonal antibody AER002 in 36 participants who met the World Health Organization case definition of Long COVID. After baseline characterization, participants received a single infusion and were followed for 360 days. The primary endpoint was the PROMIS-29 Physical Health Summary Score (PHSS) at 90 days; secondary and exploratory endpoints included patient-reported and objective measures of physical and neurocognitive function as well as blood-, imaging-, and tissue-based biomarkers. While AER002 was safe and well tolerated, no significant differences in physical health, quality of life, objective measures of physical function or cognition, or blood-based biomarkers were demonstrated between the treatment and control arms. In a post-hoc analysis, participants with a lower baseline SARS-CoV-2 antibody level and higher drug exposure were more likely to perceive treatment benefit based on the Patient Global Impression of Change scale (p",nature_html
Written in development and lost in ageing: the grammar of cellular identity,https://www.nature.com/articles/s41586-026-10955-0,,Nature,2026-09-30 00:00:00+00:00,10.1038/s41586-026-10955-0,Vadim N. Gladyshev,,"Ageing has been described through many theoretical frameworks, yet its mechanistic basis remains unresolved. Here we propose that ageing reflects progressive decanalization of mammalian cell identity, driven by erosion of a regulatory grammar written during development. Extending Waddington’s epigenetic landscape, development canalizes cell fates through globally coordinated chromatin programs that establish identity constraints across multiple timescales. Subsequently, these constraints can only be maintained through local mechanisms with limited fidelity. The asymmetry between high-fidelity writing and imperfect maintenance generates predictable drift that accumulates with biological time. Antagonistic chromatin pathways, particularly polycomb repressive complex 2 (PRC2)-mediated repression opposed by H3K4/36 methylation and RNA polymerase II binding, enforce identity boundaries through mutual constraint. With age, this balance erodes. Consistent with this framework, the vast majority of age-associated DNA methylation gain in somatic mitotic tissues occurs at PRC2-bound low-methylated regions, indicating that these domains function as conserved coordinates of slow-layer drift. This model explains cross-tissue ageing signatures, developmental timing-to-lifespan correlations and robustness of pan-mammalian epigenetic ageing clocks. It provides testable predictions for interventions that stabilize architecture to preserve cellular identity and function.",nature_html
Prion-like transmission of human tau strains in the mouse brain,https://www.nature.com/articles/s41586-026-11061-x,,Nature,2026-09-30 00:00:00+00:00,10.1038/s41586-026-11061-x,Sjors H. W. Scheres,,"Most neurodegenerative diseases are thought to spread through the brain by prion-like mechanisms, in which filamentous protein assemblies self-propagate by templated seeding1. Distinct conformations of amyloid filaments may provide the physical basis for the strains that lead to different diseases2. However, a central pillar of the prion hypothesis, that strains retain their structural identity upon transmission, has not been demonstrated. Here we show that the injection of tau filaments from the brains of individuals with Alzheimer’s disease or corticobasal degeneration into the brains of wild-type mice leads to the seeded assembly of amyloid filaments made of mouse tau with the same structures as those of the seeds. Thus, we show that, similar to prion strains, tau filaments propagate through templated seeding, and that the mouse is a suitable model to study the molecular mechanisms by which distinct tau folds drive disease-specific pathology in the brain.",nature_html
Human genetics implicates a BACH2–NRF2 axis in fetal haemoglobin activation,https://www.nature.com/articles/s41586-026-11113-2,,Nature,2026-09-30 00:00:00+00:00,10.1038/s41586-026-11113-2,Vijay G. Sankaran,,"Human genetic studies have identified key regulators of fetal haemoglobin (HbF) expression, including BCL11A, resulting in therapeutic advances1,2,3,4,5,6,7,8. Yet the mechanisms by which HbF expression is activated remain incompletely understood9. Here we conduct a large multi-ancestry genome-wide association study of HbF levels in 28,279 individuals that identifies 91 conditionally independent associations across 12 genomic regions. In one previously uncharacterized associated region, the high-HbF-linked causal variant rs1010474-C reduces BACH2 expression and elevates HbF levels. Direct perturbation or inhibition of BACH2 likewise increases HbF expression. Mechanistically, BACH2 restrains activation of the HbF-encoding γ-globin genes, while loss of BACH2 enhances NRF2 chromatin occupancy and promotes the formation of activation foci at the γ-globin genes. Although BACH2 and NRF2 binding motifs in the γ-globin promoters overlap, they can be selectively edited to activate or repress γ-globin, respectively, and do so independently of BCL11A. These findings illustrate how human genetic variation continues to advance our understanding of therapeutically relevant regulatory mechanisms underlying HbF expression.",nature_html
Population-scale immune multiome atlas reveals regulatory disease mechanisms,https://www.nature.com/articles/s41586-026-11078-2,,Nature,2026-09-30 00:00:00+00:00,10.1038/s41586-026-11078-2,Meri Lähteenmäki,,"Most disease-associated genetic variants lie in non-coding regions1,2, yet mechanistic insights are limited by the lack of an empirical framework for characterizing the molecular consequences of regulatory variation. Single-cell molecular quantitative trait locus (QTL) mapping3,4 connects variants to gene regulation but lacks the power and simultaneous measurements to trace mechanisms from chromatin to expression5. Here we show that population-scale simultaneous profiling of chromatin accessibility and gene expression across immune cells reveals regulatory architectures connecting variants to disease. From paired single-nucleus assay for transposase-accessible chromatin-sequencing (snATAC–seq) and single-nucleus RNA-sequencing (snRNA-seq) analysis of 10 million peripheral blood mononuclear cells in 1,108 Finnish individuals6, we identify 51,083 cis-expression QTLs for 20,829 genes, 338,100 cis-chromatin accessibility QTLs for 210,584 peaks, 119,094 putative causal variants and 593,765 peak–gene links. Variants completing chromatin-to-expression cascades show twice the disease colocalization of chromatin-only effects, with massively parallel reporter assays7 validating 10,428 fine-mapped molecular QTLs. At evolutionarily constrained genes, we identify multilayered regulatory buffering, in which chromatin accessibility changes occur with normal effect sizes, but transmission to expression is attenuated through weaker, more numerous enhancer–gene links. This reconciles why disease variants preferentially target constrained genes despite apparent expression QTL depletion8,9,10,11. Analysis using a massively parallel reporter assay7 confirms that this buffering acts downstream of the regulatory element, with constraint operating at the chromatin-to-expression interface rather than on intrinsic cis-regulatory activity. Our atlas provides testable hypotheses for over half of immune disease associations, illustrated by cascades at autoimmune loci (TICAM1 and RHOH) and Finnish-enriched variants (TNRC18 and IL21R).",nature_html
Osteoclasts intercept meningeal lymphatic paths for dural metastasis,https://www.nature.com/articles/s41586-026-11082-6,,Nature,2026-09-30 00:00:00+00:00,10.1038/s41586-026-11082-6,Yudan Chi,,"Dural metastasis (DM)—a devastating complication of advanced malignancies such as breast and lung cancers—is defined by tumour cell infiltration into the dura mater and presents unique clinical challenges distinct from brain metastasis1,2. Our study unveils a, to our knowledge, previously unrecognized role of meningeal lymphatic dysfunction in DM pathophysiology, providing a new conceptual framework for this unique form of metastatic disease. Distinctive cranial erosion patterns, identified through clinical imaging, set DM apart from other metastases. Using a new mouse DM model, we discovered significant impairments in meningeal lymphatic drainage associated with tumour progression. Through single-cell RNA sequencing analysis, we characterized the tumour micro-environmental landscape of DM, highlighting the predominant immunosuppressive tactics driven by cancer-related osteoclasts (OCs). Notably, large OCs localize specifically at the skull–tumour interface, whereas smaller OCs permeate intratumoral regions. We found that these OCs disrupted lymphatic paths significantly, and targeting them therapeutically led to restoration of meningeal lymphatic structure and function in DM, thereby augmenting anti-tumour immune responses. Mechanistically, we demonstrated that OC-derived angiopoietin-2 contributes to the dysregulation of meningeal lymphatic drainage in the DM model. Our findings suggest a new therapeutic approach to restore meningeal lymphatic function through selective OC targeting, offering promising avenues for enhancing anti-tumour immunity and improving clinical outcomes in patients with DM.",nature_html
Dynamic protrusions mediate crawling motility in Asgard archaea,https://www.nature.com/articles/s41586-026-11063-9,,Nature,2026-09-30 00:00:00+00:00,10.1038/s41586-026-11063-9,Christa Schleper,,"Crawling motility is a hallmark of eukaryotic cells and requires a dynamic actin cytoskeleton, regulated adhesion and spatially organized signalling pathways1,2. Asgard archaea, which are considered the closest known prokaryotic relatives of eukaryotes, potentially encode these functions within their large set of ‘eukaryotic signature proteins’3,4,5,6. The few cultivated members show a complex cell morphology, consisting of a central cell body from which several protrusions extend, filled with an actin-based cytoskeleton7,8. Here, live-cell microscopy of two organisms of the Lokiarchaea and Hodarchaea lineages7,9 showed that they dynamically and greatly change their cell shape on a minute time scale and grow and retract their extensive protrusions with a speed of 1.5–4.8 µm min−1, respectively. After adhering to a glass surface, cells use their protrusions to undergo active crawling motion. In the presence of selected actin inhibitors, however, the observed dynamics were arrested, suggesting a central role of actin in these processes. The observed cellular plasticity and motility are unique features among prokaryotes and might have been crucial for the emergence of the first eukaryotic cells that are thought to have formed through the association of a member of the Asgard archaea and an α-proteobacterium, the ancestor of mitochondria.",nature_html
An amygdala to anterior hypothalamic circuit gates stress sensitivity,https://www.nature.com/articles/s41586-026-11075-5,,Nature,2026-09-30 00:00:00+00:00,10.1038/s41586-026-11075-5,Denise J. Cai,,"Previous adversity increases sensitivity to subsequent stressful events1,2,3,4,5,6,7,8, but the causal underlying changes in brain circuitry are poorly understood. Here we harnessed unbiased whole-brain activity mapping to identify circuits that are functionally remodelled by previous adversity to promote heightened stress sensitivity. The anterior hypothalamic nucleus (AHN)—a region that has received little attention until now in the context of stress—displayed heightened stress reactivity in previously stressed mice. This was accompanied by increased correlational strength between the AHN and a threat-related brain network. Using in vivo Miniscope imaging, we then found that neuronal activity in the AHN scales with negative valence. Moreover, previous stress amplified the proportion of valence-sensitive AHN neurons, indicating inflated processing of negative valence in the AHN might drive heightened stress sensitivity. Providing causal support for the role of AHN in negative valence and stress sensitivity, inhibiting AHN neurons blunted, and exciting their activity promoted, stress responses. Finally, amygdala neurons that project to the AHN were found to track negative valence, and silencing amygdala inputs to the AHN abolished sensitized stress responses. These findings define a key role of the AHN in regulating negative valence signals from the amygdala and highlight a new pathway that heightens sensitivity to stressful events.",nature_html
Carbene transfer from thianthrenium ylides for cyclopropanation,https://www.nature.com/articles/s41586-026-11108-z,,Nature,2026-09-30 00:00:00+00:00,10.1038/s41586-026-11108-z,Tobias Ritter,,"Carbenes are reactive divalent carbon intermediates that serve as one-carbon synthons to access cyclopropanes. The synthetic utility of these three-membered carbocycles has led chemists to accept the dangers associated with the explosive starting materials1 or intermediates2 required for both conventional and modern cyclopropanation reactions. Sulfonium salts, although safer, have not been competitive for cyclopropanation because they typically do not function as efficient carbene donors3. In all cyclopropanation reactions reported, diversity can be obtained through either the olefin or carbene partner, but not both; for example, several modern reactions are limited to activated olefins, such as styrenes4,5,6,7. Here we report how alkylthianthrenium salts differ conceptually from all other carbene precursors and allow for carbene-transfer chemistry, including the synthesis of cyclopropanes, in which both the olefin and the carbene partner can be diverse. The steric bulk and low Lewis basicity of thianthrene can rationalize the superior reactivity of the thianthrenium salts for cyclopropanation because undesired energetically low-lying local minima on the potential energy surface, as present for other sulfonium salts, are avoided. Despite high reactivity, thianthrenium salts exhibit a desirable safety profile that allows scale up, also in the solid state through ball-milling, which is dangerous with many other cyclopropanation reactions. The combination of reactivity and safety highlights thianthrenium ylides as a general compound class for metal–carbene reactivity that extends beyond cyclopropanation to diverse carbene-transfer reactions, including σ-bond insertion and sigmatropic rearrangements.",nature_html
Histone readers MLLT1 and MLLT3 concentrate AID to confer locus specificity,https://www.nature.com/articles/s41586-026-11087-1,,Nature,2026-09-30 00:00:00+00:00,10.1038/s41586-026-11087-1,Javier M. Di Noia,,"Activation-induced deaminase (AID) drives antibody diversification through class-switch recombination and somatic hypermutation of the immunoglobulin (Ig) genes, but its off-target mutagenic activity contributes to B cell lymphoma1,2,3,4,5. How AID selectively mutates Ig loci and a restricted set of other genes remains unknown. Transcription is required for AID activity, but most transcribed genes are not mutated1,5,6,7, and AID occupies more loci than it mutates7,8,9. Here we identify the super elongation complex histone readers MLLT1 and MLLT3 as determinants of selective AID activity. Combined loss of MLLT1 and MLLT3 abolishes all AID-dependent mutagenic processes, recapitulating AID deficiency. AID-mutated genomic regions in mouse and human B cells are precisely marked by high MLLT1 and MLLT3 occupancy (MLLT1/MLLT3high). Transcriptional changes after deleting both readers are modest and cannot explain the AID activity loss. Mechanistically, MLLT1 and MLLT3 are dispensable for global AID chromatin tethering but locally enrich AID downstream from promoter regions. Both readers bind to AID and act redundantly, but MLLT1 has a dominant role in mice through its intrinsically disordered region, which promotes condensates that selectively concentrate AID. Fusing AID to MLLT1 or MLLT3 is sufficient to restore class-switch recombination and mutagenesis in Mllt1−/−Mllt3−/− cells. These findings reveal that local MLLT1/MLLT3high-dependent enrichment licenses AID at a restricted subset of genomic regions by spatially confining and concentrating its activity, probably through condensate formation.",nature_html
X-ray liquidography decodes complex motions in azobenzene isomerization,https://www.nature.com/articles/s41586-026-11068-4,,Nature,2026-09-30 00:00:00+00:00,10.1038/s41586-026-11068-4,Hyotcherl Ihee,,"Capturing ultrafast structural rearrangements of organic molecules in solution remains a central challenge, with isomerization being a key example. Yet, despite decades of studies, a detailed atomic-level structural understanding of how isomerization occurs remains elusive for most molecules. Even for azobenzene, a textbook case of trans–cis isomerization with its deceptively simple structure of two phenyl rings linked by an azo bridge, the mechanism remains contentious. Extensive experimental and theoretical studies1,2,3,4,5,6,7,8,9,10,11,12,13,14,15,16,17,18,19,20,21,22,23,24,25,26,27,28,29,30,31,32,33 have proposed disparate pathways, including rotation1,2,3,4,5,6,7,8,9,10,11,12,13,14,15, inversion16,17,18,19, hula twist20,21 and inversion-assisted rotation22,23,24,25,26,27,28,29,30, without reaching consensus owing to the lack of direct structural evidence. Here we apply femtosecond X-ray liquidography to trans-azobenzene in solution and resolve, with atomic-level precision, the molecular structures of two transient intermediates bridging the trans and cis forms. The unveiled structures reveal that the trans-to-cis conversion proceeds through a sequence of distinct motions, initiated by C–N torsion, a motion that has received little attention in previous studies, and subsequently dominated by N–N rotation. This work provides structural insights into the volume-conserving nature of azobenzene isomerization and establishes X-ray liquidography as a versatile tool for molecular filming of structural dynamics in solutes lacking heavy atoms, overcoming the limitations imposed by dominant solvent scattering.",nature_html
Global mangrove distribution on the open coast is controlled by waves,https://www.nature.com/articles/s41586-026-11089-z,,Nature,2026-09-30 00:00:00+00:00,10.1038/s41586-026-11089-z,William Glamore,,"Mangrove forests are ecologically important ecosystems that provide services such as coastal protection1 and climate change mitigation2. Understanding why mangroves are present at a location can provide causal links for mangrove management, restoration science3 and climate change adaptation. On the open coast, the influence of waves in shaping mangrove distribution is poorly understood. Here we show that waves are a key control on global coastal mangrove distribution. We developed a process-driven mangrove presence or absence model to assess 20 years of open-source hindcast wave data including three swell partitions at 400 globally distributed coastal sites. By defining and identifying windows of opportunity for mangrove establishment in cases for which wave forcing is low, the mechanistic model achieved 78.2% accuracy. Modest increases or decreases in wave forcing affect the suitability of mangrove sites, demonstrating that future region-specific changes to wave climate may lead to distributional shifts along the coast. Waves are a primary control on open-coast mangroves globally and this knowledge is essential to predict current and future mangrove distributions in a changing climate.",nature_html
Type 2 immune history trains lung macrophages for viral disease tolerance,https://www.nature.com/articles/s41586-026-11060-y,,Nature,2026-09-30 00:00:00+00:00,10.1038/s41586-026-11060-y,Kamal M. Khanna,,"Severe respiratory viral disease varies widely among individuals and often reflects immunopathology rather than inadequate pathogen control, suggesting that previous immune history can prime the lungs towards disease tolerance. Here we show that nerve- and airway-associated macrophages (NAMs), a subset of interstitial macrophages, expand ephemerally after type 2 inflammation induced by Nippostrongylus brasiliensis. We therefore hypothesized that NAMs acquire epigenetically imprinted trained immunity and tested this using a heterologous challenge model in which mice that were previously infected with N. brasiliensis were challenged 4–6 weeks later with lethal H1N1 influenza. All of the N. brasiliensis-conditioned mice survived, whereas all of the unconditioned controls succumbed by days 5–6. Protection occurred without reduced viral burden or enhanced T cell responses, instead tracking with reduced immunopathology, amplified type 2 cues, increased efferocytosis and accelerated tissue repair. Using NAM-DTR mice, we show that conditioned NAMs are necessary and sufficient for protection: depletion or replacement with unconditioned NAMs abrogated survival, whereas adoptive transfer of conditioned NAMs conferred tolerance without enhancing viral clearance. Genomic analyses implicated an IL-4–STAT6–PPARγ and ARG1 chromatin program that imprints a pro-resolving and reparative NAM state driving tissue repair, type 2 immunity and efferocytosis during lethal respiratory viral infections. Finally, meta-analysis of human lung single-cell atlases from cohorts of healthy individuals and individuals with IPF and COPD revealed context-dependent NAM-like repair programs. These findings establish local trained immunity in lung-resident macrophages as a mechanism of disease tolerance and a therapeutic entry point for severe inflammatory respiratory infections.",nature_html
Restoring hearing in people with a rare form of deafness,https://www.nature.com/articles/d41586-026-02894-7,,Nature,2026-09-30 00:00:00+00:00,10.1038/d41586-026-02894-7,Laurie Udesky,,,
Navigating the land–energy nexus for carbon-neutral power systems in China,https://www.nature.com/articles/s41893-026-01941-5,,Nature Sustainability,2026-09-30 00:00:00+00:00,10.1038/s41893-026-01941-5,Da Zhang,,"Land availability is becoming a critical constraint on power system decarbonization, yet its economic implications remain unclear. Here we couple gridded renewable capacity assessment with a spatially and temporally resolved power-system optimization model to examine how land availability shapes the transition towards carbon neutrality in China. Results show that land is a spatially heterogeneous production factor whose marginal system value varies substantially across locations. Shadow prices of grid-cell variable renewable energy capacity constraints reveal that high-value land is concentrated in demand-proximate regions of eastern and central China, where additional renewable siting can reduce reliance on costly transmission and remote deployment. Under stringent land-use restrictions, renewable deployment shifts towards resource-rich regions, increasing northwestern solar deployment by about 48% relative to the base scenario and raising inter-regional transmission requirements by ~20% in 2060. Although carbon neutrality remains technically feasible, restrictive land policies increase annual system cost in 2060 by up to ~300 billion yuan (~US$42 billion) or 4.1%; as electricity market reform deepens, such cost differences could become more visible in market-based price formation, depending on market design and cost-recovery mechanisms.",nature_html
Daily briefing: How to save corals from the El Niño,https://www.nature.com/articles/d41586-026-03138-4,,Nature,2026-09-30 00:00:00+00:00,10.1038/d41586-026-03138-4,Flora Graham,,,
Wafer-scale epitaxy growth of high-mobility p-type boron carbon nitride,https://www.nature.com/articles/s41586-026-11047-9,,Nature,2026-09-30 00:00:00+00:00,10.1038/s41586-026-11047-9,Vincent Tung,,"A long-standing bottleneck in realizing two-dimensional (2D) CMOS technology lies in the lack of high-performance p-type semiconductors1,2,3,4. Strong electron-doping tendencies, orbital localization and pronounced hole scattering have collectively impeded the development of stable, efficient p-type 2D materials. Here we report the epitaxy growth of boron carbon nitride (BCN) as a high-performance p-type semiconductor. By engineering the dehydrogenation and surface reaction pathways of monomethyl ammonia borane (MMAB) and ammonia borane (AB), we overcome a crucial barrier: the spatial and temporal mismatch in the delivery of boron (B), carbon (C) and nitrogen (N) atoms, which disrupts lattice uniformity. The result is a wafer-scale, monolayer 2D BCN in which C atoms and dimers primarily substitute for N sites within a continuously crystallized, locally distorted boron nitride lattice, leading to a sizable bandgap of 1.90 eV. Wafer-scale arrays of p-type BCN FETs exhibit benchmark performance, with a field-effect hole mobility of 100 cm2 V−1 s−1, on-current >0.9 mA μm−1, on–off ratio of 108 and threshold voltage of −0.45 V, surpassing current state-of-the-art p-type 2D semiconductors. Our findings establish BCN as a scalable and stable p-type platform, bridging a critical gap in the materials palette for three-dimensional monolithic integration of complementary electronics.",nature_html
Magnetic Electroluminescent response as a predictive indicator of operational lifetime in phosphorescent blue OLEDs,https://www.nature.com/articles/s41467-026-78180-x,,Nature Communications,2026-09-30 00:00:00+00:00,10.1038/s41467-026-78180-x,Seunghyup Yoo,,"Improving operational lifetime remains a major challenge for blue organic light-emitting diodes (OLEDs) harvesting triplet excitons. Achieving substantial lifetime enhancement requires analytical techniques that elucidate degradation mechanisms. Because conventional lifetime analysis involves destructive aging tests, developing non-invasive methods that correlate strongly with device longevity is highly desirable. Here, we show that the operational lifetime of blue phosphorescent OLEDs quantitatively correlates with the electroluminescence (EL) response under magnetic fields. This behavior is explained by a magneto-EL response function that reflects degradation-sensitive spin-pair kinetics under magnetic fields. A strong linear correlation (confidence > 95%) is identified between the magneto-EL response strength (fMEL) and device lifetime, with longer-operable OLEDs exhibiting lower fMEL values. These findings establish a non-destructive approach for analyzing and predicting the stability of blue phosphorescent OLEDs.",nature_html
Pipework problems when cancer spreads to an area bordering the brain,https://www.nature.com/articles/d41586-026-02783-z,,Nature,2026-09-30 00:00:00+00:00,10.1038/d41586-026-02783-z,Jonathan Kipnis,,,
Count what can be lost at once,https://www.nature.com/articles/s41893-026-01957-x,,Nature Sustainability,2026-09-30 00:00:00+00:00,10.1038/s41893-026-01957-x,Ali Cheshmehzangi,,,
Reshaping building cooling in hot and humid climates with a decentralized personal cooling system,https://www.sciencedirect.com/science/article/pii/S0306261926016004?dgcid=rss_sd_all,,ScienceDirect Publication: Applied Energy,2026-09-30 00:00:00+00:00,,Adrian Chong,,,
Single-source domain generalization for ultrasonic state-of-charge estimation of lithium-ion batteries via supervised contrastive learning,https://www.sciencedirect.com/science/article/pii/S0306261926015655?dgcid=rss_sd_all,,ScienceDirect Publication: Applied Energy,2026-09-30 00:00:00+00:00,,Joon Ha Jung,,,
From volatility to viability: A stochastic evaluation of electricity-sourcing strategies and policy support for green hydrogen bankability in the Netherlands,https://www.sciencedirect.com/science/article/pii/S0306261926015849?dgcid=rss_sd_all,,ScienceDirect Publication: Applied Energy,2026-09-30 00:00:00+00:00,,Evrim Ursavas,,,
An active hydronic radiative sky cooling system for mitigating envelope thermal-resistance penalties and enabling climate-adaptive cooling-energy savings in Chinese residential buildings,https://www.sciencedirect.com/science/article/pii/S030626192601617X?dgcid=rss_sd_all,,ScienceDirect Publication: Applied Energy,2026-09-30 00:00:00+00:00,,Qi-Yuan Liu,,,
Restoration-driven positive and negative leakage in sub-Saharan Africa,https://www.nature.com/articles/s41893-026-01936-2,,Nature Sustainability,2026-09-30 00:00:00+00:00,10.1038/s41893-026-01936-2,David P. Edwards,,"Habitat restoration is a cornerstone of global climate and biodiversity policy, with over 350 million ha pledged for restoration by 2030, yet it remains unclear how restoration impacts ‘spill over’ beyond implementation areas. Restoration projects could lead to increased tree loss elsewhere (negative leakage; for example, when restoration replaces timber plantations and/or impacts landowner earnings) or reduced tree loss within project areas and surrounding landscapes (positive leakage; for example, if restoration meets timber or fuelwood resource needs or creates restoration-linked employment). Here we assembled a geospatial dataset of 129,982 restoration polygons (~6.8 million ha) across sub-Saharan Africa to evaluate changes in tree loss across space and time. Natural regeneration and active restoration reduced tree loss by up to 9.1 percentage points (pp) within restoration areas and 8.9 pp in 10 km buffers after 10 years, indicating positive leakage. By contrast, agroforestry increased tree loss by 7.9 pp within projects and 7.5 pp in surrounding landscapes. Leakage magnitude and direction varied across restoration approaches and countries (−7.8 pp to +7.1 pp), underscoring the need for context-specific strategies. Integrating leakage safeguards into restoration planning, carbon standards and incentive schemes is essential for securing landscape-scale climate and biodiversity-related benefits.",nature_html
Bug bites,https://www.nature.com/articles/s41557-026-02255-x,,Nature Chemistry,2026-09-30 00:00:00+00:00,10.1038/s41557-026-02255-x,Michelle Francl,,,
Beyond resilience in a changing Himalaya,https://www.nature.com/articles/s41893-026-01958-w,,Nature Sustainability,2026-09-30 00:00:00+00:00,10.1038/s41893-026-01958-w,Muhammad Sajjad,,,
The many lives of a universal solvent,https://www.nature.com/articles/s41557-026-02254-y,,Nature Chemistry,2026-09-30 00:00:00+00:00,10.1038/s41557-026-02254-y,Yasir S. Raouf,,,
Transcription pause and elongation regulators mediate somatic hypermutation,https://www.nature.com/articles/s41586-026-11092-4,,Nature,2026-09-30 00:00:00+00:00,10.1038/s41586-026-11092-4,David G. Schatz,,"Somatic hypermutation (SHM) creates point mutations in the variable regions of immunoglobulin genes in activated B cells to support antibody affinity maturation1. SHM is initiated by activation-induced deaminase (AID), and the single-stranded DNA substrate of this cytosine deaminase is thought to arise during RNA polymerase II (PolII) transcription, perhaps in the context of PolII stalling2,3. The factors and mechanisms that mediate AID chromatin recruitment and generate its putative stalled PolII substrate during SHM are unknown. Negative elongation factor (NELF) stabilizes PolII in a paused state near the transcription start site. Release of NELF from PolII and the PolII elongation-versus-termination decision are regulated by opposing super elongation complex (SEC) kinase and integrator–protein phosphatase 2A (INT–PP2A) activities4. Here we demonstrate that NELF, the SEC components MLLT1 and MLLT3 and the INT–PP2A phosphatase module are required for SHM. We show that NELF can associate with PolII in the AID target window in the gene body and that, in the absence of NELF, AID fails to deaminate its targets despite efficient recruitment to chromatin and transcription by PolII. MLLT1 and MLLT3 interact with AID through their histone-binding YEATS domain and are required for AID enrichment at its target sites. We propose a physiological function for the NELF–PolII association in gene bodies in creating the stalled PolII substrate for AID action during SHM.",nature_html
A two-hit mechanism triggers autoimmune hair loss,https://www.nature.com/articles/s41586-026-11098-y,,Nature,2026-09-30 00:00:00+00:00,10.1038/s41586-026-11098-y,Ting Chen,,"Autoimmune diseases arise from a breakdown of immune tolerance, yet the mechanisms that initiate tissue-specific autoimmunity remain poorly understood1,2,3,4. Here we identify a two-hit mechanism in which immune dysregulation and physiological neural activation converge to trigger autoimmune alopecia. We show that transient depletion of regulatory T (Treg) cells during the anagen phase of the hair cycle, but not during telogen, induces CD8+ T-cell-mediated destruction of immune-privileged hair follicle stem cells (HFSCs), resulting in hair loss. This anagen-restricted susceptibility depends on sympathetic nerve activity, which is physiologically elevated during anagen: sympathetic denervation prevents disease, whereas psychological stress or optogenetic activation of sympathetic nerves renders otherwise resistant telogen skin susceptible to autoimmune attack after Treg cell depletion. Mechanistically, sympathetic noradrenaline signalling through HFSC-intrinsic ADRB2 promotes physiological reactivation of endogenous retroviruses (ERVs) in anagen HFSCs. Under conditions of Treg cell depletion, this ERV-associated state drives autoimmune pathology by engaging AIM2-dependent innate immune activation and pathogenic CD8+ T cell responses. Accordingly, genetic ablation of Aim2 or pharmacological inhibition of ERV reverse transcription protects against disease development. Together, these findings show that physiological sympathetic activity establishes a transiently vulnerable epithelial state, whereas Treg cells prevent this state from progressing to tissue-specific autoimmunity. This neuro–epithelial–immune circuit links hair-cycle state to the breach of HFSC immune privilege and the initiation of autoimmune alopecia.",nature_html
Preparing for disasters,https://www.nature.com/articles/s41893-026-01956-y,,Nature Sustainability,2026-09-30 00:00:00+00:00,10.1038/s41893-026-01956-y,,,,
The buck stops with me,https://www.nature.com/articles/d41586-026-02863-0,,Nature,2026-09-30 00:00:00+00:00,10.1038/d41586-026-02863-0,Mercer Eddy,,,
AI ‘speech clock’ assesses how fast you’re ageing from your voice,https://www.nature.com/articles/d41586-026-03106-y,,Nature,2026-09-30 00:00:00+00:00,10.1038/d41586-026-03106-y,Gemma Conroy,,,
Beware sham scientific societies: the research community must be more vigilant,https://www.nature.com/articles/d41586-026-03047-6,,Nature,2026-09-30 00:00:00+00:00,10.1038/d41586-026-03047-6,,,,
Secret watermark labels proteins as ‘made by AI’,https://www.nature.com/articles/d41586-026-03033-y,,Nature,2026-09-30 00:00:00+00:00,10.1038/d41586-026-03033-y,Elie Dolgin,,,
How did Earth get its water? Inside the extreme machine seeking answers,https://www.nature.com/articles/d41586-026-02978-4,,Nature,2026-09-30 00:00:00+00:00,10.1038/d41586-026-02978-4,James Dinneen,,,
Ionic feedback enables programmable event-driven organic photosensing,https://www.nature.com/articles/s41563-026-02762-9,,Nature Materials,2026-09-30 00:00:00+00:00,10.1038/s41563-026-02762-9,,,,
Amplitude-controllable event-driven organic photosensors based on ionic-mediated inhibition,https://www.nature.com/articles/s41563-026-02747-8,,Nature Materials,2026-09-30 00:00:00+00:00,10.1038/s41563-026-02747-8,Wei Ma,,"Next-generation artificial vision systems must integrate rapid temporal-contrast detection with dynamic sensory-gain modulation to prioritize task-relevant stimuli. Conventional semiconductor photosensors lack intrinsic mechanisms for spike generation with tunable amplitude, requiring complex multitransistor architectures and limiting efficiency. Here we report an event-driven organic photosensor that integrates temporal-contrast detection and amplitude modulation within a single active layer by coupling ionic and electronic transport in an organic mixed ionic–electronic conductor. In a bulk heterojunction with a non-fullerene acceptor, fast electron extraction generates excitatory photocurrent spikes, whereas ion-compensated hole accumulation in the organic mixed ionic–electronic conductor donor provides voltage-tunable inhibitory control over spike amplitude—functionally analogous to attentional gain modulation in biological vision. This enables in-sensor amplitude–temporal coding, preserving motion-relevant contrast in bias-weighted optical events and reducing redundant read-out. These results establish ionic–electronic coupling in organic mixed ionic–electronic conductors as a materials strategy for adaptive, low-power neuromorphic vision hardware.",nature_html
Practical and green oxidative amination of olefins,https://www.cell.com/chem/fulltext/S2451-9294(26)00286-X?rss=yes,,Chem,2026-09-30 00:00:00+00:00,10.1016/j.chempr.2026.103220,Matthias Beller,,"Allylamines are important motifs in pharmaceuticals, agrochemicals, and materials, but their direct preparation often depends on costly oxidants and complex catalyst systems. We report a practical palladium-catalyzed oxidative amination of alkenes that uses air as the oxidant and does not require specialized ligands. The method converts diverse amines and alkenes into allylamines with high selectivity and can be performed on a gram scale, offering a greener route to valuable allylamine products.",rss_cell
Harmful tau spreads like self-propagating prion proteins,https://www.nature.com/articles/d41586-026-02778-w,,Nature,2026-09-30 00:00:00+00:00,10.1038/d41586-026-02778-w,Jose A. Rodriguez,,,
Who’s the loudest of them all? The bare-throated bellbird vies for the prize,https://www.nature.com/articles/d41586-026-03038-7,,Nature,2026-09-30 00:00:00+00:00,10.1038/d41586-026-03038-7,,,,
Is exposomics the key to making personalized medicine a reality?,https://www.nature.com/articles/d41586-026-02958-8,,Nature,2026-09-30 00:00:00+00:00,10.1038/d41586-026-02958-8,Virginia Gewin,,,
These optical illusions are why butterflies are so hard to catch,https://www.nature.com/articles/d41586-026-03124-w,,Nature,2026-09-30 00:00:00+00:00,10.1038/d41586-026-03124-w,Nick Petrić Howe,,,
This award-winning microscopy image used AI — igniting controversy in a prestigious competition,https://www.nature.com/articles/d41586-026-03086-z,,Nature,2026-09-30 00:00:00+00:00,10.1038/d41586-026-03086-z,Rachel Fieldhouse,,,
2D semiconductor aims to turbocharge development of high-performance electronics,https://www.nature.com/articles/d41586-026-02777-x,,Nature,2026-09-30 00:00:00+00:00,10.1038/d41586-026-02777-x,Yong-Young Noh,,,
"Elena, Aris, Marcus: AI-generated ‘ghosts’ are polluting the scientific literature",https://www.nature.com/articles/d41586-026-02991-7,,Nature,2026-09-30 00:00:00+00:00,10.1038/d41586-026-02991-7,Jackson Ryan,,,
Tuberculosis treatment has advanced — now we need to stop drug resistance dragging us backwards,https://www.nature.com/articles/d41586-026-02963-x,,Nature,2026-09-30 00:00:00+00:00,10.1038/d41586-026-02963-x,Ana Cehovin,,,
Sugar amplifies antibiotic disruption of gut microbes,https://www.nature.com/articles/d41586-026-02782-0,,Nature,2026-09-30 00:00:00+00:00,10.1038/d41586-026-02782-0,Andrew T. Chan,,,
The super El Niño is cooking coral reefs — can lullabies and probiotics save them?,https://www.nature.com/articles/d41586-026-02965-9,,Nature,2026-09-30 00:00:00+00:00,10.1038/d41586-026-02965-9,James Dinneen,,,
Surrogate modeling of interconnector flows: A machine learning alternative to full-scale power system simulations with application to cross-border electricity exchange,https://www.sciencedirect.com/science/article/pii/S0306261926016028?dgcid=rss_sd_all,,ScienceDirect Publication: Applied Energy,2026-09-30 00:00:00+00:00,,Sonja Wogrin,,,
Giant Nonequilibrium Valley Control via Spin‐Selective Hot‐Carrier Transfer in an Antiferromagnetic van der Waals Stack,https://advanced.onlinelibrary.wiley.com/doi/10.1002/adma.75103?af=R,,Wiley: Advanced Materials: Table of Contents,2026-09-30 03:19:23+00:00,10.1002/adma.75103,Stuart S. P. Parkin,,"ABSTRACT
                  
                    Spin‐selective hot‐carrier transfer at interfaces between two‐dimensional (2D) semiconductors and magnets offers a nonequilibrium route to manipulate spin and valley degrees of freedom. In van der Waals heterostructures, such transfer can be enabled by type‐III band alignment together with magnetic‐field‐induced spin polarization of the bands in adjacent magnetic layers. Yet, continuous and robust valley control with high magnetic‐field susceptibility remains challenging, particularly beyond binary switching in out‐of‐plane easy‐axis magnets. Here we fabricate a CrSBr/WSe
                    2
                    /CrSBr heterostructure, where two semiconductor‐magnet interfaces promote efficient hot‐carrier transfer. Utilizing valley‐resolved magneto‐photoluminescence spectroscopy, we reveal a pronounced field‐sign‐asymmetric response and a magnetic‐state‐dependent evolution of emergent spectral features that track the spin configuration of multilayer CrSBr via spin‐selective hot‐carrier transfer. This mechanism enables giant, continuous tuning, and magnetic‐state‐dependent reversal of the degree of circular polarization (DoCP), reaching ∼ 40% for excitons and ∼ 80% for trion emission. Our results establish spin‐polarized interlayer hot‐carrier transfer as an efficient knob for engineering valley polarization and coherence in TMDs, and highlight antiferromagnet‐based stacks as a versatile platform for magnetically programmable quantum optoelectronic functionalities.",crossref
Active Soft Hydrogels Reveal Cumulative Molecular Force Dosing in Stem Cell Fate Programming,https://advanced.onlinelibrary.wiley.com/doi/10.1002/adma.75184?af=R,,Wiley: Advanced Materials: Table of Contents,2026-09-30 03:23:09+00:00,10.1002/adma.75184,Yijun Zheng,,"ABSTRACT
                  Decoupling molecular‐scale mechanical signaling from bulk substrate stiffness remains a fundamental challenge in biomaterial design. Here, we develop a soft‐yet‐active hyaluronic acid hydrogel (∼3 kPa) grafted with near‐infrared‐driven CD‐PNIPAM‐RGD molecular actuators to apply programmable, piconewton‐scale forces directly to integrins without altering the bulk modulus. By isolating force history as an independent variable, we reveal that human mesenchymal stem cells act as cumulative mechanical integrators. A cumulative force dose of just 7 h (1‐h daily pulses) drives irreversible osteogenic commitment on this classically non‐permissive substrate. Mechanistically, each pulse bypasses canonical tension‐based signaling. Despite negligible cytoplasmic traction, localized molecular pulling drives G‐actin nuclear import, intranuclear F‐actin polymerization, and rapid YAP activation. By recasting mechanotransduction from a continuous analog response into a discrete, cumulative integration of mechanical inputs, this work establishes active force dosing as a quantitative design principle for next‐generation soft biomaterials.",crossref
In Situ Ordered Glassification of Gels for Exceptional Stiffness and Toughness,https://advanced.onlinelibrary.wiley.com/doi/10.1002/adma.75223?af=R,,Wiley: Advanced Materials: Table of Contents,2026-09-30 03:24:01+00:00,10.1002/adma.75223,Jing Sun,,"ABSTRACT
                  
                    Glassy gels are indispensable for applications ranging from structural composites to bioelectronics, yet their design is plagued by an intrinsic paradox where the rigid molecular constraints that endow high stiffness simultaneously restrict polymer chain dynamics, precluding the energy dissipation mechanisms essential for toughness. Here, we circumvent this fundamental trade‐off through an in situ molecular constraint‐induced ordered glassification strategy. By restricting localized conformations within a confined hydration environment, we drive the spontaneous assembly of long‐range ordered, load‐bearing nanodomains within a soft gel matrix. These domains function as rigid sacrificial units during initial deformation. Critically, they undergo a progressive, strain‐activated dissociation that redistributes local stress and dissipates mechanical energy at the bulk scale. Unlike conventional post‐treated gels, our material undergoes a rubbery‐to‐glassy transition in situ without external intervention, yielding a 3500‐fold modulus enhancement and a toughness of 289 MJ m
                    −3
                    , exceeding many reported high‐modulus hydrogels and ionic gels. Furthermore, this molecular design imparts multimodal functionality, including strong yet water‐removable adhesion (∼17 MPa to glass), superior impact resistance, and water‐responsive shape programmability. This ordered glassification paradigm establishes a versatile molecular engineering route to create load‐bearing gels that synergistically integrate stiffness, toughness, and adaptive intelligence, redefining the performance envelope of hydrated soft matter.",crossref
Roc Matheu,https://onlinelibrary.wiley.com/doi/10.1002/anie.9393082?af=R,,Wiley: Angewandte Chemie International Edition: Table of Contents,2026-09-30 03:30:07+00:00,10.1002/anie.9393082,Roc Matheu,,"""Chemistry/science is fun because, in many instances, it is unpredictable.""…""The best advice I have ever been given is to be careful with your wishes because they sometimes come true."" Find out more about Roc Matheu in his Introducing… Profile.",pubmed
On‐Surface Friedel–Crafts Alkylation Through a Stabilized Intermediate Complex,https://onlinelibrary.wiley.com/doi/10.1002/anie.3848864?af=R,,Wiley: Angewandte Chemie International Edition: Table of Contents,2026-09-30 03:35:16+00:00,10.1002/anie.3848864,Karina Morgenstern,,"ABSTRACT
                  The incorporation of ‐hybridized carbon centers into planar  carbon nanostructures is a powerful strategy in solution chemistry for tuning their electronic and structural properties. While on‐surface synthesis has demonstrated efficient coupling strategies for  systems, ─ bond formation on surfaces remains largely unexplored. Here, we report the on‐surface analogue of Friedel–Crafts alkylation on a metal surface: an intramolecular ─ coupling reaction based on a specifically designed fluorinated aromatic reactant, with the metal surface itself acting as catalyst. Our reactant‐catalyst design stabilizes the key intermediate; allowing for direct real‐space imaging at the single‐molecule level. By integrating high‐resolution scanning tunneling microscopy, x‐ray photoelectron spectroscopy, and first‐principles computations, we elucidate each elementary step of the on‐surface Friedel–Crafts alkylation pathway. These results open a new route toward the controlled integration of  centers into hybrid ─ carbon nanostructures, expanding the synthetic toolbox of on‐surface chemistry.",crossref
Molecular Engineering at Electrode Interface Enables Efficient Catalytic Nitrogen Reduction,https://onlinelibrary.wiley.com/doi/10.1002/anie.8913465?af=R,,Wiley: Angewandte Chemie International Edition: Table of Contents,2026-09-30 03:35:21+00:00,10.1002/anie.8913465,Li‐Zhu Wu,,"ABSTRACT
                  
                    Molecular catalysts are promising for nitrogen (N
                    2
                    ) fixation due to their well‐defined sites and tunable coordination, yet most molecules in homogeneous systems reside in the bulk solution, leading to poor catalyst utilization. Here, we introduced a molecular engineering strategy by assembling a functionalized molecular molybdenum complex (PyMoBr
                    3
                    PNP) on graphdiyne (GDY) through π–π interactions. The resulting interface‐assembled molecular electrode, PyMoBr
                    3
                    PNP/GDY/carbon paper (CP), catalyzed N
                    2
                    conversion to ammonia (NH
                    3
                    ) using 2,4,6‐trimethylpyridinium triflate ([ColH][OTf]) as the proton source. Rigorous isotopic labeling and continuous time‐dependent controls confirmed the genuine nature of catalytic N
                    2
                    to NH
                    3
                    turnover. Encouraged by the intrinsic N
                    2
                    reduction activity, the PyMoBr
                    3
                    PNP/GDY/CP cathode was further coupled with a molecular hybrid photoanode (ZnTCPP/Al
                    2
                    O
                    3
                    /BiVO
                    4
                    ) for photoelectrocatalytic N
                    2
                    reduction. The integrated system decreased the applied bias, achieved a turnover frequency (TOF) of 47.52 h
                    −1
                    and a turnover number (TON) of 157.54 over 4 h for NH
                    3
                    production, representing the highest performance reported to date for molecular‐based electrochemical and photoelectrochemical N
                    2
                    reduction. All of these results highlight the potential of molecular engineering platforms to enhance catalyst utilization, improve reaction efficiency, and lower energy consumption for N
                    2
                    fixation.",crossref
Controlling Adaptive Flexibility for Efficient Purification of Ethylene From Ethane,https://onlinelibrary.wiley.com/doi/10.1002/anie.9034981?af=R,,Wiley: Angewandte Chemie International Edition: Table of Contents,2026-09-30 03:39:35+00:00,10.1002/anie.9034981,Jie‐Peng Zhang,,"ABSTRACT
                  Ethane‐selective adsorbents enable direct production of high‐purity ethylene, yet rational improvement of selectivity and productivity remains challenging. Here, we report a strategy of adaptive flexibility control. A family of isostructural metal azolate frameworks featuring bent linkers and size‐tunable substituents were designed and synthesized. Single‐crystal X‐ray diffraction and computational simulations unveiled a bending‐adsorption coupling mechanism: the stronger ethane binding drives more pronounced linker flattening to reinforce itself. Crucially, bulkier substituents reinforce this adaptive response, further elevating ethane selectivity. Notably, mixture breakthrough experiments demonstrated that navigating the selectivity–capacity trade‐off via substituent‐tuned adaptive flexibility afforded superior ethylene purification productivity.",crossref
Streamlined Access to Steroid‐Like Frameworks With Vicinal Tertiary and Quaternary Centers via Pd‐Catalyzed Asymmetric Bisallylation,https://onlinelibrary.wiley.com/doi/10.1002/anie.8267819?af=R,,Wiley: Angewandte Chemie International Edition: Table of Contents,2026-09-30 03:39:44+00:00,10.1002/anie.8267819,Yuan Huang,,"ABSTRACT
                  
                    Despite remarkable advances in all‐carbon quaternary stereocenter construction, catalytic enantioselective assembly of sterically congested vicinal tertiary–all‐carbon quaternary stereodyads remains underdeveloped. Stereocontrolled access to such motifs embedded in steroid‐like frameworks represents a particularly formidable challenge. Herein, we disclose a highly efficient Pd‐catalyzed enantioselective bisallylation/ring‐closing metathesis (RCM) cascade, enabling modular asymmetric assembly of enantioenriched polycyclic architectures from simple coumarin‐derived precursors. With the newly developed chiral biaryl monophosphine ligand–Pd
                    2
                    (dba)
                    3
                    system, the reaction proceeds with exceptional enantiocontrol and diastereoselectivity. Synthetic versatility is demonstrated by divergent transformations into diverse high‐value chiral building blocks. Computational studies reveal that the formation of the bis‐π‐allylpalladium intermediate is the rate‐determining step of this sequential process. Notably, this simple yet powerful catalytic system is also applicable to cyclic N‐sulfonyl imines, offering a general and robust platform for the facile synthesis of enantioenriched homoallylic amines and structurally intricate N‐polycyclic skeletons.",crossref
Cobalt‐Catalyzed Desymmetrizing Hydrogenation of Cyclic Anhydrides,https://onlinelibrary.wiley.com/doi/10.1002/anie.6111891?af=R,,Wiley: Angewandte Chemie International Edition: Table of Contents,2026-09-30 03:46:14+00:00,10.1002/anie.6111891,Xumu Zhang,,"ABSTRACT
                  
                    Achieving general asymmetric catalytic manifolds that accommodate broad substrate diversity remains a long‐standing and highly sought‐after goal in synthetic chemistry. Herein, we report an efficient cobalt‐catalyzed desymmetric hydrogenation of structurally diverse cyclic 1,2‐ and 1,3‐diacid anhydrides, enabling access to pharmaceutically relevant chiral
                    γ
                    ‐ and
                    δ
                    ‐lactones with broad substrate scope and excellent enantioselectivity (up to 99% ee). The reaction is readily scalable, as demonstrated by gram‐scale synthesis of several representative products. Notably, this 3d‐metal catalytic platform represents a rare example that outperforms platinum‐group‐metal‐based counterparts in both generality and stereoselectivity. DFT studies identify a catalytically active d
                    7
                    Co(II) dihydride complex with an outer‐sphere hydride transfer mechanism, wherein a relatively flexible chiral pocket underlies the broad substrate compatibility of this catalytic system.",crossref
Role‐Differentiated Solvation Directs Interfacial Chemistry in Wide‐Temperature Lithium Metal Batteries,https://onlinelibrary.wiley.com/doi/10.1002/anie.5489997?af=R,,Wiley: Angewandte Chemie International Edition: Table of Contents,2026-09-30 03:49:51+00:00,10.1002/anie.5489997,Ming Dong,,"ABSTRACT
                  
                    Wide‐temperature lithium metal batteries face intrinsic coupling between bulk transport and interfacial reactivity. Molecules enabling low viscosity and rapid Li
                    +
                    migration can enter the primary solvation sheath and undergo uncontrolled reduction on Li metal. Here, we establish solvation–reactivity decoupling through deliberate molecular role differentiation rather than empirical additive optimization. In the quaternary ester–ether (PADD) electrolyte, methyl propionate (MP) exhibits reduced primary Li
                    +
                    coordination and predominantly promotes fluidity, whereas DME/DOL and FSI
                    −
                    /TFSI
                    −
                    cooperatively reconstruct the reaction‐relevant solvation sheath. Systematic comparison reveals that MP exclusion alone is insufficient; a stable ether–anion network must compensate for the vacated coordination environment. This sheath redirects interfacial reduction toward DOL‐ and anion‐derived products, generating a spatially differentiated PDOL–LiF heteromatrix interphase with a compliant polymer‐rich outer region and a compact LiF‐rich inner framework. The interphase suppresses continuous ester decomposition, lowers nucleation and charge‐transfer barriers, and guides dense Li deposition. Consequently, Li||LiFePO4 cells operate from −30°C to 70°C, retaining 97.1% capacity after 1000 cycles at 25°C and 99.3% after 400 cycles at −30°C. These results identify functional differentiation across bulk electrolyte, solvation sheath, and interphase as a general route to resolve the transport–stability trade‐off in all‐climate lithium metal batteries.",crossref
Efficient Green Light‐Induced Photoclick Reactions Enabled by Triplet–Triplet Annihilation Photon Upconversion,https://onlinelibrary.wiley.com/doi/10.1002/anie.8317220?af=R,,Wiley: Angewandte Chemie International Edition: Table of Contents,2026-09-30 03:51:19+00:00,10.1002/anie.8317220,Ben L. Feringa,,"ABSTRACT
                  
                    Photoclick reactions, combining the advantages of photochemistry and classical click chemistry, are highly promising for surface functionalization, polymer conjugation, and biolabeling. Conventional photoclick reactions rely on the use of high‐energy ultraviolet (UV) light, which suffers from limited penetration depth and cell toxicity. Herein, we proposed a general strategy of efficient green light‐induced photoclick reactions by introducing a triplet–triplet annihilation photon upconversion (TTA‐UC) system. The TTA‐UC system comprises (octaethylporphyrinato) palladium (II) (
                    PdOEP
                    ) as the sensitizer and 9,10‐diphenylanthracene (
                    DPA
                    ) as the annihilator, and can effectively convert green light into blue light under incoherent and subsolar light intensity, which can further trigger a series of photoclick reactions based on 9,10‐phenanthrenequinone and electron‐rich alkenes (
                    PQ‐ERA
                    s). The pseudo‐first‐order kinetics (
                    
                      k
                      obs
                    
                    ) can reach up to 0.015 s
                    −1
                    under 550 nm LED irradiation (50 mW cm
                    −2
                    ). This study provides a new approach for realizing photoclick reactions under low‐power, long‐wavelength, and incoherent light excitation, holding great potential for applications in biological and materials systems.",crossref
Edge‐Vacancy Synergy in Cracked Janus WSeS Monolayers for Efficient Hydrogen Evolution,https://onlinelibrary.wiley.com/doi/10.1002/anie.2242006?af=R,,Wiley: Angewandte Chemie International Edition: Table of Contents,2026-09-30 03:52:36+00:00,10.1002/anie.2242006,Yunfan Guo,,"ABSTRACT
                  
                    The catalytic performance of two‐dimensional (2D) transition metal dichalcogenides (TMDs) for the hydrogen evolution reaction (HER) is severely limited by the scarcity of active edge sites and intrinsically inert basal planes. Although Janus TMDs mitigates this issue by activating the basal plane through an inherent vertical asymmetry structure and synthesis‐induced chalcogen vacancies, achieving a high density of edge sites and exploring their interplay with Janus dipole remains a critical challenge. Herein, we demonstrate a strain‐driven crack engineering strategy for monolayer Janus WSeS. The lattice strain inherent in the room‐temperature sulfurization conversion from WSe
                    2
                    to Janus WSeS spontaneously induces a dense distribution of nanoscale cracks, creating abundant active edges. In addition, these crack edges synergistically interact with sulfur vacancies to modulate the electronic states near
                    E
                    F
                    and optimize the hydrogen adsorption/desorption kinetics for enhanced HER activity. The resulting material achieves outstanding HER performance in acidic electrolyte, with a low overpotential of 214 mV at 10 mA cm
                    −2
                    and a Tafel slope of 68 mV dec
                    −1
                    . This work provides an approach to precisely tailor edge morphology in 2D materials, bridging the structure–performance relationship for advanced electrocatalysis.",crossref
Atroposelective Pd(0)‐Catalyzed Direct Intermolecular C─H Arylation of Thiazole N‐Oxides Provides Access to Heterobiaryls,https://onlinelibrary.wiley.com/doi/10.1002/anie.6888467?af=R,,Wiley: Angewandte Chemie International Edition: Table of Contents,2026-09-30 03:56:22+00:00,10.1002/anie.6888467,Nicolai Cramer,,"ABSTRACT
                  
                    Despite the importance of heteroaryl atropisomers in medicinal chemistry and catalysis, straightforward access to these motifs via direct enantioselective C─H heteroaryl‐aryl coupling remains challenging. We report an enantioselective Pd(0)‐catalyzed arylation at the C4‐position of thiazole
                    N
                    ‐oxides, forging the critical atropochiral axis. A designer point‐ and axially chiral monodentate phosphine is instrumental to enable high reactivities along with tight stereocontrol. A broad range of substrate combinations is coupled in high enantioselectivities, including two different heteroarenes. The enantioenriched thiazole
                    N
                    ‐oxides are amenable to derivatizations around the substituents contributing to the stability of the chiral axis, including a reduction of the
                    N‐
                    oxide moiety without racemization.",crossref
Instantaneous Mechanical Programming of Polymer Microparticle Shape and Surface Architecture,https://onlinelibrary.wiley.com/doi/10.1002/anie.8528979?af=R,,Wiley: Angewandte Chemie International Edition: Table of Contents,2026-09-30 05:21:36+00:00,10.1002/anie.8528979,Nozomu Suzuki,,"ABSTRACT
                  Structurally anisotropic polymer microparticles with controlled surface topographies are essential for applications in self‐assembly, interfacial engineering, and responsive materials. However, practical methods for fabricating such complex morphologies remain limited. Here, we demonstrate an instantaneous mechanically driven strategy for simultaneously programming particle shape and surface architecture through a refined rubbing process. By optimizing particle plasticization, pressure distribution, and stress transmission, spherical polymer particles were transformed into cylindrical particles within only 10 s. Patterned silicon substrates enabled direct mechanical transfer of periodic surface structures, while variations in substrate topology and deformation pathway produced diverse anisotropic architectures. This simple mechanically driven process provides a straightforward platform for programming hierarchical polymer microparticle architectures.",crossref
Template‐Encoded Assembly and Adaptive Function in Selenium‐Based Molybdenum Chalcoxide Rings,https://onlinelibrary.wiley.com/doi/10.1002/anie.5129627?af=R,,Wiley: Angewandte Chemie International Edition: Table of Contents,2026-09-30 05:25:05+00:00,10.1002/anie.5129627,Haralampos N. Miras,,"ABSTRACT
                  
                    Controlling both structure and function in inorganic self‐assembly remains a major challenge. Here we establish a programmable strategy for constructing selenium‐based molybdenum chalcoxides using the [Mo
                    2
                    O
                    2
                    Se
                    2
                    ]
                    2+
                    dimer as a universal building block. The template‐directed assembly process produces a complete family of ring architectures (
                    n
                    = 8–16), with nuclearity encoded by the template's geometry and acidity. Selenium incorporation introduces electronic softness that imparts unusual structural flexibility and enables adaptive behaviour. NMR titration experiments reveal host–guest exchange in solution, demonstrating dynamic recognition in these purely inorganic rings. This family of clusters also displays tuneable electrocatalytic hydrogen evolution activity (HER), following the trend Mo
                    8
                    &gt; Mo
                    12
                    &gt; Mo
                    10
                    and consistently outperforming their sulphur analogues. Together, these results define a design framework in which modular assembly, dynamic function, and catalytic activity arise from a common chalcogen‐dependent structural logic, opening new avenues for responsive inorganic molecular materials.",crossref
"Synthesis, Conformation, and Pro‐Inflammatory Activity of the Branched Glucorhamnans Relevant to the Polysaccharide of Ruminococcus gnavus",https://onlinelibrary.wiley.com/doi/10.1002/anie.4546692?af=R,,Wiley: Angewandte Chemie International Edition: Table of Contents,2026-09-30 05:58:47+00:00,10.1002/anie.4546692,Biao Yu,,"ABSTRACT
                  
                    Glucorhamnan produced by the gut bacterium
                    Ruminococcus gnavus
                    is closely associated with Crohn's disease and exhibits potent pro‐inflammatory activity. Synthetic glucorhamnan fragments could serve as critical tools for dissecting the molecular mechanisms underlying the inflammatory responses elicited by the bacterial polysaccharides, and could be further developed into carbohydrate‐based vaccines. However, chemical synthesis of these glucorhamnan motifs remains challenging, given the requisite construction of 1,2‐
                    trans
                    ‐glycosidic linkages within the linear rhamnan backbone and 1,2‐
                    cis
                    ‐glycosidic linkages of the 1,6‐isomaltose sidechain. In this study, we report the efficient synthesis of such branched glucorhamnans, including pentamer, decamer, and eicosamer. Conformational analysis, employing nuclear magnetic resonance experiments and molecular dynamics simulations, reveals that the glucorhamnans adopt an extended left‐handed helicoidal conformation that regularly and continuously exposes the isomaltose sidechains. Biological assays demonstrate that the synthetic glucorhamnans effectively induce the release of tumor necrosis factor‐α (TNF‐α) and the secretion of interleukin‐6 (IL‐6) and interleukin‐12 (IL‐12) in bone marrow‐derived dendritic cells (BMDCs).",crossref
Latent Solvation Chemistry with Low Electrostatic Stickiness Enables Wide‐Temperature Fast‐Charging Lithium‐Ion Batteries,https://onlinelibrary.wiley.com/doi/10.1002/anie.3947346?af=R,,Wiley: Angewandte Chemie International Edition: Table of Contents,2026-09-30 06:05:30+00:00,10.1002/anie.3947346,Xiaodi Ren,,"ABSTRACT
                  
                    Electrolytes for lithium‐ion batteries commonly rely on static solvation structures that support ion dissociation and transport under mild conditions but lack the adaptability required across large temperature variations. Here, we establish latent solvation chemistry to construct a dynamically evolving solvation environment in which a suitably selected diluent remains weakly coordinated at room temperature but is recruited into the Li
                    +
                    solvation shell upon cooling. Guided by lithiophilicity and electrostatic stickiness, we identify a diluent that combines temperature‐activated Li
                    +
                    coordination with favorable transport characteristics. Upon cooling, its recruitment into the Li
                    +
                    solvation shell reorganizes the solvation environment, facilitating ion transport and interfacial charge transfer. The resulting electrolyte also forms a thin, LiF‐rich interphase that supports efficient low‐temperature Li
                    +
                    transport. The designed electrolyte enables 5 C fast charging at −20°C and stable cycling at −50°C with a reversible capacity above 150 mAh g
                    −
                    1
                    . A 1.2 Ah pouch cell retains 91.04% of its initial capacity after 2000 cycles over more than 600 days. This work establishes latent solvation chemistry as a molecular design strategy for wide‐temperature fast charging in lithium‐ion batteries.",crossref
Enhanced Bulk Photovoltaics in Polar 2D Hybrid Perovskite via Pressure‐Strengthened Organic‐Inorganic Interactions,https://advanced.onlinelibrary.wiley.com/doi/10.1002/adma.75197?af=R,,Wiley: Advanced Materials: Table of Contents,2026-09-30 06:43:07+00:00,10.1002/adma.75197,Xujie Lü,,"ABSTRACT
                  
                    The development of bulk photovoltaic effect (BPVE) in polar two‐dimensional (2D) organic‐inorganic hybrid perovskites (OIHPs) is currently impeded by an insufficient understanding of the microscopic mechanisms linking organic‐inorganic interactions to photovoltaic output. Here, we utilize pressure as an effective thermodynamic probe to decouple these interactions in BDA(EA)
                    2
                    Pb
                    3
                    Br
                    10
                    (BDA is 1,4‐butanediammonium, EA is ethylammonium), achieving the first pressure‐engineered synergistic enhancement of short‐circuit current (
                    I
                    SC
                    ) and open‐circuit voltage (
                    V
                    OC
                    ). Comprehensive in situ characterizations reveal that pressure‐strengthened N─H···Br hydrogen bonding induces cooperative organic cation ordering and inorganic octahedral distortion. This structural synergy amplifies spontaneous polarization, resulting in a 530‐fold increase in BPVE efficiency to 0.18% at 1.5 GPa, a value surpassing all previously reported OIHPs. Moreover, the enhanced organic‐inorganic interaction stabilizes the ferroelectric state, elevating the Curie temperature to 433 K. These results elucidate the microscopic mechanism underlying BPVE enhancement in 2D OIHP ferroelectrics and establish pressure modulation as an effective strategy for mechanistic studies and photovoltaic optimization.",crossref
Tannic Acid–Fe3+ Complex‑Sulfonate Coupled Hydrogel Electrolyte for Stable Zinc Anodes,https://advanced.onlinelibrary.wiley.com/doi/10.1002/adma.75206?af=R,,Wiley: Advanced Materials: Table of Contents,2026-09-30 06:45:52+00:00,10.1002/adma.75206,Can Huang,,"ABSTRACT
                  
                    Aqueous zinc‐ion batteries feature low cost and inherent safety for large‐scale energy storage. However, their practical deployment is significantly hindered by zinc dendrite proliferation and interfacial corrosion. Conventional electrolytes fail to address cascading failure modes, including corrosion onset, current concentration, and hydrostatic penetration. In this study, we fabricate a high‐performance hydrogel electrolyte membrane via robust electrostatic interactions between tannic acid‐ferric ion complexes and sulfonate groups. This membrane delivers ionic conductivity of (39.94 ± 0.33) mS cm
                    −1
                    , a high zinc‐ion transference number of (0.91 ± 0.02), and favorable mechanical adaptability. Combined DFT calculations, COMSOL simulations, and multi‐scale characterizations uncover a three‐tier synergistic defense mechanism: tannic acid‐ferric ion Lewis‐acid sites inhibit interfacial corrosion; interconnected sulfonate‐tannic acid‐ferric ion networks realize uniform electric‐field distribution; reversible iron‐oxygen coordination bonds alleviate deposition‐induced internal stress. Symmetric cells sustain stable cycling over 600 h under extreme conditions (65 mA cm
                    −2
                    , 58.5 mAh cm
                    −2
                    , 99.7% depth of discharge). Polyaniline‐based full cells achieve 5200 stable cycles with average Coulombic efficiency above 99.9%, and vanadium pentoxide‐based cells exhibit robust cycling performance. This work provides a viable electrolyte strategy for stabilizing zinc anodes and offers valuable insights into high‐performance aqueous metal‐battery electrolyte design.",crossref
Anisotropic Facet Doping Amplifies Built‐In Electric Field in Single‐Particle Photocatalysts,https://advanced.onlinelibrary.wiley.com/doi/10.1002/adma.75171?af=R,,Wiley: Advanced Materials: Table of Contents,2026-09-30 06:47:20+00:00,10.1002/adma.75171,Hua Gui Yang,,"ABSTRACT
                  
                    Controllable chemical doping is an effective strategy to tailor electronic structure and charge‐carrier dynamics in semiconductors, especially in one‐step‐excitation semiconductor photocatalysts. However, achieving a controllable dopant distribution within a single‐particle photocatalyst without compromising its well‐defined redox facets remains a significant challenge. Here, using a two‐step molten‐salt synthesis as a controlled platform, we reveal facet‐selective Al
                    3+
                    incorporation in SrTiO
                    3
                    while preserving the desired cuboctahedron morphology with exposed {100}/{111} facets. Increasing the Al
                    3+
                    supply within this morphology‐preserving window leads to a pronounced facet‐anisotropic distribution within individual particles, with the Al content along {111} exceeding that along {100} by more than twofold from the surface toward the bulk. This facet‐anisotropic distribution enhances the inter‐facet electrostatic asymmetry associated with the intrinsic built‐in electric field. As a demonstration, 4.0 mol% Al‐doped SrTiO
                    3
                    delivers an apparent quantum yield of 81.1% at 335 nm for overall water splitting, producing H
                    2
                    and O
                    2
                    in a stoichiometric 2:1 ratio with a hydrogen evolution rate of 3364.13 µmol·h
                    −1
                    . This work establishes facet‐resolved dopant distribution as a spatial design parameter for efficient particulate photocatalysis.",crossref
Mechanically Robust and Self‐Healing Sustainable Solid‐State Ion‐Conductive Elastomer for Near‐Infrared‐Driven Noncontact Sensing,https://advanced.onlinelibrary.wiley.com/doi/10.1002/adma.75183?af=R,,Wiley: Advanced Materials: Table of Contents,2026-09-30 06:49:49+00:00,10.1002/adma.75183,Jian‐Bing Zeng,,"ABSTRACT
                  
                    Stretchable solid‐state ionic conductive elastomers (SICEs), serving as essential materials for ionotronic devices, exhibit great promise in emerging applications in electronic skin, soft robotics, especially in wearable sensors. Nevertheless, the development of such materials with high strength, self‐healing, and ionic conductivity remains highly desirable yet challenging, as simultaneously integrating these properties is often hindered by intrinsic trade‐offs among molecular chain dynamics and desired functions. Herein, we develop a SICE featuring a natural rubber‐based segregated network, in which latex particles are encapsulated by carboxylated cellulose nanofibers, polydopamine, and lithium bis(trifluoromethanesulfonyl)imide. The formation of integrated dense interfacial hydrogen and lithium bonds among the components leads to a robust interface and superior integral architecture, delivering an unprecedented combination of properties: a tensile strength of 6.23 MPa, a room‐temperature self‐healing efficiency of 98%, and an ionic conductivity of 4.15 × 10
                    −
                    3
                    S·m
                    −1
                    . Such performance substantially outperforms the most state‐of‐the‐art bio‐based counterparts, noting that all main components are derived from bio‐based resources. Furthermore, the polydopamine imparts photothermal conversion capability, enabling not only remote‐triggered rapid self‐healing but also non‐contact sensing via near‐infrared light‐mediated thermal stimulation. This study advances a sustainable and remotely controllable platform based on bio‐based SICEs, opening new avenues for next‐generation intelligent flexible electronics.",crossref
Microenvironment Responsive Self‐Powered Hydrogel for Electro‐Inspired Regeneration of Infectious Diabetic Bone Defects,https://advanced.onlinelibrary.wiley.com/doi/10.1002/adma.75222?af=R,,Wiley: Advanced Materials: Table of Contents,2026-09-30 06:56:05+00:00,10.1002/adma.75222,Yao Wu,,"ABSTRACT
                  
                    Hyperglycemia, excessive reactive oxygen species (ROS), and bacterial infection considerably hinder the regeneration of infected diabetic bone defects. Conventional tissue‐engineering strategies often lack spatiotemporal responsiveness to the pathological microenvironment or require external power sources for electrical stimulation. Inspired by enzymatic biofuel cell technology, this study introduces a microenvironment‐responsive self‐powered MXene‐based electroactive hydrogel (sp‐MEH) that uniquely integrates cascade catalysis with endogenous current generation under diabetic conditions. Unlike previously reported conductive hydrogels or piezoelectric materials, sp‐MEH autonomously consumes excess glucose and ROS while simultaneously producing sustained electrical signals without external energy input. This dual functionality enables three synergistic therapeutic actions: remodeling of the pathological chemical microenvironment to promote anti‐inflammatory macrophage polarization, activation of voltage‐gated Ca
                    2+
                    channels and downstream CaMKII/PKC pathways to enhance osteogenic differentiation, and interference with bacterial energy metabolism to achieve potent antibacterial effects. sp‐MEH significantly outperforms its non‐electroactive or randomly mixed counterparts in promoting the regeneration of infected diabetic bones, as validated in vitro and in vivo. This study establishes a paradigm for self‐powered, microenvironment‐adaptive biomaterials that convert pathological cues into therapeutic signals. Thus, it presents a transformative strategy for complex bone defect repair.",crossref
Nonlinear directional emission on monolayer MoS2 by optical orbit-orbit coupling,https://www.science.org/doi/abs/10.1126/sciadv.aei3860?af=R,,AAAS: Science Advances: Table of Contents,2026-09-30 07:00:00+00:00,10.1126/sciadv.aei3860,Jincheng Ni,,"Controlling the direction of light emission on the subwavelength scale is a key to manipulating light and improving efficiency in optical sensing and quantum information processing. In functional metasurfaces, photonic spin angular momentum is widely used to control the propagation of light emission by geometric phase, but it is challenging to accomplish using monolayer materials because of lacking optical resonance in atomic thickness. Furthermore, the manipulation of the optical geometric phase based on spin angular momentum beams typically offers only two tunable states. Here, we report optical control of free-space routing of second harmonic generation in monolayer MoS
                    2
                    assisted by photonic orbital angular momenta. The experimental directionality of the second harmonic light can reach 0.84. Moreover, we can dynamically route the second harmonic generation signal on the engineered monolayer MoS
                    2
                    with four directions, showing high-order information encryption. Our findings thus provide great flexibility and more degrees of freedom in nonlinear optical modulation, integrated photonics, and dynamic flat optics.",crossref
Population connective field modeling reveals proto-retinotopic visual cortex organization in the prenatal human brain,https://www.science.org/doi/abs/10.1126/sciadv.aee9300?af=R,,AAAS: Science Advances: Table of Contents,2026-09-30 07:00:00+00:00,10.1126/sciadv.aee9300,Michael A. Skeide,,"The visual space is sampled by cortical field maps in which nearby neuronal populations encode nearby locations of images received from the retina. Whether retinotopic cortical organization already emerges in the neonatal or even prenatal human brain is currently unknown. To answer this question in vivo, we applied population connective field modeling to 871 resting-state functional magnetic resonance imaging datasets ranging from prenatal to young adult age. We found topographically organized eccentricity and polar angle connectivity maps in V2 and V3 of the visual cortex as early as the 21st week of gestation. These results highlight that human proto-retinotopic cortical maps develop in the second trimester of pregnancy, predating visual experience.",crossref
"Additional evidence supports a timescale exceeding 100,000 years for the Guliya ice cap, Tibetan Plateau",https://www.science.org/doi/abs/10.1126/sciadv.aeh2912?af=R,,AAAS: Science Advances: Table of Contents,2026-09-30 07:00:00+00:00,10.1126/sciadv.aeh2912,Marcus Christl,,"The oxygen isotope (δ
                    18
                    O
                    ice
                    ) record from a ∼310-meter core drilled on the Guliya ice cap (GIC) in 2015 (GP2015) demonstrates reproducibility with a ∼309-meter core drilled nearby in 1992. Construction of the timescale for a composite of the GIC cores used
                    10
                    Be and
                    36
                    Cl to locate the 41–thousand year Laschamp geomagnetic excursion and a match to a δ
                    18
                    O
                    atm
                    -dated core from the Guliya Summit. Comparison of the δ
                    18
                    O record from an Asian Monsoon speleothem with the GIC δ
                    18
                    O
                    ice
                    supports a timescale back to 128 thousand years, the oldest known so far from Tibet. The δ
                    18
                    O
                    ice
                    record shows orbital variations in phase with June insolation and polar ice core stable isotope records through the last glacial cycle, although the relationship is reversed since the deglaciation. Future investigation is required to resolve this observation. Radiocarbon-dated ice from the glacier margin supports the presence of glacial-stage ice in the GIC. The
                    36
                    Cl/
                    10
                    Be ratios in GP2015 confirm that GIC ice is older than 100 thousand years.",crossref
Toward transgenic multicellular parasites: CRISPR-Cas12a germline editing of Schistosoma mansoni eggs as key to success,https://www.science.org/doi/abs/10.1126/sciadv.aeh0455?af=R,,AAAS: Science Advances: Table of Contents,2026-09-30 07:00:00+00:00,10.1126/sciadv.aeh0455,Christoph G. Grevelding,,"Lack of transgenesis methods impedes functional studies in platyhelminths. We present a substantially improved ribonucleic protein complex (RNP)–based genome editing approach for
                    Schistosoma mansoni
                    comparing Cas9 and Cas12a, the latter attained more efficient homology-directed insertion of a 5′-C6-PEG10–modified double-stranded donor template bearing 50-nucleotide microhomology arms into a genome safe-harbor site (GSH1). Electroporation of eggs recovered from host livers resulted in enhanced green fluorescent protein (EGFP) reporter activity, driven by an
                    S. mansoni
                    ubiquitin promoter and terminator. Hamster infection with transgenic cercariae, the infectious stage of this parasitic platyhelminth, recovered from miracidial infection of snails, or from sporocysts generated in vitro from transgenic miracidia and implantation in snails, produced EGFP-positive adult worms. Sequencing of the edited GSH1 and analyses of filial generations demonstrated chromosomal integration and the stable transformation of
                    S. mansoni
                    . Together, this approach advances schistosome transgenesis and may be pioneering for other platyhelminths, which lack functional genomics and transformation methods.",crossref
CMOS multifunctional programmable metachip for terahertz-integrated sensing and communication,https://www.science.org/doi/abs/10.1126/sciadv.aeb5047?af=R,,AAAS: Science Advances: Table of Contents,2026-09-30 07:00:00+00:00,10.1126/sciadv.aeb5047,Dixian Zhao,,"Metachips are formed by incorporating periodically arranged meta-atoms with on-chip circuits, enabling electromagnetic wave manipulation at the single–chip-tile level and holding great promise for terahertz applications. In this work, we present a complementary metal-oxide semiconductor (CMOS)–based terahertz-programmable metachip and demonstrate its proof of concept for terahertz-integrated sensing and communication (T-ISAC) with array scalability. Fabricated using an industry-standard 55-nanometer CMOS process, the proposed metachip realizes terahertz wave modulation at dual frequencies near 410 and 520 gigahertz in both reflection and transmission (transflection) modes. The metachip array supports multichannel terahertz communication by addressing distinct modulation signals to each chip tile. By harnessing the array scalability, the metachip array facilitates motion tracking of metallic objects while enabling the detection of the terahertz fingerprint material α-lactose against glucose. The proposed CMOS metachip represents a viable pathway toward integrated system-on-chip terahertz hardware solutions for scalable T-ISAC applications.",crossref
NAT10 governs development through the Xrp1-mediated stress response rather than its RNA acetylation activity,https://www.science.org/doi/abs/10.1126/sciadv.aeg0399?af=R,,AAAS: Science Advances: Table of Contents,2026-09-30 07:00:00+00:00,10.1126/sciadv.aeg0399,Dong Yan,,"N
                    4
                    -acetylcytidine (ac
                    4
                    C) is installed by
                    N
                    -acetyltransferase 10 (NAT10) and represents the only known acetylation mark on messenger RNA. Since NAT10 also acetylates transfer RNA, ribosomal RNA (rRNA), and proteins, its in vivo molecular mechanisms remain elusive. Here, we demonstrate that knockdown of
                    Drosophila NAT10
                    induces an eye-to-antenna transformation, c-Jun amino-terminal kinase activation, and cell apoptosis. NAT10 facilitates ac
                    4
                    C modification in rRNA, and its loss impairs rRNA processing and ribosomal assembly. Depletion of NAT10 activates the integrated stress response, ultimately leading to reduced global protein synthesis. Crucially, Xrp1 plays a key role in the stress response and its ablation rescues most
                    NAT10
                    loss-of-function defects and transcriptomic alterations. We also performed acetylated RNA immunoprecipitation and sequencing (acRIP-seq) on control and
                    NAT10
                    knockdown flies. Furthermore, a catalytically deficient form of NAT10, which is unable to mediate ac
                    4
                    C acetylation, completely rescues the lethality of
                    NAT10
                    mutants. Collectively, these findings establish that NAT10’s primary developmental function stems from its roles in ribosome biogenesis and
                    Xrp1
                    activation, which are independent of its RNA acetylation activity.",crossref
GenAI-Net: A generative AI framework for automated biomolecular network design,https://www.science.org/doi/abs/10.1126/sciadv.aeh8819?af=R,,AAAS: Science Advances: Table of Contents,2026-09-30 07:00:00+00:00,10.1126/sciadv.aeh8819,Mustafa Khammash,,"Biomolecular networks underlie both natural biological processes and engineered cellular technologies, from intracellular regulation and ecological dynamics to biomanufacturing, smart therapeutics, and cell-based diagnostics. However, designing chemical reaction networks (CRNs) that implement a desired dynamical function remains a challenging task. Although candidate networks can be evaluated by simulation, the inverse problem of discovering networks from behavioral specifications remains difficult. It requires navigating vast spaces of topologies and kinetic parameters governed by nonlinear and potentially stochastic dynamics. Here, we introduce GenAI-Net, a generative artificial intelligence framework that automates CRN design by coupling reaction proposal to simulation-based evaluation defined by a user-specified objective. GenAI-Net efficiently produces topologically diverse solutions across design tasks, including dose-response shaping, complex logic gates, classifiers, oscillators, habituation, robust perfect adaptation, and noise reduction in stochastic settings. By turning specifications into families of circuit candidates, GenAI-Net provides a route to programmable biomolecular circuit design and accelerates translation from desired function to implementable mechanisms.",crossref
Systematic identification of p11 as a signaling modulator across the GPCRome,https://www.science.org/doi/abs/10.1126/sciadv.aeg6567?af=R,,AAAS: Science Advances: Table of Contents,2026-09-30 07:00:00+00:00,10.1126/sciadv.aeg6567,Per Svenningsson,,"The microprotein p11 (
                    S100A10
                    ) is a ubiquitously expressed molecular scaffold that is known to be required for behavioral responses to certain antidepressants, presumably through its effect on G protein–coupled receptor (GPCR)–mediated signaling. Here, we demonstrate that p11 recruitment to GPCRs is promoted by an active receptor conformation. Furthermore, by mapping the GPCR-p11 interactome using a multiplexed suspension bead array (SBA) of 211 receptors, we identified more than two dozen high-confidence physical interactors across diverse GPCR signaling families. We define the functional significance of these interactions by focusing on a novel SBA screening hit, the protease-activated receptor 2 (PAR2). Transcriptomic fingerprinting and signaling assays in p11-knockout cells reveal that p11 acts as an amplifier of endogenous PAR2 signaling. PAR2 and p11 are specifically coexpressed in vivo in a subset of sensory neurons, and p11-deficient mice exhibit a blunted PAR2-mediated inflammatory response. Our results establish p11 as a widespread, activity-dependent modulator of GPCR-mediated signaling outcomes across diverse physiological processes.",crossref
Deep learning–enhanced single-shot triorganelle STED-FLIM imaging of lipid dynamics in living cells,https://www.science.org/doi/abs/10.1126/sciadv.aeh3416?af=R,,AAAS: Science Advances: Table of Contents,2026-09-30 07:00:00+00:00,10.1126/sciadv.aeh3416,Fu Wang,,"Lipid homeostasis is orchestrated by rapid exchange and remodeling across the endoplasmic reticulum (ER), lipid droplets (LDs), and mitochondria. However, live-cell visualization of this triorganelle network remains limited by subdiffraction structures, multiplexed labeling burden, and the ambiguity of intensity-only readouts. Here, we introduce a single-shot stimulated emission depletion-fluorescence lifetime imaging (STED-FLIM) workflow that combines Nile Red analogs with deep learning–based demultiplexing to generate compartment-resolved maps of lipid-organelle organization and dynamics. By combining the STED-resolved nanoscale ultrastructure with lifetime-encoded microenvironmental contrast, our approach separates ER, LDs, and mitochondria from a single acquisition and enables automated tricompartment quantification using a lightweight VGG16-UNet segmentation model. This platform captures coordinated remodeling across the ER-LD-mitochondria axis during lipid stress, including ferroptosis- and apoptosis-associated transitions, while simultaneously reporting nanoscale organization and microenvironmental shifts. Together, this strategy provides a practical route to high-spatiotemporal-resolution, lifetime-encoded multiorganelle lipid imaging in living cells.",crossref
Multiport quantum interferometry with universal nonunitary transformations,https://www.science.org/doi/abs/10.1126/sciadv.aef4828?af=R,,AAAS: Science Advances: Table of Contents,2026-09-30 07:00:00+00:00,10.1126/sciadv.aef4828,Lixiang Chen,,"Quantum interferometry provides a pivotal method for investigating complex photon-photon interaction, enabling various quantum information technologies that beyond the possibilities of classical physics. While such an effective interaction is mostly studied in
                    N
                    ×
                    N
                    unitary transformation,
                    m
                    ×
                    n
                    nonunitary transformation that relates to lossy multiport quantum interferometry requires a different approach. Here, we experimentally demonstrate a concise yet powerful tool to unravel fundamental features of multiport quantum interferometry with universal nonunitary transformations. To confirm their intriguing unitary and nonunitary properties, Hong-Ou-Mandel (HOM) interference is observed to reveal its nontrivial particle exchange phase, wherein the conventional HOM interference based on unitary transformation and the anomalous HOM interference based on nonunitary transformation can be readily harnessed. These results provide an alternative approach to investigate the quantum light-matter interaction, facilitating the use of complex multiport quantum interference for large-scale quantum information processing tasks such as quantum simulation and quantum computation.",crossref
A computational super-resolution framework for multidimensional fluorescence imaging,https://www.science.org/doi/abs/10.1126/sciadv.aec7970?af=R,,AAAS: Science Advances: Table of Contents,2026-09-30 07:00:00+00:00,10.1126/sciadv.aec7970,Iván Coto Hernández,,"Fully capturing the heterogeneity of biological processes remains a central challenge, as conventional confocal microscopy typically surveys large ensembles of molecules within a small volume. The development of super-resolution imaging enables the capture of images with exceptional detail. When super-resolution is combined with functional imaging, such as fluorescence lifetime and spectral imaging, it provides better separation of image constituents and sensing of environmental properties at the nanoscale. These multidimensional imaging approaches often acquire functional and fluorescence images separately and then merge the resulting datasets, a post hoc approach that risks dynamic range mismatches and the loss of subtle molecular signals. Here, we introduce a computational super-resolution framework based on the deblurring by pixel reassignment (DPR) algorithm, which processes multidimensional data as high-dimensional tensors, integrating spatial axes with fluorescence lifetime or spectral information into a single dataset. Using DPR, high-resolution details can be extracted from conventional fluorescence microscopy images, even from a single capture. We show that this approach enhances the spatial resolution of multidimensional datasets without compromising quantitative fidelity. As a proof of concept, we demonstrate super-resolution multimodal imaging (intensity, lifetime, and spectra), revealing fine-scale details while preserving signals from rare or low-intensity molecular events. This accessible yet powerful method paves the way for quantitative, single-molecule–level insights into complex biological systems.",crossref
Positivity bias in scientific research: Solutions for change,https://www.science.org/doi/abs/10.1126/sciadv.aem1250?af=R,,AAAS: Science Advances: Table of Contents,2026-09-30 07:00:00+00:00,10.1126/sciadv.aem1250,Jay S. Skyler,,Procedural and cultural reforms can mitigate the effects of positivity bias and further strengthen research integrity and public trust.,crossref
In situ azetidine polymerization elevates the performance of commercial polymer resin sorbents in carbon dioxide capture,https://www.science.org/doi/abs/10.1126/sciadv.aeg5572?af=R,,AAAS: Science Advances: Table of Contents,2026-09-30 07:00:00+00:00,10.1126/sciadv.aeg5572,Christopher W. Jones,,"Commercial, amine-containing porous polymer resins are popular sorbents for CO
                    2
                    removal from air, otherwise known as direct air capture (DAC). However, their limited amine density and poor oxidative stability constrain performance. Herein, we introduce a simple one-step method to add additional amine groups onto a commercial resin, such as Lewatit VP OC 1065, by grafting branched poly(propyleneimine) oligomers via in situ acid-catalyzed ring-opening polymerization of azetidine. This “grafting-from” modification strategy enhances the CO
                    2
                    capacity by &gt;1.4-fold compared to pristine resin, reaching 1.54 and 3.34 mmol⋅g
                    −1
                    under dry DAC (400 ppm CO
                    2
                    , 30°C) and flue-gas (15% CO
                    2
                    , 40°C) conditions, respectively. Under humid DAC conditions, the capacity reaches ∼2.5 mmol⋅g
                    −1
                    at 25°C and further increases to ∼3.0 mmol⋅g
                    −1
                    at −5°C. The optimal sample shows enhanced oxidation resistance under air and maintains improved cycling stability over 150 adsorption-desorption cycles under simulated flue-gas conditions. Overall, this work demonstrates a scalable, versatile strategy to upgrade commercial materials into more efficient and durable sorbents for carbon capture.",crossref
"Speech clocks decode dementia phenotypes, social exposome, and biological aging",https://www.science.org/doi/abs/10.1126/sciadv.aef9864?af=R,,AAAS: Science Advances: Table of Contents,2026-09-30 07:00:00+00:00,10.1126/sciadv.aef9864,Agustin Ibanez,,"Biological aging clocks offer estimations of aging and dementia, yet scalability is limited. We introduce a large-scale, cross-national speech clock derived from 2928 individuals across five Latin American countries, spanning healthy controls (HCs), mild cognitive impairment (MCI), Alzheimer’s disease (AD), and non-language/language-dominant frontotemporal dementia (nldFTD/ldFTD). Multimodal acoustic and linguistic features were trained with supervised models to estimate chronological age, generating speech age gaps (SAGs) as cross-sectional markers of deviations from chronological age, with positive values interpreted as relatively older-appearing speech profiles. SAGs differentiated diagnostic groups (HCs &lt; patient groups, with AD &lt; nldFTD &lt; ldFTD). This pattern was associated with clinical/cognitive domains. SAGs correlated with phosphorylated tau (p-Tau217) in AD and social exposome in HCs and AD. Brain clocks (structural/functional/combined) were associated with SAG in AD, nldFTD, and ldFTD. Epigenetic age correlated with SAGs in HCs and AD across Hannum, Retroclock, and OMICmAge, whereas ldFTD associations were limited to Retroclock and OMICmAge. These results indicate that SAGs capture cross-sectional multilevel aging-related variation and may offer a scalable, culturally adaptable, low-cost biomarker candidate for research in underrepresented global settings.",crossref
Programmable robotic textile with closed-loop self-sensing and active actuation,https://www.science.org/doi/abs/10.1126/sciadv.aeg2745?af=R,,AAAS: Science Advances: Table of Contents,2026-09-30 07:00:00+00:00,10.1126/sciadv.aeg2745,Qiguang He,,"Robotic textiles that autonomously sense biological and environmental signals and perform closed-loop adaptive actuation represent a new paradigm for intelligent human–machine interfaces in precision medicine and human augmentation. However, mechanical incompatibility of their constituent materials and architectures, unstable sensing during dynamic human–machine interaction, and high-voltage safety concerns significantly restrict their reliable applications. Herein, a low-voltage-driven untethered robotic textile interlacing all-in-one core–sheath liquid metal (LM)–liquid crystal elastomer (LCE) fibers with passive yarns is proposed, enabling stable closed-loop sensing-control-actuation within a unified programmable architecture by sensing preload, strain and temperature variations. Thereinto, the hollow LCE fiber acts as an efficient actuating element and compliant protective sheath, and the LM core simultaneously provides robust strain sensing and electrothermal stimulation. These untethered closed-loop robotic textiles feature high-force and voltage-tunable actuation and programmable morphing with adjustable porosity, offering significant potential for locomotion support and training, posture correction, compression therapy, thermal management, and electromagnetic-interference attenuation.",crossref
Correcting for spatial and temporal dependence in estimating the economic effect of extreme heat,https://www.science.org/doi/abs/10.1126/sciadv.aeg1967?af=R,,AAAS: Science Advances: Table of Contents,2026-09-30 07:00:00+00:00,10.1126/sciadv.aeg1967,Ryan S. Brill,,"Callahan and Mankin argue that extreme heat, measured by maximum 5-day average temperature, has a precise and economically meaningful effect on subnational gross domestic product per-capita growth. We reexamine this claim and find that the reported precision does not survive methods that respect the data’s spatial and temporal dependence. Country-preserving permutations and postselection correction substantially widen marginal-effect intervals. The estimates are also highly sensitive to influential countries and years, with exclusions sometimes collapsing the effect or reversing its sign. A hierarchical Bayesian model with region-within-country structure and AR(1) year effects yields much larger uncertainty, shrinks the estimated effect by 67 to 90%, and produces credible intervals spanning zero. Last, rolling out-of-sample tests show that adding extreme-climate variables does not improve prediction over models without them. We conclude that the claimed precision is not sustained once dependence, model selection, and influential observations are handled appropriately.",crossref
Restoring brain functions in the Mo-blo mouse model of Menkes disease with copper nanoclusters,https://www.science.org/doi/abs/10.1126/sciadv.aeg6972?af=R,,AAAS: Science Advances: Table of Contents,2026-09-30 07:00:00+00:00,10.1126/sciadv.aeg6972,Ariane Boudier,,"Menkes disease, caused by
                    ATP7A
                    mutations, leads to severe copper deficiency and fatal neurodegeneration. Current copper-histidine therapy fails to restore brain function. Copper nanoclusters (CuNCs) were designed for their ultrasmall size to cross physiological barriers and deliver copper directly to the whole organism, including the brain. In
                    Mo-blo
                    mice (ATP7A deficient), daily subcutaneous CuNCs markedly improved survival, normalized cuproprotein activities, and restored cognitive and motor functions. Unlike other treatments, CuNCs effectively penetrate the blood-brain barrier, deliver copper to cuproproteins, offering unprecedented neurological rescue. This breakthrough could transform Menkes disease treatment, providing a first-ever therapy for brain copper deficiency. Further clinical development may unlock lifesaving solutions for this rare, fatal disorder.",crossref
"Two protons, two positrons, and four electrons: Covalent bond with van der Waals characteristics",https://www.science.org/doi/abs/10.1126/sciadv.aej0387?af=R,,AAAS: Science Advances: Table of Contents,2026-09-30 07:00:00+00:00,10.1126/sciadv.aej0387,Alexandre Tkatchenko,,"Classifying interactions is key in the physical sciences, and bonding mechanisms in matter-antimatter systems remain particularly enigmatic. Here, we focus on a paradigmatic example of positronium hydride (PsH) dimer composed of two protons, two positrons, and four electrons, whose bonding nature has been previously described as either ionic, covalent, or van der Waals like. Accurate quantum Monte Carlo calculations show that the two positrons occupy a delocalized molecular orbital that envelopes the two hydrogen anions and responds as a collective dipole to an applied electric field. This positronic bonding stems from quantum correlations that resemble a single covalent bond formed between negatively charged pseudonuclei, but with a bond strength commensurate with the traditional van der Waals interaction. Our findings suggest that the ability to form delocalized proto-bonds is a more general property of quantum systems and could be present in a broader class of particles, antiparticles, and quasiparticles interacting with matter.",crossref
Instantaneous heating rate forcing differentiates tropical high-cloud adjustments across greenhouse gases,https://www.science.org/doi/abs/10.1126/sciadv.aef7462?af=R,,AAAS: Science Advances: Table of Contents,2026-09-30 07:00:00+00:00,10.1126/sciadv.aef7462,Yi Huang,,"Tropical high clouds are central to large-scale circulation and the hydrological cycle. The consensus expectation is that they rise and contract under surface warming, but their fast adjustment to greenhouse gas (GHG) concentrations is diverse. All GHGs reduce atmospheric longwave cooling, yet tropical high clouds can increase or decrease depending on the gas. Using a model hierarchy with unchanged sea surface temperature, we find increased tropical high cloud for CO
                    2
                    and decreased tropical high cloud for CH
                    4
                    and N
                    2
                    O. These diverging responses are primarily driven by changes in the vertical structure of upper-tropospheric radiative heating, with stratification changes playing a secondary role. This study reveals that instantaneous radiative forcing dominates upper tropospheric heating change, establishing a mechanistic link between the spectroscopy of specific GHGs and their cloud adjustments. These results highlight the importance of the vertical structure of radiative forcing beyond the conventional top-of-atmosphere metrics.",crossref
Silver(I)-mediated amide-to-ester transformation on unprotected peptides for protein chemical synthesis and engineering,https://www.science.org/doi/abs/10.1126/sciadv.aej5227?af=R,,AAAS: Science Advances: Table of Contents,2026-09-30 07:00:00+00:00,10.1126/sciadv.aej5227,Xuechen Li,,"Chemical protein synthesis has transformed the preparation of homogeneous peptides and proteins with site-specific modifications. Serine/threonine ligation offers a practical route to access difficult peptides and proteins via its aggregation-breaking intermediate, yet the preparation and regeneration of the prerequisite peptidyl salicylaldehyde ester still require the development of more efficient chemistry. Here, we report a silver(I)-mediated amide-to-ester transformation on unprotected peptides, enabled by an easily introduced
                    N
                    ,
                    S
                    -benzylidene thioacetal scaffold. This method can chemoselectively convert backbone amides into salicylaldehyde esters in aqueous acetic acid without detectable epimerization, which is demonstrated by comprehensive syntheses of various peptide examples, the efficient total synthesis of mirror-image histones histone 2A (H2A), H2B, H3, and H4, and detailed mechanistic studies. This strategy establishes a general organic platform for programmable amide activation at the peptide or protein level.",crossref
A noncanonical function of the tyrosine degradation enzyme FAH drives CDK4/6 inhibitor resistance in breast cancer,https://www.science.org/doi/abs/10.1126/sciadv.aef1145?af=R,,AAAS: Science Advances: Table of Contents,2026-09-30 07:00:00+00:00,10.1126/sciadv.aef1145,Taru Muranen,,"Resistance to standard-of-care therapies remains a major clinical challenge in the treatment of the most common breast cancer, the hormone receptor–positive (HR+) subtype. Cyclin-dependent kinase 4/6 (CDK4/6) inhibitors improve outcomes in early-stage HR+ disease, yet many patients relapse. Resistance mechanisms of relapsed tumors include genetic alterations, but in many cases, no genetic drivers are identified. Here, we investigated mechanisms underlying resistance to CDK4/6 inhibitors using breast cancer patient–derived models and tumors. We identified an unexpected, noncanonical nuclear function of fumarylacetoacetate hydrolase (FAH), an enzyme in the tyrosine catabolism pathway, as a driver of resistance. FAH translocated to the nucleus upon CDK4/6 inhibition, where it interacted with cyclin-dependent kinase 9 (CDK9), and promoted resistance. Nuclear FAH was enriched in tumors from relapsed patients, and inhibition of CDK9 reversed FAH-mediated resistance. These findings establish nuclear FAH as a biomarker of resistance and revealed CDK9 as a therapeutic vulnerability in CDK4/6 inhibitor–resistant HR+ breast cancer.",crossref
"PI(3,5)P2 controls the signaling activity of class I PI3K",https://www.science.org/doi/abs/10.1126/sciadv.aeh8582?af=R,,AAAS: Science Advances: Table of Contents,2026-09-30 07:00:00+00:00,10.1126/sciadv.aeh8582,Wonhwa Cho,,"3-Phosphoinositides are essential cellular lipids regulating health and disease. Among them, phosphatidylinositol-3,5-bisphosphate [PI(3,5)P
                    2
                    ] remains the least understood. Using a newly developed ratiometric PI(3,5)P
                    2
                    sensor that enables spatiotemporally resolved PI(3,5)P
                    2
                    quantification, we demonstrate that growth factor stimulation generates a distinct PI(3,5)P
                    2
                    pool on lysosomes and late endosomes. Formed sequentially by class II PI3KC2β and PIKfyve, this PI(3,5)P
                    2
                    pool terminates growth factor–stimulated class I phosphatidylinositol 3-kinase (PI3K) activity through a specific interaction with its regulatory p85 subunit. Disrupting this p85-PI(3,5)P
                    2
                    interaction via a small-molecule inhibitor or cancer-causing mutations blocks feedback inhibition, driving sustained class I PI3K activation and promoting neurite growth. Our findings uncover a spatiotemporally specific regulatory function of PI(3,5)P
                    2
                    that links class I and II PI3Ks to tune growth factor signaling. This mechanism offers therapeutic strategies for treating p85-mutant cancers and advancing tissue regeneration.",crossref
Heterogeneous hydroformylation of propene over surface rhodium coordinated by immobilized multi-N ligands,https://www.science.org/doi/abs/10.1126/sciadv.aej1532?af=R,,AAAS: Science Advances: Table of Contents,2026-09-30 07:00:00+00:00,10.1126/sciadv.aej1532,Weiping Ding,,"Olefin hydroformylation is an extremely important reaction for producing bulk oxygen-containing organic functional molecules and homogeneous rhodium catalysts with organic phosphorous ligands are most commonly used. We report here a highly active heterogeneous catalyst for propene hydroformylation with Rh immobilized by alumina bonded 3-trimethoxysilylpropyl-diethyle-netriamine, of which ligand is more readily available, inexpensive, low toxic and no loss in reaction. The catalyst Rh-NQ62/Al
                    2
                    O
                    3
                    shows a TOF value as high as 710 h
                    −1
                    for propene conversion to C
                    4
                    oxygenates in selectivity higher than 99% in a fixed-bed reactor and sustains stable for at least 1000 h without any deactivation. Characterization and theoretical calculation reveal that the atomically dispersed Rh species in surface-bound configurations by the multi-N ligand effectively promotes the heterolytic cleavage of H
                    2
                    at the Rh-N site and enhances the overall propene hydroformylation. We envisage the work establishes a blueprint for development of better catalysts using multi-N ligands for heterogeneous hydroformylations.",crossref
Stability in flexibility: Shifting alliances stabilize the symbioses of marine animals over 150 million years,https://www.science.org/doi/abs/10.1126/sciadv.aed1476?af=R,,AAAS: Science Advances: Table of Contents,2026-09-30 07:00:00+00:00,10.1126/sciadv.aed1476,Harald R. Gruber-Vodicka,,"Many animals benefit from microbial symbionts that aid digestion, supply essential nutrients, or provide defense. When this dependence becomes obligate, as in gutless marine oligochaetes that have lost both digestive and excretory systems and rely entirely on their bacterial partners for nutrition and recycling of waste compounds, it would seem to constrain ecological and evolutionary flexibility. Yet, these worms are globally distributed and thrive across diverse environments. To investigate how stability and adaptability coexist in such obligate symbioses, we combined global sampling with high-resolution phylogenomic analyses of 246 individuals from 63 species across 17 marine sites. Ancestral reconstructions revealed that the chemoautotrophic primary symbiont “
                    Candidatus
                    Thiosymbion” was acquired early and persistently maintained, whereas additional partners were repeatedly gained through convergent evolution, expanding metabolic potential. Symbiont communities were highly consistent within host species, but this stability dissolved rapidly as hosts diverged, with communities reshaping rapidly across short macroevolutionary timescales. Even the primary symbiont “
                    Ca
                    . Thiosymbion” showed low fidelity and occasional displacement, a sharp contrast to other multipartite symbioses, where core partners persist unchanged for hundreds of millions of years. Thus, gutless oligochaetes illustrate how long-term stability at microevolutionary scales can coexist with rapid reshaping at macroevolutionary scales in multipartite symbioses. More broadly, this pattern demonstrates how the paradox of stability through flexibility may underpin the persistence and diversification of complex symbioses across deep time.",crossref
Predicting and finding geroprotective compounds through modulating conserved longevity–associated aging modules,https://www.science.org/doi/abs/10.1126/sciadv.aee3657?af=R,,AAAS: Science Advances: Table of Contents,2026-09-30 07:00:00+00:00,10.1126/sciadv.aee3657,Jan Gruber,,"Currently, no generalizable tools exist for predicting the impact of interventions on aging using gene expression changes. Here, we build a model for predicting potential geroprotectors by deconstructing the aging transcriptome into coexpression modules and identifying those modulated by life span–extending interventions in
                    Caenorhabditis elegans
                    (
                    C. elegans
                    ). Many of these modules exhibited adaptive changes during aging that are linked to longevity. Using these longevity-associated modules, we predicted and validated 10 compounds (7 previously unreported) that significantly extended life span in
                    C. elegans
                    . RNA sequencing analysis of two top candidates also showed targeted modulation of our longevity-associated modules. We identified conservation of several modules in mice that were also correlated with frailty. Together, our findings demonstrate that beneficial transcriptomic adaptations occur during aging and that targeting longevity-associated modules offers a framework for geroprotector discovery.",crossref
Deciphering pervasive domestication and active “dark matter” of proviruses in prokaryotes via precision border mapping,https://www.science.org/doi/abs/10.1126/sciadv.aec5299?af=R,,AAAS: Science Advances: Table of Contents,2026-09-30 07:00:00+00:00,10.1126/sciadv.aec5299,Huahua Jian,,"Proviruses are widespread components of prokaryotic genomes, yet their characterization is impeded by border identification errors. We developed ProBord (Provirus Border Delimiter), a tool achieving single-base-precision border mapping via cross-genome
                    attB
                    site alignment. Using ProBord, we built a database of 430,134 border-delimited proviruses (BDPs). Our analysis revealed that BDPs carry diverse functional genes, including virulence and antibiotic resistance determinants, as well as defense and antidefense systems, with position-specific distributions. Furthermore, comparing BDPs with border-undelimited proviruses (BUPs), whose boundaries could not be precisely delimited by ProBord, revealed a universal pattern of proviral domestication: BUPs selectively lose viral core genes but retain host-beneficial functions through rapid deletion or progressive mutation. Critically, integrating the tool ProAct (Provirus Activity Detector) with ProBord enabled reverse mining of 101 “dark” proviruses (DPs), which are overlooked by mainstream prediction tools. Most of these DPs were associated with pathogenic bacterial hosts. This integrated framework combines tools, theory, and resources—including more than 430,000 BDPs, 4910 active proviruses, and 101 DPs—to decipher the composition, function, and evolution of proviruses in prokaryotes.",crossref
Intratumoral therapeutic dust for chemo-photodynamic combination treatment,https://www.science.org/doi/abs/10.1126/sciadv.aeh5237?af=R,,AAAS: Science Advances: Table of Contents,2026-09-30 07:00:00+00:00,10.1126/sciadv.aeh5237,Xinyu Xue,,"Implantable wireless ultrasound microdevices for intratumoral therapy are hindered by inadequate miniaturization for deep-seated sites and toxic lead-based piezoelectrics. Here, we report an injectable, lead-free, submillimeter therapeutic dust (TheraDust; 1.0 millimeters by 1.0 millimeters by 0.9 millimeters) for ultrasound-driven wireless chemo-photodynamic combined therapy. The core of the device is a lead-free tin-doped barium titanate piezoelectric ceramic that features a multiphase coexistence at physiological temperature and exhibits a high piezoelectric coefficient (
                    d
                    33
                     = 460 picocoulombs per newton). The TheraDust integrates with an ultrasound-responsive drug-loaded hydrogel for precise intratumoral injection. Under programmable ultrasound, it generates light for photodynamic therapy and triggers on-demand chemotherapeutic release for enhanced treatment. In animal models of breast cancer, the device achieved potent tumor suppression, reducing the final tumor volume to less than 3% after five treatment sessions (5 minutes each) and could be retrieved minimally invasively posttreatment. This platform can be adapted to deliver a range of therapeutic stimuli wirelessly, offering a versatile strategy for treating deep-seated pathologies.",crossref
Tumor gasdermin E acts as a rheostat to limit apoptotic cell survival and mutagenesis in anticancer immune environments,https://www.science.org/doi/abs/10.1126/sciadv.aeb1137?af=R,,AAAS: Science Advances: Table of Contents,2026-09-30 07:00:00+00:00,10.1126/sciadv.aeb1137,Douglas R. Green,,"Recent studies have described an ability of cancer cells to survive engagement of apoptotic pathways following chemical and therapeutic insults, challenging the prevailing model that caspase activation inevitably leads to cellular demise. Gasdermin E (GSDME), whose expression is frequently down-regulated or silenced in many tumors and tumor-derived cell lines, is a putative tumor suppressor capable of facilitating the induction of antitumor immunity. We found that GSDME expression precluded high caspase activity before cellular membrane rupture downstream of chemical and immune-mediated insults, and its absence allowed for enhanced activities downstream of caspase activation, including the DNA-damaging effects of caspase-activated deoxyribonuclease. Loss of GSDME allowed cells that had sustained DNA damage to survive, resulting in development and propagation of mutated clones. We conclude that GSDME functions as a key rheostat for determining cell death outcomes by tuning the tolerance to the activities of caspases and their substrates during apoptosis. In analyzing solid tumors in The Cancer Genome Atlas, we found that tumor mutational burden was higher in tumors with low GSDME expression and high immune signatures, supporting the possibility that the effects we describe affect tumor mutation in response to immune assault.",crossref
Electronic profiling of neuronal extracellular vesicles enables early prediction of Parkinson’s disease,https://www.science.org/doi/abs/10.1126/sciadv.aee4525?af=R,,AAAS: Science Advances: Table of Contents,2026-09-30 07:00:00+00:00,10.1126/sciadv.aee4525,Sahika Inal,,"Misfolded alpha-Synuclein (α-Syn) accumulation is the defining molecular pathology of Parkinson’s disease (PD), yet blood-based assays remain challenged by the high background of peripheral α-Syn originating mainly from red blood cells. Neuronal extracellular vesicles (EVs) circulating in blood offer a biologically enriched source of brain-derived α-Syn proteoforms, but their ultralow abundance has hindered reliable detection. Here, we introduce an organic electrochemical transistor–based multiparametric diagnostic assay that simultaneously detects total, aggregated, and serine-129–phosphorylated α-Syn proteoforms in serum L1CAM
                    +
                    EVs. The platform achieves low femtomolar sensitivity in buffer and robust analytical performance in clinical specimens. In a cohort of 66 individuals, including prodromal and clinically diagnosed patients with PD, combining the three proteoform readouts distinguished PD from controls with 90.9% accuracy (88.6% sensitivity and 90.9% specificity). By electronically amplifying and resolving multiple neuronal α-Syn signatures in blood, this assay enables a minimally invasive diagnostic tool for early-stage PD and provides a path toward therapeutic intervention during the window when disease-modifying treatments are likely to be most effective.",crossref
Self-organized hummock-hollow patterns redistribute salinity stress in coastal meadows,https://www.science.org/doi/abs/10.1126/sciadv.aec0903?af=R,,AAAS: Science Advances: Table of Contents,2026-09-30 07:00:00+00:00,10.1126/sciadv.aec0903,Johan van de Koppel,,"Self-organization theory predicts that ecosystem functioning and resilience can emerge from feedbacks that generate spatial patterns. These emergent properties have commonly been explained by local positive feedbacks that concentrate limiting resources within productive patches. Here, we identify a stress-redistribution feedback underlying self-organized hummock-hollow patterning. Through this feedback, salinity stress is partitioned across the patterned landscape, maintaining vegetated hummocks as low-salinity refugia alongside salt-rich hollows and thereby sustaining ecosystem functioning under climate-related salinization. A spatially explicit model predicts that rain-driven salt redistribution lowers hummocks salinity, increases productivity, and enhances resilience to a salt pulse. Field and remote-sensing data support these predictions: Patterned hummocks have lower soil salinity, higher biomass, greater reproductive output, and prolonged phenological activity compared with adjacent homogeneous vegetation. Together, these results reveal that spatial self-organization can support ecosystem functioning and resilience under climate stress through an underappreciated mechanism: the spatial redistribution of environmental stress. Restoring such self-organized patterning may offer a promising strategy for sustaining ecosystems in a changing climate.",crossref
Chemo-metallo nanodrivers for spatiotemporally controlled in situ vaccination,https://www.science.org/doi/abs/10.1126/sciadv.aee4577?af=R,,AAAS: Science Advances: Table of Contents,2026-09-30 07:00:00+00:00,10.1126/sciadv.aee4577,Liang Cheng,,"In situ cancer vaccines exhibit promising therapeutic potential; however, their efficacy is constrained by limited antigen release, suboptimal spatiotemporal immune coordination, and adaptive immune resistance. In this study, we identify zinc ions (Zn
                    2+
                    ) as synergistic agents with chemotherapeutics in modulating PANoptosis and immune signaling pathways. Capitalizing on this concept, a chemo-metallic nanodriver was developed for effective in situ cancer vaccination. This system used zinc-aluminum layered double hydroxides as the structural base and efficiently loaded cisplatin (DDP) and indocyanine green via coordination-driven polymerization, forming a spatiotemporally controllable nanodriver, which facilitated the simultaneous release of drug and metal ions upon photoactivation. The released Zn
                    2+
                    specifically disrupted zinc homeostasis in tumor cells, inducing mitochondrial dysfunction. This effect acted in concert with DDP-mediated DNA damage, not only effectively activating the cGAS-STING (cyclic GMP-AMP synthase–stimulator of interferon genes) pathway but also promoting the assembly and activation of AIM2-PANoptosome complex to execute PANoptosis. This STING-PANoptosis cascade led to a burst release of damage-associated molecular patterns, markedly enhanced dendritic cell maturation, and stimulated the secretion of pro-inflammatory cytokines. Furthermore, the nanodriver elicited a robust antitumor immune response and established durable immune memory in mouse models. These findings not only provide an optimized strategy for precise immunotherapy of gastric cancer but also increase the understanding of the applications of metal ion immunology and PANoptosis in disease intervention.",crossref
A NIR-II AIEgen with superior fluorescence and photothermal performance for precision theranostics,https://www.science.org/doi/abs/10.1126/sciadv.aeh5939?af=R,,AAAS: Science Advances: Table of Contents,2026-09-30 07:00:00+00:00,10.1126/sciadv.aeh5939,Ben Zhong Tang,,"Second near-infrared (NIR-II; 1000 to 1700 nanometers) aggregation-induced emission luminogens (AIEgens) hold great promise for imaging-guided precision tumor phototherapy yet are limited by the intrinsic trade-off between fluorescence brightness and photothermal performance. Existing design strategies often yield complex molecular structures while inadequately addressing this trade-off. Herein, we propose a “Minor Tweaks, Major Leaps” concept: Simple modification of the star NIR-II AIEgen
                    
                      2TT-
                      o
                      C6B
                    
                    (less than 5% change in molecular weight) markedly improves both NIR-II fluorescence brightness and photothermal performance. The thus-obtained new NIR-II AIEgen,
                    ST-CZ
                    , ranks among leading phototheranostic agents, exhibiting a long emission maximum at 1082 nanometers, a high fluorescence quantum yield of 4.3%, and a great photothermal conversion efficiency of 69% in nanoparticles. Leveraging these superior properties,
                    ST-CZ
                    enables cerebrovascular imaging with an advanced resolution of 19.0 micrometers, and the derived multifunctional platform achieves tumor progression–associated vascular remodeling visualization and efficient metastatic tumor ablation via synergistic photothermal immunotherapy. This work provides a robust strategy for developing high-performance NIR-II AIEgens for advanced biomedical applications.",crossref
Background trade winds and climate sensitivity control the eastern equatorial Pacific warming pattern,https://www.science.org/doi/abs/10.1126/sciadv.aec5746?af=R,,AAAS: Science Advances: Table of Contents,2026-09-30 07:00:00+00:00,10.1126/sciadv.aec5746,Alexey V. Fedorov,,"Climate models robustly project enhanced warming in the eastern equatorial Pacific (EEP) by the late 21st century, producing a mean El Niño–like pattern that strongly influences atmospheric circulation and El Niño–Southern Oscillation dynamics. Here, we show that the magnitude of this pattern depends primarily on the model’s strength of background Pacific trade winds and the effective climate sensitivity (EffCS), which together explain ∼74% of the intermodel variance in future EEP warming. Perturbation experiments reveal the underlying mechanism: Stronger trade winds produce larger east-west contrasts in sea surface temperature (SST) and low-cloud cover. Under radiative forcing, this amplifies positive low-cloud and Bjerknes feedbacks, leading to a greater reduction in the east-west SST gradient. These results provide an emergent constraint on future changes in the zonal SST gradient. Specifically, an observation-based easterly wind stress of 0.043 newtons per square meter and an EffCS of 3.0°C yields an estimated reduction in the zonal SST gradient of 0.73 under SSP5-8.5.",crossref
Stochastic cloud fluctuations drive Arctic winter radiative bistability,https://www.science.org/doi/abs/10.1126/sciadv.aeh3823?af=R,,AAAS: Science Advances: Table of Contents,2026-09-30 07:00:00+00:00,10.1126/sciadv.aeh3823,Graham Feingold,,"In Arctic winter, the boundary layer occupies two preferred radiative states, a cold, clear state and a heat-trapping, cloudy state, that strongly regulate surface energy loss over sea ice. Yet, reanalyses and climate models are often biased toward a single intermediate state. Using a stochastic differential equation framework applied to 27 years of high-resolution observations, we show that the observed bistability is not sustained by multiple deterministic equilibria: The mean restoring tendency is effectively single-well, while background meteorology alone cannot explain rapid transitions. Instead, the two regimes are sustained by sharply localized, state-dependent noise in the transition range. This noise structure emerges when subhourly fluctuations in liquid water path are radiatively amplified by the nonlinear saturation of longwave emissivity. Our results provide a dynamical explanation for this model bias and identify unresolved fast cloud variability as a key source of uncertainty in Arctic winter climate projections.",crossref
Macroevolutionary dynamics and predictors of tropical rain forest plant diversity,https://www.science.org/doi/abs/10.1126/sciadv.aee4197?af=R,,AAAS: Science Advances: Table of Contents,2026-09-30 07:00:00+00:00,10.1126/sciadv.aee4197,Thomas L. P. Couvreur,,"Tropical rain forest is the most diverse terrestrial biome, yet the drivers of its diversification across space and time remain poorly understood. Although heterogeneous diversification rates, including both ancient and recent radiations, have been reported, these dynamics have rarely been examined within a single lineage across deep evolutionary timescales. Here, we reconstruct a dated phylogenomic tree of the pantropical plant family Annonaceae, sampling 2045 species (∼82% of its diversity) and spanning ∼100 million years of evolutionary history. Diversification dynamics vary markedly across tropical regions, correlated with distinct environmental factors rather than uniform processes. Sea level fluctuations dominate in the Asia-Pacific, whereas paleotemperature shapes diversification in the Afrotropics and Neotropics. We also detect a Late Cretaceous increase in diversification, indicating that a substantial portion of Annonaceae diversity originated before the Cretaceous-Paleogene boundary. Together, these results highlight how regional environmental trajectories have shaped the assembly of a diverse tropical plant family over deep evolutionary time.",crossref
Nonmonotonic scaling of the anomalous Hall effect in a bicollinear antiferromagnet,https://www.science.org/doi/abs/10.1126/sciadv.aef9859?af=R,,AAAS: Science Advances: Table of Contents,2026-09-30 07:00:00+00:00,10.1126/sciadv.aef9859,Stuart S. P. Parkin,,"An anomalous Hall effect (AHE) in antiferromagnetic (AF) systems without net magnetization is of considerable interest for fundamental physics and spintronic applications. Of particular interest is the two-dimensional van der Waals antiferromagnet iron telluride (FeTe), which has an unusual magnetically compensated bicollinear AF structure and claimed Kondo interactions that cause strong band renormalization. Here, we investigate the AHE in epitaxial FeTe thin films grown by molecular beam epitaxy. A large anomalous Hall conductivity is exhibited below the Néel temperature (
                    T
                    N
                     ∼ 60 kelvins) and, notably, becomes nonlinear at high magnetic fields within a narrow temperature window around 49 kelvins, deviating from conventional AHE scaling behavior versus the longitudinal conductivity. The accompanying field-induced canted magnetic moment activates these AHE responses by tuning the Berry curvature derived from FeTe’s topological band structure once the zero-field symmetry constraint is lifted. The unconventional scaling of AHE highlights the intricate interplay between antiferromagnetism, topology, and electronic transport in FeTe.",crossref
102No2+ as a soft metal ion: Extraction of 255No using crown ethers,https://www.science.org/doi/abs/10.1126/sciadv.aeh4903?af=R,,AAAS: Science Advances: Table of Contents,2026-09-30 07:00:00+00:00,10.1126/sciadv.aeh4903,Yoshitaka Kasamatsu,,"The chemical properties of transfermium elements with atomic numbers &gt;100 are largely unknown. Element 102, nobelium, is an actinide and forms stable +2 valent cations in aqueous solutions, unlike other heavy actinide. In previous experiments, No
                    2+
                    exhibits similar behavior to alkaline earth metal ions, particularly Ca
                    2+
                    and Sr
                    2+
                    , suggesting hard-acid character. In this study, the soft metal ion behavior of No
                    2+
                    was demonstrated through complex with crown ethers. In the solid–liquid extraction of
                    255
                    No using di-
                    t
                    Bu-dicyclohexano-18-crown-6 in HNO
                    3
                    , No
                    2+
                    was extracted as much as Sr
                    2+
                    . Density functional theory calculations confirmed higher stability of the No
                    2+
                    –DtBuCH18C6 complex, with covalent bonding involving the 6
                    d
                    orbitals. Theoretical studies also revealed strong relativistic effects on the atomic orbitals of No
                    2+
                    , rendering No
                    2+
                    a soft ion similar to Pb
                    2+
                    .",crossref
Remodeling of mitochondrial dynamics by metabolic pathways couples to oncogenic growth in GNAS (Gαs) mutant pancreas cancer,https://www.science.org/doi/abs/10.1126/sciadv.aeh7186?af=R,,AAAS: Science Advances: Table of Contents,2026-09-30 07:00:00+00:00,10.1126/sciadv.aeh7186,Krushna C. Patra,,"Maintenance of fissed mitochondria is viewed as a defining feature of Kirsten rat sarcoma viral oncogene homolog (KRAS)-mutant cancers. However, regulation of this process by accompanying comutations or environmental factors is not clearly defined. Here, by analyzing a subset of pancreatic cancer lesions driven by concurrent Kras
                    G12D
                    and
                    GNAS
                    complex locus gene (GNAS
                    R201C/H
                    ) mutations, we found that despite the presence of mutant Kras, hyperactive Gnas
                    R201C
                    maintains mitochondria predominantly in a fused state, which is necessary for tumor growth. Multiplex proteomics, super-resolution microscopy, loss- and gain-of-function studies, coupled with metabolite rescue experiments, revealed that Gnas
                    R201C
                    -regulated branched-chain amino acid (BCAA) pathway is a previously unidentified regulator of mitochondrial morphology. Mechanistically, the BCAA pathway, the associated tricarboxylic acid cycle, and aspartate metabolism converge on nicotinamide adenine dinucleotide (NADH-NAD
                    +
                    ) metabolites to promote mitochondrial elongation. NAD
                    +
                    availability is crucial for mitochondrial fusion, as facilitating NAD
                    +
                    generation through alternative means promotes fusion. Collectively, we unraveled a new mechanism that drives mitochondrial fusion and showed that the combination of oncogenic signaling and metabolism can maintain distinct mitochondrial morphology within genetic subsets of KRAS-mutant pancreatic cancer.",crossref
Functional diversification of CsCAD14 orchestrates synergistic phenylpropanoid biosynthesis to defend gray blight disease in tea plants,https://www.science.org/doi/abs/10.1126/sciadv.aei1647?af=R,,AAAS: Science Advances: Table of Contents,2026-09-30 07:00:00+00:00,10.1126/sciadv.aei1647,Junyan Zhu,,"Phenylpropanoid metabolism is a crucial secondary metabolic pathway in plants. Numerous neofunctionalized and specialized enzymes emerged during plant terrestrialization, yielding metabolites contributing to environmental adaptation. Here, a cinnamyl alcohol dehydrogenase from tea plant (
                    Camellia sinensis
                    ), CsCAD14, exhibited dual activity catalyzing monolignol and hydroxycinnamic acid biosynthesis. Antifungal assays showed that monolignols and hydroxycinnamic acids synergistically inhibited
                    Pestalotiopsis
                    growth. Integrated functional characterizations revealed that
                    CsCAD14
                    enhanced gray blight disease resistance by increasing monolignol and hydroxycinnamic acid levels compared to
                    CsCAD11
                    featured with single-enzymatic activity. Notably, genetic analysis of F
                    1
                    progeny from crossing susceptible and resistant tea cultivars identified a nonsynonymous mutation in the
                    CsCAD14
                    coding region, which abolished dual-enzymatic activity and was associated with pathogen susceptibility. Furthermore, evolutionary analysis revealed a positively selected amino acid substitution (L192V) driving CAD functional diversification from single-enzymatic activity in algae to dual-enzymatic activity in land plants. These findings uncover neofunctionalization of dual-activity CADs evolved for phenylpropanoid defense to enhance fungal disease resistance during plant adaptation to terrestrial environments.",crossref
A forward genetics platform for papillomavirus research,https://www.science.org/doi/abs/10.1126/sciadv.aei3417?af=R,,AAAS: Science Advances: Table of Contents,2026-09-30 07:00:00+00:00,10.1126/sciadv.aei3417,Daniel DiMaio,,"The inability to perform forward genetics has been a major barrier to human papillomavirus (HPV) research. Here, we report a platform for phenotypic selection of HPV mutants. Our method relies on large “concordant” virus libraries, where each mutant virus particle encapsidates the mutant plasmid that encodes it, thereby directly linking viral genotype to phenotype. This platform can achieve a ∼2500-fold enrichment of an L1 capsid protein mutant from an excess of wild-type virus. To demonstrate that this system could select rare mutants from complex libraries, we selected and validated antibody escape mutants and showed that two neutralizing antibodies that recognize overlapping epitopes in L1 display distinct patterns of HPV recognition. This genetics approach unlocks previously inaccessible avenues of investigation into the HPV life cycle and provides a powerful engine to develop improved vaccines and novel antiviral strategies.",crossref
Sensitizing tumor response to topoisomerase I antibody-drug conjugate by selective CDK7 inhibition,https://www.science.org/doi/abs/10.1126/sciadv.aeb4023?af=R,,AAAS: Science Advances: Table of Contents,2026-09-30 07:00:00+00:00,10.1126/sciadv.aeb4023,Tae-Kyung Kim,,"This study investigates the transcriptional impact of Q901, a highly selective cyclin-dependent kinase 7 (CDK7) inhibitor in clinical development. Q901 primarily disrupted MYC and E2F-dependent transcription programs, down-regulating cell cycle control and DNA damage repair pathways. CDK7 binding at the promoter-proximal regions was markedly stabilized by Q901, leading to reduced occupancy of MYC, E2F, and RNA polymerase II (RNAPII). These findings offered a novel therapeutic strategy to enhance cancer susceptibility to topoisomerase I (TOP1) DNA-protein cross-links (TOP1-DPCs) induced by TOP1 inhibitors. Resistance to TOP1 inhibitors arises through activation of DNA repair pathways when elongating RNAPII encounters TOP1-DPCs. By suppressing RNAPII transition from initiation to elongation and DNA repair pathways, Q901 stabilizes TOP1-DPCs and sensitizes tumors to TOP1 inhibitors. Preclinical studies demonstrated enhanced tumor suppression when combining Q901 with TOP1 inhibitor–based antibody-drug conjugates (TOP1i-ADCs), highlighting its potential as a therapeutic option for cancers resistant to TOP1i-ADC therapy.",crossref
Facet‐Dependent Oxygen‐Vacancy Electronic Delocalization Governs Photocatalytic Oxidative Coupling of Methane Over Au/CeO2,https://advanced.onlinelibrary.wiley.com/doi/10.1002/aenm.71669?af=R,,Wiley: Advanced Energy Materials: Table of Contents,2026-09-30 07:10:52+00:00,10.1002/aenm.71669,Ye Wang,,"ABSTRACT
                  
                    Metal/metal‐oxide catalysts are widely studied for photocatalytic oxidative coupling of methane (OCM), and oxygen vacancies are often invoked to enhance catalytic performance. However, oxygen vacancies are usually discussed separately from metal sites, and their cooperative effects, especially on C
                    2+
                    selectivity, remain poorly understood. Here, we reveal that the delocalized electronic character of oxygen vacancy governs both activity and selectivity in Au/CeO
                    2
                    , while elevated temperature further enhances the delocalization. By facet engineering CeO
                    2
                    , we create oxygen vacancies with tunable properties and find that Au/CeO
                    2
                    ‐R with exposed {110} facets achieves a CH
                    4
                    conversion rate of 14 mmol g
                    −1
                    h
                    −1
                    and a C
                    2+
                    selectivity of 86% at 200°C, whereas the other facet‐defined Au/CeO
                    2
                    catalysts produce no detectable C
                    2+
                    products. This performance places Au/CeO
                    2
                    ‐R among the best‐reported photocatalytic OCM catalysts. Mechanistic studies reveal that oxygen vacancies on CeO
                    2
                    {110} exhibit higher electronic delocalization, which promotes O
                    2
                    activation and induces stronger support‐Au charge redistribution, strengthening the Au─C interaction and favoring methyl coupling. These findings identify electronic delocalization as a key parameter for designing defect‐mediated photocatalysts for selective OCM.",crossref
Nano‐Crosslinked Polyether‐Based Gel Polymer Electrolytes for Interface‐Stable High‐Voltage Lithium‐Ion Batteries,https://advanced.onlinelibrary.wiley.com/doi/10.1002/aenm.71663?af=R,,Wiley: Advanced Energy Materials: Table of Contents,2026-09-30 07:13:45+00:00,10.1002/aenm.71663,Weixin Zhang,,"ABSTRACT
                  
                    Gel polymer electrolytes hold practical promise for high‐energy‐density and safe lithium‐ion batteries. However, the use of solvents always compromises mechanical strength and triggers undesirable interfacial side reactions. Herein, a two‐step strategy involving triethoxysilylation of polyethylene glycol (PEG) and subsequent silane coupling with laponite (LAP) is proposed to fabricate the nano‐crosslinked gel polymer electrolyte tailored for interface‐stable lithium‐ion batteries. The LAP nanosheets bridge isolated polymer chains into a 3D network, enhancing mechanical integrity and establishing continuous Li
                    +
                    pathways. Notably, a critical solvation‐regulation mechanism is explicitly clarified, where the anchoring effect of LAP on solvent molecules weakens Li
                    +
                    ‐solvent coordination and allows more anions to enter the solvation sheath, fostering robust, LiF‐rich interphases. Benefiting from this, the interfacial side reactions on the lithium anode and high‐voltage cathode are both greatly suppressed. As a result, the nano‐crosslinked electrolyte demonstrates an ultra‐long symmetric cell cycling life exceeding 6600 h (0.1 mA cm
                    −2
                    ), stable LiFePO
                    4
                    /Li cell operation for over 1300 cycles (0.5 C) and high‐voltage LiNi
                    0.9
                    Co
                    0.05
                    Mn
                    0.05
                    O
                    2
                    /Li cell cycling for more than 450 cycles (5 C). This work establishes a nano‐crosslinking design paradigm toward advanced gel polymer electrolytes, offering insights into solvation structure regulation as the key to stabilizing electrode/electrolyte interfaces in practical lithium‐ion batteries.",crossref
Bulk/Surface Coengineering in Layered Oxides via Selective Niobium Doping to Enable Durable High‐Energy Sodium‐Ion Pouch Cells,https://advanced.onlinelibrary.wiley.com/doi/10.1002/aenm.71662?af=R,,Wiley: Advanced Energy Materials: Table of Contents,2026-09-30 07:14:47+00:00,10.1002/aenm.71662,Yufeng Zhao,,"ABSTRACT
                  
                    Layered cathode oxides for sodium‐ion batteries exhibit promising application prospects owing to their high theoretical capacity and high working voltage, yet they suffer from transition metal (TM) dissolution and rapid capacity losses at high voltages. Here, we present a selective Nb‐doping approach to achieve concurrent bulk and surface phase engineering in a Na
                    0.85
                    Mn
                    0.58
                    Ni
                    0.29
                    Zn
                    0.04
                    Li
                    0.08
                    Nb
                    0.01
                    O
                    2
                    cathode, imparting exceptional durability under high‐voltage cycling. We discover that steric hindrance in the O3 phase forces Nb to selectively occupy interstitial sites on the P2 surface, where strong Nb─O bonding significantly elevates the P2‐phase fraction from 25% to 54% under same sodium content, while simultaneously forming a surface protective layer that mitigates TM dissolution. Meanwhile, bulk Li/Zn co‐doping suppresses Na vacancy ordering and further stabilizes the intergrowth framework. Such a unique structure suppresses detrimental phase evolution and transition metal dissolution during high‐voltage deep desodiation, allowing stable cycling stability of 600 cycles at an elevated voltage of 4.3 V. The as‐prepared Ah‐level pouch cells deliver a high energy density of 154 Wh kg
                    −1
                    and exhibit a significant reduction on gas release. Meanwhile, this pouch cell passed the nail penetration tests without temperature rise or thermal runaway. This work provides a robust paradigm for safe, high‐voltage sodium‐ion batteries.",crossref
Anion Engineering of Surface Frustrated Lewis Pairs for Light‐Assisted CO2 Hydrogenation to Methanol,https://onlinelibrary.wiley.com/doi/10.1002/anie.5899106?af=R,,Wiley: Angewandte Chemie International Edition: Table of Contents,2026-09-30 07:37:23+00:00,10.1002/anie.5899106,Geoffrey A. Ozin,,"ABSTRACT
                  
                    Surface frustrated Lewis pairs (SFLPs) have been widely studied as active sites for light‐assisted CO
                    2
                    hydrogenation, while most efforts have focused on cation engineering to tune the Lewis acidity of metal centers, leaving the Lewis‐basic component less directly controlled. Here, we report an anion engineering strategy based on nitridation to prepare nitrogen‐doped, non‐stoichiometric spinel zinc gallium oxide catalysts for CO
                    2
                    hydrogenation to methanol. Nitrogen incorporation modifies the local anion coordination environment, promotes oxygen vacancy formation, and reconstructs the coordination structure around Ga sites, thereby generating defect‐associated Ga–O/N Lewis acid–base pairs that favor heterolytic H
                    2
                    splitting. Nitridation also narrows the band gap and introduces localized electronic states, leading to improved light absorption. As a result, the optimized catalyst achieves a methanol production rate of 1203.7 µmol h
                    −1
                    g
                    −1
                    with enhanced methanol selectivity and apparent quantum efficiency (AQE) under illumination. This work demonstrates that anion engineering provides an effective route to regulate oxide SFLPs and promote light‐assisted CO
                    2
                    hydrogenation to methanol.",crossref
Spin Crossover‐Mediated Low‐Energy Charge Transfer Excited States in a Heterogeneous Cobalt Photocatalyst,https://onlinelibrary.wiley.com/doi/10.1002/anie.7984934?af=R,,Wiley: Angewandte Chemie International Edition: Table of Contents,2026-09-30 07:43:54+00:00,10.1002/anie.7984934,Yantao Shi,,"ABSTRACT
                  
                    In molecular complexes, ligand‐to‐metal charge transfer (LMCT) excited states enable efficient photoinduced charge separation and strong redox reactivity, but their operation is typically limited to short ultraviolet excitation. Extending LMCT absorption into the visible region utilizing strongly donating ligands often leads to ligand dissociation and further decomposition, which highlights the intrinsic trade‐off between spectral response and structural robustness in homogeneous systems. In this context, we reconfigure LMCT chemistry within heterogeneous single‐atom catalysts, where rigid coordination environments that decouple electronic excitation from (photo)stability. Low‐energy LMCT excited states are implemented into single‐atom photocatalysts through incorporating site‐specific Co
                    1
                    ‐C
                    2
                    N
                    1
                    moiety. Multimodal synchrotron x‐ray spectroscopies reveal that the pseudo square‐planar geometry fosters a low spin Co(II) state (
                    s
                    = 1/2) with pronounced Jahn‐Teller distortion. Crucially, enhanced d
                    z
                    2
                    ‐p
                    z
                    orbital coupling gives access to visible‐light responsive LMCT states, fundamentally different from the predominant metal‐to‐ligand charge transfer excitations in conventional Co
                    1
                    ‐N
                    2
                    counterpart. Electron localization at Co─C pairs creates photoreduction centers in close proximity, facilitating selective benzyl alcohol oxidation via a singlet oxygen (
                    1
                    O
                    2
                    )‐mediated pathway. This work establishes single‐atom frontier‐orbital engineering for exploring visible‐light photochemistry in heterogeneous photocatalysts.",crossref
Helicity‐Dependent Ellipticity and Interstitial Vortices in Confined Anisotropic Skyrmions,https://advanced.onlinelibrary.wiley.com/doi/10.1002/adma.75203?af=R,,Wiley: Advanced Materials: Table of Contents,2026-09-30 08:01:15+00:00,10.1002/adma.75203,Licong Peng,,"ABSTRACT
                  Skyrmions carry robust topology, yet their geometry is highly tunable and can shape interactions, dynamics and functionality. However, how geometric confinement couples to helicity and reshapes the effective energy landscape in intrinsically anisotropic skyrmions remains unexplored. Here we demonstrate that skyrmion ellipticity and its magnetic‐field evolution are strongly helicity dependent in 500‐nm‐wide FeNiPdP nanostripes with anisotropic Dzyaloshinskii–Moriya interaction. Confinement compresses clockwise (CW)‐helicity skyrmions toward near‐circular profiles, whereas counterclockwise (CCW)‐helicity skyrmions elongate along the nanostripe axis, breaking the reciprocal ellipticity relation expected in unconfined geometries. Increasing the perpendicular field further reveals a monotonic circularization of CW skyrmions but a clear nonmonotonic response for CCW skyrmions. Energy analysis shows that confinement reshapes the field‐dependent energy landscape and shifts the optimal skyrmion geometry, giving rise to this nonlinear response. The nanostripe constraint also introduces a surface‐localized interstitial vortex texture in anisotropic skyrmions that can evolve into a vortex pair, consistent with our micromagnetic simulations. Our results establish helicity‐resolved confinement as a route to engineer anisotropic skyrmion morphology and emergent surface textures, enabling helicity‐programmable shape and interaction control for multistate skyrmion‐based devices.",crossref
Boosting Chiral Separation Through Sinuous 3D Nanochannels With Saddle–Splay Curvature in Biomimetic Membranes,https://advanced.onlinelibrary.wiley.com/doi/10.1002/adma.75177?af=R,,Wiley: Advanced Materials: Table of Contents,2026-09-30 09:56:57+00:00,10.1002/adma.75177,Xunda Feng,,"ABSTRACT
                  Biological systems commonly leverage curved and geometrically complex transport pathways to create pockets and constrictions for precise molecular discrimination. In contrast, synthetic separation membranes mainly achieve selectivity through controlled pore size and surface chemistry, facing challenges in separating molecules that differ subtly in shape or stereochemistry. Here we report self‐assembled polymeric membranes with sinuous 3D nanochannels whose intrinsic saddle–splay geometry boosts chiral separation. Freestanding nanoporous membranes are readily fabricated by photocuring lyotropic double‐gyroid (GYR) liquid crystals (LCs) formed from amphiphiles bearing chiral moieties. Spatial variation in saddle–splay curvature within these GYR nanochannels clusters chiral selectors into precisely positioned “checkpoints” and imposes strong nanoconfinement, forcing racemates to repeatedly traverse these unavoidable stereoselective sites that cumulatively amplify enantioselectivity. The highly permeable membranes achieve enantiopure separation of model racemates such as ibuprofen, with selectivity nearly 10‐fold higher than their counterparts with sheet‐like or cylindrical‐mesh pores of comparable chemistry and size. This work establishes sinuous 3D nanochannels with saddle‐splay curvature as a biomimetic structural motif for amplifying chiral recognition in synthetic membranes.",crossref
Orientation‐Engineered Semitransparent Ta3N5 Photoanode for Unbiased Solar Water Splitting,https://advanced.onlinelibrary.wiley.com/doi/10.1002/adma.75072?af=R,,Wiley: Advanced Materials: Table of Contents,2026-09-30 10:02:36+00:00,10.1002/adma.75072,Yanbo Li,,"ABSTRACT
                  
                    Semitransparent tantalum nitride (Ta
                    3
                    N
                    5
                    ) photoanodes are promising front absorbers for tandem solar water splitting, but their development is hindered by the incompatibility of high‐temperature nitridation with conventional transparent conductive substrates and by the intrinsically anisotropic carrier transport of Ta
                    3
                    N
                    5
                    . Here, we report an orientation‐engineered semitransparent Ta
                    3
                    N
                    5
                    photoanode enabled by two synergistic strategies. A homologous W‐incorporated Ta
                    3
                    N
                    5
                    semitransparent conductive layer is deposited on quartz glass, providing electronic compatibility with the Ta
                    3
                    N
                    5
                    absorber and favorable transmittance in the &gt;600 nm range. In parallel, Pt‐assisted lattice matching guides the preferential growth of Ta
                    3
                    N
                    5
                    with a high‐mobility (023) orientation. Theoretical and experimental analyses confirm that this (023)‐oriented architecture promotes charge separation and transport. The optimized photoanode delivers 9.7 mA cm
                    −2
                    at 1.23 V versus the reversible hydrogen electrode and a maximum applied‐bias photon‐to‐current efficiency of 3.47%. When integrated with a specially designed narrow‐bandgap perovskite solar cell, the tandem device achieves unbiased water splitting with a solar‐to‐hydrogen efficiency of 7.2%, representing one of the highest values reported for two‐photon tandem PEC water‐splitting systems. This work establishes a general strategy for coupling transparent conduction with crystallographic orientation control to advance efficient unassisted solar fuel production.",crossref
Mechanochemical Activation of Biodegradable High‐Entropy Materials Enables Immune‐Synergistic Therapy for Deep‐Seated and Drug‐Resistant Infections,https://advanced.onlinelibrary.wiley.com/doi/10.1002/adma.75216?af=R,,Wiley: Advanced Materials: Table of Contents,2026-09-30 10:27:54+00:00,10.1002/adma.75216,Jianliang Shen,,"ABSTRACT
                  
                    High‐entropy materials (HEMs) offer compositional diversity and tunable physicochemical properties for catalysis and biophotonics applications, yet their translation is limited by poor biodegradability and restricted penetration depth of light‐dependent activation. In this study, a biodegradable layered double hydroxide–like high‐entropy material (LDH‐HEM) composed of Fe, Cu, Zn, Mn, and Al is reported as an ultrasound‐activated sonosensitizer for eradicating
                    Pseudomonas aeruginosa
                    (
                    P. aeruginosa
                    ) infections. Experimental evidence and theoretical analysis collectively reveal that the multi‐metal synergy effectively narrows the bandgap and enhances exciton generation under ultrasound excitation, while ultrasonic pressure‐induced lattice distortion enables a strain‐driven autonomous type‐II heterojunction that promotes charge separation. Under mild ultrasound (1.0 MHz, 0.5 W cm
                    −2
                    , 10 min) stimulation, LDH‐HEM generates abundant reactive oxygen species, achieving &gt;99% eradication of
                    P. aeruginosa
                    at a low dosage (50 µg mL
                    −1
                    ). In addition, LDH‐HEM reprograms macrophage polarization toward an M1 phenotype, thereby boosting bacterial phagocytosis and clearance. In murine models of subcutaneous abscesses and bacterial keratitis infected with
                    P. aeruginosa
                    , LDH‐HEM‐mediated sonodynamic therapy effectively eradicates pathogens and accelerates wound and corneal healing within 2 weeks. This work introduces a mechanochemically responsive and biodegradable high‐entropy platform for deep‐seated infection therapy and provides design principles for engineering multifunctional HEMs for biomedical translation.",crossref
Chiral Heterojunctions for Spin‐Enhanced Photoreforming of Plastic Waste,https://advanced.onlinelibrary.wiley.com/doi/10.1002/adma.75215?af=R,,Wiley: Advanced Materials: Table of Contents,2026-09-30 10:31:50+00:00,10.1002/adma.75215,Chongli Zhong,,"ABSTRACT
                  
                    Manipulating the spin state of charge carriers via the chiral‐induced spin selectivity (CISS) effect enhances charge carrier dynamics and lowers kinetic barriers, thereby advancing the photocatalytic upcycling of plastics into renewable chemicals. Here, a chiral‐ligand‐induced interfacial assembly strategy was developed to construct heterojunctions for waste plastics photoreforming. Enantiopure cysteine grafted onto MOF‐808 directs the uniform growth of a TpPa‐COF shell enabling self‐adaptive lattice matching. The heterojunctions exploit the CISS effect to regulate the spin alignment of photogenerated charge carriers. Spin‐polarized electrons are funneled to Pt single atoms, delivering an H
                    2
                    evolution rate of 1255.74 µmol g
                    −1
                     h
                    −1
                    . During oxidation of polyethylene terephthalate‐derived ethylene glycol, spin‐polarized holes on Pt clusters favor the parallel spin alignment of *OH intermediates, directing the reaction pathway on chiral catalysts toward C2‐retained glycolic acid (865.96 µmol g
                    −1
                    h
                    −1
                    ; 90.53% selectivity). In contrast, antiparallel spin alignment on achiral counterparts drives C‐C bond cleavage, yielding the C1 product formic acid. Scalable synthesis, outdoor testing, and techno‐economic analysis demonstrate the practical viability of this approach for solar‐driven waste plastic upcycling.",crossref
Decoupling Quasi‐Solid‐State Sulfur Conversion Mechanisms in Weakly Solvating and Locally High Concentration Electrolytes,https://advanced.onlinelibrary.wiley.com/doi/10.1002/aenm.71651?af=R,,Wiley: Advanced Energy Materials: Table of Contents,2026-09-30 11:07:38+00:00,10.1002/aenm.71651,James B. Robinson,,"ABSTRACT
                  
                    Lithium–sulfur (Li–S) batteries offer high theoretical energy density but are constrained by polysulfide dissolution, shuttling, and sluggish conversion. Here, a weakly solvating electrolyte comprising cyclopentyl methyl ether (CME) and 1,1,2,2‐tetrafluoroethyl 2,2,3,3‐tetrafluoropropyl ether (TTE; CME–TTE) is compared with a localized high‐concentration electrolyte comprising diethylene glycol dimethyl ether (G2) and TTE (G2–TTE). Molecular dynamics (MD) simulations show that G2–TTE combines multidentate G2 coordination with appreciable bis(trifluoromethanesulfonyl)imide (TFSI
                    −
                    ) participation, whereas CME–TTE exhibits weaker, predominantly monodentate solvent coordination and stronger relative anion association. Galvanostatic intermittent titration technique (GITT), distribution of relaxation times (DRT), square‐wave voltammetry (SWV), shuttle‐current measurements, operando ultraviolet–visible (UV–vis) and Raman spectroscopy, physical‐property measurements, post‐cycling characterization, and time‐of‐flight secondary ion mass spectrometry (ToF‐SIMS) link coordination to electrochemical behavior. Both formulations restrict extensive bulk polysulfide accumulation, but G2–TTE maintains more effective localized ion transport and interfacial conversion. G2–TTE cells consequently deliver capacities above 900 mAh g
                    −
                    1
                    after 200 cycles with nearly 100% Coulombic efficiency. A two‐cathode pouch cell delivers 600 mAh g
                    −
                    1
                    after 50 cycles at an electrolyte‐to‐sulfur ratio of 1.37 µL mg
                    −
                    1
                    . These results identify coordination connectivity, anion participation, and transport as coupled design parameters for quasi‐solid‐state Li–S batteries.",crossref
Realization of Quantum Spin Hall Insulator Superlattice with Emergent Multigap‐Like Helical Edge States,https://advanced.onlinelibrary.wiley.com/doi/10.1002/adma.75159?af=R,,Wiley: Advanced Materials: Table of Contents,2026-09-30 12:56:48+00:00,10.1002/adma.75159,Hong‐Jun Gao,,"ABSTRACT
                  
                    The functional quantum spin Hall insulators (QSHI), protected by time‐reversal symmetry against single‐particle backscattering, hold great promise for dissipationless quantum electronics. Realization of QSHI with gapped helical edge states, which would enable deterministic on/off switching of the edge‐channel conductance is a key requirement for programmable topological circuits. Here, we report realization of superlattice‐modulated QSHI HfTe
                    5
                    hosting emergent multigap‐like helical edge states. Using scanning tunneling microscopy and spectroscopy, we identify a reconstruction‐induced periodic superlattice modulation in epitaxial monolayer HfTe
                    5
                    and directly observe multiple gap‐like features in the edge channel, accompanied by a series of sharp peaks in the density of states. Combined with theoretical modelling, we attribute the observed edge gap to the finite‐width coupling between the two edges significantly enhanced by the superlattice modulation, whereas the sharp peaks are the manifestations of mini‐gaps opening at the reduced Brillouin zone boundaries by the periodic modulation of spin‐orbit coupling. Notably, these sharp peaks exhibit clear Zeeman splitting under magnetic fields, consistent with the helical nature of the topological edge states. Our results establish a viable route to engineering gapped helical edge states in QSHI and provide a promising platform for topological devices with desired on/off switchability.",crossref
Chiroptical Switching by Stereoselective Photochemical Sigmatropic Rearrangements: Experimental Realization of Calderoselectivity,https://onlinelibrary.wiley.com/doi/10.1002/anie.9477381?af=R,,Wiley: Angewandte Chemie International Edition: Table of Contents,2026-09-30 14:55:18+00:00,10.1002/anie.9477381,Johannes F. Teichert,,"ABSTRACT
                  
                    The stereochemical outcomes of pericyclic reactions provide direct insight into the geometry and directionality of concerted bond reorganization. Although torquoselectivity has emerged as a defining concept for electrocyclizations, an analogous principle for sigmatropic rearrangements on a single cyclic π system has remained unknown. We report that a homoannulene‐based photoswitch undergoes an auxiliary‐controlled, stereoselective photochemical [1,11]‐sigmatropic rearrangement, thereby establishing selectivity over directional migration on a single cyclic π framework. We coin the term calderoselectivity for such an unreported stereoselective sigmatropic rearrangement. The switching process is reversible, proceeds to photostationary mixtures of homoannulene and
                    iso
                    ‐homoannulene isomers, and furnishes diastereomeric products in a 56:44 ratio; combined chiral HPLC, NMR, ECD, and DFT studies assign the major directionality of acyl migration in pro‐
                    R
                    directionality. This study provides the first experimental realization of calderoselectivity and reveals a direct analogue in sigmatropic rearrangements to torquoselectivity with implications for both mechanistic physical organic chemistry and chiroptical switch design.",crossref
In Situ Substitution Strategy with High‐Valence Cation for Ultra‐Stable Aqueous K‐Ion Batteries,https://advanced.onlinelibrary.wiley.com/doi/10.1002/aenm.71675?af=R,,Wiley: Advanced Energy Materials: Table of Contents,2026-09-30 17:20:21+00:00,10.1002/aenm.71675,Kai Liu,,"ABSTRACT
                  
                    Aqueous K‐ion batteries (AKIBs) are promising for large‐scale energy storage due to their high safety and low cost. However, the manganese‐based Prussian blue analogue (KMnPBA) cathode suffers from severe Mn dissolution and Jahn‐Teller distortion during cycling, triggering crystal‐structure collapse and rapid capacity decay. Herein, we report a high‐valence cation in situ substitution strategy to stabilize KMnPBA by adding Al(OTF)
                    3
                    to a highly concentrated KOTF electrolyte. During discharge, Al
                    3+
                    ions fill Mn dissolution vacancies and form robust Al‐N coordination bonds, generating a gradient structure characterized by a stable surface and high‐capacity interior. As a result, the KMnPBA cathode in optimized electrolyte delivers a high initial discharge capacity of 158.2 mAh g
                    −1
                    at 0.2 A g
                    −1
                    , with 97.1% capacity retention after 500 cycles, while maintaining 90.3% retention even after 30000 cycles at 6 A g
                    −1
                    . Additionally, the KMnPBA||PTCDI pouch cell achieves an energy density of 88.3 Wh kg
                    −1
                    , retaining 87.8% capacity after 6000 cycles and stably operating from −20°C to 60°C. This study provides an effective approach to address the issue of capacity decay arising from the dissolution of manganese‐based cathode materials, paving the way for AKIBs with ultra‐long cycle stability.",crossref
Solar‐Powered Redox Adsorption Method for Round‐the‐Clock Direct Lithium Extraction from Low‐Grade Brines,https://onlinelibrary.wiley.com/doi/10.1002/anie.9127049?af=R,,Wiley: Angewandte Chemie International Edition: Table of Contents,2026-09-30 23:41:46+00:00,10.1002/anie.9127049,Jia Zhu,,"ABSTRACT
                  
                    Electrochemical lithium (Li) extraction from low‐grade brines is challenged by maintaining high Li selectivity at practically relevant extraction rates while enabling off‐grid, round‐the‐clock operation in remote, infrastructure‐deficient regions. Here we propose a solar‐powered redox adsorption method (SRAM), in which dissolved, regenerable electron carriers (ECs) deliver electrons to dispersed olivine iron phosphate (o‐FePO
                    4
                    ) adsorbents. In SRAM, EC‐mediated electron transfer enables electrochemically effective use of dispersed o‐FePO
                    4
                    adsorbents, while interfacial charge accumulation and electric double layer (EDL) formation may hinder further access of ECs to the adsorbent surface, thereby moderating local electron flux and suppressing competing‐ion intercalation. As a result, SRAM achieves a high extraction rate of 40 mA mmol
                    −1
                    o‐FePO
                    4
                    while maintaining high selectivity (separation factors of 700 for Li
                    +
                    /Na
                    +
                    and 2400 for Li
                    +
                    /Mg
                    2+
                    ) from low‐grade brines (70 ppm Li
                    +
                    ). Meanwhile, ECs function as integrated chemical energy‐storage media that can buffer intermittent photovoltaic input and temporally decouple charging from Li extraction, enabling solar‐buffered day–night operation without an external electrical storage unit. Field demonstrations support stable operation (∼9 mg Li g
                    −1
                    h
                    −1
                    ) and provide a lab‐scale validation through 50‐L raw brine processing. Our work establishes EC‐mediated electron transfer as a promising strategy for sustainable Li recovery from previously untapped low‐grade brines.",crossref
Aromatic Pummerer‐Promoted Stereospecific Cross‐Coupling of Thiazoles With Boronic Esters,https://onlinelibrary.wiley.com/doi/10.1002/anie.1701592?af=R,,Wiley: Angewandte Chemie International Edition: Table of Contents,2026-09-30 23:43:04+00:00,10.1002/anie.1701592,Varinder K. Aggarwal,,"ABSTRACT
                  
                    Thiazoles are ubiquitous motifs in bioactive molecules, making strategies for the stereospecific installation of chiral C(sp
                    3
                    )‐rich substituents on this scaffold particularly valuable for drug discovery. However, achieving such transformations remains nontrivial, as conventional C(sp
                    2
                    )–C(sp
                    3
                    ) cross‐coupling approaches are often compromised by catalyst deactivation and deleterious side reactions, such as
                    β
                    ‐hydride elimination. Although electrophile‐mediated coupling of alkyl boronic esters with lithiated aromatic compounds offers a potential route to C(sp
                    2
                    )–C(sp
                    3
                    ) bond formation, it is ineffective for thiazoles because the heteroaromatic core lacks sufficient nucleophilicity to engage electrophiles and promote productive 1,2‐migration. Herein, we report a lithiation–borylation–aromatic Pummerer (LiBAP) strategy that enables stereospecific C5 cross‐coupling of thiazoles with boronic esters. A pendant sulfinyl group enables exocyclic electrophilic activation, triggering a Pummerer‐type 1,2‐migration while avoiding unproductive C─B bond fragmentation. The reaction proceeds with complete stereospecificity and broad functional‐group tolerance, furnishing a C2 sulfide handle on thiazole that serves as a versatile linchpin for downstream C–S diversification. A formal asymmetric synthesis of a bioactive thiazole
                    γ
                    ‐secretase inhibitor was demonstrated to further highlight the synthetic utility of our LiBAP protocol.",crossref
Catalysis on a Knife's Edge: Detailed Mechanistic Studies Reveal a Fine Balance Between Catalyst Deactivation and Productive Reactivity in CuH‐Catalyzed Alkene Hydrofunctionalization,https://onlinelibrary.wiley.com/doi/10.1002/anie.7673910?af=R,,Wiley: Angewandte Chemie International Edition: Table of Contents,2026-09-30 23:48:42+00:00,10.1002/anie.7673910,Dennis A. Kutateladze,,"ABSTRACT
                  
                    Copper hydride catalyst systems have been widely applied to the hydrofunctionalization of unsaturated compounds, enabling the synthesis of a range of valuable organic products. In particular, copper catalysts supported by bulky bisphosphine ligands such as DTBM‐SEGPHOS have enjoyed noteworthy success across a range of substrate classes, with the highly unstable monomeric LCuH (L = DTBM‐SEGPHOS) often implicated as the active form of the catalyst. Recently, Ryan et al.
                    Angewandte Chemie
                    Novit 2, no. 2 (2026): e70025 have not only characterized the elusive monomeric LCuH, but have provided a suite of kinetic and computational experiments that reveal the mechanisms by which these catalysts form inactive higher order Cu aggregates. Collectively, these important studies substantially increase knowledge of LCuH speciation and the factors that control the relative rates between productive alkene hydrocupration and catalyst deactivation—insights which are anticipated to inform the design of next‐generation catalysts.",crossref
Discriminating Monomers and Fibrils of Amyloid‐β1–42 With Site‐Ordered Peptide‐QMFluors,https://onlinelibrary.wiley.com/doi/10.1002/anie.3711838?af=R,,Wiley: Angewandte Chemie International Edition: Table of Contents,2026-09-30 23:50:43+00:00,10.1002/anie.3711838,Zhiqian Guo,,"ABSTRACT
                  
                    The detection of soluble amyloid‐
                    β
                    (A
                    β
                    ), the most neurotoxic species in early Alzheimer's disease (AD), remains a major analytical challenge. Conventional probes are designed to target the
                    β
                    ‐sheet structures of mature fibrils and are thus blind to these transient, nonfibrillar species. Here, we introduce “site‐ordered engineering” strategy, a peptide‐conjugated QMFluors conjugate designed to selectively target A
                    β
                    1–42
                    monomers with high fidelity. We identified the conjugation site order on the fluorophore as the key parameter controlling this molecular topology and self‐assembly behavior. This breakthrough is enabled by a hydrogen‐bond‐driven recognition mechanism, fundamentally departing from classical dyes that target the
                    β
                    ‐sheets of mature fibrils. This yields an unprecedented “inverted selectivity” with a 20‐fold fluorescence enhancement for monomers over fibrils. Using probe
                    N
                    ‐QM‐KLVFF with super‐resolution microscopy, we reveal the nanoscale “core‐shell” biophysical phase diagram of plaques, visualizing dense fibrillar cores surrounded by monomeric/oligomeric halos. Furthermore, the probe demonstrates a limit of detection of pg/mL level and excellent linearity, meeting the stringent requirements for trace cerebrospinal‐fluid‐biomarker analysis. This work provides not only a powerful tool for early diagnosis and pathological investigation, but also establishes “aggregation‐regulated accessibility” as a generalizable principle for designing probes for other dynamic amyloid protein targets.",crossref
An Asymmetric Phytochemical as a Building Block for Robust Structurally Resolved Crystalline Frameworks,https://onlinelibrary.wiley.com/doi/10.1002/anie.7543481?af=R,,Wiley: Angewandte Chemie International Edition: Table of Contents,2026-09-30 23:51:54+00:00,10.1002/anie.7543481,Jiaojiao Shang,,"ABSTRACT
                  
                    Plant polyphenols and related oxygen‐donor phytochemicals are attractive natural ligands for metal–organic materials owing to their rich chemical reactivity, structural diversity, and sustainability. However, current phytochemical coordination chemistry remains dominated by amorphous systems, and structurally resolved crystalline frameworks are still largely restricted to simple and symmetric molecules. This gap has hindered atom‐level understanding of phytochemical coordination and limited the rational development of crystalline materials from these abundant natural ligands. Here, we report SCU‐1, the first structurally resolved crystalline coordination framework constructed from hematoxylin (HMT), a historically important but structurally complex and asymmetric phytochemical. Structural modeling, three‐dimensional electron diffraction (3DED), Rietveld refinement, and quantum‐chemical calculations together reveal that such an asymmetric phytochemical can assemble into periodic crystalline frameworks while generating coordination heterogeneity. Structural resolution further defines precise pore architectures, coordination environments, and host–guest interaction sites, thereby enabling direct elucidation of structure–property relationships. Importantly, SCU‐1 exhibits exceptional robustness, strong CO
                    2
                    affinity, and visible‐light‐driven photocatalytic CO
                    2
                    conversion in water with selective ethanol production. These results establish asymmetric phytochemicals as viable building units for robust crystalline metal–organic materials and demonstrate the importance of structural determinacy in advancing phytochemical coordination chemistry and structure–property relationships.",crossref
Boosting Photoelectrochemical Water Oxidation of BiVO4 Photoanodes With an Iron‐Based Metal–Organic Framework as a Hole Transport Layer,https://onlinelibrary.wiley.com/doi/10.1002/anie.4897216?af=R,,Wiley: Angewandte Chemie International Edition: Table of Contents,2026-09-30 23:55:16+00:00,10.1002/anie.4897216,Fei Li,,"ABSTRACT
                  
                    Sluggish bulk hole transport fundamentally limits the performance of bismuth vanadate (BiVO
                    4
                    ) photoanodes in photoelectrochemical (PEC) water splitting. Herein, we report a BiVO
                    4
                    /Fe‐MOF/NiFeOOH trilayer photoanode, wherein an iron‐based bipyridine dicarboxylate metal–organic framework (FeBPDCA), grown on BiVO
                    4
                    via coordination‐assisted in situ synthesis, serves as a dedicated hole‐transport layer. The Fe‐MOF layer provides a favorable band alignment and a built‐in electric field at the BiVO
                    4
                    /Fe‐MOF interface to drive directional bulk hole extraction, while NiFeOOH acts as a surface water‐oxidation cocatalyst. Experimental characterization and density functional theory (DFT) calculations reveal that the Fe‐MOF primarily accelerates bulk hole extraction, whereas NiFeOOH suppresses surface recombination through rapid water oxidation, together boosting both bulk charge‐separation efficiency (
                    η
                    bulk
                    ) and surface charge‐transfer efficiency (
                    η
                    trans
                    ) up to 97%. The optimized photoanode achieves a high photocurrent density of 7.15 mA cm
                    −2
                    at 1.23 V vs. RHE, with an onset potential of 0.24 V and a maximum applied bias photon‐to‐current efficiency (ABPE) of 2.56%. This work demonstrates that deliberate tuning of MOF energy levels through metal node and ligand selection enables the simultaneous engineering of favorable band alignment and efficient charge separation at semiconductor/MOF junctions, providing a practical design strategy for photoanodes where bulk charge extraction is the primary efficiency bottleneck.",crossref
Sequential Design of Activatable Photosensitizers for Ablation of Glioma Cells in Brain Cancer Tissues,https://onlinelibrary.wiley.com/doi/10.1002/anie.8453410?af=R,,Wiley: Angewandte Chemie International Edition: Table of Contents,2026-09-30 23:57:34+00:00,10.1002/anie.8453410,Marc Vendrell,,"ABSTRACT
                  
                    Photodynamic therapy (PDT) is a promising strategy to eradicate residual glioma cells in brain cancer patients; however, current photosensitizers (PS) show limitations on selective accumulation and controlled activation in glioma cells. In this work, we present the design, synthesis, and characterization of activatable PSs for selective PDT of glioma cells in mouse and human brain tissues. First, we designed and characterized a broad collection of photosensitive metabolite conjugates, from which we prepared
                    Gal‐SeNBD‐oleamide
                    as a β‐galactosidase‐responsive PS with efficient uptake in patient‐derived glioma cells and selectivity over immune cells. Furthermore, we optimized a whole‐tissue illumination strategy using
                    Gal‐SeNBD‐oleamide
                    in mouse brain slices, which led to efficient ablation of cancer cells with minimal damage to surrounding regions. Finally, the proof‐of‐concept application of
                    Gal‐SeNBD‐oleamide
                    directly in tissues from brain cancer patients supports its translational potential for PDT of glioblastoma.",crossref
Reassessing the pursuit of refractory high-entropy alloys for extreme environments,https://www.nature.com/articles/s41578-026-00969-5,,Nature Reviews Materials,2026-10-01 00:00:00+00:00,10.1038/s41578-026-00969-5,Evan Ma,,,
Battle of the Anthropocene: allegations re-ignite row over proposed geologic epoch,https://www.nature.com/articles/d41586-026-03118-8,,Nature,2026-10-01 00:00:00+00:00,10.1038/d41586-026-03118-8,James Dinneen,,,
Gaze into the cosmos and through the eyes of a bee — September’s best science images,https://www.nature.com/articles/d41586-026-03101-3,,Nature,2026-10-01 00:00:00+00:00,10.1038/d41586-026-03101-3,Davide Castelvecchi,,,
The ‘missed disease’ that affects 190 million: endometriosis drug shows early promise,https://www.nature.com/articles/d41586-026-03042-x,,Nature,2026-10-01 00:00:00+00:00,10.1038/d41586-026-03042-x,Freda Kreier,,,
Sign of the times: AI lingo muscles into esteemed dictionary,https://www.nature.com/articles/d41586-026-03044-9,,Nature,2026-10-01 00:00:00+00:00,10.1038/d41586-026-03044-9,Kaia Glickman,,,
Taming transient radical couplings by preassembling organophotocatalytic dyads,https://www.cell.com/chem/fulltext/S2451-9294(26)00348-7?rss=yes,,Chem,2026-10-01 00:00:00+00:00,10.1016/j.chempr.2026.103282,Joshua P. Barham,,"Barham and co-workers report a sustainable, transition-metal-free platform for radical cross-couplings photocatalyzed by covalently linked, rotating organic dyads. Through weak non-covalent interactions with electronically complementary target substrates, this approach successfully generates, stabilizes, and selectively cross-couples otherwise highly reactive radical intermediates in close proximity. Facile tuning of the catalyst’s donor moiety switches mechanisms between assembly-assisted consecutive photoinduced electron transfer and ternary charge-separated EDA complexation. Non-covalent templating prevents destructive side reactions, enabling efficient, selective C–C bond formation with excellent atom economy, including late-stage pharmaceutical modifications.",rss_cell
A black hole’s jets have a halo effect,https://www.nature.com/articles/d41586-026-03036-9,,Nature,2026-10-01 00:00:00+00:00,10.1038/d41586-026-03036-9,,,,
The timescale of forming Earth’s earliest water ocean in the Hadean Eon,https://academic.oup.com/nsr/advance-article/doi/10.1093/nsr/nwag626/8859089?rss=1,,National Science Review Advance Access,2026-10-01 00:00:00+00:00,10.1093/nsr/nwag626,Fang Huang,,"The timing of the first water ocean formation on Earth is critical for understanding the onset of habitability, but the duration of this process remains poorly constrained. Using a heat-budget model for the early atmosphere-ocean system, this study quantifies the transition from the final solidification of the magma ocean to the establishment of a stable hydrosphere. The results demonstrate that once the mantle transitioned to solid-state convection, a thick primordial steam atmosphere can radiatively cool and condense into a global water ocean within 10,000 years. Sensitivity tests indicate that this rapid condensation timescale is robust across reasonably oxidized volatile scenarios, even when accounting for cloud feedback and alternative mantle rheological trajectories. This finding suggests that a stable hydrosphere emerged almost contemporaneously with the solidification of Earth’s earliest crust, and provides a physical framework for the existence of liquid water by ∼4.4 Ga on the Earth and other terrestrial planets.",rss_oup
Retraction Note: Ribosomal frameshifting in the CCR5 mRNA is regulated by miRNAs and the NMD pathway,https://www.nature.com/articles/s41586-026-11149-4,,Nature,2026-10-01 00:00:00+00:00,10.1038/s41586-026-11149-4,Jonathan D. Dinman,,,
Genome mining of the tumor microbiome reveals biosynthetic diversity and potential pathology-modulating metabolites,https://www.nature.com/articles/s41467-026-78166-9,,Nature Communications,2026-10-01 00:00:00+00:00,10.1038/s41467-026-78166-9,Jie Li,,"Human tumor-associated microbes – the tumor microbiome – have demonstrated an increasingly important role in human health due to their relevance to cancer progression and treatment response. While the metabolism at the host-microbiota interface, such as in the human gut, has been extensively investigated in recent years, the specialized metabolites from the tumor microbiome remain uncharted territory. To address this knowledge gap, we report a survey of the biosynthetic potential of the human tumor microbiome. Utilizing high-quality microbial metagenome-assembled genomes from 3,526 human tumor tissue samples, we identify 528 biosynthetic gene clusters with the potential to encode specialized metabolites relevant to tumor pathology. We reveal that the tumor microbiome encodes known and unknown metabolites spanning multiple biosynthetic classes. From this diverse biosynthetic landscape, we express a conserved family of biosynthetic genes from the genus Fusobacterium, which has a well-established role in cancer, and discover distinct families of long-chain fatty acyl amides. We subsequently find that one of these fatty acyl amides, oleoyl γ-aminobutyric acid, has immunomodulatory and G-protein-coupled receptor partial agonist activities, potentially supporting the influence of Fusobacterium in tumor pathology. The findings of our investigation lay a foundation for further research into the roles of tumor microbe-derived metabolites in cancer.",nature_html
Can pancreatic cancer be stopped in its tracks? Radical tactic raises hopes,https://www.nature.com/articles/d41586-026-03119-7,,Nature,2026-10-01 00:00:00+00:00,10.1038/d41586-026-03119-7,Heidi Ledford,,,
Molecularly engineered zwitterionic‑fluorinated hydrogel electrolyte for durable Ah-level zinc-ion batteries,https://www.nature.com/articles/s41467-026-77562-5,,Nature Communications,2026-10-01 00:00:00+00:00,10.1038/s41467-026-77562-5,Guangmin Zhou,,"Aqueous zinc-ion batteries are considered suitable candidates for grid storage but suffer from Zn dendrites and water-induced side reactions. Incorporating appropriate hydrophobic moieties into hydrogel electrolytes is an effective strategy to reduce water activity and widen the electrochemical stability window. To further advance this molecular design framework and enable precise interphase modulation, we report a molecularly engineered zwitterionic-fluorinated hydrogel electrolyte. Within the polymer network, the rationally introduced hydrophobic fluoroalkyl moieties (–CH2CF3) strengthen hydrogen bonds between hydrophilic units and water, thereby reducing water activity and mitigating parasitic reactions. Meanwhile, the zincophilic zwitterionic units (–SO3–, –N+(CH3)3) facilitate rapid and directional Zn2+ transport, with a Zn2+ transference number of 0.76. These tailored functional groups synergistically promote the in-situ formation of an organic–inorganic solid electrolyte interphase, enabling Zn negative electrode stability, achieving over 900 h of Zn plating/stripping at 5.0 mA cm–2 and 5.0 mAh cm–2. Furthermore, Zn | |MnO2 pouch cells incorporating this electrolyte deliver a capacity of ~1 Ah and operate for over 700 h, indicating the potential of this electrolyte for large-scale energy storage applications.",nature_html
Designing for effective heat transfer in a solid thermal energy storage system,https://www.cell.com/joule/fulltext/S2542-4351(26)00368-5?rss=yes,,Joule,2026-10-01 00:00:00+00:00,10.1016/j.joule.2026.102684,Asegun Henry,,"Solid heat storage offers a low-cost solution for storing renewable energy, but falling temperatures during power delivery often cause unpredictable performance. Verma et al. address this challenge by introducing a multiscale design framework that combines optimized block geometries with dynamic fluid flow control. This approach enables high-temperature thermal energy storage systems to deliver steady, battery-like power for over 90% of their discharge cycle, providing a scalable pathway toward reliable, low-cost long-duration energy storage on the power grid.",rss_cell
Author Correction: Hyperbranched dielectric polymer networks exhibiting giant energy storage density at 250 °C.,https://www.nature.com/articles/s41467-026-78332-z,,Nature Communications,2026-10-01 00:00:00+00:00,10.1038/s41467-026-78332-z,Qi Li,,,
Sharp antiferroelectric switching integrated on silicon,https://academic.oup.com/nsr/advance-article/doi/10.1093/nsr/nwag628/8859081?rss=1,,National Science Review Advance Access,2026-10-01 00:00:00+00:00,10.1093/nsr/nwag628,Huajun Liu,,,
"Author Correction: Whole-brain, all-optical interrogation of neuronal dynamics underlying gut and vascular interoception in zebrafish",https://www.nature.com/articles/s41467-026-78324-z,,Nature Communications,2026-10-01 00:00:00+00:00,10.1038/s41467-026-78324-z,Misha B. Ahrens,,,
Catalysts or constraints? The dual role of natural resources and greenfield investment amid geopolitical risk,https://www.sciencedirect.com/science/article/pii/S0301421526005616?dgcid=rss_sd_all,,ScienceDirect Publication: Energy Policy,2026-10-01 00:00:00+00:00,,Hemachandra Padhan,,,
Coordinated scheduling of flexibility sources in an air-conditioning system with chilled water storage under dynamic electricity pricing,https://www.sciencedirect.com/science/article/pii/S0306261926015618?dgcid=rss_sd_all,,ScienceDirect Publication: Applied Energy,2026-10-01 00:00:00+00:00,,Jinqing Peng,,,
Reductive regeneration of iron-based fuels in a fixed-bed reactor for renewable energy storage: multiphysics simulation and comparative case evaluation,https://www.sciencedirect.com/science/article/pii/S0306261926016156?dgcid=rss_sd_all,,ScienceDirect Publication: Applied Energy,2026-10-01 00:00:00+00:00,,Jun Sui,,,
Role of high-temperature reservoir thermal energy storage during discharge in enhancing steady-state grid stability,https://www.sciencedirect.com/science/article/pii/S030626192601593X?dgcid=rss_sd_all,,ScienceDirect Publication: Applied Energy,2026-10-01 00:00:00+00:00,,Erhan Kutanoglu,,,
"Toward a future space-based, highly scalable AI infrastructure system design",https://www.cell.com/joule/fulltext/S2542-4351(26)00362-4?rss=yes,,Joule,2026-10-01 00:00:00+00:00,10.1016/j.joule.2026.102678,James Manyika,,"This work explores a scalable compute system for machine learning in space, using fleets of satellites equipped with solar arrays, inter-satellite links using free-space optics, and Google tensor processing unit (TPU) accelerator chips. Looking at launch cost, radiation tolerance, and free-space optical communication in tight clusters, the conclusion is that AI in space is promising but entails serious engineering challenges.",rss_cell
From surrogate task to multiscale external-reference consistency learning: Adaptation-free cross-topology early warning of thermal runaway in electric vehicle batteries,https://www.sciencedirect.com/science/article/pii/S0306261926016132?dgcid=rss_sd_all,,ScienceDirect Publication: Applied Energy,2026-10-01 00:00:00+00:00,,Ying Zhang,,,
Grid integration of bidirectional dynamic wireless charging for electric vehicles: A review on grid-side challenges and opportunities,https://www.sciencedirect.com/science/article/pii/S0306261926015448?dgcid=rss_sd_all,,ScienceDirect Publication: Applied Energy,2026-10-01 00:00:00+00:00,,Alan Brent,,,
"Advances in self-reconstructing stainless-steel electrocatalysts for water splitting: surface activation, alloy engineering, stability, and DFT insights",https://www.sciencedirect.com/science/article/pii/S0306261926016181?dgcid=rss_sd_all,,ScienceDirect Publication: Applied Energy,2026-10-01 00:00:00+00:00,,Sung Jin Kim,,,
Author Correction: Clinical translation and engineering challenges of soft robotic cardiac sleeves for heart failure,https://www.nature.com/articles/s41467-026-78328-9,,Nature Communications,2026-10-01 00:00:00+00:00,10.1038/s41467-026-78328-9,Arjang Ruhparwar,,,
Chalcogen‐Driven Conformational Control for Room‐Temperature Phosphorescence and Zn2+ Coordination‐Induced Delayed Fluorescence in Phenazine Derivatives,https://onlinelibrary.wiley.com/doi/10.1002/anie.6013056?af=R,,Wiley: Angewandte Chemie International Edition: Table of Contents,2026-10-01 00:00:09+00:00,10.1002/anie.6013056,Zhen Li,,"ABSTRACT
                  
                    Purely organic luminescent materials are pivotal for optoelectronics, with chalcogen‐fused phenazines serving as basic building blocks owing to their strong electron donating ability and enhanced spin–orbit coupling effect. However, a systematic understanding of how the chalcogen identity governs intrinsic conformational preference between quasi‐axial (QA) and quasi‐equatorial (QE) forms remains elusive. To address this, we designed a series of derivatives featuring phenoxazine, phenothiazine, and phenoselenazine donors coupled with a terpyridine acceptor. We demonstrate that the chalcogen atom dictates molecular conformation: phenoxazine derivative exclusively adopts the QE conformation, phenothiazine derivative predominantly favors QE, while phenoselenazine derivative stabilizes in the QA form. Notably, heating induces a phase transition in polymorphs toward their thermodynamically favored conformations. Furthermore, Zn
                    2+
                    coordination enhances intramolecular charge transfer (ICT) strength, shifting the thermodynamically preferred conformation and triggering a switch from room‐temperature phosphorescence (RTP) to dual RTP–delayed fluorescence (DF) emission. This work validates the chalcogen‐determined conformation and ICT strength can effectively modulates DF/RTP performance, deepening the fundamental understanding of the chalcogen‐mediated conformation and properties for the rational design of organic luminescent materials.",crossref
Membrane Architecture‐Dependent Photophysics of Conjugated Oligoelectrolytes Distinguishes Extracellular Vesicles From Lipoproteins,https://onlinelibrary.wiley.com/doi/10.1002/anie.9487218?af=R,,Wiley: Angewandte Chemie International Edition: Table of Contents,2026-10-01 00:01:07+00:00,10.1002/anie.9487218,Guillermo C. Bazan,,"ABSTRACT
                  Lipid‐bound nanoparticles (LBNs), including extracellular vesicles and lipoproteins, are characterized by distinct membrane architectures that modulate biological functions. However, optical probes capable of directly distinguishing lipid bilayers from monolayers remain limited. Here, we establish conjugated oligoelectrolytes (COEs) as molecular transducers of lipid membrane architecture capable of converting differences in supramolecular organization into distinct optical signatures. Using model systems, we show that COEs intercalate across lipid bilayers but preferentially adsorb onto lipid monolayers. Employing COE‐KP, a probe sensitive to water contact, enabled direct interrogation of membrane microenvironments. Fluorescence lifetime imaging microscopy (FLIM) revealed that COE‐KP exhibits shorter fluorescence lifetimes when associated with lipid monolayers relative to bilayers. Atomistic molecular dynamics simulations corroborate these observations by revealing distinct insertion energetics at monolayer and bilayer interfaces. Guided by this mechanistic framework, we applied COEs in nano‐flow cytometry to discriminate red blood cell‐derived extracellular vesicles from very‐low‐density lipoproteins. These results demonstrate that COEs adopt distinct binding orientations depending on lipid organization and highlight their utility as optical probes for analyzing LBNs. Beyond enabling analysis of biologically relevant LBNs, this work establishes a general molecular framework linking membrane architecture to probe orientation and photophysics, providing a strategy for designing optical reporters that decode membrane organization.",crossref
Crossing the Threshold: Using Photostationary States to Control Supramolecular Polymerisation,https://onlinelibrary.wiley.com/doi/10.1002/anie.5794634?af=R,,Wiley: Angewandte Chemie International Edition: Table of Contents,2026-10-01 00:21:42+00:00,10.1002/anie.5794634,Jake L. Greenfield,,"ABSTRACT
                  
                    The completeness of photoswitching is a key figure of merit for molecular photoswitches. In azo‐based switches, quantitative conversion between the
                    E
                    and
                    Z
                    isomers is typically sought to maximise change in properties, while intermediate photostationary states (PSSs) receive less attention. Here, we show that intermediate PSSs can be functionally useful when coupled to threshold‐regulated processes. We demonstrate this by using a photoswitchable monomer that undergoes cooperative supramolecular polymerisation. The irradiation wavelength controls the concentration of polymerisation‐active monomer; once this concentration crosses the nucleation threshold, small wavelength‐dependent changes in PSS composition produce large changes in aggregation state. The resulting supramolecular polymer assembles in aqueous media and undergoes light‐induced disassembly in the condensed phase. In the broader context, coupling photoswitching to threshold‐dependent assembly provides a novel route to convert subtle changes in PSS composition into an amplified, non‐linear supramolecular response.",crossref
Supramolecular Assembly of an Antimicrobial Peptide Into a Pore,https://onlinelibrary.wiley.com/doi/10.1002/anie.2822225?af=R,,Wiley: Angewandte Chemie International Edition: Table of Contents,2026-10-01 00:26:01+00:00,10.1002/anie.2822225,Antonio Ruzzini,,"ABSTRACT
                  
                    Antimicrobial peptides (AMPs) have long been ascribed the ability to form pores. These structures, some observed, others inferred, vary in their mechanisms of action, though most are associated with lysis. Here, we show that an AMP derived from a truncated staphylococcal δ‐toxin can form functional pores that do not cause rapid lysis but, instead, we suggest that they act as self‐transport systems. Specifically, a 17‐amino acid AMP named STIP3‐1 was observed to oligomerize and form a unique supramolecular helical assembly with an ∼14 Å pore. Substitutions to the STIP3‐1 peptide abolished our ability to detect pore formation in model membranes and prevented peptide accumulation in
                    Staphylococcus aureus
                    . In the case of G3A and G3Aib variants, the substitutions resulted in stabilization of antiparallel 4‐helix bundles rather than a nanotubular assembly characterized by a two‐ring structure formed by repeating trimers. MD simulations suggest that Gly may impart versatility in STIP3‐1 phospholipid binding. Our observation of this remarkable STIP3‐1 structure expands how we can approach mechanistic and translational studies of AMPs.",crossref
Bioinspired Face‐to‐Face Supramolecular Co‐Assembled Arrays Enabled by Cation‐π Interaction With Programmed Electron Transport for Efficient Hydrogen Peroxide Photosynthesis,https://onlinelibrary.wiley.com/doi/10.1002/anie.4053685?af=R,,Wiley: Angewandte Chemie International Edition: Table of Contents,2026-10-01 00:27:03+00:00,10.1002/anie.4053685,Wei Tian,,"ABSTRACT
                  
                    Photocatalytic hydrogen peroxide (H
                    2
                    O
                    2
                    ) production has emerged as a sustainable alternative to the energy‐intensive anthraquinone process, yet its efficiency remains fundamentally limited by inefficient charge transport and electron‐hole recombination. Here, we report a bioinspired strategy for constructing face‐to‐face supramolecular co‐assembled arrays (FF‐SCAAs), in which periodic co‐facial organization serves as a structural platform for programming electron transport pathways toward enhanced photocatalytic H
                    2
                    O
                    2
                    production. Inspired by the signal‐transport arrays of natural compound eyes, cationic trioxatriangulenium (
                    
                      TOTA
                      +
                    
                    ) and electron‐rich benzophenanthrene derivatives are integrated into highly ordered FF‐SCAAs through directional cation‐π interaction. The resulting FF‐SCAAs feature enhanced dipole moments and favorable orbital alignment, enabling extended charge transport channels while intrinsically suppressing electron‐hole recombination. On this basis, FF‐SCAAs achieve a H
                    2
                    O
                    2
                    photosynthesis rate up to 6.46 mmol g
                    −1
                    h
                    −1
                    with a solar‐to‐chemical conversion efficiency of 0.84%. Ultrafast spectroscopic and mechanistic studies demonstrate that the periodic co‐facial arrays promote directional excited‐state electron migration and selective two‐electron oxygen reduction pathways for H
                    2
                    O
                    2
                    generation. Furthermore, the in situ generated H
                    2
                    O
                    2
                    is fed into a cascade wastewater treatment system and consumed in a downstream Fenton process for efficient degradation of phenolic pollutants.",crossref
One‐Pot Sequential Catalysis as a General Method for Pore‐Wall Functionalization of Vinylene‐Linked Covalent Organic Frameworks,https://onlinelibrary.wiley.com/doi/10.1002/anie.4613575?af=R,,Wiley: Angewandte Chemie International Edition: Table of Contents,2026-10-01 00:32:24+00:00,10.1002/anie.4613575,Deming Kong,,"ABSTRACT
                  Vinylene‐linked covalent organic frameworks (COFs) are robust crystalline porous materials with high thermal stability and extended π‐conjugation, but their pore‐wall functionalization remains challenging because many functional groups are incompatible with the basic conditions required for Knoevenagel polymerization. Here, we report a one‐pot acid–base sequential catalytic strategy that decouples pore‐wall functionalization from framework growth. Acid‐catalyzed Schiff‐base condensation between functional monoaldehydes and benzylic diamine nodes first installs pore‐facing functional units and activates benzylic methylene sites; subsequent in situ switching to basic conditions promotes Knoevenagel polymerization with multitopic aldehydes to afford vinylene‐linked COFs. Using this strategy, we constructed a chemically diverse series of functionalized COFs bearing nitro, halogen, organic oxoacid, electron deficient heterocycle, and cyano groups across mesoporous and narrow microporous architectures. The modular combination of functional monoaldehydes, diamine nodes, and COF forming aldehyde monomers enables systematic variation of inward‐facing pore chemistry and pore aperture. Paired COFs with similar pore wall motifs but distinct pore apertures reveal how pore confinement regulates cooperative water vapor uptake. This work establishes one‐pot sequential catalysis as a versatile paradigm for functionalizing vinylene‐linked COFs and regulating their properties through coordinated control of pore chemistry and size.",crossref
Mechanically Planar Chiral [2]Rotaxanes for Multistate Circularly Polarized Luminescence Switching,https://onlinelibrary.wiley.com/doi/10.1002/anie.5185321?af=R,,Wiley: Angewandte Chemie International Edition: Table of Contents,2026-10-01 00:50:53+00:00,10.1002/anie.5185321,Wei Wang,,"ABSTRACT
                  
                    Aiming to construct novel solid‐state circularly polarized luminescence (CPL) switches with multistate emission and high dissymmetry factors (
                    g
                    lum
                    ), a co‐conformationally controllable mechanically planar chiral [2]rotaxane was designed and synthesized. Ascribed to the unique intermolecular three‐dimensional (3D) stacking, the resultant mechanically planar chiral [2]rotaxane exhibits strong CPL in the solid state with a |
                    g
                    lum
                    | value of 0.003. Interestingly, by precisely controlling the interlocked modes between the axle and macrocycle components using two different stimuli, reversible transformations between multiple aggregation states were successfully achieved, including acid‐triggered CPL quenching and Li
                    +
                    ‐triggered CPL enhancement with a |
                    g
                    lum
                    | value of 0.018. Moreover, the dual‐stimuli‐responsive multistate CPL behavior enabled its application in advanced information encryption, highlighting the potential of the mechanically planar chiral platform. As the first CPL switch based on mechanically planar chirality, this proof‐of‐concept study not only provides new insights into multistate solid‐state CPL but also holds potential for developing novel smart chiral luminescent materials for practical applications.",crossref
Concerted Steering of Interfacial Water and Hydrogen Spillover via Optimum Orbital Hybridization for Alkaline Water Electrocatalysis,https://advanced.onlinelibrary.wiley.com/doi/10.1002/adma.75200?af=R,,Wiley: Advanced Materials: Table of Contents,2026-10-01 01:00:59+00:00,10.1002/adma.75200,Zhiqun Lin,,"ABSTRACT
                  
                    Developing efficient non‐precious electrocatalysts for hydrogen evolution reaction (HER) in alkaline media is critical for industrial water electrolysis, yet sluggish water dissociation and inefficient hydrogen transfer kinetics remain key bottlenecks. Herein, we report NiCo/MoO
                    2
                    co‐implanted in N‐doped carbon spheres (NiCo/MoO
                    2
                    ‐NC) as a model electrocatalyst to unravel how 3d‐4d‐2p orbital hybridization dictates dynamic interface water evolution and hydrogen spillover. In situ Raman spectroscopy reveals a dynamic transformation of hydrogen‐bonded water into free water, enabling self‐modulation of interfacial water that promotes water dissociation and ensures sufficient protons supply. Density functional theory (DFT) calculations show that orbital hybridization regulates d‐band center and interfacial electron redistribution, thereby optimizing water adsorption and dissociation on NiCo. Concurrently, hydrogen spillover from NiCo to MoO
                    2
                    balances H* adsorption/desorption, accelerating H
                    2
                    evolution kinetics. The catalyst also undergoes surface reconstruction at low applied potential, enhancing oxygen evolution reaction (OER) kinetics. As a result, NiCo/MoO
                    2
                    ‐NC exhibits low overpotentials of 32 mV (10 mA cm
                    −
                    2
                    ) for HER and 250 mV for OER, and enables an anion exchange membrane water electrolyzer to deliver 500 mA cm
                    −2
                    at 1.70 V, with stable operation over 500 h. These findings establish orbital hybridization as a key lever for coordinating interfacial water and hydrogen transfer in alkaline electrocatalysis.",crossref
Achieving Ultrawide Negative Thermal Expansion up to 1300 K via Structural Flexibility Engineering,https://advanced.onlinelibrary.wiley.com/doi/10.1002/adma.75195?af=R,,Wiley: Advanced Materials: Table of Contents,2026-10-01 01:02:04+00:00,10.1002/adma.75195,Qilong Gao,,"ABSTRACT
                  
                    Developing novel open‐framework negative thermal expansion (NTE) materials with both a strong NTE effect and a wide temperature range is crucial for thermal expansion control in high‑precision devices. Inspired by the concept of average atomic volume (AAV), continuous regulation of thermal expansion from positive to zero to negative across a broad temperature range was achieved in the Rb
                    
                      x
                    
                    Mn
                    
                      x
                    
                    Lu
                    2−
                    
                      x
                    
                    Mo
                    3
                    O
                    12
                    system through the reverse design of the guest ion extraction process. Guest ion removal effectively enhances lattice flexibility, enabling Rb
                    0.4
                    Mn
                    0.4
                    Lu
                    1.6
                    Mo
                    3
                    O
                    12
                    to exhibit strong NTE performance (
                    α
                    v
                    = −25.5 × 10
                    −6
                    K
                    −1
                    ) over an ultra‐wide temperature range from 100 to 1300 K. A joint study of synchrotron x‐ray diffraction, Raman spectroscopy, and first‐principles calculations was conducted to investigate the structure, thermal expansion, and NTE mechanism. The coupling rotation between Mn/LuO
                    6
                    octahedra and MoO
                    4
                    tetrahedra, excited by the transverse thermal vibrations of oxygen atoms, is responsible for the NTE in Rb
                    
                      x
                    
                    Mn
                    
                      x
                    
                    Lu
                    2−
                    
                      x
                    
                    Mo
                    3
                    O
                    12
                    . This work not only provides a wide temperature range NTE compounds, but also gives one way to design NTE with open‐framework structure materials.",crossref
Hofmeister‐Type Anion Regulation Suppresses Electrochemical Acidification for Long‐Life TEMPO‐Based Aqueous Flow Batteries,https://advanced.onlinelibrary.wiley.com/doi/10.1002/adma.75077?af=R,,Wiley: Advanced Materials: Table of Contents,2026-10-01 01:04:45+00:00,10.1002/adma.75077,Jiangxuan Song,,"ABSTRACT
                  
                    2,2,6,6‐Tetramethylpiperidine 1‐oxyl (TEMPO)‐based aqueous redox flow batteries are attractive for grid‐scale energy storage owing to their high redox potentials, fast kinetics, and high solubilities. However, their practical application is limited by progressive catholyte acidification, which accelerates disproportionation and ring‐opening degradation of TEMPO species, particularly at high concentrations. Herein, representative TEMPO derivatives are systematically investigated to elucidate the origin of acidification and its impact on cycling stability. Operando electrochemical and spectroscopic analyses reveal a common two‐stage acidification process that is largely independent of molecular substituents. The initial irreversible acidification originates from parasitic chloride oxidation and subsequent hydrolysis of reactive chlorine species, whereas the second stage arises from reversible proton release associated with nitroxyl radical/
                    N
                    ‐oxoammonium interconversion. More importantly, Hofmeister‐type anion regulation is identified as a dominant factor governing proton activity and catholyte stability. Guided by this mechanism, replacing chaotropic chloride anions with kosmotropic sulfate anions effectively suppresses acidification and substantially improves cycling durability. Consequently, the optimized 1.0 M catholyte delivers 97.6% capacity retention after 300 cycles (413 h), while several‐fold lifetime enhancements are achieved across structurally distinct TEMPO systems. This study establishes a Hofmeister‐regulated electrolyte engineering strategy for stable aqueous flow batteries.",crossref
Bidirectional Electronic Modulation within Cu2O Lattice for Ampere‐Level CO2 Electroreduction to Ethylene,https://advanced.onlinelibrary.wiley.com/doi/10.1002/adma.75201?af=R,,Wiley: Advanced Materials: Table of Contents,2026-10-01 01:04:50+00:00,10.1002/adma.75201,Liang‐Nian He,,"ABSTRACT
                  
                    Electrochemical CO
                    2
                    reduction to ethylene requires Cu sites that simultaneously enrich carbon intermediates, promote C–C coupling, and suppress hydrogen evolution at high current density. Heteroatom doping is widely used to tune Cu‐based catalysts. However, conventional single‐dopant strategies typically impose either electron donation or electron withdrawal, limiting their ability to balance these coupled interfacial processes. Herein, a Y single‐atom and Cl co‐modified Cu
                    2
                    O catalyst (Y
                    0.19
                    ‐Cu
                    2
                    O‐Cl) is developed to create lattice‐confined donor–acceptor pairs for bidirectionally modulating Cu electronic states. Formation energy calculations prove the favorable thermodynamics of Y–Cl co‐doping configuration. HAADF‐STEM, XPS, and XAS support atomically dispersed Y, retained Cl‐containing species, and coupled charge redistribution within the Cu
                    2
                    O‐derived matrix. In situ Raman/ATR‐SEIRAS and density functional theory calculations reveal that Y favors *CO enrichment, whereas Cl modifies hydrogen adsorption; the two dopants synergistically regulate Cu
                    +
                    active sites and lower the C–C coupling energy barrier from 0.75 to 0.39 eV. Consequently, the catalyst achieves an FE
                    C2H4
                    of 62.5% at 656.6 mA cm
                    −2
                    and maintains higher ethylene selectivity than the singly modified controls, establishing donor–acceptor electronic pairing as a strategy for industrial‐grade current densities for CO
                    2
                    electroreduction.",crossref
Customized Buried Interface for High Performance All‐Inorganic CsSnI3‐Based NIR Perovskite Light‐Emitting Diodes via a Guanidinium Derivative,https://advanced.onlinelibrary.wiley.com/doi/10.1002/adma.75220?af=R,,Wiley: Advanced Materials: Table of Contents,2026-10-01 01:07:14+00:00,10.1002/adma.75220,Kebin Lin,,"ABSTRACT
                  
                    CsSnI
                    3
                    ‐based perovskite light‐emitting diodes (PeLEDs) show great potential in near‐infrared (NIR) applications, yet device performance is limited by interfacial degradation at the acidic hole‐transport layer (HTL) based on Poly(3,4‐ethylenedioxythiophene):poly(styrene sulfonate) (PEDOT:PSS). Herein, a multifunctional guanidine derivative of N‐(3‐methoxy‐phenyl)‐guanidine (NMPG), is used to modify the buried interface between the CsSnI
                    3
                    perovskite and the HTL. NMPG deprotonates the polystyrene sulfonic acid (PSSH) of PSS and reduces the acidity of PEDOT:PSS, while its methoxy and C═N groups coordinate with Sn
                    2+
                    , effectively inhibiting Sn
                    2+
                    oxidation, passivating Sn (II) induced defects. This customized buried interface enables uniform and discrete growth of perovskite grain, improves charge injection balance, and enhances vertical compositional and optical homogeneity. As a result, the target PeLEDs achieve a competitive maximum external quantum efficiency (EQE) of 9.0% and a high average EQE of 8.4%, significantly outperforming the control device (
                    EQE
                    max
                    = 6.6%,
                    EQE
                    ave
                    = 5.5%). The target PeLEDs also demonstrate superior operational stability, with a T
                    50
                    lifetime of 67.9 h, representing a 5‐fold improvement compared to the control PeLEDs. This work reveals the pivotal role of buried interface chemistry and presents a viable molecular design strategy for achieving high‐performance CsSnI
                    3
                    ‐based PeLEDs.",crossref
Interstitial C‐Atom Insertion‐Assisted High‐Entropy Engineering Boosts Ultrastable Ampere‐Level Oxygen Evolution,https://advanced.onlinelibrary.wiley.com/doi/10.1002/adma.74788?af=R,,Wiley: Advanced Materials: Table of Contents,2026-10-01 01:09:45+00:00,10.1002/adma.74788,Siyu Lu,,"ABSTRACT
                  
                    Active and stable noble metal‐free oxygen evolution reaction (OER) electrocatalysts are required for high‐performance water splitting using renewable energy. Here, we report that interstitial C atoms doping into high‐entropy transition metal oxide nanosheets (IC‐HETMO NSs) can extend the OER durability in alkalinity by approximately two orders of magnitude over that of HETMO NSs, along with excellent activity. IC‐HETMO NSs deliver a low overpotential of 260 mV in 1.0 M KOH at 500 mA cm
                    −2
                    while maintaining 8000 h (over 11 months), demonstrating notable stability and activity under the tested conditions. Operando spectroscopy measurements, together with first‐principles analyses, support that IC‐HETMO NSs preferably follow a low‐energy pathway involving direct
                    *
                    O─
                    *
                    O radical coupling from adsorbed water, resulting in electrocatalytic stability. The calculations also confirm that C‐doping can optimize metal–O covalency, thus allowing enhanced resistance to over‐oxidation and demetallation. In practical anion‐exchange membrane water electrolysis, IC‐HETMO NSs‐based electrolyzer exhibits a low voltage of 1.68 V and good stability at 1.0 A cm
                    −2
                    for 2950 h at 60°C.",crossref
Agentic Modeling Framework for Materials‐to‐Device Cross‐Scale Design of Perovskite Solar Cells,https://advanced.onlinelibrary.wiley.com/doi/10.1002/aenm.71671?af=R,,Wiley: Advanced Energy Materials: Table of Contents,2026-10-01 01:45:38+00:00,10.1002/aenm.71671,Yanming Wang,,"ABSTRACT
                  Perovskite solar cells (PSCs) have progressed rapidly over the past decade. As the core functional layer, the intrinsic properties of perovskite materials, including band structure, carrier transport, and optical response, strongly influence PSC performance. Theoretical calculations support absorber screening and device‐performance prediction. However, most studies remain confined to either materials‐level investigation or device‐level evaluation, without a general framework linking microscopic material properties to macroscopic device performance. To address this gap, we develop a large language model (LLM)‐driven, materials‐to‐device cross‐scale agentic framework that establishes a closed‐loop workflow from first‐principles descriptor extraction to solar‐cell performance optimization. A Manager Agent coordinates density functional theory (DFT)‐based materials calculations, drift‐diffusion device simulation, and Bayesian optimization of PSC architectures. Through the model context protocol (MCP), 55 in‐house tools and analysis/simulation programs are encapsulated and orchestrated as callable skills, enabling human‐in‐the‐loop review, cross‐scale parameter transfer, task‐state control, simulation execution, provenance tracking, and error recovery. Across 24 multi‐turn sessions and 60 benchmark turns, the agent achieved a pass rate of 96.7%, significantly outperforming OpenClaw (60.0%). This work provides an extensible methodological route for traceable, auditable, and closed‐loop cross‐scale research on PSCs.",crossref
Photon Tunneling Cascade to Enhance Solar Energy Concentrator in a Sheath/Core Polymer Sheet,https://advanced.onlinelibrary.wiley.com/doi/10.1002/aenm.71656?af=R,,Wiley: Advanced Energy Materials: Table of Contents,2026-10-01 01:47:32+00:00,10.1002/aenm.71656,Jianguo Tang,,"ABSTRACT
                  
                    Luminescent solar concentrators (LSCs) enable large‐area solar energy harvesting for photovoltaic applications, yet their performance is fundamentally limited by inefficient photon injection and waveguiding losses. Here, we report a photon tunneling cascade strategy that establishes a synergistic multilayer photon‐management architecture within a sheath/core polymer LSC. In this system, Eu
                    3
                    +
                    ‐induced polystyrene‐block‐polyacrylic acid nanoaggregates (EIPAs) are embedded in polyethylene terephthalate (PET) as the photon‐guiding core, while the EIPAs‐doped epoxy sheath provides a luminescent source adjacent to PET and facilitates interfacial coupling. A possible localized evanescent contribution may occur near the EES/PET interface, followed by lightguiding and total internal reflection, with the low‐index outer layer enhancing confinement. A second low‐refractive‐index fluoropolymer sheath (LRS) suppresses surface reflection and photon escape, enabling efficient in‐plane photon transport. The combination of large Stokes shift and high photoluminescence quantum yield (72%) minimizes reabsorption losses and ensures spectral matching with edge‐mounted solar cells. As a result, the optimized E@P‐EL device achieves an optical efficiency (η
                    opt
                    ) of 19.15%, together with a power conversion efficiency of 5.06% at an active area of 11 cm
                    2
                    and an average visible transmittance of 67.15%. This work establishes a robust and scalable pathway for high‐performance LSCs through cascade photon tunneling and hierarchical structural design.",crossref
Electrolyte Interfacial Reactivity Regulates Alloying Anode Pulverization,https://advanced.onlinelibrary.wiley.com/doi/10.1002/aenm.71596?af=R,,Wiley: Advanced Energy Materials: Table of Contents,2026-10-01 01:48:24+00:00,10.1002/aenm.71596,Xiaolin Li,,"ABSTRACT
                  Alloying materials are promising anodes for high‐energy alkali‐ion batteries but suffer from rapid capacity fading. Here we demonstrate that tuning electrolyte‐anode interfacial reactivity enables ∼99% capacity retention of high‐loading bismuth anodes over 250 cycles in sodium‐ion batteries, whereas a highly reactive electrolyte results in rapid capacity decay to ∼20% within 10 cycles. Using bulk bismuth as a model system, we show that electrolyte interfacial reactivity critically governs anode pulverization and electrochemical stability by modulating grain refinement and the coupled evolution of particle cracking, electrode architecture, and solid‐electrolyte interphase (SEI) growth. Severe bismuth particle cracking and compositionally similar SEIs are observed in designed electrolytes of differing reactivities. A low‐reactivity electrolyte produces a porous electrode composed of micrometer‐sized bismuth grains coated with a thin SEI. In contrast, a high‐reactivity electrolyte drives pulverization into fine nanoparticles encapsulated by a thick SEI, yielding dense electrodes and fast capacity failure. This mechanism, further validated in Sn anodes for sodium‐ion batteries, is expected to be broadly applicable to large‐volume‐change alloying anodes, offering a general strategy for the development of next‐generation high‐energy alkali‐ion batteries.",crossref
Dynamic Phosphate Hydrogen‐Bonded Networks Enable Biomedical‐Ready Stabilization of Black Phosphorus,https://onlinelibrary.wiley.com/doi/10.1002/anie.1894063?af=R,,Wiley: Angewandte Chemie International Edition: Table of Contents,2026-10-01 01:49:40+00:00,10.1002/anie.1894063,Jun Xu,,"ABSTRACT
                  Black phosphorus (BP) has emerged as a promising nanomaterial for biomedical applications such as photothermal therapy and drug delivery, owing to its biocompatibility and tunable biodegradability. However, its practical use is severely limited by rapid oxidative degradation in aqueous environments. Here we report an unconventional passivation strategy in which standard, biocompatible saturated phosphate‐buffered saline (PBS) stabilizes BP through the in situ assembly of a dynamic phosphate hydrogen‐bonded network at the solid–liquid interface. Mild surface oxidation of BP initiates hydrogen‐bond interactions with phosphate species, which spontaneously self‐organize under high phosphate concentrations. This adaptive network thermodynamically suppresses oxygen and water adsorption without permanent modification or coatings. As a result, BP exhibits long‐term stability in saturated PBS while retaining its intrinsic functional properties. Since PBS is a classical buffer in biomedicine, the stabilized dispersions require no separation or purification, allowing direct dilution for biomedical use. Beyond BP, this work suggests that phosphate hydrogen‐bonded network engineering can serve as a generalizable strategy for stabilizing diverse two‐dimensional materials in complex aqueous environments.",crossref
Combinatorial Biosynthesis of Antithrombotic Flavonoid 6‐O‐Glycosides From Carthamus tinctorius,https://onlinelibrary.wiley.com/doi/10.1002/anie.8881851?af=R,,Wiley: Angewandte Chemie International Edition: Table of Contents,2026-10-01 01:52:37+00:00,10.1002/anie.8881851,Min Ye,,"ABSTRACT
                  
                    Flavonoid 6‐
                    O
                    ‐glycosides from
                    Carthamus tinctorius
                    (safflower) represent a unique class of potential antithrombotic agents. However, their pharmaceutical development has been hindered by limited natural resources. In this study, we characterized four key biosynthetic enzymes from
                    C. tinctorius
                    : Ct6OGT (6‐
                    O
                    ‐glycosyltransferase), Ct7OGT (7‐
                    O
                    ‐glycosyltransferase), Ct3OGT (3‐
                    O
                    ‐glycosyltransferase), and CtFLS (flavonol synthase). Among them, Ct6OGT is the first identified high‐regioselectivity flavonoid 6‐
                    O
                    ‐glycosyltransferase. By combining these enzymes with upstream genes identified from safflower, we established an in vitro enzymatic approach for the synthesis of 6‐hydroxykaempferol 3,6,7‐tri‐
                    O
                    ‐glycosides. Notably, enzymatic assays demonstrated that the 3,6,7‐
                    O
                    ‐triglycosides were synthesized via a sequential linear glycosylation pathway, in the order of 6‐
                    O
                    ‐, 7‐
                    O
                    ‐, and finally 3‐
                    O
                    ‐glycosylation. Through combinatorial biosynthesis, we further produced 26 flavonoid 6‐
                    O
                    ‐glycosides, including naturally occurring compounds from
                    C. tinctorius
                    and novel analogs. Subsequent evaluation in a zebrafish model revealed these flavonoid 6‐
                    O
                    ‐glycosides exhibited antithrombotic activities, with 6‐hydroxylation and 6‐
                    O
                    ‐glycosylation remarkably enhancing the potency. This work represents the first report of an enzymatic synthetic method for flavonoid 6‐
                    O
                    ‐glycosides, and provides a valuable foundation for their future drug development.",crossref
A Self‐Powered Ocean Energy Platform Enabling Green Hydrogen Production and Smart Ocean Monitoring From Irregular Wave Energy,https://advanced.onlinelibrary.wiley.com/doi/10.1002/aenm.71674?af=R,,Wiley: Advanced Energy Materials: Table of Contents,2026-10-01 01:53:20+00:00,10.1002/aenm.71674,Zhong Lin Wang,,"ABSTRACT
                  
                    Triboelectric nanogenerators (TENGs) are promising for harvesting low‐frequency, stochastic ocean‐wave energy, yet their limited power output and inefficient energy utilization hinder practical marine applications. Here, we present an in‐phase dual‐layer oscillating float triboelectric nanogenerator (IDOF‐TENG) that directly converts irregular ocean‐wave energy into electricity for simultaneous green hydrogen production and smart ocean monitoring. The IDOF‐TENG integrates synchronized dual‐layer polytetrafluoroethylene (PTFE) triboelectric interfaces for constructive charge superposition with a noncontact reciprocating rotation mechanism combining helical transmission and planetary gearing to efficiently harvest multidirectional wave energy. Under 1.0 Hz mechanical excitation, the device delivers a maximum output current of 0.48 mA and a peak volumetric power density of 81.23 W m
                    −3
                    , while maintaining stable operation over 60 h. Coupled with a power management circuit and a hydrothermally synthesized MoS
                    2
                    /NiCo
                    2
                    O
                    4
                    /NF electrocatalyst, the harvested energy drives self‐powered water splitting with a hydrogen evolution rate of 56.22 µL min
                    −1
                    under realistic wave conditions. The stored electrical energy also continuously powers marine Internet‐of‐Things devices, including navigation beacons, wireless water‐quality monitoring, and temperature‐humidity sensing. This work establishes a scalable self‐powered ocean energy platform that bridges ocean‐wave energy harvesting with green hydrogen production and autonomous marine sensing, providing a practical strategy for sustainable offshore energy systems.",crossref
Stable α‐Nitroaziridines Enable Ketenimine Chemistry,https://onlinelibrary.wiley.com/doi/10.1002/anie.7400940?af=R,,Wiley: Angewandte Chemie International Edition: Table of Contents,2026-10-01 01:56:35+00:00,10.1002/anie.7400940,Jing Li,,"ABSTRACT
                  
                    Highly reactive electron‐deficient ketenimines are versatile yet short‐lived intermediates whose synthetic use is constrained by the coupled conditions required for their generation and capture. Here, we introduce bottleable
                    α
                    ‐nitroaziridines that store ketenimine reactivity in stable, isolable precursors. Accessible through modular gram‐scale synthesis, these precursors tolerate chromatographic purification and long‐term storage and remain dormant when premixed with water and nucleophiles. Mild activation triggers ring opening and nitrite extrusion, releasing ketenimines on demand for diverse
                    N
                    ‐,
                    O
                    ‐, and
                    C
                    ‐trapping reactions, cyclizations, cycloadditions, and late‐stage conjugations, with selected transformations proceeding under water‐containing conditions. Isotope labeling, nitrite‐release quantification, in situ infrared (IR) spectroscopy, convergence with an independent ketenimine‐generation pathway, and density functional theory (DFT) calculations support the release mechanism. By temporally decoupling reaction‐environment preassembly from transient‐intermediate generation,
                    α
                    ‐nitroaziridines establish a compatibility‐before‐activation strategy for ketenimine chemistry.",crossref
Characterization of a Fungal Modular Polyketide Synthase System Reveals an Unusual Strategy for Polyketide Chain Initiation,https://onlinelibrary.wiley.com/doi/10.1002/anie.7344670?af=R,,Wiley: Angewandte Chemie International Edition: Table of Contents,2026-10-01 01:59:37+00:00,10.1002/anie.7344670,Yudai Matsuda,,"ABSTRACT
                  
                    Polyketides constitute a major class of natural products with remarkable structural diversity and biological activities. While bacteria predominantly produce polyketides via modular type I polyketide synthases (PKSs), eukaryotic modular PKSs remain largely unexplored. Here, we report the functional characterization of a fungal modular PKS system from
                    Lasiodiplodia theobromae
                    through heterologous expression in
                    Aspergillus oryzae
                    , leading to the production of the antimalarial macrolide strasseriolide C (
                    1
                    ). Intriguingly, biosynthesis of
                    1
                    involves
                    C
                    ‐methylation of the starter malonyl unit despite the absence of a methyltransferase domain in the loading module. Furthermore, module 2 of the PKS system contains an unusual arrangement of four consecutive acyl carrier protein (ACP) domains. Although the catalytic basis of this methylation remains unresolved, our isotope‐labeling experiments, mutational analyses, and in vitro biochemical assays support a model in which the malonyl unit loaded onto the module 2 ACPs is transferred to the loading ACP, where starter‐unit methylation is proposed to occur prior to chain initiation. Our study reveals unexpected biosynthetic logic and establishes a foundation for mechanistic studies and engineering of eukaryotic modular PKSs.",crossref
"Bioinspired Interlocking Hierarchical Heterostructures Endow Iontronic Pressure Sensors With Superior Strain Insensitivity, Air Permeability, and Sensing Performance for Neurodegenerative Disease Assessment",https://advanced.onlinelibrary.wiley.com/doi/10.1002/adma.75211?af=R,,Wiley: Advanced Materials: Table of Contents,2026-10-01 02:32:30+00:00,10.1002/adma.75211,Jin Wu,,"ABSTRACT
                  Pressure sensors, with their immense potential for detecting fine physiological activities and monitoring neurological disease‐related signals, face significant challenges, including the occurrence of signal artifacts during stretching and low comfort due to poor breathability. Here, a bioinspired interlocking hierarchical heterostructure (BIHH) is synergistically designed by anchoring a porous textile‐microstructured ionogel to stretchable laser‐induced graphene electrodes to simultaneously enhance strain insensitivity, pressure sensing performance, and wearable comfort. This modulus‐gradient heterogeneous mechanical network induces interfacial strain partitioning: tensile strain dissipates along porous Ecoflex frameworks, while the pressure‐sensitive domains are mechanically locked against deformation. Consequently, the sensor exhibits a mere 2% signal variation under 100% strain, maintaining consistent sensing capability even under severe stretching. Meanwhile, the hierarchical porous microstructure reconciles high‐performance iontronic pressure sensing with skin‐conformable breathability for array‐based touch and human physiological signal perception. Furthermore, by integrating artificial intelligence recognition algorithms, a five‐channel finger tapping assessment system achieves an accuracy of 97% in distinguishing different tapping patterns for the early auxiliary screening and rehabilitation of neurodegenerative diseases. This effective strategy opens a promising path for designing devices that reduce motion artifact interference while enhancing pressure sensing performance and comfort for on‐skin physiological activity monitoring.",crossref
"Nickel‐Catalyzed Enantioselective Addition of Aromatic, Heteroaryl, and Alkenyl Halides to Aliphatic Aldimines",https://onlinelibrary.wiley.com/doi/10.1002/anie.9277033?af=R,,Wiley: Angewandte Chemie International Edition: Table of Contents,2026-10-01 02:46:18+00:00,10.1002/anie.9277033,Jianrong Steve Zhou,,"ABSTRACT
                  Nickel complexes of chiral bis(oxazoline)s of rigid conformation efficiently promoted highly enantioselective addition of aryl, heteroaryl halides, and alkenyl halides to alkyl aldimines, providing most chiral amines in 99% ee or above. The method features broad substrate scopes, mild conditions, good tolerance of sensitive groups, low loading of nickel catalysts and ready scalability to synthesis in grams. The method was applied in concise preparation of ten medicinally relevant chiral benzylamines and azacycles. Kinetic profiling revealed that efficient Mn reduction contributed significantly to overall rates, and Lewis‐acidic titanium alkoxide assisted several reductive steps in the catalytic cycle. Density functional theory (DFT) calculations revealed a low‐barrier 1,2‐insertion of neutral complexes of aryl‐nickel(I) to imines. The cyclic linker of chiral bis(oxazoline) not only rigidifies the chelate ring formed on nickel, but also induces 99% ee or above during aryl transfer via Thorpe‐Ingold effect.",crossref
"Piezocatalysis: Concepts, Advances, and Opportunities",https://advanced.onlinelibrary.wiley.com/doi/10.1002/adma.75104?af=R,,Wiley: Advanced Materials: Table of Contents,2026-10-01 03:15:01+00:00,10.1002/adma.75104,Xiaoyuan Zhou,,"ABSTRACT
                  Piezocatalysis has recently emerged as a distinct paradigm of force‐driven catalysis, in which mechanical stress applied to piezoelectric materials induces internal electric fields that activate redox reactions under mild conditions. This mechanical‐to‐electrical energy conversion offers a new catalytic activation mode, particularly suited for scenarios where conventional stimuli are unavailable or undesirable. Over the past decade, substantial progress has been achieved in elucidating fundamental mechanisms, advancing material platforms, and demonstrating functional applications spanning environmental remediation, sustainable energy conversion, and biomedical therapies. Despite these advances, the field still lacks an integrated framework that connects fundamental concepts, mechanistic models, material design, performance optimization, standardized evaluation and benchmarking, and practical applications. This review establishes such a framework by systematically integrating these elements into a coherent structure for understanding, evaluating, and advancing piezocatalysis. Throughout, we place particular emphasis on what evidence is required to identify genuine piezocatalysis, how catalytic performance should be benchmarked under different mechanical inputs, and how conventional piezoelectric parameters relate to catalytic activity. We further discuss representative applications and outline remaining challenges and future opportunities, aiming to advance piezocatalysis from laboratory demonstrations toward reliable, efficient, and practical catalytic processes.",crossref
Coordination‐Triggered Coupling‐Pathway Control in Organic Diradical Cations,https://onlinelibrary.wiley.com/doi/10.1002/anie.3435388?af=R,,Wiley: Angewandte Chemie International Edition: Table of Contents,2026-10-01 03:27:57+00:00,10.1002/anie.3435388,Jian Pei,,"ABSTRACT
                  Organic diradicals with stimuli‐responsive spin interaction tunability have attracted considerable interest due to their unique controllable magnetic behaviors. However, due to the challenges of introducing tuning centers into the highly reactive diradical systems, only limited cases of tunable diradicals have been reported. Herein, we demonstrated that a boron center placed directly between two spin sources can serve as a coordination‐responsive antiferromagnetic coupling unit to modulate magnetic interactions in an organic diradical system. We developed a boron‐based diradical cation which can be readily coordinated by acetonitrile. Both the non‐coordinated diradical cation and the adduct were comprehensively characterized by single‐crystal X‐ray diffraction, SQUID magnetometry, EPR spectroscopy, and further analyzed by DFT calculations. After coordination, the spin interaction through boron is weakened, resulting in a significant reduction in the antiferromagnetic coupling strength while shortening the average spin‐spin distance. The non‐coordinated form possesses a singlet ground state, while the adduct has nearly degenerate singlet and triplet states. To the best of our knowledge, this work represents the first experimental demonstration of coordination‐triggered coupling pathway control in organic diradical cations, thereby providing a new approach for controlling spin interactions through chemical coordination.",crossref
Difluoromethylenation of Alkynes: Streamlined Access to Allyl Difluorides,https://onlinelibrary.wiley.com/doi/10.1002/anie.8050538?af=R,,Wiley: Angewandte Chemie International Edition: Table of Contents,2026-10-01 03:31:32+00:00,10.1002/anie.8050538,Sébastien Thibaudeau,,"ABSTRACT
                  
                    A direct difluoromethylenation of alkynes has been developed using HF/pyridine as a dual acidic and fluorinating medium. The reaction proceeds via in situ generation of a primary oxocarbenium ion from formaldehyde, enabling efficient formation of two C(sp
                    3
                    )─F bonds and one C(sp
                    2
                    )═C(sp
                    2
                    ) bond in a single step without the need for pre‐functionalized reagents. This strategy offers a concise route to allyl difluorides as a complementary approach to incorporate difluoromethylene motifs into complex molecular frameworks. Additional spectroscopic and computational investigations provide insights into this mechanism.",crossref
Complementary Eigen–Zundel Interpretation Reconciles Thermodynamics and Spectroscopy of Excess Protons in Aqueous HF Solutions,https://onlinelibrary.wiley.com/doi/10.1002/anie.3996002?af=R,,Wiley: Angewandte Chemie International Edition: Table of Contents,2026-10-01 03:32:36+00:00,10.1002/anie.3996002,Roland R. Netz,,"ABSTRACT
                  Aqueous solutions of HF and HCl behave very differently at intermediate concentrations: HCl dissociates completely, whereas HFonly partially dissociates and forms bifluoride (). This should lead to markedly different excess‐proton spectra in HF and HCl solutions, in contrast to experimental reports. Using ab initio molecular dynamics, we show that in HF the proton is not firmly bound to , as suggested by textbook chemistry, but dynamically shared with a hydrating water molecule. This is rationalized by a modified Eigen‐picture description which also explains the formation of . The similar vibrational spectra of HF and HCl solutions are explained by a complementary Zundel picture in terms of almost identical excess proton transfer free‐energy profiles for HF and HCl. These results reconcile thermodynamic and spectroscopic observations and provide a unified microscopic picture of excess protons in aqueous solution.",crossref
Induced Restructuring of a Supramolecular Metal‒Organic Framework Into a Cu─Zn Alloy Catalyst for Reverse Water–Gas Shift,https://onlinelibrary.wiley.com/doi/10.1002/anie.4933664?af=R,,Wiley: Angewandte Chemie International Edition: Table of Contents,2026-10-01 03:33:39+00:00,10.1002/anie.4933664,Pedro Castaño,,"ABSTRACT
                  
                    In Cu–Zn catalysts used for the reverse water–gas shift (RWGS) reaction, Cu and Zn phases remain dispersed, while the Cu–Zn interphase is widely regarded as the catalytically active site. Herein, we engineered a ZnO‐decorated Cu‐rich Cu–Zn alloy using a mixed Cu/Zn oxalate‐based supramolecular metal–organic framework precursor with compositionally homogeneous Cu/Zn mixing. The resulting Cu–Zn catalyst (Cu–Zn|C‐oxo|R) maintained &gt;99% CO selectivity and, at 550°C, delivered a Cu‐normalized CO space–time yield (STY) of 1580 mmol
                    CO
                     g
                    Cu
                    −1
                     h
                    −1
                    , higher than those of the Cu‐only and commercial Cu–Zn–Al benchmarks. Under a high space velocity test, the Cu–Zn|C‐oxo|R catalyst remained stable for &gt;50 h at 550°C. Operando Cu K‐edge x‐ray absorption spectroscopy shows that Cu is reduced to a predominantly metallic local environment that persists under RWGS conditions. Complementary in situ x‐ray diffraction and electron microscopy identify Cu‐rich Cu–Zn alloy domains in contact with ZnO, while in situ diffuse reflectance infrared Fourier transform spectroscopy is consistent with an associative formate‐mediated RWGS pathway at these interfaces. Density functional theory calculations further revealed that these interfacial sites favor the formate reaction pathway, providing a molecular‐level rationale for the enhanced catalytic activity.",crossref
Pore Compartmentalization of CO2 and H2O in a Redox‐Active Adsorbent,https://onlinelibrary.wiley.com/doi/10.1002/anie.9809119?af=R,,Wiley: Angewandte Chemie International Edition: Table of Contents,2026-10-01 03:36:43+00:00,10.1002/anie.9809119,Kyriakos C. Stylianou,,"ABSTRACT
                  
                    Achieving sustainable carbon capture under realistic, humid conditions remains a central challenge for decarbonization technologies. Here we report an ultramicroporous oxofluorovanadate metal‐organic framework, Ni(pyrazine)
                    2
                    (VOF
                    4
                    ), that dynamically regulates competitive adsorption through reversible redox chemistry. Under humid dilute CO
                    2
                    streams (4 vol%), water chemisorbs at vanadium centers in the form of hydroxide ligands and induces a reversible V(+4)|V(+5) transformation to an isoreticular phase, Ni(pyrazine)
                    2
                    (VO(OH)F
                    4
                    ), while CO
                    2
                    is engaged in strong physisorption within pyrazine‐lined pore regions. This redox‐driven compartmentalization of H
                    2
                    O and CO
                    2
                    results in a dynamic breakthrough CO
                    2
                    capacity of 2.04 ± 0.07 mmol/g, sustained for up to 50 cycles and showing resilience under intense humidification or steam exposure. These findings establish redox‐adaptive adsorption in BVR‐X as a unique design paradigm, enabling scalable and durable carbon capture under realistic operating conditions.",crossref
"Photoredox Conversion of Phenol Derivatives Into β‐Arylpropionic Acids via Radical 1,4‐Aryl Migration",https://onlinelibrary.wiley.com/doi/10.1002/anie.4827662?af=R,,Wiley: Angewandte Chemie International Edition: Table of Contents,2026-10-01 03:42:46+00:00,10.1002/anie.4827662,Huiying Zeng,,"ABSTRACT
                  
                    Phenols, the most abundant renewable arene resource from lignins, are not only important fine chemicals and feedstocks but also widely present in natural products and pharmaceutical molecules. Achieving their valorization and late‐stage functionalization is of great scientific value and broad application prospects. Herein, we report a novel C─C bond formation of phenols in which a visible‐light‐driven photoredox catalytic system mediates 1,4‐aryl migration initiated by trifluoromethyl or sulfonyl radicals, enabling efficient conversion of phenolic derivatives into
                    β
                    ‐arylpropionic acids via C─O bond cleavage. The transformation exhibits broad functional‐group tolerance, enables modular installation of fluoroalkyl and sulfonyl groups, accommodates diverse migrating aryl groups, and has been demonstrated in the late‐stage functionalization of 11 complex phenolic natural products and drug derivatives. Notably, this study represents the application of a reductive radical–polar‐crossover process to a 1,4‐aryl migration involving aryl C─O bond heterolytic cleavage, enabling efficient C─O bond activation and effective suppression of undesired CO
                    2
                    extrusion. Density functional theory (DFT) calculations support the proposed mechanism and elucidate the origin of the suppression of the decarboxylation pathway.",crossref
Frustrated Lewis Pairs Enable Efficient Polyethylene Oxidative Upcycling,https://onlinelibrary.wiley.com/doi/10.1002/anie.7232174?af=R,,Wiley: Angewandte Chemie International Edition: Table of Contents,2026-10-01 03:45:12+00:00,10.1002/anie.7232174,Yaxuan Jing,,"ABSTRACT
                  
                    Catalytic oxidative upcycling of waste polyethylene (PE) into value‐added dicarboxylic acids under mild conditions is highly attractive, yet the efficient activation of molecular oxygen remains a fundamental challenge. Herein, we report a catalyst microenvironment engineering strategy that introduces frustrated Lewis pairs (FLP) characteristics into established high‐performance catalysts for unlocking their full catalytic potential, rather than relying on the development of entirely new catalytic materials. Using a Co‐based catalyst as an example, we demonstrated that the designed FLP‐CoO
                    x
                    catalyst, featuring abundant surface FLP sites, markedly enhances O
                    2
                    activation, enabling the efficient generation of superoxide radicals (O
                    2
                    •−
                    ) via a single‐electron reduction pathway. As a result, an outstanding dicarboxylic acid carbon yield of up to 86.0% was achieved under mild conditions, representing a fourfold improvement over the conventional catalyst. Moreover, the catalytic system exhibited excellent performance toward the oxidative valorization of various real‐world waste plastics. This work presents FLP‐mediated catalyst microenvironment engineering as a general strategy for substantially enhancing the performance of existing catalysts, providing new opportunities for the oxidative upcycling of waste plastics.",crossref
Structural and Mechanistic Basis of Dual Substrate Promiscuity in the Acyltransferase AntB Enables Late‐Stage Diversification of Natural Products,https://onlinelibrary.wiley.com/doi/10.1002/anie.9826344?af=R,,Wiley: Angewandte Chemie International Edition: Table of Contents,2026-10-01 03:47:03+00:00,10.1002/anie.9826344,Xudong Qu,,"ABSTRACT
                  
                    Biocatalytic regioselective acylation is a powerful strategy for diversifying natural products and optimizing their pharmacological properties. Compared with plant acyltransferases (ATs), bacterial tailoring ATs remain poorly understood. AntB from the antimycin pathway was previously reported to possess acyl‐donor promiscuity toward limited acyl‐CoA thioesters, yet its acyl‐acceptor promiscuity, structural basis, and catalytic mechanism had not been elucidated. Here, we systematically characterize AntB and uncover its remarkable dual substrate promiscuity. The enzyme accepts eight structurally diverse natural product acceptors—including terpenoids, alkaloids, polyketides, and aromatics—and supports iterative acylation, while also processing 43 chemically distinct acyl donors, including 22 previously unreported. Structural analysis revealed the molecular basis of its dual substrate promiscuity and catalysis. Engineering afforded the S17A/M265L variant with a 4.45‐fold increase in activity toward
                    SPN‐J
                    acylation. To harness this catalytic flexibility, we developed a one‐pot biocatalytic platform by combining AntB with engineered acyl‐CoA synthetases UkaQ
                    FAV
                    and AliA
                    100
                    for in situ acyl‐CoA regeneration. Application of this system to the late‐stage modification of the agrochemical precursor deacyl‐
                    UK‐2A
                    generated a panel of acylated analogues, including three novel derivatives with enhanced antifungal activity. This study advances understanding of bacterial tailoring ATs and establishes AntB as a versatile biocatalyst for late‐stage natural product diversification.",crossref
Interfacial Phase Transformation Enabled Crystallographic Selectivity for Efficient Li2CO3 Decomposition Toward Long‐Cycling Li‐CO2 Batteries,https://onlinelibrary.wiley.com/doi/10.1002/anie.9049103?af=R,,Wiley: Angewandte Chemie International Edition: Table of Contents,2026-10-01 03:48:53+00:00,10.1002/anie.9049103,Guorui Yang,,"ABSTRACT
                  
                    The formation and decomposition of Li
                    2
                    CO
                    3
                    dictate the reversibility of Li‐CO
                    2
                    batteries. However, as an electronically insulating and stable solid, the random deposition of Li
                    2
                    CO
                    3
                    causes interfacial blockage and high decomposition barriers, severely limiting performance. Herein, we propose a facet‐preferred growth strategy to regulate the structure of discharge products. Different Li
                    2
                    CO
                    3
                    facets possess distinct surface energies, atomic arrangements, and interfacial reactivities, making selective growth an effective route to optimize electrochemical behavior. This process is governed by catalyst‐product interfacial interactions, requiring both structural adaptability and tunable electronic coupling. Layered MoS
                    2
                    is selected as a model catalyst due to its two‐dimensional structure and phase‐dependent electronic properties. By constructing a MoS
                    2
                    @CuS heterointerface, a controllable 2H to 1T phase transition is induced, reconstructing the interfacial electronic structure and directing the oriented growth of Li
                    2
                    CO
                    3
                    . Consequently, the battery exhibits a low overpotential (0.46 V), high energy efficiency (∼92.4%), and excellent cycling stability (&gt;1800 h). Theoretical calculations reveal that 1T‐MoS
                    2
                    exhibits stronger interfacial interactions with Li
                    2
                    CO
                    3
                    , preferentially stabilizing the (‐110) facet, lowering decomposition barriers, and promoting oriented nucleation and epitaxial growth. This work establishess a direct link among catalyst structure, interfacial interaction, and product crystallographic orientation, providing a new strategy for high‐performance Li‐CO
                    2
                    batteries.",crossref
A Polycatenane‑Topological Covalent Organic Polymer for High‑Performance Photocatalytic H2O2 Production,https://onlinelibrary.wiley.com/doi/10.1002/anie.8903215?af=R,,Wiley: Angewandte Chemie International Edition: Table of Contents,2026-10-01 03:56:39+00:00,10.1002/anie.8903215,Dan Li,,"ABSTRACT
                  
                    The introduction of polycatenane junctions into dative B←N bond‐linked covalent organic polymers (COPs) poses a significant synthetic challenge for the synergistic optimization of both geometric stabilization and molecular functionality. Herein, we strategically employ tritopic borate ligands bearing terminal –Br substituents, rather than their ditopic counterparts, as precursors to construct a single‐crystalline COP (
                    JNP‐7
                    ) featuring polycatenane‐like topological junctions. Specifically, B‐centered Lewis acceptors and N‐donor units initially assemble into 1D nanoribbons via dative B←N linkages. By leveraging inter‐nanoribbon halogen···halogen interactions between the semi‐interlocked Br‐containing motifs, the architecture is further extended into 2D arrays, thereby elevating the geometric dimensionality of
                    JNP‐7
                    . Critically, the resulting polycatenated halogen‐bonded network imparts exceptional structural rigidity, and the dative B←N motifs are found to concurrently promote visible‐light harvesting and facilitate charge‐carrier migration. Consequently,
                    JNP‐7
                    enables highly efficient H
                    2
                    O
                    2
                    production via both the oxygen reduction reaction (ORR) and water oxidation reaction (WOR) under ambient sunlight, operating without sacrificial agents, photosensitizers, or metal cocatalysts, and outperforming state‐of‐the‐art covalent organic frameworks (COFs) and metal‐organic frameworks (MOFs) in terms of photocatalytic activity and apparent quantum yield (AQY). By aligning molecular topology with catalytic function, this work establishes a generalizable framework for the rational development of topologically sophisticated, high‐performance COP systems.",crossref
Hierarchically Encapsulated CsPbI3 Nanocrystal Superassemblies Enabling Efficient Secondary Electron Capture for Bright and Fast Perovskite Scintillators,https://advanced.onlinelibrary.wiley.com/doi/10.1002/adma.75273?af=R,,Wiley: Advanced Materials: Table of Contents,2026-10-01 04:11:55+00:00,10.1002/adma.75273,Jizhong Song,,"ABSTRACT
                  
                    Perovskite CsPbI
                    3
                    nanocrystals (NCs) hold tremendous promise as red‐emitting scintillators with high light yields and fast response, owing to their narrow bandgap, large effective atomic number, and superior emission efficiency. However, the scintillation capability of CsPbI
                    3
                    NC scintillators remains severely bottlenecked by inefficient radiation energy utilization. Beyond the well‐known optical losses (e.g., reabsorption, scattering, and concentration quenching), the mechanism of efficiently capturing secondary electrons (SEs) to maximize energy deposition inside NC remains largely unexplored. Herein, we report a hierarchical encapsulation strategy to construct superassembled CsPbI
                    3
                    NCs, delivering bright and fast scintillators. Multiexciton dynamic analysis reveals that the dense superassembled solids not only boost the SE capture efficiency but also increase the fraction of fast radiative biexcitons. Consequently, the superassembled NC scintillator achieves a light yield of 10 200 photons MeV
                    −1
                    and a radioluminescence (RL) decay time of 5.5 ns, yielding a record‐high light yield/decay time figure of merit of 1800 among all red‐emitting scintillators. Moreover, the hierarchical architecture successfully retards the phase transition of CsPbI
                    3
                    , imparting the nanoscintillators with an exceptional x‐ray radiation hardness up to 2300 Gy. This work provides profound physical insights into energy conversion and multiexciton engineering within dense architecture and paves an avenue toward next‐generation, high‐performance perovskite nanoscintillators.",crossref
Micro–Nano Hierarchical Structure From In Situ Functionalized MOFs Enables High‐Performance High‐Voltage Electrolytes,https://advanced.onlinelibrary.wiley.com/doi/10.1002/adma.75227?af=R,,Wiley: Advanced Materials: Table of Contents,2026-10-01 04:23:22+00:00,10.1002/adma.75227,Huai Yang,,"ABSTRACT
                  
                    Ideal solid‐state electrolytes (SSEs) should simultaneously possess excellent ionic conductivity, mechanical strength, electrochemical stability, and cathode compatibility. Here, inspired by the hierarchical architecture of organisms like the lotus leaf, a micro–nano hierarchical composite electrolyte was fabricated via in situ growth of a bifunctional metal–organic framework (F&amp;OH‐ZIF‐8) on a cellulose acetate (CA) substrate. The micro‐ and nano‐sized F&amp;OH‐ZIF‐8 crystals have the same composition but exhibit different size‐dependent advantages. The micro‐sized crystals provide greater structural continuity and mechanical support, whereas the nano‐sized crystals offer more accessible polar sites and interfacial regions for Li
                    +
                    coordination and transport. Their cooperative integration suppresses dendrite penetration and stabilizes the electrode/electrolyte interphases while facilitating Li
                    +
                    transport. An outstanding SSE with a room‐temperature ionic conductivity of 2.9 × 10
                    −3
                    S cm
                    −1
                    , a lithium‐ion transference number of 0.61, and a wide electrochemical stability window extending to 5.5 V was obtained by this strategy, resulting in Li||NCM811 full cells achieving a high‐capacity retention of 80.9% after 300 cycles at 1C under a high cut‐off voltage of 4.6 V. This strategy of transforming existing commercialized ordinary membrane materials into more valuable electrolyte membranes has extremely high practical significance.",crossref
Nonvolatile Ferroelectric Control of Diffusive Spin Transport at Room Temperature in Graphene/CuInP2S6 Heterostructures,https://advanced.onlinelibrary.wiley.com/doi/10.1002/adma.75224?af=R,,Wiley: Advanced Materials: Table of Contents,2026-10-01 04:24:52+00:00,10.1002/adma.75224,Haozhe Yang,,"ABSTRACT
                  
                    Nonvolatile electric control of spin transport is important for low‐power spintronic applications, but remains challenging to realize. While prior work has highlighted the significance of ferroelectric control in spintronics—primarily through magnetoelectric switching, spin–charge conversion, or spin‐dependent tunnelling—direct nonvolatile control of the diffusive spin current itself at room temperature has not been demonstrated. Here, we demonstrate a graphene lateral spin valve incorporating a van der Waals ferroelectric top gate, CuInP
                    2
                    S
                    6
                    , that enables bistable, nonvolatile modulation of diffusive spin transport at 300 K. At an identical applied gate bias, opposite ferroelectric polarization states produce distinct spin signals, demonstrating retained‐state control beyond ordinary electrostatic gating, and yielding a maximum modulation exceeding 100% under optimized operating conditions. Hanle spin‐precession measurements further reveal distinct effective spin‐transport states for the two remanent ferroelectric states, consistent with nonvolatile ferroelectric modulation of spin transport. These results highlight a promising route toward room‐temperature, nonvolatile electrical control of spin transport by using van der Waals heterostructures.",crossref
"From Phosphor Ceramics to Intelligent Light‐Conversion Materials: High‐Flux Luminescence, Glassy Composite Interface, and Machine‐Learning‐Guided Design",https://advanced.onlinelibrary.wiley.com/doi/10.1002/adma.75219?af=R,,Wiley: Advanced Materials: Table of Contents,2026-10-01 04:38:20+00:00,10.1002/adma.75219,Daqin Chen,,"ABSTRACT
                  High‐power LED/LD and NIR applications demand phosphors that remain efficient and stable under high‐flux excitation, whereas conventional phosphor/organic systems are limited by heat buildup, interfacial degradation, and luminescence saturation. Phosphor ceramics provide a robust all‐inorganic alternative, but their photothermal coupling mechanisms and cross‐scale design principles remain insufficiently summarized. Here, we review recent advances in phosphor ceramics with a particular focus on photothermal coupling in high‐flux light conversion. We establish a composition‐structure‐photothermal behavior‐device performance framework that connects activator ions, host chemistry, defects and grain boundaries with light absorption, scattering regulation, thermal‐transport pathways, and device‐level output. Recent advances in garnet‐based, multiphase, multicolor visible, and NIR phosphor ceramics are discussed, with emphasis on compositional regulation, ceramic processing, microstructure engineering, and LED/LD integration. We clarify key relationships among transparency, absorption efficiency, scattering strength, thermal conductivity, interfacial thermal resistance, and luminescence saturation thresholds, which collectively determine high‐brightness reliability under extreme photon and heat loads. Emerging glassy composite interfaces are further highlighted for low‐temperature integration, heterogeneous packaging, and multimaterial coupling. Finally, we discuss machine learning as an enabling tool for candidate screening, processing‐window optimization, property prediction, and multi‐objective device design, offering guidance for next‐generation stable, intelligent light‐conversion materials.",crossref
Dynamic multimodal cation-carbon interaction for efficient adiponitrile electrosynthesis,https://www.science.org/doi/abs/10.1126/science.aef5175?af=R,,AAAS: Science: Table of Contents,2026-10-01 06:00:21+00:00,10.1126/science.aef5175,Ming Gong,,"Adiponitrile electrosynthesis from acrylonitrile hydrodimerization is critical for the nylon industry. However, the key step of single-electron acrylonitrile reduction demands toxic heavy-metal electrodes and leads to low energy efficiency. We developed a dynamic multimodal cation-electrode interaction strategy to enable efficient synthesis with environmentally friendly carbon electrodes. Optimal benzyltrihexylammonium cations create a water-depleted interface in aqueous electrolytes by squeezing the electric double layer through multimodal noncovalent interactions between the benzyl moieties of the cations and carbon electrodes. This strategy achieves selectivity comparable to the standard lead-based system but at substantially lower overpotentials, as demonstrated from the laboratory scale to a 159–square centimeter electrolyzer. This work underscores the importance of tailoring cation-centered microenvironments for sustainable, industrial organic electrosynthesis in more conductive aqueous systems.",crossref
Hierarchical crystalline organic-inorganic framework enabling high-modulus toughening in nacre,https://www.science.org/doi/abs/10.1126/science.aeg1070?af=R,,AAAS: Science: Table of Contents,2026-10-01 06:00:21+00:00,10.1126/science.aeg1070,Mingjie Liu,,"Enhancing toughness in nanocomposites often involves viscoelastic organic phases, but this typically reduces stiffness. We describe a high-modulus toughening mechanism in mature
                    Cristaria plicata
                    nacre arising from a crystalline organic-inorganic framework composed of aragonite nanorods alternately integrated with intratabular biomolecular crystallites. Due to the critical slip-length effect, these crystalline units approach the theoretical limits of modulus and strength. The nanoconfined biomolecular crystallites function as nanopins at interlamellar interphases, alleviating stress concentrations and enabling cross-scale synchronized deformation, thereby conferring high fracture toughness. Inspired by this mechanism, reconstituted nacre fabricated from regenerated aragonite flakes simultaneously achieved high stiffness and crack resistance. These insights offer a promising pathway toward reliable, high-performance structural materials.",crossref
Phage proteases activate CBASS antiphage immunity,https://www.science.org/doi/abs/10.1126/science.aeg3949?af=R,,AAAS: Science: Table of Contents,2026-10-01 06:00:21+00:00,10.1126/science.aeg3949,Philip J. Kranzusch,,"Cyclic oligonucleotide–based antiphage signaling systems (CBASS) are bacterial immune pathways evolutionarily related to cGAS-STING (cyclic GMP-AMP synthase–stimulator of interferon genes) in humans. In CBASS, cGAS/DncV-like nucleotidyltransferase (CD-NTase) enzymes sense phage infection and synthesize nucleotide signals to initiate antiviral defense. Here, we reveal phage prohead protease activity as a widespread mechanism of CD-NTase activation. We reconstitute CBASS recognition of phage T4 in vitro and identify proteolytic cleavage of a CD-NTase activation loop as a trigger of immune signal synthesis. Phage prohead proteases directly activate CBASS in vivo, explaining how immunity is initiated late during infection. Structure-based phylogenetic analyses identify activation loops in clade A, D, and G CD-NTases and define residues controlling recognition of distinct phage families. Our results establish CBASS recognition of phage protease activity as a widespread antiviral defense mechanism.",crossref
Ultrahigh piezoelectricity by polaron-defect complexes,https://www.science.org/doi/abs/10.1126/science.aeg4972?af=R,,AAAS: Science: Table of Contents,2026-10-01 06:00:21+00:00,10.1126/science.aeg4972,Jing-Feng Li,,"Materials capable of delivering giant and rapid piezoelectric responses at kilohertz frequencies are pivotal for advanced electromechanical technologies. However, their development has been constrained by a long-standing magnitude–speed trade-off: Ferroelectrics with intrinsic electric dipoles offer fast response but limited polarization, whereas ionic defect motion generates highly polarizable defect dipoles but responds slowly, limiting kilohertz-rate applications. We overcame this fundamental limitation by devising 8 mole % K-doped AgNbO
                    3
                    (Ag
                    0.92
                    K
                    0.08
                    NbO
                    3
                    ) thin films engineered to host dynamically reconfigurable polaron-defect complexes through electro-elastic interactions between small electron polarons and lattice defects. Field-driven multi–unit-cell polaron hopping reconfigures these complexes, producing giant defect polarization, and orders-of-magnitude faster kinetics of polaron hopping (versus ionic migration) enables their rapid response. This synergy leads to an unprecedented field-induced effective piezoelectric coefficient of ~7170 picometers per volt with ~6.2% strain at kilohertz frequencies in engineered silver niobate–based films.",crossref
Synergistic polar states by selective atomic gradients,https://www.science.org/doi/abs/10.1126/science.adv0235?af=R,,AAAS: Science: Table of Contents,2026-10-01 06:00:21+00:00,10.1126/science.adv0235,Daesu Lee,,"Materials that combine distinct properties within a single phase are of fundamental and technological interest. Here, we present a broadly applicable strategy to achieve strong bulk polarity that not only coexists with its originally incompatible properties, such as metallicity, but also synergistically enables exceptional functionalities. A combination of thin-film synthesis, atomic-scale imaging, and theoretical calculations reveals that A-site selective atomic gradients induce strong polar states in otherwise centrosymmetric perovskite oxides ABO
                    3
                    . These polar states unconventionally coexist with various preexisting properties, leading to bulk polar metallicity with tunable nonreciprocal transport; high-κ, low-loss dielectricity with an equivalent oxide thickness below 0.1 nanometer; and giant pyroelectricity. This work may enable the development of new multifunctional materials with unusual coexisting and synergistic properties.",crossref
Precise length and charge segmentation of billion-dalton supramolecular polymers,https://www.science.org/doi/abs/10.1126/science.aeg5583?af=R,,AAAS: Science: Table of Contents,2026-10-01 06:00:21+00:00,10.1126/science.aeg5583,Samuel I. Stupp,,"Supramolecular polymers with precise micrometer-scale segments of opposite charge are challenging to synthesize as discrete assemblies in water. These systems could be used to pattern charged surfaces, interact with the membranes of cells, or form hierarchical structures. We report a living polymerization of fibrillar peptide assemblies with a central positively charged segment flanked by negative ones that can have a collective molar mass on the order of billions of daltons. The self-capping supramolecular polymerization required an untwisted β sheet core persisting along the entire length of the assembly as well as dormant ends in the absence of a monomer source. The positive domains of the segmented structures were anchored to the membranes of neurons, leaving the connected negative segments in a highly dynamic state near the cells through charge repulsion. The segmented architecture generated extensive neurite growth and synaptic activity.",crossref
Quadrupolar sea level fluctuations reveal episodes of rapid polar wander,https://www.science.org/doi/abs/10.1126/science.aec8423?af=R,,AAAS: Science: Table of Contents,2026-10-01 06:00:21+00:00,10.1126/science.aec8423,Trond H. Torsvik,,"True polar wander (TPW) is presently occurring at a rate of ~10 centimeters per year, exceeding the mean rate of differential plate motion. Whether this rate is transient and negligible on geological timescales or whether Earth has experienced rapid TPW lasting millions of years is unclear. Paleomagnetic evidence has been used to propose fast episodes of TPW, but limitations of the paleomagnetic record have precluded definitive results. Rapid TPW will induce global sea level fluctuations associated with relative changes in centrifugal potential, offering an independent test. We evaluated this prediction using continental flooding reconstructions and identified multiple robust quadrupolar patterns since 320 million years ago, confirming that protracted rapid TPW has occurred on Earth and that couplings among Earth’s rotational dynamics, mantle processes, and surface environments can be strongly episodic.",crossref
Shaping maternal physiology: Immune control of reproductive adaptation,https://www.science.org/doi/abs/10.1126/science.aeh1405?af=R,,AAAS: Science: Table of Contents,2026-10-01 06:00:21+00:00,10.1126/science.aeh1405,Yasmine Belkaid,,"Pregnancy is one of the most extensive physiological transitions of adult life, requiring coordinated adaptation across virtually every maternal organ to support fetal growth while preserving maternal health. Although these changes have traditionally been viewed as endocrine driven, emerging evidence identifies the immune system as an active regulator of maternal physiology. The immune system is increasingly recognized as a broad regulator of host physiology, positioning it as a key driver of maternal adaptation. In this work, we discuss how pregnancy reprograms maternal immunity to orchestrate physiological reprograming of tissues. This framework shifts the view of maternal immunity from one centered on immune homeostasis and fetal tolerance to one in which immune cells actively instruct physiological short- and long-term adaptation across maternal organs to shape health beyond reproduction.",crossref
A Lifelong Focus on Women’s Health,https://www.science.org/doi/abs/10.1126/science.aem4087?af=R,,AAAS: Science: Table of Contents,2026-10-01 06:00:21+00:00,10.1126/science.aem4087,Joana Osório,,,
Sex-specific mechanisms of chronic pain,https://www.science.org/doi/abs/10.1126/science.aeh4468?af=R,,AAAS: Science: Table of Contents,2026-10-01 06:00:21+00:00,10.1126/science.aeh4468,Holly A. Ingraham,,"For decades, we have known that women, especially younger women, are disproportionately affected by pain disorders, including irritable bowel syndrome, endometriosis, menstrual migraines, fibromyalgia, osteoarthritis, and neuropathic pain, all of which degrade quality of life. The adoption of sex as a biological variable in 2016 has begun to transform the field, revealing distinct sex-specific pathways that initiate, amplify, and resolve pain. In this Review, we synthesize recent advances across visceral and somatic pain, highlighting the impact of sex hormones, immune-neural cross-talk, the gut microbiome, and endogenous analgesic circuits. Rather than clinging to the historical standard that simply described the female bias in pain symptoms, these studies begin to explain why females experience heightened pain, paving the path for mechanism-based precision therapeutics.",crossref
Osteoarthritis as a vascular disease,https://www.science.org/doi/abs/10.1126/science.ael3784?af=R,,AAAS: Science: Table of Contents,2026-10-01 06:00:21+00:00,10.1126/science.ael3784,Man Ting Au,,Hypertension worsens osteoarthritis and could be a therapeutic target in patients with both conditions,crossref
Does the postmenopausal ovary still matter?,https://www.science.org/doi/abs/10.1126/science.aeh7496?af=R,,AAAS: Science: Table of Contents,2026-10-01 06:00:21+00:00,10.1126/science.aeh7496,Francesca E. Duncan,,Ovaries may influence health long after their reproductive function ends,crossref
Stationary entanglement of a levitated oscillator with an optical field,https://www.science.org/doi/abs/10.1126/science.aeh1375?af=R,,AAAS: Science: Table of Contents,2026-10-01 06:00:21+00:00,10.1126/science.aeh1375,F. Marin,,"Stationary entanglement between the motion of macroscopic objects and light is a long-standing goal of quantum optomechanics, with implications for both fundamental tests of quantum physics and emerging quantum technologies. We report the generation of quantum entanglement between the center-of-mass motion of a nanosphere levitated in an optical tweezer inside an optical cavity and the electromagnetic field. Using heterodyne detection, we reconstructed the full set of optomechanical correlations and observed a violation of separability bounds between the mechanical motion and a propagating optical mode, demonstrating the distribution of nonclassical correlations beyond the interaction region. The entanglement was generated at room temperature and remained robust over a broad range of parameters. Our results establish levitated optomechanical systems as a platform for continuous-variable quantum communication and for tests of macroscopic quantum physics.",crossref
Making the invisible visible,https://www.science.org/doi/abs/10.1126/science.aem8012?af=R,,AAAS: Science: Table of Contents,2026-10-01 06:00:21+00:00,10.1126/science.aem8012,Alexandra Piotrowski-Daspit,,,
In Other Journals,https://www.science.org/doi/abs/10.1126/science.aem8011?af=R,,AAAS: Science: Table of Contents,2026-10-01 06:00:21+00:00,10.1126/science.aem8011,Melissa McCartney,,Editors’ selections from the current scientific literature,crossref
Incorporation of atmospheric components in planetary magma oceans through bubble–metal compounds,https://www.science.org/doi/abs/10.1126/science.aef2542?af=R,,AAAS: Science: Table of Contents,2026-10-01 06:00:21+00:00,10.1126/science.aef2542,Yves Marrocchi,,"Atmophile elements (carbon, hydrogen, and nitrogen) were thought to accrete late during planetary formation, yet cosmochemical and astrophysical evidence suggests that they were already present while small bodies, such as Vesta, were forming. High-temperature magmatic events on small bodies, however, should have outgassed these ultravolatile elements because gravity would have been insufficient to retain them. In this study, experiments reveal that gas bubbles strongly attach to metal droplets in magma ocean–like mixtures, forming compounds that resist segregation. Early flotation of such compounds would have enhanced mantle siderophile endowment, eliminating the need for late accretion. On small bodies, low gravity would have enabled millimeter- to centimeter-sized compounds to sink, trapping atmophiles in their interiors. This mechanism links core formation to the early entrapment of atmophile elements and provides a framework for reconciling volatile delivery across planetary bodies and planetary accretion models.",crossref
Reframing menopause and menopause hormone therapy as opportunities for healthy aging,https://www.science.org/doi/abs/10.1126/science.aeg5004?af=R,,AAAS: Science: Table of Contents,2026-10-01 06:00:21+00:00,10.1126/science.aeg5004,Liisa A. M. Galea,,"Menopause is an important biological transition with up to 72 symptoms that shapes aging trajectories across organs and encompasses ~40% of the female lifespan. Although menopause awareness is increasing, research on strategies for menopause symptom management and optimizing health in the postmenopausal period is lacking. This Review highlights that menopause characteristics, such as type, timing, and symptom burden, influence health outcomes and later-life disease risk. Similarly, menopause hormone therapy comes in &gt;200 varieties that differ by dose, formulation of estrogens and progestogens, and timing, each with their own distinct risk-benefit profiles. These distinctions are often missed in the literature but have considerable repercussions for outcomes. Optimized menopause care necessitates a precision medicine approach that considers menopause symptoms, genetics, and previous hormone exposures.",crossref
X and Y chromosomes as determinants of aging and disease,https://www.science.org/doi/abs/10.1126/science.aeh0145?af=R,,AAAS: Science: Table of Contents,2026-10-01 06:00:21+00:00,10.1126/science.aeh0145,Dan Theodorescu,,"Sex differences have traditionally been attributed to gonadal hormones, but accumulating evidence shows that sex chromosomes exert distinct, cell-autonomous effects on health, aging, and disease. XX and XY complements alter gene dosage, epigenetic programming, immune signaling, metabolism, and cellular stress responses, which shape aging and disease trajectories in women and men. This Review integrates mechanistic advances in sex chromosome biology—including escape from X chromosome inactivation, X reactivation, parent-of-X-origin, X-skew, X- and Y-linked gene functions, and Y loss—with aging, neurologic disease, immunity, cancer, and cardiometabolic disease. We highlight insights from mouse models, human studies, and emerging technologies that disentangle hormone-driven effects from chromosome-mediated effects and discuss translational implications for diagnostics, biomarkers, therapeutics, and clinical trial design, emphasizing the integration of sex chromosome biology into precision medicine.",crossref
Self-assembling polymers work up some nerve,https://www.science.org/doi/abs/10.1126/science.ael4456?af=R,,AAAS: Science: Table of Contents,2026-10-01 06:00:21+00:00,10.1126/science.ael4456,Sanjay Kumar,,Micrometer-long peptide amphiphile fibrils enhance neuronal adhesion and function,crossref
Editor’s Note on the Research Article “China’s solar expansion policy reduces bird diversity”,https://www.science.org/doi/abs/10.1126/science.aem4102?af=R,,AAAS: Science: Table of Contents,2026-10-01 06:00:21+00:00,10.1126/science.aem4102,H. Holden Thorp,,,
Space telescope will reopen view of far-infrared sky,https://www.science.org/doi/abs/10.1126/science.aem8462?af=R,,AAAS: Science: Table of Contents,2026-10-01 06:00:21+00:00,10.1126/science.aem8462,Daniel Clery,,NASA’s $1.2 billion PRIMA will explore galaxy evolution and planetary birth,crossref
A medical mystery unfolds in middle America,https://www.science.org/doi/abs/10.1126/science.ael1175?af=R,,AAAS: Science: Table of Contents,2026-10-01 06:00:21+00:00,10.1126/science.ael1175,Nancy Berlinger,,"As a rare form of dementia claims one sibling after another, a journalist captures the profound costs of caregiving",crossref
Shots on goal,https://www.science.org/doi/abs/10.1126/science.aem8455?af=R,,AAAS: Science: Table of Contents,2026-10-01 06:00:21+00:00,10.1126/science.aem8455,Jon Cohen,,"Can Africa make 60% of its vaccines by 2040? That’s a tall order, as the travails of South African companies show",crossref
Impending changes to U.S. human subject protections put ethicists on edge,https://www.science.org/doi/abs/10.1126/science.aem8463?af=R,,AAAS: Science: Table of Contents,2026-10-01 06:00:21+00:00,10.1126/science.aem8463,Sara Reardon,,HHS plan to revise the Common Rule focuses on easing regulatory burden for lower risk studies,crossref
In Science Journals,https://www.science.org/doi/abs/10.1126/science.aem8010?af=R,,AAAS: Science: Table of Contents,2026-10-01 06:00:21+00:00,10.1126/science.aem8010,L. Bryan Ray,,"Highlights from the
                    Science
                    family of journals",crossref
Recording results from single-patient trials,https://www.science.org/doi/abs/10.1126/science.aek9583?af=R,,AAAS: Science: Table of Contents,2026-10-01 06:00:21+00:00,10.1126/science.aek9583,Teng Li,,,
Oil wells could become mines for critical minerals,https://www.science.org/doi/abs/10.1126/science.aem8460?af=R,,AAAS: Science: Table of Contents,2026-10-01 06:00:21+00:00,10.1126/science.aem8460,Paul Voosen,,Engineered fluids could extract metals from low-grade ore in vast underground reservoirs tapped by fracking,crossref
Can an AI feel pain? It can at least act like it does,https://www.science.org/doi/abs/10.1126/science.aem8459?af=R,,AAAS: Science: Table of Contents,2026-10-01 06:00:21+00:00,10.1126/science.aem8459,Tom Howarth,,"Study reignites debate over what, if anything, machines can feel",crossref
U.K. funder used ‘AI triage’ to reject grant proposals,https://www.science.org/doi/abs/10.1126/science.aem8458?af=R,,AAAS: Science: Table of Contents,2026-10-01 06:00:21+00:00,10.1126/science.aem8458,Catherine Offord,,Researchers raise privacy and fairness concerns following unexpected use of AI-based assessment,crossref
Keep AI-augmented science contestable,https://www.science.org/doi/abs/10.1126/science.aek7949?af=R,,AAAS: Science: Table of Contents,2026-10-01 06:00:21+00:00,10.1126/science.aek7949,Christoph Trattner,,"Artificial intelligence (AI) is moving upstream in science. Systems such as AlphaFold have already transformed protein-structure prediction, while newer agentic systems can search literatures, generate hypotheses, write and execute code, interpret results, and automate much of the path from idea to paper. Recent debates have asked how such systems may change scientific progress, surprise, and human understanding. Yet they also change something more fundamental: who—or what—participates in deciding which questions are asked, which evidence is surfaced, and which alternatives survive. As machine intelligence becomes part of science’s epistemic infrastructure, steps must be taken to ensure that researchers who did not build, own, or operate the system can still contest how ideas and evidence became a claim.",crossref
"Fed up with politicians not listening, a climate scientist runs for office",https://www.science.org/doi/abs/10.1126/science.aem8457?af=R,,AAAS: Science: Table of Contents,2026-10-01 06:00:21+00:00,10.1126/science.aem8457,Daniel Grossman,,"Luciana Gatti, who studies carbon uptake in the Amazon, aims to join Brazil’s lower house in 4 October elections",crossref
Epistemic justice in gene-editing research,https://www.science.org/doi/abs/10.1126/science.aek9401?af=R,,AAAS: Science: Table of Contents,2026-10-01 06:00:21+00:00,10.1126/science.aek9401,Tao Ma,,,
The utilitarian temptation in gene editing,https://www.science.org/doi/abs/10.1126/science.ael2357?af=R,,AAAS: Science: Table of Contents,2026-10-01 06:00:21+00:00,10.1126/science.ael2357,Ruiping Fan,,,
Streamlining oversight in gene-editing trials,https://www.science.org/doi/abs/10.1126/science.ael0421?af=R,,AAAS: Science: Table of Contents,2026-10-01 06:00:21+00:00,10.1126/science.ael0421,Ruishuang Liu,,,
Longevity products: Innovation through regulation,https://www.science.org/doi/abs/10.1126/science.aei2427?af=R,,AAAS: Science: Table of Contents,2026-10-01 06:00:21+00:00,10.1126/science.aei2427,Patricia J. Zettler,,"Longevity is taking off, but regulatory oversight is essential to determining what works—and what doesn’t",crossref
Project will track Amazon biodiversity in real time,https://www.science.org/doi/abs/10.1126/science.aem8461?af=R,,AAAS: Science: Table of Contents,2026-10-01 06:00:21+00:00,10.1126/science.aem8461,Warren Cornwall,,Leaders of $100 million effort will use automated detection methods and computer models to monitor species’ trends,crossref
A tumor suppressor shuts down a signal gradient,https://www.science.org/doi/abs/10.1126/science.ael7341?af=R,,AAAS: Science: Table of Contents,2026-10-01 06:00:21+00:00,10.1126/science.ael7341,Cédric Blanpain,,p53 shuts down the spatial signaling of a morphogen and prevents clonal cell expansion,crossref
A mitochondrial carrier turns on the heat,https://www.science.org/doi/abs/10.1126/science.ael7271?af=R,,AAAS: Science: Table of Contents,2026-10-01 06:00:21+00:00,10.1126/science.ael7271,Martin van der Laan,,"An orphan protein integrates circadian, dietary, and environmental signals to control brown fat metabolism",crossref
First glowing cuttlefish marks a genetic engineering milestone,https://www.science.org/doi/abs/10.1126/science.aem8456?af=R,,AAAS: Science: Table of Contents,2026-10-01 06:00:21+00:00,10.1126/science.aem8456,Sara Reardon,,"Breakthroughs in manipulating cephalopod embryos pave way for new studies of perception, brain evolution, and more",crossref
Walden and the wild roots of conservation science,https://www.science.org/doi/abs/10.1126/science.aej3535?af=R,,AAAS: Science: Table of Contents,2026-10-01 06:00:21+00:00,10.1126/science.aej3535,Renée Bergland,,"The famous work of transcendentalism holds lessons for modern ecologists, maintains a Thoreau scholar",crossref
Food‐Interfaced Bioelectronics for In Situ Molecular Food Profiling,https://advanced.onlinelibrary.wiley.com/doi/10.1002/adma.75196?af=R,,Wiley: Advanced Materials: Table of Contents,2026-10-01 06:45:48+00:00,10.1002/adma.75196,Wei Gao,,"ABSTRACT
                  Over the past decade, real‐time sensing technologies have assumed an increasingly important role in monitoring food taste, quality, and safety by probing diverse biomolecular signatures within complex food matrices. Distinct from conventional food sensors, emerging food‐interfaced bioelectronic platforms combine advances in materials science, molecular recognition, and device engineering to enable direct and in situ access to food‐relevant information. Recent efforts have increasingly focused on sustainable, biocompatible, and, in some cases, edible materials that can safely interface with foods while maintaining robust performance in chemically and mechanically heterogeneous environments. Coupled with unobtrusive, multimodal sensing platforms and data‐driven analytical frameworks, these systems offer new opportunities for real‐time food profiling, informed consumption, and waste reduction. This review surveys recent progress in food‐interfaced sensing technologies, with particular emphasis on materials innovations, interface design considerations, sensing and signal transduction strategies, and application‐driven data interpretation. We further discuss the key translational challenges associated with validation, scalability, and regulatory adoption. By bridging materials, devices, and food systems, food‐interfaced bioelectronics have the potential to transform food monitoring, food safety, and personalized nutrition.",crossref
Erratum for the Research Article “Kinetics of dCas9 target search in Escherichia coli”,https://www.science.org/doi/abs/10.1126/science.aem7112?af=R,,AAAS: Science: Table of Contents,2026-10-01 07:00:00+00:00,10.1126/science.aem7112,,,,
Hypertension fuels osteoarthritis through neuroendocrine signaling,https://www.science.org/doi/abs/10.1126/science.aed8207?af=R,,AAAS: Science: Table of Contents,2026-10-01 07:00:00+00:00,10.1126/science.aed8207,Je-Hwang Ryu,,"Osteoarthritis (OA) is a degenerative joint disease, the progression of which is accelerated by systemic metabolic stress. Here, we identified a neuroendocrine pathway through which hypertension accelerates OA pathogenesis in joints predisposed by mechanical injury or aging. Nationwide cohort analyses and hypertensive mouse models demonstrated that elevated blood pressure exacerbates OA pathogenesis. OA-primed chondrocytes up-regulated arginine vasopressin (AVP) receptor 1A (AVPR1A), rendering them responsive to hypertension-associated circulating AVP. AVP-AVPR1A signaling enhanced catabolic signaling while suppressing anabolic regulators, thereby promoting cartilage catabolism. Genetic deletion or pharmacological inhibition of AVPR1A protected against hypertension-driven OA acceleration. Transcriptomic profiling and gene-silencing analyses identified NR4A3 as the principal downstream transcriptional mediator. Collectively, these findings establish the AVP-AVPR1A axis as a mechanistic link between systemic hypertensive stress and joint degeneration.",crossref
Loss of the tumor suppressor p53 generates a signaling gradient that drives epithelial clonal expansion,https://www.science.org/doi/abs/10.1126/science.aed3065?af=R,,AAAS: Science: Table of Contents,2026-10-01 07:00:00+00:00,10.1126/science.aed3065,Slobodan Beronja,,"Although tumor protein p53 (
                    TP53
                    ) mutations are among the most common lesions in epithelial cancers, how p53 loss drives unrestrained clonal expansion remains unclear. Working with mouse epidermis, we found that p53 suppresses clonal expansion by limiting progenitor self-renewal. Integrating chromatin immunoprecipitation sequencing, transcriptional analyses, and genetic screens, we identified a p53-dependent network controlling progenitor renewal and differentiation, in which secreted frizzled-related protein 1 (
                    Sfrp1
                    ), low-density lipoprotein receptor–related protein 1 (
                    Lrp1
                    ), and ubiquitin-specific peptidase 22 (
                    Usp22
                    ) were direct targets of p53 and the most genetically upstream components. Their suppression after p53 loss generated a radial gradient of Wnt activity across mutant clones. Genetic manipulation showed that a Wnt activity gradient, rather than uniform elevation, was associated with sustained clonal expansion. These findings identify spatial organization as a determinant of clonal behavior and a mechanism by which
                    TP53
                    inactivation drives tissue colonization.",crossref
"Mitochondrial carrier SLC25A34 links clock, diet, and temperature control of adipocyte lipid cycling",https://www.science.org/doi/abs/10.1126/science.adz4797?af=R,,AAAS: Science: Table of Contents,2026-10-01 07:00:00+00:00,10.1126/science.adz4797,Zachary Gerhart-Hines,,"Adipocyte lipid metabolism is coordinated by circadian rhythms, diet, and environmental temperature, but how these diverse signals are molecularly integrated remains unknown. We showed that these cues converge on the orphan mitochondrial transporter SLC25A34 to orchestrate lipid cycling. During the sleep phase, the adipocyte clock suppresses
                    Slc25a34
                    expression through the REV-ERB transcriptional repressors. Entering the active phase, consuming lipid-rich diets, or exposure to cold abolishes REV-ERB repression, and lipolytic signals stimulate
                    Slc25a34
                    transcription through the peroxisome proliferator–activated receptors. SLC25A34 is proposed to import oxaloacetate into mitochondria, dually supporting the tricarboxylic acid cycle and cytosolic acetyl–coenzyme A (acetyl-CoA) production. Elevated cytosolic acetyl-CoA then fuels the synthesis of lipids and promotes the transcription of genes enhancing mitochondrial oxidation. Thus, SLC25A34 confers circadian, dietary, and temperature control of adipocyte lipid metabolism.",crossref
Bioinspired Twisted Brick–Mortar Composites for Adaptive Thermo‐Mechanical Impact Protection,https://advanced.onlinelibrary.wiley.com/doi/10.1002/adma.75226?af=R,,Wiley: Advanced Materials: Table of Contents,2026-10-01 07:22:47+00:00,10.1002/adma.75226,Sheng Wang,,"ABSTRACT
                  Protective materials for harsh environments should dissipate transient impact energy while maintaining mechanical reliability under thermal fluctuations. Here, we report a bioinspired twisted brick–mortar composite that integrates a carbon‐nanotube‐reinforced photopolymer framework with a mechanically active shear‐stiffening gel mortar. The continuously twisted brick architecture redistributes stress waves and guides crack deflection, whereas reversible interfacial hydrogen bonding and dynamic boron–oxygen crosslinking enable rate‐dependent molecular dissipation. This structural–molecular coupling provides efficient impact protection, delivering a low energy transfer rate of 7.38% under high‐strain‐rate compression and reducing the residual impact force from 20°C to 100°C. The carbon‐nanotube‐containing framework further provides photothermal responsiveness, allowing reversible stifhefness modulation, adaptive force buffering, and shape recovery after localized high‐speed impacts. Together, these results establish a bioinspired twisted brick–mortar design strategy for adaptive thermo‐mechanical impact protection.",crossref
Reconfiguring Electrolyte Solvation Chemistry via In Situ Solvent Polymerization for High‐Performance Sodium‐Ion Batteries,https://onlinelibrary.wiley.com/doi/10.1002/anie.4157238?af=R,,Wiley: Angewandte Chemie International Edition: Table of Contents,2026-10-01 07:34:37+00:00,10.1002/anie.4157238,Zhenglong Yang,,"ABSTRACT
                  
                    Ether‐based electrolytes exhibit excellent anode compatibility and fast ion kinetics, yet their practical application is hindered by continuous cathode interfacial decomposition due to low oxidation resistance. Traditional solvation‐regulation strategies face a trade‐off between stabilizing the interface and maintaining bulk ion transport, making synergistic optimization challenging. Herein, we propose an in situ solvent polymerization strategy to develop a liquid polymer electrolyte (NEDL) that concurrently achieves fast ion transport and high interfacial stability. Specifically, trace LiPF
                    6
                    initiates the partial ring‐opening polymerization of 1,3‐dioxolane (DOL) in diethylene glycol dimethyl ether (DEGDME), generating PDOL with abundant coordination sites to reconstruct the Na
                    +
                    solvation structure. This polymer‐modulated environment lowers the Na
                    +
                    desolvation energy barrier, accelerating interfacial kinetics, and drives the formation of an inorganic‐enriched, robust interphase that suppresses solvent decomposition. Consequently, under a 16 mg cm
                    −2
                    mass loading, the Na
                    3
                    Fe
                    2
                    (PO
                    4
                    )P
                    2
                    O
                    7
                    (NFPP)||Na coin cell delivers 94.76% capacity retention after 500 cycles at 2 C. Moreover, practical NFPP||hard carbon (HC) pouch cells retain 96.59% capacity over 500 cycles at 0.5 C. This work provides fundamental insights into how polymer‐chain solvation behavior regulates ion transport kinetics and interfacial properties, offering a viable pathway for designing high‐performance sodium‐ion battery electrolytes.",crossref
Dual‐Function Cosubstrates Enable Threonine Dehydrogenase‐Driven Chemoenzymatic Pyrrole Synthesis,https://onlinelibrary.wiley.com/doi/10.1002/anie.6159381?af=R,,Wiley: Angewandte Chemie International Edition: Table of Contents,2026-10-01 07:37:30+00:00,10.1002/anie.6159381,Margit Winkler,,"ABSTRACT
                  
                    Preparative biocatalytic synthesis of substituted pyrroles remains challenging despite recent advances in enzymatic α‐aminoketone generation. In this study, we report a concurrent chemoenzymatic cascade to disubstituted pyrroles based on threonine dehydrogenase (ThrDH)‐catalyzed generation of aminoacetone from
                    l
                    ‐threonine that is intercepted in situ by Knorr pyrrole condensation with
                    β
                    ‐dicarbonyl compounds. To overcome cofactor limitations at high substrate concentrations,
                    Escherichia coli
                    ThrDH was coupled to an alcohol dehydrogenase from
                    Rhodococcus ruber
                    DSM 44541 (ADH‐A), enabling dual‐function of the
                    β
                    ‐dicarbonyl cosubstrate as both a hydride acceptor and pyrrole building‐block. The whole‐cell catalyst tolerated up to 8% (v/v)
                    β
                    ‐dicarbonyl and afforded pyrrole products in up to 90% yield and space‐time yields of 4.5 g L
                    −1
                    h
                    −1
                    . Preparative synthesis on a 100 mL scale furnished 4.3 g of pyrrole (279 mM, 93% isolated yield). Among the products obtained, the cascade provides direct access to a reported sunitinib intermediate, illustrating its potential utility for pharmaceutical synthesis. This work establishes ThrDHs as outstanding biocatalysts for heterocycle synthesis and demonstrates that amino acid feedstocks can be efficiently converted into substituted pyrroles through a scalable chemoenzymatic cascade.",crossref
Light‐Controlled Supramolecular Reconfiguration Enables Sustainable Crop Protection,https://advanced.onlinelibrary.wiley.com/doi/10.1002/adma.75187?af=R,,Wiley: Advanced Materials: Table of Contents,2026-10-01 08:02:29+00:00,10.1002/adma.75187,Kongjun Liu,,"ABSTRACT
                  Bacterial biofilms fuel antimicrobial resistance, a pressure amplified by repeated deployment of structurally uniform bactericides. Photoswitchable azobenzenes offer light‐driven structural diversity that may temper resistance evolution, but their small‐molecule form limits foliar adhesion. Although supramolecular materials show promise as biofilm inhibitors, photoresponsive supramolecular polymers for this purpose remain largely unexplored. This study reports Azo@CB[8], a multifunctional supramolecular polymer that self‐assembles in water from a de novo azobenzene (Azo) and cucurbit[8]uril (CB[8]). CB[8]‐mediated association preserves photoisomerization, improves cycling stability, and integrates membrane disruption, redox imbalance, biofilm inhibition, sessile‐cell killing, and enhanced foliar affinity. In pot assays, Azo@CB[8] outperforms free Azo and thiodiazole copper against rice bacterial leaf blight, without detectable biosafety penalties, and likewise exceeds both controls against kiwifruit bacterial canker. Notably, photoisomerization perturbs azobenzene‐mediated host–guest interactions while largely retaining bipyridinium‐CB[8] association, thereby reducing supramolecular connectivity and driving reconfiguration of the extended architecture into a smaller, less‐connected supramolecular ensemble. The photoirradiated supramolecular state retains antibacterial efficacy comparable to that of the initial assembly. Together, these findings outline a supramolecular polymer‐based, photoregulated route to greener management of bacterial plant diseases.",crossref
Giant Anisotropic Spin Absorption in Chiral Hybrid Semiconductors,https://advanced.onlinelibrary.wiley.com/doi/10.1002/adma.75241?af=R,,Wiley: Advanced Materials: Table of Contents,2026-10-01 08:33:39+00:00,10.1002/adma.75241,Jun Liu,,"ABSTRACT
                  
                    Control of spin‐current absorption in non‐magnetic materials is central to realizing spin‐current switches and low‐power spintronic technologies, yet anisotropic responses have so far been limited to a narrow class of crystalline materials. Here we demonstrate giant chirality‐induced anisotropic spin‐current absorption (CASA) in solution‐processed chiral hybrid organic–inorganic semiconductors (HOISs), establishing them as a versatile platform for symmetry‐selective spin manipulation. Zero‐dimensional [
                    R/S/rac
                    ‐MBA]
                    4
                    Bi
                    2
                    Cl
                    10
                    (MBA = 
                    α
                    ‐methylbenzylammonium) HOISs exhibit more than an order‐of‐magnitude variation in spin absorption between orthogonal spin polarizations. Strikingly, despite the lack of chiroptical activity, racemic films exhibit a similarly strong spin anisotropy, indicating that global crystallographic chirality is not a prerequisite for CASA. Structural chirality analysis reveals that the CASA is governed by the orientation of local chiral axes associated with the organic cations in HOISs. These results establish molecular chirality as an active design parameter for manipulating spin transport, positioning HOISs as a broadly compelling platform for spin‐based functionalities.",crossref
Acid‐Activatable Rolling Circle Replication‐Based Nucleic Acid Nano‐Prodrug for Combined Gene Therapy of Pancreatic Cancer,https://advanced.onlinelibrary.wiley.com/doi/10.1002/adma.75257?af=R,,Wiley: Advanced Materials: Table of Contents,2026-10-01 10:06:21+00:00,10.1002/adma.75257,Dayong Yang,,"ABSTRACT
                  Nucleic acid‐based gene therapeutics hold great potential for precisely treating pancreatic ductal adenocarcinoma (PDAC), yet their clinical translation remains challenged by the lack of efficient delivery platforms capable of simultaneously minimizing payload leakage, intrinsic toxicity, and immunogenicity. Herein, we report an acid‐activatable nucleic acid nano‐prodrug based on rolling circle replication, which directly integrates a large number of amplified Cas12/crRNA ribonucleoproteins (RNPs) and antisense oligonucleotides (ASOs) with minimal excipients, achieving tumor‐specific activation for PDAC combined gene therapy. The nano‐prodrug is assembled from a polymeric crRNA chain conjugated with Cas12a (Pro‐RNPs) and a polymeric ASOs chain (Pro‐ASOs)—the latter incorporating AS1411 aptamers for cancer targeting and HhaI cleavage sites for stimuli‐responsive release—while being surface‐loaded with acid‐degradable polymer‐coated HhaI enzymes. Upon PDAC uptake, the nano‐prodrug is activated within acidic lysosomes through degradation of HhaI enzymes’ polymer coating. HhaI cleaves specific recognition sites while overexpressed ribonuclease H hydrolyzes the RNA strand in DNA‐RNA heteroduplexes. These combined cleavage events disrupt the nano‐prodrug, enabling efficient co‐release of ASOs and Cas12a/crRNA RNPs for precise gene silencing and editing. In vivo studies in PDAC‐bearing mice demonstrate potent antitumor activity with minimal systemic toxicity or immunogenicity, presenting a promising strategy for precision gene therapy in pancreatic cancer.",crossref
Ionic Cocrystal Programming of Spatial Ionic Organization in Carbon Nitrides Enables Highly Efficient H2O2 Photosynthesis,https://advanced.onlinelibrary.wiley.com/doi/10.1002/adma.75258?af=R,,Wiley: Advanced Materials: Table of Contents,2026-10-01 10:09:07+00:00,10.1002/adma.75258,Christian Mark Pelicano,,"ABSTRACT
                  
                    Controlling the spatial organization of ions in polymeric photocatalysts remains a fundamental challenge for optimizing charge transport and catalytic selectivity in solar‐driven hydrogen peroxide (H
                    2
                    O
                    2
                    ) synthesis. In conventional poly(heptazine imide) (PHI), alkali cations are incorporated through molten‐salt‐mediated equilibration, producing statistically distributed ionic environments with little spatial correlation. Here, we demonstrate that organic‐inorganic ionic cocrystals (ICCs) serve as molecularly preorganized precursors that promote spatially correlated ionic environments during framework formation, enabling controlled incorporation of Li
                    +
                    into imide‐bridged N sites. This ICC‐programmed architecture decouples composition from photocatalytic function, demonstrating that photocatalytic activity is governed by the ion incorporation pathway and the resulting spatial ionic organization, rather than cation identity or content alone. The resulting ionic carbon nitride, CALiK, achieves an apparent quantum yield of 58% at 410 nm, the highest among the benchmarked state‐of‐the‐art photocatalysts, while requiring substantially lower inorganic salt loading than conventional ionothermal synthesis. Operando‐relevant spectroscopic and electrochemical analyses reveal directional charge migration driven by internal electrostatic polarization and enhanced accumulation of long‐lived photogenerated electrons. Representative density functional theory models suggest that spatially correlated ionic motifs and cyano‐derived electron‐accepting domains generate polarized charge landscapes that lower the energetic barrier for the two‐electron oxygen reduction pathway.",crossref
Protein Degradation Nanoparticles for Intraoperative Fluorescence Diagnosis and Postoperative Adjuvant Therapy of Solid Tumors,https://advanced.onlinelibrary.wiley.com/doi/10.1002/adma.75178?af=R,,Wiley: Advanced Materials: Table of Contents,2026-10-01 10:10:23+00:00,10.1002/adma.75178,Zhiai Xu,,"ABSTRACT
                  Fluorescence‐guided surgery is challenged by nonspecific fluorescence signaling of the conventional probes, leading to incomplete tumor resection. Moreover, chemotherapy‐mediated adjuvant therapy is frequently compromised by systemic toxicity and drug resistance. In this study, we developed a sequential theranostic chimera (namely SEQTAC) for sequentially activating intraoperative tumor margin diagnosis and postoperative residual tumor clearance. The SEQTAC was rationally designed by covalently integrating an enzyme‐labile hemicyanine derivative (namely HCy‐Br) with a thioketal bond‐modified proteolysis‐targeting chimera (PROTAC) of BRD4. Upon spray administration, the SEQTAC can be internalized by tumor cells and specifically activated by cathepsin B in the lysosomes. The HCy‐Br fluorophore was rapidly lighted up for intraoperative diagnosis of tumor burden and fluorescence imaging‐guided tumor resection. After postoperative spraying, the HCy‐Br fluorophore generated singlet oxygen upon 655 nm laser irradiation to perform photodynamic therapy and restore the PROTAC for BRD4 degradation in tumor cells, and thus enabled postoperative dissection of the unresectable tumor residue. The SEQTAC significantly inhibited the tumor relapse and elongated animal survival in mouse models of breast and glioblastoma tumors, which provided a promising platform for precise tumor surgery and postoperative tumor management.",crossref
Plasmon‐Enhanced Second‐Harmonic Generation in Atomically Thin Crystalline Silver Nanostructures,https://advanced.onlinelibrary.wiley.com/doi/10.1002/adma.75217?af=R,,Wiley: Advanced Materials: Table of Contents,2026-10-01 11:22:55+00:00,10.1002/adma.75217,F. Javier García de Abajo,,"ABSTRACT
                  The intrinsically weak nonlinear optical response of existing materials, further constrained by symmetry‐forbidden second‐order processes in centrosymmetric media, severely limits efficient frequency conversion in deeply subwavelength, ultrathin volumes. Addressing this challenge is crucial for the development of nonlinear nanophotonics. Here, we show that atomically thin, epitaxially grown crystalline silver films circumvent these restrictions through the interplay of vertical electronic quantum confinement and lateral plasmonic enhancement. We fabricate atomically thin films that exhibit an enhanced nonlinear response associated with electronic quantum wells, and subsequently pattern them into periodic nanoribbon and nanotriangle arrays sustaining infrared localized surface plasmon resonances. Strong near‐field confinement in these structures further boosts second‐harmonic generation compared to unpatterned films. Precise control over nanostructure geometry enables spectral tuning of the plasmonic resonance, and consequently, the enhanced harmonic frequency. Our findings establish an approach for activating robust second‐order nonlinearities in quantum‐confined metals, where intrinsic size effects and plasmonic resonances act synergistically. The compatibility of high‐quality epitaxial growth with microchip fabrication technology offers a scalable route toward ultracompact nonlinear optical components for on‐chip frequency conversion, sensing, and quantum photonic applications.",crossref
A Geometrically Transient Platform for Bioelectronic Implants (Adv. Mater. 55/2026),https://advanced.onlinelibrary.wiley.com/doi/10.1002/adma.75061?af=R,,Wiley: Advanced Materials: Table of Contents,2026-10-01 12:28:58+00:00,10.1002/adma.75061,Firat Guder,,,
Establishing Atomic Coherence in Twisted Oxide Membranes Containing Volatile Elements (Adv. Mater. 55/2026),https://advanced.onlinelibrary.wiley.com/doi/10.1002/adma.75060?af=R,,Wiley: Advanced Materials: Table of Contents,2026-10-01 12:28:58+00:00,10.1002/adma.75060,Miaofang Chi,,,
Slimmed Solvation Structure With Dual‐Interface Regulation for High‐Performance and Safe Lithium‐Sulfur Batteries (Adv. Mater. 55/2026),https://advanced.onlinelibrary.wiley.com/doi/10.1002/adma.75059?af=R,,Wiley: Advanced Materials: Table of Contents,2026-10-01 12:28:58+00:00,10.1002/adma.75059,Fangyuan Hu,,,
Surface SOx Species Stabilized Metal–Oxygen Bonds in PtNi Nanoalloy for Highly Efficient and Durable Seawater Hydrogen Production (Adv. Mater. 55/2026),https://advanced.onlinelibrary.wiley.com/doi/10.1002/adma.75058?af=R,,Wiley: Advanced Materials: Table of Contents,2026-10-01 12:28:58+00:00,10.1002/adma.75058,Xiao‐Yu Yang,,,
Patterning p‐Type and n‐Type BiVO4 for Solar‐Driven Water Splitting,https://advanced.onlinelibrary.wiley.com/doi/10.1002/aenm.71670?af=R,,Wiley: Advanced Energy Materials: Table of Contents,2026-10-01 14:31:32+00:00,10.1002/aenm.71670,Gang Liu,,"ABSTRACT
                  
                    Photocatalytic water splitting is primarily hindered by recombination of photoexcited charge carriers and the co‐occurrence of surface reverse reactions. Heterostructured photocatalysts with directional, efficient Z‐scheme charge transfer are therefore highly desirable to spatially separate photoexcited carriers for efficient overall water splitting. Herein, a patterned BiVO
                    4
                    photoactive film consisting of alternating stripes of p‐type tetragonal zircon BiVO
                    4
                    (t‐BVO) and n‐type monoclinic scheelite BiVO
                    4
                    (m‐BVO) was fabricated on a fluorine‐doped tin oxide (FTO) conductive substrate via photolithography. The FTO layer mediates efficient Z‐scheme charge transfer between neighboring stripes, directing photogenerated electrons and holes to the t‐BVO and m‐BVO stripes, respectively. This spatial separation suppresses detrimental charge recombination and reverse reactions. Consequently, Rh@CrO
                    x
                    and MnO
                    x
                    co‐catalysts are selectively photodeposited onto the t‐BVO and m‐BVO stripes to facilitate hydrogen and oxygen evolution. Under full‐spectrum irradiation, the patterned panel achieves stoichiometric overall water splitting (H
                    2
                    /O
                    2
                    ≈ 2:1), producing 1.77 mmol·m
                    −2
                    H
                    2
                    and 0.84 mmol·m
                    −2
                    O
                    2
                    within 1 h—a fourfold enhancement over the unpatterned control. This work demonstrates that ordered semiconductors patterning is an effective strategy to steer charge separation and boost photocatalytic performance.",crossref
A Spatially‐Resolved Approach via Quantifying the Dominant Yet Overlooked Orbital‐Weighted Energy Contribution for Breaking Solvent Oxidation Chemistry,https://advanced.onlinelibrary.wiley.com/doi/10.1002/aenm.71672?af=R,,Wiley: Advanced Energy Materials: Table of Contents,2026-10-01 14:36:23+00:00,10.1002/aenm.71672,Da Wang,,"ABSTRACT
                  Rational design of solvents with high oxidation chemistry stability represents an essential path toward pursuing high‐energy‐density batteries. Conventional methods assess oxidation stability using orbital energy level/ionization energetics; however, they misjudge the local nature of electron loss by ignoring the influence of collective orbitals on electron energy. Herein, we propose a spatially‐resolved energetics approach called Pseudo‐Eox, where the core average local ionization energy minimum parameter is used to measure the vulnerability of the highest‐energy electron via electron‐density‐weighted orbital energy averaging and to pinpoint its prevalent sub‐HOMO localization. This approach reproduces the oxidation stability trend of HOMO‐dominant solvents (EC/PC with quantified contributions &gt; 60%), while mechanistically revealing why conventional models fail in most cases like DEC with HOMO contribution &lt; 24%. Its robustness is demonstrated on 20 regular solvents with mean absolute error of only 0.38 V. Following this, taking potentially practical fluorinated solvents as a prototype, we retrieve the 2‐fluoroethyl 2,2,2‐trifluoroethyl, which will be overlooked by HOMO‐based rankings, exhibiting the highest theoretical oxidation stability (6.45 V) among candidates obtained by constructing 147 widely adopted carbonate/ether derivatives. This study overturns the single‐orbital‐only cognition of solvent oxidation, offering a spatially informed energetics perspective for investigating organic chemistry where localized electron loss governs stability and functionality.",crossref
